Algorithm,Problem,PointIdx,f1,f2,f3
BoFireQparEGOWrapper,re21,0,1237.8414230005442,0.04,
BoFireQparEGOWrapper,re21,1,1237.8414230005442,0.04,
BoFireQparEGOWrapper,re21,2,1237.8414230005442,0.04,
BoFireQparEGOWrapper,re21,3,1237.8414230005442,0.04,
BoFireQparEGOWrapper,re21,4,1285.1443493544657,0.036174495219177,
BoFireQparEGOWrapper,re21,5,1290.99507382544,0.0358006806813415,
BoFireQparEGOWrapper,re21,6,1315.2505732556929,0.0344191350441071,
BoFireQparEGOWrapper,re21,7,1321.7977605233098,0.0340866727430561,
BoFireQparEGOWrapper,re21,8,1322.9122586900787,0.0340316002172748,
BoFireQparEGOWrapper,re21,9,1323.2179786733077,0.0340165683567459,
BoFireQparEGOWrapper,re21,10,1337.5089237189331,0.0333357886965128,
BoFireQparEGOWrapper,re21,11,1340.5856745490569,0.0332124721759053,
BoFireQparEGOWrapper,re21,12,1343.4556385456692,0.0330883964048111,
BoFireQparEGOWrapper,re21,13,1345.956426198429,0.032940482069991,
BoFireQparEGOWrapper,re21,14,1362.4690147322535,0.0321603403175089,
BoFireQparEGOWrapper,re21,15,1368.4492481659418,0.0320989271745121,
BoFireQparEGOWrapper,re21,16,1375.0030422624598,0.031662876162744,
BoFireQparEGOWrapper,re21,17,1383.636962112243,0.0313091179184213,
BoFireQparEGOWrapper,re21,18,1404.5989005019592,0.0304152153233185,
BoFireQparEGOWrapper,re21,19,1410.7723398052435,0.0301634190116053,
BoFireQparEGOWrapper,re21,20,1422.5454063246325,0.0295771260302988,
BoFireQparEGOWrapper,re21,21,1434.1013980858231,0.0291556514989591,
BoFireQparEGOWrapper,re21,22,1439.1910658360275,0.0288486696038518,
BoFireQparEGOWrapper,re21,23,1444.7040544428949,0.0286972148323665,
BoFireQparEGOWrapper,re21,24,1452.450749001899,0.0283997176418351,
BoFireQparEGOWrapper,re21,25,1454.6462379552,0.0282950962206194,
BoFireQparEGOWrapper,re21,26,1457.3856444964574,0.0281647127379119,
BoFireQparEGOWrapper,re21,27,1469.3535066773732,0.0276087555533449,
BoFireQparEGOWrapper,re21,28,1473.0301388668258,0.0275394701751087,
BoFireQparEGOWrapper,re21,29,1490.9454185646484,0.026822501498098,
BoFireQparEGOWrapper,re21,30,1498.5094228373623,0.0265439803199453,
BoFireQparEGOWrapper,re21,31,1510.2427760177318,0.0261481853484516,
BoFireQparEGOWrapper,re21,32,1511.6652886373963,0.0260395404507711,
BoFireQparEGOWrapper,re21,33,1516.4325908105757,0.0258602463299429,
BoFireQparEGOWrapper,re21,34,1522.9546115534076,0.0257317084823859,
BoFireQparEGOWrapper,re21,35,1527.192124692047,0.0254765358493182,
BoFireQparEGOWrapper,re21,36,1537.1089541380982,0.0251411620184616,
BoFireQparEGOWrapper,re21,37,1547.133084452612,0.0249813847187201,
BoFireQparEGOWrapper,re21,38,1547.3752057192924,0.024800433642246,
BoFireQparEGOWrapper,re21,39,1551.1619675660495,0.0246840039850879,
BoFireQparEGOWrapper,re21,40,1567.8890581777962,0.0242080583582642,
BoFireQparEGOWrapper,re21,41,1569.6472716503715,0.024099664442024,
BoFireQparEGOWrapper,re21,42,1576.9248484390534,0.0237899121183798,
BoFireQparEGOWrapper,re21,43,1577.3562472050894,0.023769577868262,
BoFireQparEGOWrapper,re21,44,1582.2776978898016,0.0236257593006666,
BoFireQparEGOWrapper,re21,45,1588.734983076198,0.0234540762256772,
BoFireQparEGOWrapper,re21,46,1594.5450713775851,0.0232402583559381,
BoFireQparEGOWrapper,re21,47,1596.7672221948742,0.0231445174124063,
BoFireQparEGOWrapper,re21,48,1597.8400080565254,0.0231364930308105,
BoFireQparEGOWrapper,re21,49,1613.7353516395688,0.0226141951704151,
BoFireQparEGOWrapper,re21,50,1615.7734049452977,0.0225482926447524,
BoFireQparEGOWrapper,re21,51,1616.743066651442,0.0225203541570149,
BoFireQparEGOWrapper,re21,52,1619.6978956959022,0.0224519791530878,
BoFireQparEGOWrapper,re21,53,1624.175490449236,0.0223469198992518,
BoFireQparEGOWrapper,re21,54,1632.593522185213,0.0220394401245646,
BoFireQparEGOWrapper,re21,55,1638.376428106685,0.0219064790810407,
BoFireQparEGOWrapper,re21,56,1645.770015262804,0.0216817052802452,
BoFireQparEGOWrapper,re21,57,1656.5778343891857,0.0213292608346935,
BoFireQparEGOWrapper,re21,58,1662.2817448097624,0.0212086670651707,
BoFireQparEGOWrapper,re21,59,1664.9005745656257,0.0211486026857392,
BoFireQparEGOWrapper,re21,60,1673.2695143324956,0.020851196662693,
BoFireQparEGOWrapper,re21,61,1683.5458901514314,0.0206450604305616,
BoFireQparEGOWrapper,re21,62,1687.9162117946614,0.0204360345829479,
BoFireQparEGOWrapper,re21,63,1694.2181767527811,0.0202607261593489,
BoFireQparEGOWrapper,re21,64,1699.432221198969,0.0201234512783901,
BoFireQparEGOWrapper,re21,65,1703.3304861632569,0.0200144731195941,
BoFireQparEGOWrapper,re21,66,1706.137666327149,0.0199355207439757,
BoFireQparEGOWrapper,re21,67,1713.240649939779,0.019738470851002,
BoFireQparEGOWrapper,re21,68,1720.7556229298543,0.0195791908062237,
BoFireQparEGOWrapper,re21,69,1729.8699804835617,0.019546634274073,
BoFireQparEGOWrapper,re21,70,1734.665979167884,0.0192432556857072,
BoFireQparEGOWrapper,re21,71,1735.237057184108,0.0191544326555042,
BoFireQparEGOWrapper,re21,72,1740.409459627842,0.0190974611781905,
BoFireQparEGOWrapper,re21,73,1743.4861474220245,0.0189641947576831,
BoFireQparEGOWrapper,re21,74,1749.0696588606163,0.0188014481301027,
BoFireQparEGOWrapper,re21,75,1753.8532885134423,0.0187570818090296,
BoFireQparEGOWrapper,re21,76,1754.82068395437,0.0186910798187953,
BoFireQparEGOWrapper,re21,77,1760.1845290836263,0.0186540351273034,
BoFireQparEGOWrapper,re21,78,1767.741303431549,0.0183748368782511,
BoFireQparEGOWrapper,re21,79,1776.2349850415148,0.0181908848194588,
BoFireQparEGOWrapper,re21,80,1782.0231603465938,0.017977404043451,
BoFireQparEGOWrapper,re21,81,1784.085796830568,0.0179262597132625,
BoFireQparEGOWrapper,re21,82,1787.4368175179086,0.0179214888135897,
BoFireQparEGOWrapper,re21,83,1787.552146277875,0.0178350731588599,
BoFireQparEGOWrapper,re21,84,1792.2049909937994,0.0177360568919081,
BoFireQparEGOWrapper,re21,85,1800.24417147755,0.0175348873023506,
BoFireQparEGOWrapper,re21,86,1804.0873125046487,0.0174964636136787,
BoFireQparEGOWrapper,re21,87,1810.63043266934,0.0173688288864386,
BoFireQparEGOWrapper,re21,88,1811.999039803684,0.0172825257806705,
BoFireQparEGOWrapper,re21,89,1817.7138705218408,0.0171745023157697,
BoFireQparEGOWrapper,re21,90,1820.6431744682604,0.0170535963440645,
BoFireQparEGOWrapper,re21,91,1827.1489607641429,0.0168942066281833,
BoFireQparEGOWrapper,re21,92,1829.4916209804765,0.0168691051965665,
BoFireQparEGOWrapper,re21,93,1836.327109973729,0.0167022216198705,
BoFireQparEGOWrapper,re21,94,1840.0643895688795,0.0166301281563336,
BoFireQparEGOWrapper,re21,95,1845.871226840136,0.0164600643345177,
BoFireQparEGOWrapper,re21,96,1847.5607785326235,0.0164277800547306,
BoFireQparEGOWrapper,re21,97,1860.8822666824376,0.0161315362763187,
BoFireQparEGOWrapper,re21,98,1863.2948843885567,0.0160762181114974,
BoFireQparEGOWrapper,re21,99,1865.090949830024,0.0160345713608027,
BoFireQparEGOWrapper,re21,100,1872.9154225443767,0.0160194323361579,
BoFireQparEGOWrapper,re21,101,1873.773324100332,0.0158647761371787,
BoFireQparEGOWrapper,re21,102,1879.171523261933,0.0157322655863192,
BoFireQparEGOWrapper,re21,103,1888.7162801682057,0.0155184574337359,
BoFireQparEGOWrapper,re21,104,1890.4561942077776,0.0154761244111131,
BoFireQparEGOWrapper,re21,105,1893.368466738595,0.0154311657522331,
BoFireQparEGOWrapper,re21,106,1907.524336336064,0.0151166611224502,
BoFireQparEGOWrapper,re21,107,1911.634095576586,0.0150662705969844,
BoFireQparEGOWrapper,re21,108,1927.7580511078927,0.0146959830541838,
BoFireQparEGOWrapper,re21,109,1930.5038471156483,0.0146681965646578,
BoFireQparEGOWrapper,re21,110,1939.614573256722,0.0144798746256447,
BoFireQparEGOWrapper,re21,111,1942.447528215033,0.0144044785382274,
BoFireQparEGOWrapper,re21,112,1954.72013125232,0.0141496003439565,
BoFireQparEGOWrapper,re21,113,1956.576471918286,0.0141119652794451,
BoFireQparEGOWrapper,re21,114,1957.7014883724864,0.0140904776509896,
BoFireQparEGOWrapper,re21,115,1960.3180993742728,0.0140869851653944,
BoFireQparEGOWrapper,re21,116,1965.3095588887727,0.0139928777379957,
BoFireQparEGOWrapper,re21,117,1978.451519262183,0.0136828732211071,
BoFireQparEGOWrapper,re21,118,1983.870439580536,0.0136400552272777,
BoFireQparEGOWrapper,re21,119,1984.1226440166267,0.0136031819426147,
BoFireQparEGOWrapper,re21,120,1991.763347477827,0.013426941427266,
BoFireQparEGOWrapper,re21,121,2007.3445545877576,0.0132530492647875,
BoFireQparEGOWrapper,re21,122,2009.4661621465768,0.0131146923347643,
BoFireQparEGOWrapper,re21,123,2017.3455530537587,0.0129469369688839,
BoFireQparEGOWrapper,re21,124,2023.553141335993,0.0129042610473697,
BoFireQparEGOWrapper,re21,125,2038.4216341833671,0.0125645086848888,
BoFireQparEGOWrapper,re21,126,2040.9209145123075,0.012528310505946,
BoFireQparEGOWrapper,re21,127,2043.4875574044736,0.0124706800307665,
BoFireQparEGOWrapper,re21,128,2052.656819793423,0.0123687230945726,
BoFireQparEGOWrapper,re21,129,2052.9106456365894,0.0123017969526451,
BoFireQparEGOWrapper,re21,130,2078.94824954284,0.0120347164833343,
BoFireQparEGOWrapper,re21,131,2086.5535462227845,0.0118769513281365,
BoFireQparEGOWrapper,re21,132,2092.3897704582228,0.011633800460794,
BoFireQparEGOWrapper,re21,133,2095.427345375622,0.0116294260440095,
BoFireQparEGOWrapper,re21,134,2105.1381534599864,0.0114076665554814,
BoFireQparEGOWrapper,re21,135,2112.7289463856177,0.0113629559647694,
BoFireQparEGOWrapper,re21,136,2115.69193398284,0.0112376584113498,
BoFireQparEGOWrapper,re21,137,2119.6766204724568,0.0111546399463969,
BoFireQparEGOWrapper,re21,138,2145.803579085638,0.0107464314694558,
BoFireQparEGOWrapper,re21,139,2152.3792193242384,0.010623159413831,
BoFireQparEGOWrapper,re21,140,2156.053846167075,0.0105788751339803,
BoFireQparEGOWrapper,re21,141,2166.524768106847,0.0105184681257321,
BoFireQparEGOWrapper,re21,142,2175.155270985496,0.0102930829028851,
BoFireQparEGOWrapper,re21,143,2187.0810212369106,0.0100985760662612,
BoFireQparEGOWrapper,re21,144,2198.166439153252,0.0099153885586158,
BoFireQparEGOWrapper,re21,145,2199.8056092079314,0.0098826968253127,
BoFireQparEGOWrapper,re21,146,2204.0309476985203,0.0098212394417205,
BoFireQparEGOWrapper,re21,147,2215.303348363785,0.0096789314864249,
BoFireQparEGOWrapper,re21,148,2215.7731762817643,0.0096460750780281,
BoFireQparEGOWrapper,re21,149,2218.4419078803844,0.0096013491348841,
BoFireQparEGOWrapper,re21,150,2229.231693013627,0.0094424404820883,
BoFireQparEGOWrapper,re21,151,2232.8395420553056,0.0093962190415194,
BoFireQparEGOWrapper,re21,152,2239.02235402548,0.0092975353966464,
BoFireQparEGOWrapper,re21,153,2246.17277269601,0.009192118333394,
BoFireQparEGOWrapper,re21,154,2258.8179511805683,0.0090115945469736,
BoFireQparEGOWrapper,re21,155,2273.028002056563,0.0088088631267614,
BoFireQparEGOWrapper,re21,156,2282.726219462897,0.0087007681904327,
BoFireQparEGOWrapper,re21,157,2292.691130674957,0.0085355184466697,
BoFireQparEGOWrapper,re21,158,2300.487182142454,0.0084549292472548,
BoFireQparEGOWrapper,re21,159,2306.282939672071,0.0083533560339427,
BoFireQparEGOWrapper,re21,160,2328.401463498299,0.0082850926752903,
BoFireQparEGOWrapper,re21,161,2330.822645001265,0.0080634156743062,
BoFireQparEGOWrapper,re21,162,2339.424465238594,0.0079191906721942,
BoFireQparEGOWrapper,re21,163,2347.415080788044,0.0079061649665627,
BoFireQparEGOWrapper,re21,164,2356.2288167743764,0.0076815748377122,
BoFireQparEGOWrapper,re21,165,2362.379326639118,0.0076038211164386,
BoFireQparEGOWrapper,re21,166,2374.4929103645404,0.0074972164901754,
BoFireQparEGOWrapper,re21,167,2380.31674188212,0.0073747942477844,
BoFireQparEGOWrapper,re21,168,2401.0355706100127,0.0072193649243619,
BoFireQparEGOWrapper,re21,169,2402.1773823203152,0.0071101542111548,
BoFireQparEGOWrapper,re21,170,2411.0385378420287,0.006990838296332,
BoFireQparEGOWrapper,re21,171,2417.197532451289,0.00698929579931,
BoFireQparEGOWrapper,re21,172,2422.5055181016965,0.0069014137349781,
BoFireQparEGOWrapper,re21,173,2429.129373845305,0.006886388057644,
BoFireQparEGOWrapper,re21,174,2431.3776036252216,0.0067935716337045,
BoFireQparEGOWrapper,re21,175,2436.22882523672,0.0066722238804079,
BoFireQparEGOWrapper,re21,176,2448.117713644974,0.0065845394213669,
BoFireQparEGOWrapper,re21,177,2452.354566004261,0.0065712600755981,
BoFireQparEGOWrapper,re21,178,2465.6501248706563,0.0064469260082282,
BoFireQparEGOWrapper,re21,179,2483.9006027235,0.0061125007666211,
BoFireQparEGOWrapper,re21,180,2496.101180429082,0.0059674117468542,
BoFireQparEGOWrapper,re21,181,2502.6714028485017,0.0059667011175274,
BoFireQparEGOWrapper,re21,182,2511.6818617080585,0.0057891256790234,
BoFireQparEGOWrapper,re21,183,2518.580124332666,0.0057291112813057,
BoFireQparEGOWrapper,re21,184,2542.6151990578765,0.0055206447287558,
BoFireQparEGOWrapper,re21,185,2568.031456259436,0.0052936535881287,
BoFireQparEGOWrapper,re21,186,2587.142913240795,0.0051368804192654,
BoFireQparEGOWrapper,re21,187,2591.643854275924,0.0049575000591262,
BoFireQparEGOWrapper,re21,188,2647.599085219253,0.0044622883395974,
BoFireQparEGOWrapper,re21,189,2705.160777720384,0.0039472001190823,
BoFireQparEGOWrapper,re21,190,2741.156346826596,0.0038429695331441,
BoFireQparEGOWrapper,re21,191,2771.098863537905,0.0034698689901656,
BoFireQparEGOWrapper,re21,192,2820.826303045782,0.003260274634042,
BoFireQparEGOWrapper,re21,193,2882.3374299233183,0.0027922796545774,
BoFireQparEGOWrapper,re34,0,1661.7078224999998,8.304599999999999,0.0708
BoFireQparEGOWrapper,re34,1,1661.986341950137,8.223047420880977,0.0775421823206902
BoFireQparEGOWrapper,re34,2,1662.046541060551,8.205420670891135,0.0789082932039638
BoFireQparEGOWrapper,re34,3,1662.5299827801311,8.063865317876868,0.0887043807719947
BoFireQparEGOWrapper,re34,4,1662.7112300329786,8.010794765997414,0.0918385399264689
BoFireQparEGOWrapper,re34,5,1662.9340512584472,7.945551043842806,0.0952891619085832
BoFireQparEGOWrapper,re34,6,1662.984313343998,8.329264965226777,0.0685082494562807
BoFireQparEGOWrapper,re34,7,1663.305627501828,8.33547355071488,0.0679313774016369
BoFireQparEGOWrapper,re34,8,1663.7272143824189,7.7133069460245824,0.1039701543179563
BoFireQparEGOWrapper,re34,9,1664.2465935036062,7.561228852905729,0.1066075256036868
BoFireQparEGOWrapper,re34,10,1664.5226855284238,7.480387042084368,0.1070278226120776
BoFireQparEGOWrapper,re34,11,1664.638730151537,7.446408308092512,0.1070010769171845
BoFireQparEGOWrapper,re34,12,1665.1659221210834,7.29204255451175,0.1053638095788789
BoFireQparEGOWrapper,re34,13,1665.8843734041118,8.385301309611531,0.0633016204774417
BoFireQparEGOWrapper,re34,14,1666.0952051893964,8.389375101975336,0.0629231031846377
BoFireQparEGOWrapper,re34,15,1666.1702479259973,7.697798654191651,0.1012510445187511
BoFireQparEGOWrapper,re34,16,1666.3518295,6.9448,0.0926
BoFireQparEGOWrapper,re34,17,1666.5793872919708,7.001187196775277,0.0916074466292705
BoFireQparEGOWrapper,re34,18,1667.418128428705,8.414937256101751,0.0605479901415328
BoFireQparEGOWrapper,re34,19,1667.4495400694348,7.219644280470434,0.0895814066912398
BoFireQparEGOWrapper,re34,20,1667.4515723571435,6.966049756280965,0.0906255743292948
BoFireQparEGOWrapper,re34,21,1667.5981061712916,8.418414871929055,0.060224866719716
BoFireQparEGOWrapper,re34,22,1667.669577064261,6.970262147263323,0.0902341791160675
BoFireQparEGOWrapper,re34,23,1667.982706390177,8.238942345389102,0.0742475107539433
BoFireQparEGOWrapper,re34,24,1668.2211852440082,7.417093773390791,0.0850074243478822
BoFireQparEGOWrapper,re34,25,1668.6780937188314,6.989749187325197,0.0884235366016077
BoFireQparEGOWrapper,re34,26,1668.7315337639038,7.549626969877198,0.0831566312452777
BoFireQparEGOWrapper,re34,27,1669.479512441333,7.005234582316893,0.0869847077986627
BoFireQparEGOWrapper,re34,28,1669.949576917338,7.014317392436142,0.0861407765448416
BoFireQparEGOWrapper,re34,29,1670.1784432400552,8.468273376103726,0.0555922530914074
BoFireQparEGOWrapper,re34,30,1670.282228690924,7.348827437793803,0.0822208128644514
BoFireQparEGOWrapper,re34,31,1670.4330298140687,7.023658900009597,0.0852728083614777
BoFireQparEGOWrapper,re34,32,1671.2804351748075,8.283338619049495,0.0696652813101822
BoFireQparEGOWrapper,re34,33,1671.6252686787193,6.817488811498847,0.1915157198583813
BoFireQparEGOWrapper,re34,34,1672.1009002505896,7.628128756895966,0.0770117994709697
BoFireQparEGOWrapper,re34,35,1672.6758711524312,7.355624532748614,0.078278544601954
BoFireQparEGOWrapper,re34,36,1672.7189262306144,7.510538334483598,0.0772105772378384
BoFireQparEGOWrapper,re34,37,1673.0737948407057,8.15419053632349,0.0725187529379517
BoFireQparEGOWrapper,re34,38,1673.2243656688572,7.077594423416072,0.0802613776152315
BoFireQparEGOWrapper,re34,39,1673.4534428817915,7.616027879214741,0.0748597575673416
BoFireQparEGOWrapper,re34,40,1673.7013815153748,7.665578667266885,0.0740922496754477
BoFireQparEGOWrapper,re34,41,1674.8852129899954,8.029468644332574,0.0699538918168943
BoFireQparEGOWrapper,re34,42,1675.3137116981288,7.129358773164627,0.0763803702628089
BoFireQparEGOWrapper,re34,43,1675.4895831,6.1428,0.264
BoFireQparEGOWrapper,re34,44,1676.1905247295722,7.868681202985907,0.068613173532943
BoFireQparEGOWrapper,re34,45,1676.2044218320702,7.352081503134979,0.072619572546318
BoFireQparEGOWrapper,re34,46,1676.7156925720487,7.4820459502116865,0.0705919098188657
BoFireQparEGOWrapper,re34,47,1677.6214113051983,7.716075895672544,0.0672345329982838
BoFireQparEGOWrapper,re34,48,1678.127885291227,7.849060650217156,0.0654878668796864
BoFireQparEGOWrapper,re34,49,1678.8885012931755,8.051626980315099,0.0630409488149088
BoFireQparEGOWrapper,re34,50,1679.1641511635248,8.125882880377283,0.0622064009283266
BoFireQparEGOWrapper,re34,51,1683.7943012315536,6.453573194227485,0.2067371912521884
BoFireQparEGOWrapper,re34,52,1684.9151838894352,9.467851646347135,0.0512241066141347
BoFireQparEGOWrapper,re37,0,0.0089170029457097,0.9680056739868688,0.9850569238153044
BoFireQparEGOWrapper,re37,1,0.010206832875785,0.8716451137666238,1.0069258387598607
BoFireQparEGOWrapper,re37,2,0.030042238051053,0.6184499686659906,1.0753156331166096
BoFireQparEGOWrapper,re37,3,0.0337714137490126,0.8930681103072953,0.9456078448743732
BoFireQparEGOWrapper,re37,4,0.0395599999999998,0.5503,1.0964999999999998
BoFireQparEGOWrapper,re37,5,0.0437111721785418,0.5378292318244464,1.0634296973252348
BoFireQparEGOWrapper,re37,6,0.0476027639556366,0.9203984381507286,0.8738008947092547
BoFireQparEGOWrapper,re37,7,0.0494087663243,0.6051941422180039,1.0161697532301197
BoFireQparEGOWrapper,re37,8,0.0497592558774457,0.7197228631946276,0.8421508889348046
BoFireQparEGOWrapper,re37,9,0.0508420655842921,0.6871518412149992,0.5889547550774215
BoFireQparEGOWrapper,re37,10,0.0583773022717229,0.6913857799863035,0.4488367322557264
BoFireQparEGOWrapper,re37,11,0.0618535844268823,0.5278243475048906,1.0174547142660344
BoFireQparEGOWrapper,re37,12,0.0660653315606568,0.558057514981533,0.5958139799642079
BoFireQparEGOWrapper,re37,13,0.0687508633731658,0.4944658827066008,0.7457047339016434
BoFireQparEGOWrapper,re37,14,0.0736470171770982,0.4890534748249912,0.6721963137889011
BoFireQparEGOWrapper,re37,15,0.0754145027615995,1.0045764774177204,0.3720954403220636
BoFireQparEGOWrapper,re37,16,0.0757309118138421,0.5369882046988446,0.4842192999089973
BoFireQparEGOWrapper,re37,17,0.0776562947447876,0.4989092020178814,0.562120458617632
BoFireQparEGOWrapper,re37,18,0.0780966491925121,0.9755036025905984,0.3682397975132324
BoFireQparEGOWrapper,re37,19,0.078451408618636,0.4843013028848734,0.5979916113135797
BoFireQparEGOWrapper,re37,20,0.0906705872895205,0.483289827447238,0.4889543390844494
BoFireQparEGOWrapper,re37,21,0.0914429919430114,0.4744394556117245,0.4926151617726121
BoFireQparEGOWrapper,re37,22,0.0981673848059745,0.470084995578107,0.4848124104352583
BoFireQparEGOWrapper,re37,23,0.1008369686389301,0.4683643925018453,0.4816993251840119
BoFireQparEGOWrapper,re37,24,0.1022411479642842,0.8403209955333298,0.3392759675097508
BoFireQparEGOWrapper,re37,25,0.1070986677873984,0.5406679187428661,0.4329990285107762
BoFireQparEGOWrapper,re37,26,0.1105896870591371,0.4621190199771758,0.4702496505916892
BoFireQparEGOWrapper,re37,27,0.1120332012566675,0.5050486442011058,0.443780662470826
BoFireQparEGOWrapper,re37,28,0.1144521789352847,0.8968895460871135,0.3099069636225641
BoFireQparEGOWrapper,re37,29,0.1171316456528833,0.7967265470444164,0.3199462990905645
BoFireQparEGOWrapper,re37,30,0.1200203094335401,0.9496950273796732,0.2966973372529796
BoFireQparEGOWrapper,re37,31,0.1209482871026105,0.653336010986356,0.3574063115311101
BoFireQparEGOWrapper,re37,32,0.1281951889623521,0.451014179332669,0.4492598957720688
BoFireQparEGOWrapper,re37,33,0.1292177916799524,0.6781758682788003,0.3321324151879789
BoFireQparEGOWrapper,re37,34,0.1292861861445934,0.9563165973617817,0.2789610526352337
BoFireQparEGOWrapper,re37,35,0.1336843094441471,0.7267062121241147,0.3063014510100295
BoFireQparEGOWrapper,re37,36,0.1367033521894264,0.4457306581925861,0.4389586798284802
BoFireQparEGOWrapper,re37,37,0.1428427545722589,0.4419537563184857,0.4314578599872061
BoFireQparEGOWrapper,re37,38,0.1431557481507589,0.8070056235708277,0.2654002143143897
BoFireQparEGOWrapper,re37,39,0.148526134842691,0.6261517102599703,0.3165231733679474
BoFireQparEGOWrapper,re37,40,0.1490607929277806,0.7730446212330611,0.2605864135821789
BoFireQparEGOWrapper,re37,41,0.1547950569711449,0.898716077014849,0.2275192933665365
BoFireQparEGOWrapper,re37,42,0.1581423307824392,0.9451420243751208,0.2188965081422416
BoFireQparEGOWrapper,re37,43,0.1582177915331203,0.7163432155646222,0.2579507952037312
BoFireQparEGOWrapper,re37,44,0.1602515629450006,0.4314166363924613,0.4098613085806425
BoFireQparEGOWrapper,re37,45,0.162670563147823,0.9201754928815196,0.2087072593347087
BoFireQparEGOWrapper,re37,46,0.1681163755387383,0.9052332312605806,0.1963285136954211
BoFireQparEGOWrapper,re37,47,0.1687535428993933,0.540264997943174,0.3232242743156603
BoFireQparEGOWrapper,re37,48,0.172120769265033,0.4321534705600156,0.3893038206950872
BoFireQparEGOWrapper,re37,49,0.174713200561052,0.6178175405584121,0.2654025714773606
BoFireQparEGOWrapper,re37,50,0.1754701219820542,0.4297762432932633,0.5301453408163935
BoFireQparEGOWrapper,re37,51,0.1819021695812251,0.418701939869146,0.382263255820938
BoFireQparEGOWrapper,re37,52,0.1829775600067972,0.9102318625160244,0.1590587338351159
BoFireQparEGOWrapper,re37,53,0.1846572761789609,0.4907575608578514,0.3247978830058998
BoFireQparEGOWrapper,re37,54,0.184797729865249,0.901309552458669,0.154473208062157
BoFireQparEGOWrapper,re37,55,0.1855447243531083,0.6724643855117868,0.2114626527934724
BoFireQparEGOWrapper,re37,56,0.1893920188672852,0.9196800353506092,0.1420448356983761
BoFireQparEGOWrapper,re37,57,0.1906374555220917,0.4137072512514956,0.3708718830904728
BoFireQparEGOWrapper,re37,58,0.1932487969353671,0.9137705794864576,0.1314534372147189
BoFireQparEGOWrapper,re37,59,0.2012291032430943,0.8962632327199226,0.1087344149079136
BoFireQparEGOWrapper,re37,60,0.2047841030832917,0.5970663626184005,0.2057208355376755
BoFireQparEGOWrapper,re37,61,0.2063085576222987,0.5264783812368852,0.2528609337331425
BoFireQparEGOWrapper,re37,62,0.2083719008335208,0.404124513509611,0.3536037555614753
BoFireQparEGOWrapper,re37,63,0.2098196694064236,0.7381876719714692,0.1136052794994053
BoFireQparEGOWrapper,re37,64,0.2107207027298595,0.722379923220561,0.117400306541674
BoFireQparEGOWrapper,re37,65,0.2133884284366106,0.859316074553762,0.0727507143197462
BoFireQparEGOWrapper,re37,66,0.213892711753757,0.5927587977683393,0.1845659202714527
BoFireQparEGOWrapper,re37,67,0.2172616475397654,0.5575328144492421,0.2021090842365283
BoFireQparEGOWrapper,re37,68,0.2181062790689292,0.3985798175414964,0.3339532488694472
BoFireQparEGOWrapper,re37,69,0.2195921404474563,0.3977889851183703,0.3319041679294712
BoFireQparEGOWrapper,re37,70,0.2235007260848785,0.4592192090733181,0.2699767470065731
BoFireQparEGOWrapper,re37,71,0.2253706362306061,0.8631228564568073,0.0313509225140403
BoFireQparEGOWrapper,re37,72,0.2275885069130018,0.3935861963372659,0.3207759053133985
BoFireQparEGOWrapper,re37,73,0.2279854287943382,0.8588629048399722,0.0220621481475574
BoFireQparEGOWrapper,re37,74,0.2296606311598803,0.3925122168873099,0.3178635633917251
BoFireQparEGOWrapper,re37,75,0.2300353274147687,0.8324824970432579,0.0169544309841462
BoFireQparEGOWrapper,re37,76,0.2311856752382899,0.3917258889841123,0.3157123591777311
BoFireQparEGOWrapper,re37,77,0.2348349300389661,0.6094712388061742,0.1090309967027473
BoFireQparEGOWrapper,re37,78,0.2396344620584549,0.677371952968675,0.0407492263214639
BoFireQparEGOWrapper,re37,79,0.2398007914400405,0.8392768560202656,-0.0227112482383731
BoFireQparEGOWrapper,re37,80,0.2406723785604533,0.6242715522145498,0.0767237306526018
BoFireQparEGOWrapper,re37,81,0.2415464423378644,0.3867874120941946,0.3250532577105358
BoFireQparEGOWrapper,re37,82,0.2421484934226677,0.5020760221333977,0.1852338386541254
BoFireQparEGOWrapper,re37,83,0.2452539877239409,0.3849327071375254,0.3242944272518959
BoFireQparEGOWrapper,re37,84,0.2454395324895948,0.5511620365830928,0.1562407402793403
BoFireQparEGOWrapper,re37,85,0.2462396471070968,0.7281454541907747,-0.0174862870532641
BoFireQparEGOWrapper,re37,86,0.2486916715952607,0.8241093520145183,-0.0599726084477923
BoFireQparEGOWrapper,re37,87,0.2497354343261613,0.6768884034530042,-0.0007971252686248
BoFireQparEGOWrapper,re37,88,0.2515988255206606,0.3815482709611922,0.287580089874267
BoFireQparEGOWrapper,re37,89,0.2522195149477369,0.6031015547705765,0.0523972703256954
BoFireQparEGOWrapper,re37,90,0.2542938948658811,0.3802204298766568,0.3102815475089159
BoFireQparEGOWrapper,re37,91,0.2565420375923185,0.4933370901429097,0.1543393165813564
BoFireQparEGOWrapper,re37,92,0.256631090558868,0.810174504196509,-0.0964938263225693
BoFireQparEGOWrapper,re37,93,0.2583563524994205,0.807089011892549,-0.1049073775493395
BoFireQparEGOWrapper,re37,94,0.2583647778426604,0.3781610205042524,0.2929360173779932
BoFireQparEGOWrapper,re37,95,0.2666446974923202,0.7912829870609526,-0.1423709217777923
BoFireQparEGOWrapper,re37,96,0.2678934649298722,0.5515033813994803,0.0996660098614855
BoFireQparEGOWrapper,re37,97,0.2683677367236232,0.5409931519697715,0.0588841582183335
BoFireQparEGOWrapper,re37,98,0.2684845880431853,0.3732808910338857,0.3206518235626944
BoFireQparEGOWrapper,re37,99,0.2714925386942963,0.6929072318554306,-0.0228363495506322
BoFireQparEGOWrapper,re37,100,0.2719358766715786,0.7818855449380383,-0.1787609583075131
BoFireQparEGOWrapper,re37,101,0.2722342739043639,0.7790975553834736,-0.1799646840803789
BoFireQparEGOWrapper,re37,102,0.2736637969738367,0.736984517461764,-0.1720393947503442
BoFireQparEGOWrapper,re37,103,0.2737811054765494,0.4747997616660936,0.2107722032808352
BoFireQparEGOWrapper,re37,104,0.2751424272681383,0.5022369696284968,0.1419022077306627
BoFireQparEGOWrapper,re37,105,0.2762396624569536,0.6282317256887407,-0.0887537628818958
BoFireQparEGOWrapper,re37,106,0.2767439331457469,0.7724598901325749,-0.2090842409327777
BoFireQparEGOWrapper,re37,107,0.2778560153360098,0.4877666683393375,0.0946321881967407
BoFireQparEGOWrapper,re37,108,0.2787061629449477,0.630401931518716,-0.1064133272773168
BoFireQparEGOWrapper,re37,109,0.2794210760327236,0.4126683393299177,0.1895790127922662
BoFireQparEGOWrapper,re37,110,0.281297572669798,0.5555201583565431,-0.0160494917626766
BoFireQparEGOWrapper,re37,111,0.282219482207474,0.366294345676525,0.3145835595438501
BoFireQparEGOWrapper,re37,112,0.2844952678866388,0.3650871701306129,0.2981030796904672
BoFireQparEGOWrapper,re37,113,0.2873431413305197,0.7428457959286905,-0.2845269144460592
BoFireQparEGOWrapper,re37,114,0.2874261131869928,0.5180456765314259,0.0134254997976161
BoFireQparEGOWrapper,re37,115,0.2885443720825582,0.4649246228970589,0.0912710458271057
BoFireQparEGOWrapper,re37,116,0.2895295003481098,0.5794358329236372,-0.0989085946121207
BoFireQparEGOWrapper,re37,117,0.2896317619703581,0.4824232811015134,0.0606816126351391
BoFireQparEGOWrapper,re37,118,0.2905633585666381,0.4113420650417504,0.1628243083935504
BoFireQparEGOWrapper,re37,119,0.2925322596581072,0.4844812276930616,0.0463951024879516
BoFireQparEGOWrapper,re37,120,0.2967998620899119,0.5650374522308785,-0.1201614668325345
BoFireQparEGOWrapper,re37,121,0.2976473576175713,0.653550257124875,-0.3026192345870253
BoFireQparEGOWrapper,re37,122,0.2996031203539089,0.3666360165578458,0.2028537086961143
BoFireQparEGOWrapper,re37,123,0.2996406399542615,0.4115795985706779,0.1378369060746163
BoFireQparEGOWrapper,re37,124,0.299694161630423,0.499768538401475,-0.0105146274266442
BoFireQparEGOWrapper,re37,125,0.3002999999999999,0.7173999999999999,-0.4315
BoFireQparEGOWrapper,re37,126,0.3002999999999999,0.7173999999999999,-0.4315
BoFireQparEGOWrapper,re37,127,0.3016826380863597,0.6542071263390953,-0.3615206253970087
BoFireQparEGOWrapper,re37,128,0.302310937304215,0.3564214252070726,0.2771988163498018
BoFireQparEGOWrapper,re37,129,0.3032430164531308,0.6331124134910047,-0.3372665779543046
BoFireQparEGOWrapper,re37,130,0.3068355942857835,0.5772229373011981,-0.2325201672314897
BoFireQparEGOWrapper,re37,131,0.3068536738041308,0.5998131898797116,-0.2980466632069378
BoFireQparEGOWrapper,re37,132,0.3078477145211727,0.353530904131292,0.281597064059801
BoFireQparEGOWrapper,re37,133,0.3107095468196352,0.3519281242575202,0.2903389734728783
BoFireQparEGOWrapper,re37,134,0.3116005536878522,0.5682308918800444,-0.2597731843484117
BoFireQparEGOWrapper,re37,135,0.3124270637115969,0.3511447568642407,0.3239423654763629
BoFireQparEGOWrapper,re37,136,0.3125683169273859,0.5626890395075401,-0.2529475382159427
BoFireQparEGOWrapper,re37,137,0.3147257034754479,0.3981680959038188,0.1166424256396623
BoFireQparEGOWrapper,re37,138,0.3165943034326603,0.3489524443624651,0.2896972335502318
BoFireQparEGOWrapper,re37,139,0.3190309666355921,0.5303486490408136,-0.2124522680001429
BoFireQparEGOWrapper,re37,140,0.3223751135363269,0.5158924794985451,-0.1939804449366048
BoFireQparEGOWrapper,re37,141,0.3231699281809894,0.3454762101306252,0.3075643853744338
BoFireQparEGOWrapper,re37,142,0.324537866445457,0.5029363089602148,-0.1486500073380879
BoFireQparEGOWrapper,re37,143,0.3246176015310069,0.3460345477641528,0.253932093495599
BoFireQparEGOWrapper,re37,144,0.3271215940224968,0.3437292630279998,0.2830408251539989
BoFireQparEGOWrapper,re37,145,0.3281243684158224,0.4934809528002408,-0.1648839551484149
BoFireQparEGOWrapper,re37,146,0.3283784180471111,0.3955696631498832,0.0808931207683736
BoFireQparEGOWrapper,re37,147,0.3294753889455507,0.344401365388697,0.239055232971695
BoFireQparEGOWrapper,re37,148,0.3301955614747681,0.4726344873743797,-0.111486772659112
BoFireQparEGOWrapper,re37,149,0.3311240897100716,0.4587566129038428,-0.0761650906551501
BoFireQparEGOWrapper,re37,150,0.331872104003561,0.3939063705201621,0.0734001363176772
BoFireQparEGOWrapper,re37,151,0.3367951891162095,0.3392376279031223,0.2689604891265383
BoFireQparEGOWrapper,re37,152,0.3368681705346027,0.3384604280286099,0.3048242433827475
BoFireQparEGOWrapper,re37,153,0.3393548581178412,0.3641576745195062,0.1102933281849974
BoFireQparEGOWrapper,re37,154,0.3394750378220713,0.4270813138015045,-0.0262556428727262
BoFireQparEGOWrapper,re37,155,0.3398520102546224,0.4543052320008242,-0.1126578784918174
BoFireQparEGOWrapper,re37,156,0.3431166751406229,0.353410572710779,0.1211637348251278
BoFireQparEGOWrapper,re37,157,0.343471089232036,0.3382947537439004,0.2259689265391683
BoFireQparEGOWrapper,re37,158,0.3476490651704271,0.351133294886554,0.2011588355069387
BoFireQparEGOWrapper,re37,159,0.3494755192470308,0.3319719240192058,0.305054265113641
BoFireQparEGOWrapper,re37,160,0.3546496683729559,0.3294043025923308,0.2942674440995264
BoFireQparEGOWrapper,re37,161,0.3557854605311606,0.3287085275632533,0.308058750342213
BoFireQparEGOWrapper,re37,162,0.3572489869897833,0.3554607709886939,0.0816620241017703
BoFireQparEGOWrapper,re37,163,0.3609480383194761,0.3260378135067436,0.3064245728006277
BoFireQparEGOWrapper,re37,164,0.361300986748669,0.3258617411208177,0.3118756926479507
BoFireQparEGOWrapper,re37,165,0.3627880461336165,0.3738314947216837,0.0509632595281108
BoFireQparEGOWrapper,re37,166,0.3647529488600543,0.3243575603777151,0.2861670663576166
BoFireQparEGOWrapper,re37,167,0.3661498608103368,0.3234061404201386,0.2979317991650571
BoFireQparEGOWrapper,re37,168,0.3748737835829745,0.3201700924712963,0.2604155132501219
BoFireQparEGOWrapper,re37,169,0.3800568147603009,0.4048831160078348,-0.0478351976894803
BoFireQparEGOWrapper,re37,170,0.3816999999999999,0.3504,0.0346
BoFireQparEGOWrapper,re37,171,0.3840194438900791,0.3432422859217646,0.0669521188026206
BoFireQparEGOWrapper,re37,172,0.3848835603236189,0.3135839386299792,0.3068448175414687
BoFireQparEGOWrapper,re37,173,0.3850264668013915,0.3135952785470061,0.2975578782417507
BoFireQparEGOWrapper,re37,174,0.3864542950400156,0.3805967022747393,-0.0143984927882918
BoFireQparEGOWrapper,re37,175,0.3880829995229057,0.3123229844040389,0.283952906097534
BoFireQparEGOWrapper,re37,176,0.390913239666934,0.4095082084071745,-0.0556500125691095
BoFireQparEGOWrapper,re37,177,0.3917613277232239,0.3099837408313625,0.3077658371656959
BoFireQparEGOWrapper,re37,178,0.3976674892143038,0.3069116642779459,0.3034446712755488
BoFireQparEGOWrapper,re37,179,0.3988854199431456,0.3182430257766253,0.1602624892709553
BoFireQparEGOWrapper,re37,180,0.4034699479901277,0.4041031108070814,-0.0502298580790386
BoFireQparEGOWrapper,re37,181,0.4037426127948054,0.3837065265425811,-0.0228877224387578
BoFireQparEGOWrapper,re37,182,0.4053645917251133,0.3159534604991175,0.1547238040435167
BoFireQparEGOWrapper,re37,183,0.4079918567578598,0.3016725728270168,0.2924251367678865
BoFireQparEGOWrapper,re37,184,0.4088240544495556,0.3012204598429762,0.2930483233529345
BoFireQparEGOWrapper,re37,185,0.4135445970461685,0.2985337984145971,0.3122401216333457
BoFireQparEGOWrapper,re37,186,0.4159070275893088,0.3143459368033465,0.1340818662309687
BoFireQparEGOWrapper,re37,187,0.4164972883069659,0.2971551336178833,0.2942083623201019
BoFireQparEGOWrapper,re37,188,0.4194102137686227,0.2955421924104983,0.2979642518193851
BoFireQparEGOWrapper,re37,189,0.4216975251808421,0.3005075185689351,0.2093282940003273
BoFireQparEGOWrapper,re37,190,0.4291993448653889,0.2905924286160904,0.2889175676314606
BoFireQparEGOWrapper,re37,191,0.4346683203305215,0.3229326817503029,0.0564858088777981
BoFireQparEGOWrapper,re37,192,0.4364838449623223,0.2864332100620851,0.3023074369389625
BoFireQparEGOWrapper,re37,193,0.4388767456123251,0.3526753155485174,0.0105765394222194
BoFireQparEGOWrapper,re37,194,0.4413774100481946,0.2931207741827906,0.1891325416625327
BoFireQparEGOWrapper,re37,195,0.4417314874926381,0.2836521089016265,0.3016550126542517
BoFireQparEGOWrapper,re37,196,0.4455452908488651,0.3163027557871573,0.0637875398048524
BoFireQparEGOWrapper,re37,197,0.4468186027101027,0.2822319035194854,0.2680999506183717
BoFireQparEGOWrapper,re37,198,0.4485935269157364,0.4151236184572492,-0.0692648767856702
BoFireQparEGOWrapper,re37,199,0.4503033194703958,0.2811559620616459,0.3653898057207781
BoFireQparEGOWrapper,re37,200,0.4511931353127648,0.2785473876100849,0.312012687190499
BoFireQparEGOWrapper,re37,201,0.4643648180536937,0.3573853763994218,-0.0029373366918615
BoFireQparEGOWrapper,re37,202,0.4645345852491683,0.2727270810383346,0.2698579572611218
BoFireQparEGOWrapper,re37,203,0.468650595962867,0.269630330895004,0.2879865167049049
BoFireQparEGOWrapper,re37,204,0.471812415813046,0.2678063787536387,0.2917468916018657
BoFireQparEGOWrapper,re37,205,0.4732993331323506,0.2678878271784556,0.2725924753145721
BoFireQparEGOWrapper,re37,206,0.4753180608820422,0.2664602553694591,0.2788878483898341
BoFireQparEGOWrapper,re37,207,0.4796361073687246,0.2695554789261272,0.2289868350422345
BoFireQparEGOWrapper,re37,208,0.4808602534998943,0.2632123469928203,0.3532527046016388
BoFireQparEGOWrapper,re37,209,0.4855843930440887,0.2764249852971565,0.1559303568829407
BoFireQparEGOWrapper,re37,210,0.4860157476496303,0.2602007247677996,0.2908346133346196
BoFireQparEGOWrapper,re37,211,0.4905466818626958,0.2647136513798818,0.2120054823575025
BoFireQparEGOWrapper,re37,212,0.497021322803749,0.2582887089280571,0.236609275495447
BoFireQparEGOWrapper,re37,213,0.4983589313118274,0.2533152713808483,0.2985876560377557
BoFireQparEGOWrapper,re37,214,0.4988070991615038,0.2825910491171142,0.0996874481568312
BoFireQparEGOWrapper,re37,215,0.4996742053134746,0.2879493734157394,0.0784556706510621
BoFireQparEGOWrapper,re37,216,0.5038347544103083,0.2502498772354646,0.3158343360491993
BoFireQparEGOWrapper,re37,217,0.5119356480045287,0.2462212656495524,0.2897317884864554
BoFireQparEGOWrapper,re37,218,0.513412282243994,0.2452208811573386,0.2957449824118654
BoFireQparEGOWrapper,re37,219,0.5180328145899814,0.2426945131538474,0.2962252661153812
BoFireQparEGOWrapper,re37,220,0.5208952880236306,0.3836501137208724,-0.0462373589986111
BoFireQparEGOWrapper,re37,221,0.5229014285885574,0.2424660037984993,0.3707527204725475
BoFireQparEGOWrapper,re37,222,0.5248718824775821,0.3363385518384764,0.0050629527055067
BoFireQparEGOWrapper,re37,223,0.527699564381594,0.2372720868346131,0.3039065341781396
BoFireQparEGOWrapper,re37,224,0.5297446266309909,0.2720487787695508,0.0843893293898725
BoFireQparEGOWrapper,re37,225,0.5300553445119465,0.2364552645131895,0.2873312903641186
BoFireQparEGOWrapper,re37,226,0.5306595865664853,0.2354695147164175,0.4052419657454695
BoFireQparEGOWrapper,re37,227,0.5319580009806888,0.3006776798360626,0.0442544056746473
BoFireQparEGOWrapper,re37,228,0.5332094576766873,0.2384518309786922,0.240751260917518
BoFireQparEGOWrapper,re37,229,0.5336547486603972,0.2428558028866038,0.2061466881037686
BoFireQparEGOWrapper,re37,230,0.534751011838773,0.2333906152463499,0.3070212675982065
BoFireQparEGOWrapper,re37,231,0.5382151232812304,0.2316412969622142,0.2976016446241234
BoFireQparEGOWrapper,re37,232,0.5456037629619381,0.3716703305649759,-0.0394050019888605
BoFireQparEGOWrapper,re37,233,0.5457951681748378,0.382901539774082,-0.0515499061592706
BoFireQparEGOWrapper,re37,234,0.5478328619821864,0.2635426276885441,0.0835659997540216
BoFireQparEGOWrapper,re37,235,0.5489097587457474,0.2487926330388876,0.2033117666455003
BoFireQparEGOWrapper,re37,236,0.5494990167845294,0.2250580074687375,0.4366052619747183
BoFireQparEGOWrapper,re37,237,0.5543132413561672,0.3549374542534724,-0.0238673297224557
BoFireQparEGOWrapper,re37,238,0.5556807560238415,0.2248560752441474,0.2538748122373891
BoFireQparEGOWrapper,re37,239,0.5628162077250214,0.2531519194344497,0.0935112054376984
BoFireQparEGOWrapper,re37,240,0.5653747862526439,0.2165896621622359,0.3049978034056443
BoFireQparEGOWrapper,re37,241,0.5708693796950288,0.2139782409683214,0.2889117086758898
BoFireQparEGOWrapper,re37,242,0.5717446187319263,0.2131359074049483,0.3005844163663813
BoFireQparEGOWrapper,re37,243,0.5730008910520764,0.2144963472035977,0.2630593811464809
BoFireQparEGOWrapper,re37,244,0.5760665102540002,0.2997303493186035,0.0323025138493687
BoFireQparEGOWrapper,re37,245,0.579244321698329,0.229736603467898,0.149792316249702
BoFireQparEGOWrapper,re37,246,0.5792814285344906,0.20917600994951,0.2928231005732611
BoFireQparEGOWrapper,re37,247,0.579502003853203,0.2739630467129501,0.0553916266879217
BoFireQparEGOWrapper,re37,248,0.5810312014348392,0.2291000957841399,0.1870486689646866
BoFireQparEGOWrapper,re37,249,0.5824175066864408,0.2071742687158747,0.3048783519206949
BoFireQparEGOWrapper,re37,250,0.5831310227303806,0.2318809768122577,0.1327685425830482
BoFireQparEGOWrapper,re37,251,0.5864467486200827,0.209467075765494,0.2404867203628751
BoFireQparEGOWrapper,re37,252,0.5897577251064048,0.3204843791414358,0.0012587764667556
BoFireQparEGOWrapper,re37,253,0.5939125746177646,0.2256219678229807,0.1350842905510503
BoFireQparEGOWrapper,re37,254,0.5984940886340653,0.2361340894985905,0.0898995075292628
BoFireQparEGOWrapper,re37,255,0.5997137013359564,0.1969250803517675,0.4775695125652222
BoFireQparEGOWrapper,re37,256,0.6015865473059703,0.1965325262325942,0.3053264409256045
BoFireQparEGOWrapper,re37,257,0.6044010053814932,0.194717977534069,0.3424975625313372
BoFireQparEGOWrapper,re37,258,0.6054741163402818,0.1940730775458767,0.4328931635884949
BoFireQparEGOWrapper,re37,259,0.6072912916745099,0.1933787165015926,0.3029210330050546
BoFireQparEGOWrapper,re37,260,0.6125892788829799,0.2570166293562172,0.0591146757597258
BoFireQparEGOWrapper,re37,261,0.6131950195621656,0.1899172402695679,0.3253911549680253
BoFireQparEGOWrapper,re37,262,0.6172889537062907,0.4619693594470721,-0.1688736167215724
BoFireQparEGOWrapper,re37,263,0.6247373916048464,0.1830148898354008,0.3944562245260417
BoFireQparEGOWrapper,re37,264,0.6257468411745015,0.2119150936387983,0.1229595333484927
BoFireQparEGOWrapper,re37,265,0.630486611137931,0.1882592089443477,0.3735951448304828
BoFireQparEGOWrapper,re37,266,0.6351420379733544,0.1778319123396392,0.3012091704243601
BoFireQparEGOWrapper,re37,267,0.6386359927323392,0.1759704921798658,0.2961975287652763
BoFireQparEGOWrapper,re37,268,0.647997709369235,0.1699183807602603,0.3854624509547151
BoFireQparEGOWrapper,re37,269,0.6528759726589519,0.1852945569938632,0.1692324218698502
BoFireQparEGOWrapper,re37,270,0.6533012176166276,0.1676880225452849,0.297590104103228
BoFireQparEGOWrapper,re37,271,0.6551874355259958,0.3758881940044988,-0.0895036289779805
BoFireQparEGOWrapper,re37,272,0.6564568937796385,0.1650712501521876,0.3926534935248639
BoFireQparEGOWrapper,re37,273,0.6622105491969865,0.1710816635808313,0.214450031013988
BoFireQparEGOWrapper,re37,274,0.6627301009412861,0.407535888690122,-0.1323716415385789
BoFireQparEGOWrapper,re37,275,0.6666206323130105,0.187381078289093,0.1306002804514109
BoFireQparEGOWrapper,re37,276,0.6714063202511166,0.3115748511791852,-0.025285516269149
BoFireQparEGOWrapper,re37,277,0.673128741945092,0.2791403560525166,0.0086735031669101
BoFireQparEGOWrapper,re37,278,0.6733764075428051,0.1565237133218413,0.2913050269358004
BoFireQparEGOWrapper,re37,279,0.6736250968171792,0.1560167141585292,0.314303096196422
BoFireQparEGOWrapper,re37,280,0.6738275964783115,0.2194480230622026,0.0680024283860255
BoFireQparEGOWrapper,re37,281,0.6756753001808955,0.2901384915501395,-0.0042672945090403
BoFireQparEGOWrapper,re37,282,0.6809212531680813,0.1839217980400352,0.2070563348246716
BoFireQparEGOWrapper,re37,283,0.6823579158928899,0.1646589133196193,0.1879273975577939
BoFireQparEGOWrapper,re37,284,0.6829414912986402,0.2594949493397072,0.0239463926578778
BoFireQparEGOWrapper,re37,285,0.684621824214177,0.1483995235335261,0.5147876280668229
BoFireQparEGOWrapper,re37,286,0.6927890325507705,0.1778744056794297,0.1124971199564549
BoFireQparEGOWrapper,re37,287,0.6939497111532859,0.1449937527807365,0.287347245277365
BoFireQparEGOWrapper,re37,288,0.6947333362291871,0.1438243608964157,0.3339632797477099
BoFireQparEGOWrapper,re37,289,0.7015106972665763,0.1409956470297018,0.3134274420611667
BoFireQparEGOWrapper,re37,290,0.7099722966998316,0.1394942029075208,0.3543401426220444
BoFireQparEGOWrapper,re37,291,0.7116942467938173,0.134774989456807,0.4480116036665905
BoFireQparEGOWrapper,re37,292,0.7121742059470794,0.3416859007147818,-0.0880187067974984
BoFireQparEGOWrapper,re37,293,0.7139578883224866,0.3017080192443398,-0.0407088337139894
BoFireQparEGOWrapper,re37,294,0.7150623082866382,0.1327563068670147,0.2931255477174506
BoFireQparEGOWrapper,re37,295,0.7154082413334606,0.3115118012362268,-0.0534480785940968
BoFireQparEGOWrapper,re37,296,0.7156686749214854,0.134721555716551,0.2575872278620126
BoFireQparEGOWrapper,re37,297,0.7200679582937426,0.1674012688183372,0.0956105196082863
BoFireQparEGOWrapper,re37,298,0.720110244822813,0.3784891240205857,-0.1418532611869083
BoFireQparEGOWrapper,re37,299,0.7227388671667323,0.1299515524566741,0.2652173460209568
BoFireQparEGOWrapper,re37,300,0.7249531222811081,0.1271997204467457,0.2898032286518285
BoFireQparEGOWrapper,re37,301,0.7282955280327019,0.1854783788841359,0.0713614647132536
BoFireQparEGOWrapper,re37,302,0.7309227048422609,0.150412859501561,0.1315062598285485
BoFireQparEGOWrapper,re37,303,0.7349205395857833,0.1212655487063841,0.3005177330409639
BoFireQparEGOWrapper,re37,304,0.7356440420748969,0.1191583387124732,0.4496221733753019
BoFireQparEGOWrapper,re37,305,0.7445573697881277,0.1151736063999553,0.3453679014726485
BoFireQparEGOWrapper,re37,306,0.7460502919985436,0.3573878901870698,-0.1388060823050519
BoFireQparEGOWrapper,re37,307,0.7509482584447975,0.1108469475247535,0.3953041591442343
BoFireQparEGOWrapper,re37,308,0.7536015708108064,0.2905588777444701,-0.0582433612031441
BoFireQparEGOWrapper,re37,309,0.7536414360188538,0.109866620553515,0.3483452160729705
BoFireQparEGOWrapper,re37,310,0.7580698006239097,0.1648535883998464,0.0938527831268266
BoFireQparEGOWrapper,re37,311,0.7599394583366605,0.1070740918156961,0.2906337635102247
BoFireQparEGOWrapper,re37,312,0.765065821070308,0.1819458770455937,0.0540937581664934
BoFireQparEGOWrapper,re37,313,0.7732023127361007,0.2583094896211436,-0.0347300771278735
BoFireQparEGOWrapper,re37,314,0.7742800683371135,0.0992827841873324,0.2784476419541793
BoFireQparEGOWrapper,re37,315,0.7800505675567924,0.0936696088867009,0.4288509118731511
BoFireQparEGOWrapper,re37,316,0.780653915734816,0.1051145617152457,0.2591012869890212
BoFireQparEGOWrapper,re37,317,0.7810206515780654,0.1368044564358937,0.2370272982171055
BoFireQparEGOWrapper,re37,318,0.7814451929779456,0.0921148321004991,0.4870490523091736
BoFireQparEGOWrapper,re37,319,0.7837924617478554,0.1414420006224767,0.0777658204482775
BoFireQparEGOWrapper,re37,320,0.786209075330058,0.0920961741077555,0.2843787857519284
BoFireQparEGOWrapper,re37,321,0.7866158464630916,0.1939917150549105,0.028829697088048
BoFireQparEGOWrapper,re37,322,0.7885072826528964,0.0909752019524696,0.2795346369671334
BoFireQparEGOWrapper,re37,323,0.7897773274152637,0.0901308873843499,0.2818386842273711
BoFireQparEGOWrapper,re37,324,0.7914138638650527,0.1734766231938802,0.045910971245862
BoFireQparEGOWrapper,re37,325,0.7918640688186915,0.2171067080531295,-0.0005674789998566
BoFireQparEGOWrapper,re37,326,0.799429049363029,0.1263956015028331,0.0961692301952944
BoFireQparEGOWrapper,re37,327,0.8100733266037076,0.1910607921540498,0.0145798823746286
BoFireQparEGOWrapper,re37,328,0.8156370158474209,0.0759361502083814,0.5272857063084799
BoFireQparEGOWrapper,re37,329,0.8156592068803902,0.108194986907914,0.1265581938424324
BoFireQparEGOWrapper,re37,330,0.8191059881665123,0.2164169772683492,0.0101879600768447
BoFireQparEGOWrapper,re37,331,0.8214895666896843,0.1373587782057378,0.0590638365509796
BoFireQparEGOWrapper,re37,332,0.8220316694868369,0.0683813747423324,0.4823951250432264
BoFireQparEGOWrapper,re37,333,0.8234834281328751,0.081574652923937,0.2546583772789862
BoFireQparEGOWrapper,re37,334,0.8289554133566396,0.2614468192025496,-0.0830215531402951
BoFireQparEGOWrapper,re37,335,0.8295683901962478,0.0670250233675217,0.2800376830937559
BoFireQparEGOWrapper,re37,336,0.8406490004418156,0.1163772619433056,0.0638833914194949
BoFireQparEGOWrapper,re37,337,0.8417590735826059,0.1734316442653018,0.0080940553744351
BoFireQparEGOWrapper,re37,338,0.8459026037692017,0.2199617469579337,-0.0570985418515228
BoFireQparEGOWrapper,re37,339,0.8487254138933779,0.1269047727792358,0.0504617881560104
BoFireQparEGOWrapper,re37,340,0.8496714608631374,0.170994874569571,0.0037958024884429
BoFireQparEGOWrapper,re37,341,0.8508742706080222,0.2095552259777714,-0.0481299060936463
BoFireQparEGOWrapper,re37,342,0.8553157971664135,0.1280119626663589,0.044976699401959
BoFireQparEGOWrapper,re37,343,0.8556119910644648,0.0500350574078053,0.4942169846468938
BoFireQparEGOWrapper,re37,344,0.8621040576118612,0.0468026273696334,0.4791154943303209
BoFireQparEGOWrapper,re37,345,0.8652227831507584,0.0566467049615852,0.1887545897713618
BoFireQparEGOWrapper,re37,346,0.8700519412737149,0.1900174379712803,-0.042766069388893
BoFireQparEGOWrapper,re37,347,0.8714841495929968,0.2551408543980105,-0.1436979147107876
BoFireQparEGOWrapper,re37,348,0.8851112036234621,0.0508310545080273,0.1566838203745123
BoFireQparEGOWrapper,re37,349,0.889302130665574,0.0515678996828537,0.1416110867232108
BoFireQparEGOWrapper,re37,350,0.9000460804970196,0.1456053822030076,-0.0155530644712904
BoFireQparEGOWrapper,re37,351,0.9019071177161638,0.0463590312981182,0.3670633982612381
BoFireQparEGOWrapper,re37,352,0.9126071805453392,0.0294874132982668,0.2347777673866388
BoFireQparEGOWrapper,re37,353,0.9139166173728712,0.0498421842403283,0.1467522041730902
BoFireQparEGOWrapper,re37,354,0.927915977428264,0.1637230035298588,-0.0793089654772958
BoFireQparEGOWrapper,re37,355,0.9435379566266034,0.1658482329855289,-0.1070037567268589
BoFireQparEGOWrapper,re37,356,0.9439254668527728,0.1731213203232189,-0.120208015767288
BoFireQparEGOWrapper,re37,357,0.944330302688004,0.1370750426516476,-0.0600849820331929
BoFireQparEGOWrapper,re37,358,0.9455934184944328,0.0963844256006709,-0.001465853664474
BoFireQparEGOWrapper,re37,359,0.9463,0.194,-0.161
BoFireQparEGOWrapper,re37,360,0.9463,0.194,-0.161
BoFireQparEGOWrapper,re37,361,0.965652028121862,0.0076174369417363,0.1217309862667046
BoFireQparEGOWrapper,re37,362,0.9824458997897112,0.0323138049173395,0.0301601342451952
BoFireQparEGOWrapper,re37,363,1.002,0.0059999999999999,0.03
BoFireQparEGOWrapper,re37,364,1.002,0.0059999999999999,0.03
BoFireQparEGOWrapper,re37,365,1.002,0.0059999999999999,0.03
BoFireQparEGOWrapper,re37,366,1.002,0.0059999999999999,0.03
IOCSAMOCOBRAWrapper,re21,0,1312.478761457167,0.0430680987334945,
IOCSAMOCOBRAWrapper,re21,1,1347.5535383445708,0.04228552272617,
IOCSAMOCOBRAWrapper,re21,2,1365.007448269189,0.03351228351937,
IOCSAMOCOBRAWrapper,re21,3,1478.1182579622473,0.0312753246462495,
IOCSAMOCOBRAWrapper,re21,4,1518.3655468422382,0.0304833185373155,
IOCSAMOCOBRAWrapper,re21,5,1535.6123148009426,0.0296860838702459,
IOCSAMOCOBRAWrapper,re21,6,1541.3523987703866,0.0289608673987805,
IOCSAMOCOBRAWrapper,re21,7,1549.9266379845517,0.026794017511203,
IOCSAMOCOBRAWrapper,re21,8,1585.496270751202,0.0251434109885849,
IOCSAMOCOBRAWrapper,re21,9,1624.7757315305057,0.0247856995794773,
IOCSAMOCOBRAWrapper,re21,10,1637.1185745857267,0.0246084405372989,
IOCSAMOCOBRAWrapper,re21,11,1643.5811433389474,0.0232065065526943,
IOCSAMOCOBRAWrapper,re21,12,1651.1276491229137,0.0231397789397178,
IOCSAMOCOBRAWrapper,re21,13,1712.0211651450222,0.0208535805602342,
IOCSAMOCOBRAWrapper,re21,14,1748.9777462066868,0.0207765264206773,
IOCSAMOCOBRAWrapper,re21,15,1768.2375447099598,0.0192817054581759,
IOCSAMOCOBRAWrapper,re21,16,1792.6859167626951,0.0179900120181092,
IOCSAMOCOBRAWrapper,re21,17,1821.1546779018768,0.0177754198951756,
IOCSAMOCOBRAWrapper,re21,18,1838.8314716302773,0.0176441857797665,
IOCSAMOCOBRAWrapper,re21,19,1929.521968532884,0.0173915860322992,
IOCSAMOCOBRAWrapper,re21,20,1931.0197915277736,0.0159130566621505,
IOCSAMOCOBRAWrapper,re21,21,1934.7696420486816,0.015736439780795,
IOCSAMOCOBRAWrapper,re21,22,1952.1129820617696,0.0152928834204323,
IOCSAMOCOBRAWrapper,re21,23,1957.3237540111663,0.0150741050428941,
IOCSAMOCOBRAWrapper,re21,24,1967.618339596348,0.0148124209103031,
IOCSAMOCOBRAWrapper,re21,25,2013.578410303032,0.0148025960654545,
IOCSAMOCOBRAWrapper,re21,26,2014.274262102104,0.0142977313800784,
IOCSAMOCOBRAWrapper,re21,27,2014.890055858622,0.0140342154407682,
IOCSAMOCOBRAWrapper,re21,28,2037.8959934095108,0.0136478803288499,
IOCSAMOCOBRAWrapper,re21,29,2056.137823187083,0.0135512453386972,
IOCSAMOCOBRAWrapper,re21,30,2105.941495857781,0.0127745611278534,
IOCSAMOCOBRAWrapper,re21,31,2170.161760831053,0.0121398402974543,
IOCSAMOCOBRAWrapper,re21,32,2181.830422580382,0.0108641975771629,
IOCSAMOCOBRAWrapper,re21,33,2202.3310214774906,0.0101437192311394,
IOCSAMOCOBRAWrapper,re21,34,2269.9046345247125,0.0092398389960034,
IOCSAMOCOBRAWrapper,re21,35,2287.823695677385,0.0089795097256495,
IOCSAMOCOBRAWrapper,re21,36,2377.6863496821124,0.0086657038888152,
IOCSAMOCOBRAWrapper,re21,37,2377.6863496821124,0.0086657038888152,
IOCSAMOCOBRAWrapper,re21,38,2377.6863496821124,0.0086657038888152,
IOCSAMOCOBRAWrapper,re21,39,2377.6863496821124,0.0086657038888152,
IOCSAMOCOBRAWrapper,re21,40,2377.6863496821124,0.0086657038888152,
IOCSAMOCOBRAWrapper,re21,41,2397.306466281489,0.0079067497446954,
IOCSAMOCOBRAWrapper,re21,42,2457.313688256944,0.0071183727933444,
IOCSAMOCOBRAWrapper,re21,43,2508.003604334216,0.0067365563577308,
IOCSAMOCOBRAWrapper,re21,44,2577.4955460814213,0.0063386164832682,
IOCSAMOCOBRAWrapper,re34,0,1664.1168332963534,8.415763462102687,0.0933581017842863
IOCSAMOCOBRAWrapper,re34,1,1666.2499880585551,8.040922217449836,0.1196262228940796
IOCSAMOCOBRAWrapper,re34,2,1666.3126357548958,8.952721432166305,0.0838023304196719
IOCSAMOCOBRAWrapper,re34,3,1668.264689717774,8.630384099223663,0.0748477158263158
IOCSAMOCOBRAWrapper,re34,4,1668.659822166209,8.166052078571552,0.1108237330729701
IOCSAMOCOBRAWrapper,re34,5,1668.7998203104714,7.364459936272175,0.1004951091522871
IOCSAMOCOBRAWrapper,re34,6,1669.3065533318236,8.48589595908559,0.0804214255791267
IOCSAMOCOBRAWrapper,re34,7,1669.9342905770895,7.868793285957615,0.0913188428512145
IOCSAMOCOBRAWrapper,re34,8,1671.1316992459126,8.826289796512897,0.0690000238645912
IOCSAMOCOBRAWrapper,re34,9,1672.5657553209765,7.956870556824931,0.0861534317594481
IOCSAMOCOBRAWrapper,re34,10,1673.5563627703816,7.150170091958986,0.2164384645999459
IOCSAMOCOBRAWrapper,re34,11,1674.9270663468087,7.203493064517798,0.1994520694203257
IOCSAMOCOBRAWrapper,re34,12,1675.1913265571425,7.519235533500644,0.0862976100075893
IOCSAMOCOBRAWrapper,re34,13,1675.57337659695,7.014228332563958,0.2100187966066924
IOCSAMOCOBRAWrapper,re34,14,1676.862235273151,7.297566608988229,0.1944258636778905
IOCSAMOCOBRAWrapper,re34,15,1677.041350669464,6.94216607315119,0.2470110792461092
IOCSAMOCOBRAWrapper,re34,16,1677.2607128149957,7.990768765557267,0.0731470922804036
IOCSAMOCOBRAWrapper,re34,17,1677.4965662087395,9.61620320846591,0.0623770483467802
IOCSAMOCOBRAWrapper,re34,18,1678.2415105156235,8.740000415919328,0.0682765546388369
IOCSAMOCOBRAWrapper,re34,19,1679.1807078077964,7.326587507354642,0.1812393849573371
IOCSAMOCOBRAWrapper,re34,20,1679.2921693562892,7.006067790485426,0.1809059907292888
IOCSAMOCOBRAWrapper,re34,21,1679.2929449101862,6.742865861327526,0.229754768113261
IOCSAMOCOBRAWrapper,re34,22,1679.4119633487192,7.324108305941796,0.157521345777949
IOCSAMOCOBRAWrapper,re34,23,1679.440950767915,6.635311653878882,0.2280295613952442
IOCSAMOCOBRAWrapper,re34,24,1680.0021085803392,9.020329810804736,0.062021096158728
IOCSAMOCOBRAWrapper,re34,25,1681.300212843268,6.851659656158926,0.2205333111013198
IOCSAMOCOBRAWrapper,re34,26,1681.3919747896734,7.2924877378420305,0.1655565582403581
IOCSAMOCOBRAWrapper,re34,27,1685.6372706321113,10.207897190248104,0.0599968800605786
IOCSAMOCOBRAWrapper,re34,28,1686.475913138113,10.083905418595224,0.0614340412079383
IOCSAMOCOBRAWrapper,re34,29,1688.9127279775537,10.776332044908044,0.0591314980542541
IOCSAMOCOBRAWrapper,re37,0,0.0595619009134027,0.8298440851198264,0.9407699369551076
IOCSAMOCOBRAWrapper,re37,1,0.067753387499072,0.717956423996536,0.9896410482781788
IOCSAMOCOBRAWrapper,re37,2,0.0691360664886646,0.7007096456477192,0.9466163298891506
IOCSAMOCOBRAWrapper,re37,3,0.0707216236308538,0.8756305854881611,0.5050329872213654
IOCSAMOCOBRAWrapper,re37,4,0.0771661069228754,0.5549995518272279,0.895318908413394
IOCSAMOCOBRAWrapper,re37,5,0.0803330519785483,0.7172765500249441,0.7110774258004418
IOCSAMOCOBRAWrapper,re37,6,0.0808347544587474,0.570746393761032,0.8693602259347772
IOCSAMOCOBRAWrapper,re37,7,0.0818125043931417,0.809170168685432,0.4308684379725038
IOCSAMOCOBRAWrapper,re37,8,0.0894270832172245,0.7915670228834878,0.5193880926294039
IOCSAMOCOBRAWrapper,re37,9,0.1100025588938011,0.5419568352431842,0.6961894078698408
IOCSAMOCOBRAWrapper,re37,10,0.1111691005823521,0.6028901934141988,0.5720199789003999
IOCSAMOCOBRAWrapper,re37,11,0.1259337282533958,0.6361079757344369,0.5070732419432149
IOCSAMOCOBRAWrapper,re37,12,0.1271563606993629,0.5303303928406655,1.0401188276497304
IOCSAMOCOBRAWrapper,re37,13,0.1310880570695212,0.5546376696012695,0.4949756129258003
IOCSAMOCOBRAWrapper,re37,14,0.133381006339242,0.5075742419405552,0.5357663699312387
IOCSAMOCOBRAWrapper,re37,15,0.1387941157925178,0.5054758897384839,0.7007189355778026
IOCSAMOCOBRAWrapper,re37,16,0.1474043756892962,0.9382640230067376,0.3752824502760164
IOCSAMOCOBRAWrapper,re37,17,0.1527163276494045,0.7893853248122114,0.4748123753032472
IOCSAMOCOBRAWrapper,re37,18,0.1553718850903019,0.4749453687965695,0.5278441975596342
IOCSAMOCOBRAWrapper,re37,19,0.1678884433082986,0.6599614182444078,0.3846883227029252
IOCSAMOCOBRAWrapper,re37,20,0.1752240035217322,0.7142519542953887,0.3664371857642199
IOCSAMOCOBRAWrapper,re37,21,0.1803161839592729,0.4421679893624779,0.759644490268906
IOCSAMOCOBRAWrapper,re37,22,0.1906638423865654,0.8353832025384698,0.2829874213149111
IOCSAMOCOBRAWrapper,re37,23,0.2020252245201163,0.4286334403831294,0.658947260893224
IOCSAMOCOBRAWrapper,re37,24,0.207271308907873,0.9071622015378804,0.2335386354534444
IOCSAMOCOBRAWrapper,re37,25,0.2126604422492075,0.8118530911432805,0.3236102258967124
IOCSAMOCOBRAWrapper,re37,26,0.2164974170325044,0.6364726461602205,0.4792770332183149
IOCSAMOCOBRAWrapper,re37,27,0.2257776148562077,0.4452045534195086,0.5926044453257755
IOCSAMOCOBRAWrapper,re37,28,0.2293884881399444,0.7911277523728071,0.334817993064869
IOCSAMOCOBRAWrapper,re37,29,0.2305291444896632,0.423773094427092,0.910560779649358
IOCSAMOCOBRAWrapper,re37,30,0.2333048048892562,0.606447205728573,0.3578499895038328
IOCSAMOCOBRAWrapper,re37,31,0.2412683844652489,0.6169858008629743,0.2718198002099984
IOCSAMOCOBRAWrapper,re37,32,0.2414195395787397,0.4189535836205875,0.3591234766011236
IOCSAMOCOBRAWrapper,re37,33,0.2421450509893113,0.6944700753067502,0.2710544587896328
IOCSAMOCOBRAWrapper,re37,34,0.2473085543504342,0.3932502407204557,0.5224896977418965
IOCSAMOCOBRAWrapper,re37,35,0.2588003499309795,0.6172650963645725,0.1342901065564851
IOCSAMOCOBRAWrapper,re37,36,0.2596094525410219,0.7020067126389092,0.1072739931977093
IOCSAMOCOBRAWrapper,re37,37,0.2649564710065805,0.7053131910116887,0.0766431905222993
IOCSAMOCOBRAWrapper,re37,38,0.2685544974866088,0.5422189555798487,0.3171453994343971
IOCSAMOCOBRAWrapper,re37,39,0.2690009750618815,0.4743912791791909,0.1834355185558143
IOCSAMOCOBRAWrapper,re37,40,0.272104120573043,0.3895107754504105,0.4963892023678606
IOCSAMOCOBRAWrapper,re37,41,0.2801728106428564,0.5700720782932671,-0.0130036001667154
IOCSAMOCOBRAWrapper,re37,42,0.2820882397150616,0.738730098421698,-0.1013216697546113
IOCSAMOCOBRAWrapper,re37,43,0.2999082042511518,0.4027458211179512,0.4547207248619157
IOCSAMOCOBRAWrapper,re37,44,0.3016380187290268,0.4143134915747667,0.2389491077505786
IOCSAMOCOBRAWrapper,re37,45,0.3018346783877636,0.5593975121719448,0.1449957824530679
IOCSAMOCOBRAWrapper,re37,46,0.3023986247866017,0.421451453754816,0.1424030791710987
IOCSAMOCOBRAWrapper,re37,47,0.3086159044250997,0.4073562936968897,0.4094640436731779
IOCSAMOCOBRAWrapper,re37,48,0.3096216495408084,0.3754634535314587,0.7155730690914592
IOCSAMOCOBRAWrapper,re37,49,0.3130018539167527,0.3890443052812746,0.6243356015810255
IOCSAMOCOBRAWrapper,re37,50,0.3153000240023542,0.3674812805868275,0.8625863086183011
IOCSAMOCOBRAWrapper,re37,51,0.3163754787950614,0.6372364796625992,-0.0286797425628484
IOCSAMOCOBRAWrapper,re37,52,0.317708531275116,0.3854061223316421,0.5735351676994942
IOCSAMOCOBRAWrapper,re37,53,0.3197568697161611,0.4897857518644923,0.1111218061695217
IOCSAMOCOBRAWrapper,re37,54,0.3484697205059016,0.3653144965879741,0.8987532160912439
IOCSAMOCOBRAWrapper,re37,55,0.351114073953893,0.4100650797560157,0.2027573124858284
IOCSAMOCOBRAWrapper,re37,56,0.352559357656895,0.3762235268028537,0.2570894272809734
IOCSAMOCOBRAWrapper,re37,57,0.3534580981858371,0.5796373295120048,-0.0231298747218439
IOCSAMOCOBRAWrapper,re37,58,0.3546045861090192,0.3511110186994873,0.5883407544264808
IOCSAMOCOBRAWrapper,re37,59,0.374848898452707,0.3364344493550383,0.3710231096948931
IOCSAMOCOBRAWrapper,re37,60,0.3963320142748524,0.3484073832428883,0.1666898126594364
IOCSAMOCOBRAWrapper,re37,61,0.401067649946044,0.3441753655417586,0.2110119332887649
IOCSAMOCOBRAWrapper,re37,62,0.4014346469180338,0.3273225296109557,0.6924221841992075
IOCSAMOCOBRAWrapper,re37,63,0.4095900626296096,0.3362952248978506,0.6452071325168401
IOCSAMOCOBRAWrapper,re37,64,0.412176575362748,0.3250270296848209,0.2828325609089696
IOCSAMOCOBRAWrapper,re37,65,0.4122146990958146,0.3384676860951989,0.2178230148615043
IOCSAMOCOBRAWrapper,re37,66,0.4128686673184626,0.4981491043420138,0.0173978942677549
IOCSAMOCOBRAWrapper,re37,67,0.4196602703026176,0.3027635490120333,0.3980808379788427
IOCSAMOCOBRAWrapper,re37,68,0.4212671032835407,0.3251887774257472,0.0734511726851307
IOCSAMOCOBRAWrapper,re37,69,0.4237068869387047,0.5281804032341452,-0.1158984402674812
IOCSAMOCOBRAWrapper,re37,70,0.4336823622585555,0.3168794860642048,0.2506901720134407
IOCSAMOCOBRAWrapper,re37,71,0.4509702974617804,0.49124565843844,-0.1209725143741539
IOCSAMOCOBRAWrapper,re37,72,0.4514905140637834,0.288448000723021,0.5555955534464823
IOCSAMOCOBRAWrapper,re37,73,0.4702974413039413,0.2961885056044179,0.2045489266861764
IOCSAMOCOBRAWrapper,re37,74,0.4727942276208638,0.2823050713138296,0.8074720095647809
IOCSAMOCOBRAWrapper,re37,75,0.4781073900276636,0.4830566632903271,0.0512887409728829
IOCSAMOCOBRAWrapper,re37,76,0.4793411025081239,0.314419658310931,0.1469798231936596
IOCSAMOCOBRAWrapper,re37,77,0.4822899371295177,0.2767230355045982,0.8586014873243851
IOCSAMOCOBRAWrapper,re37,78,0.4886462585825629,0.2762493902266935,0.8479123457793856
IOCSAMOCOBRAWrapper,re37,79,0.4932211387965551,0.2846476665047617,0.7964943702334826
IOCSAMOCOBRAWrapper,re37,80,0.5109839249382366,0.2490292801985931,0.6221476277370954
IOCSAMOCOBRAWrapper,re37,81,0.515965483450359,0.2494475930833435,0.4914406465616175
IOCSAMOCOBRAWrapper,re37,82,0.5236467623614978,0.28397082213301,0.2612897593520996
IOCSAMOCOBRAWrapper,re37,83,0.5266720102485357,0.2594813430317196,0.1937683827080153
IOCSAMOCOBRAWrapper,re37,84,0.5354789730732327,0.2383742968119721,0.3899083688483931
IOCSAMOCOBRAWrapper,re37,85,0.542498063718902,0.3016550856381317,0.1230114973817537
IOCSAMOCOBRAWrapper,re37,86,0.5618364496900621,0.25879986731778,0.3492077113557812
IOCSAMOCOBRAWrapper,re37,87,0.5626188801730164,0.2364265196791282,0.7217052537048676
IOCSAMOCOBRAWrapper,re37,88,0.581808371444766,0.3158284328262586,0.0529618284724301
IOCSAMOCOBRAWrapper,re37,89,0.5826113868039325,0.2202480519634496,0.8897387219552384
IOCSAMOCOBRAWrapper,re37,90,0.5882731553403671,0.2386817890809387,0.1971585372590384
IOCSAMOCOBRAWrapper,re37,91,0.6006261252832563,0.2211513569670437,0.633113222636022
IOCSAMOCOBRAWrapper,re37,92,0.6159204269155153,0.2226624142410747,0.4557617657791984
IOCSAMOCOBRAWrapper,re37,93,0.617248835962478,0.21649517189196,0.7125659375292553
IOCSAMOCOBRAWrapper,re37,94,0.617284311860521,0.2203752407710942,0.6325935789677816
IOCSAMOCOBRAWrapper,re37,95,0.620686391707425,0.191842971206632,0.4468056879281475
IOCSAMOCOBRAWrapper,re37,96,0.6250196594705011,0.1972483517517453,0.404889935743158
IOCSAMOCOBRAWrapper,re37,97,0.6507657031309103,0.1779425816003826,0.6304695183992596
IOCSAMOCOBRAWrapper,re37,98,0.6510602516440406,0.4425179556798015,0.0493808560176658
IOCSAMOCOBRAWrapper,re37,99,0.6568300157055289,0.4167152695913237,-0.0046741024270026
IOCSAMOCOBRAWrapper,re37,100,0.6577387314251775,0.2042071186871823,0.3469691870537545
IOCSAMOCOBRAWrapper,re37,101,0.6593011440457052,0.175351357850217,0.6698575171603435
IOCSAMOCOBRAWrapper,re37,102,0.6596933439944098,0.1736815002630183,0.6784421754363024
IOCSAMOCOBRAWrapper,re37,103,0.6799597099301279,0.1928175592789283,0.3617848852029091
IOCSAMOCOBRAWrapper,re37,104,0.7001819425337803,0.1572387225088915,0.6338234513072155
IOCSAMOCOBRAWrapper,re37,105,0.7009087114212296,0.1669780133005808,0.4628992043139409
IOCSAMOCOBRAWrapper,re37,106,0.7080163929836676,0.3496315959678147,-0.0264917371134538
IOCSAMOCOBRAWrapper,re37,107,0.7114278556679611,0.1550607238405348,0.7897721426742011
IOCSAMOCOBRAWrapper,re37,108,0.7191605372133215,0.225920481610293,0.2566460546977107
IOCSAMOCOBRAWrapper,re37,109,0.7234748017417602,0.1409004989103801,0.4844981854833009
IOCSAMOCOBRAWrapper,re37,110,0.7259113054270712,0.1674823111884617,0.349998423359026
IOCSAMOCOBRAWrapper,re37,111,0.7260578366275601,0.1521502043827415,0.3739850048426673
IOCSAMOCOBRAWrapper,re37,112,0.7289489903186052,0.2052206187718554,0.2398320756082485
IOCSAMOCOBRAWrapper,re37,113,0.7323156671180026,0.1283278839751913,0.9020933363986844
IOCSAMOCOBRAWrapper,re37,114,0.7344127375293263,0.1534400314660454,0.2199435795786487
IOCSAMOCOBRAWrapper,re37,115,0.7368915056254812,0.1321914254169091,0.8100945331003372
IOCSAMOCOBRAWrapper,re37,116,0.7417755226423932,0.1334517963128526,0.4040924064979664
IOCSAMOCOBRAWrapper,re37,117,0.7428882447280403,0.1484376658958557,0.358759889802953
IOCSAMOCOBRAWrapper,re37,118,0.759771875647085,0.1449472292055133,0.1018033767841178
IOCSAMOCOBRAWrapper,re37,119,0.763760019546009,0.1297091315167352,0.4719276640790108
IOCSAMOCOBRAWrapper,re37,120,0.7697154358066842,0.1413576049785024,0.298414947352882
IOCSAMOCOBRAWrapper,re37,121,0.7775730216567727,0.1161544526191687,0.7348355217954599
IOCSAMOCOBRAWrapper,re37,122,0.7800263857869896,0.1079434947610373,0.3455338894883238
IOCSAMOCOBRAWrapper,re37,123,0.785008204549633,0.0998145774361044,0.4601302782638578
IOCSAMOCOBRAWrapper,re37,124,0.7900647577566586,0.0965097603486169,0.7218119575450178
IOCSAMOCOBRAWrapper,re37,125,0.8076824953520401,0.0841196892575329,0.5539311264315925
IOCSAMOCOBRAWrapper,re37,126,0.8172601588983128,0.1173849520085084,0.2174627155449511
IOCSAMOCOBRAWrapper,re37,127,0.8245135205101357,0.2189468936910072,0.096117403461158
IOCSAMOCOBRAWrapper,re37,128,0.8337499917679266,0.0807820680592366,0.6069917378528871
IOCSAMOCOBRAWrapper,re37,129,0.8356022663466995,0.1023910044315373,0.3979350771500278
IOCSAMOCOBRAWrapper,re37,130,0.8372236746969357,0.2514717247595117,0.0062798597977633
IOCSAMOCOBRAWrapper,re37,131,0.8506617967889953,0.0810644098293468,0.3783441151506861
IOCSAMOCOBRAWrapper,re37,132,0.8579327225597161,0.1055913106218964,0.1178270994656799
IOCSAMOCOBRAWrapper,re37,133,0.8642422564796469,0.0533891189298697,0.5993078958304768
IOCSAMOCOBRAWrapper,re37,134,0.8780951433235703,0.071340298917527,0.539096710570093
IOCSAMOCOBRAWrapper,re37,135,0.8860954528063929,0.0785758087883486,0.3233311250864177
IOCSAMOCOBRAWrapper,re37,136,0.8895909590255682,0.2228072142505411,-0.0880614983103589
IOCSAMOCOBRAWrapper,re37,137,0.8922420471664156,0.08605726743312,0.2847123227880342
IOCSAMOCOBRAWrapper,re37,138,0.8934415245834306,0.0788774984360899,0.3037290645719787
IOCSAMOCOBRAWrapper,re37,139,0.8992909021488699,0.0663390587566298,0.2710075283187917
IOCSAMOCOBRAWrapper,re37,140,0.9013669940344016,0.0692309206870439,0.2309229714095048
IOCSAMOCOBRAWrapper,re37,141,0.9184936293022664,0.0564908306996842,0.1040507215659912
IOCSAMOCOBRAWrapper,re37,142,0.920832844657343,0.0671905897128288,0.0654931225733339
IOCSAMOCOBRAWrapper,re37,143,0.930501759396336,0.0353540506301829,0.2683256628069993
IOCSAMOCOBRAWrapper,re37,144,0.9386225293710432,0.0363264937186836,0.2465429804800164
MOBOImprovedScalarizedEI,re21,0,1237.8414230006445,0.03999999999999,
MOBOImprovedScalarizedEI,re21,1,2886.369560424401,0.0027614237491539,
MOBOImprovedScalarizedEI,re21,2,2886.3695604244,0.0027614237491539,
MOBOImprovedScalarizedEI,re21,3,2786.148425816936,0.0033689466961831,
MOBOImprovedScalarizedEI,re21,4,1294.4755966231164,0.0355863887631979,
MOBOImprovedScalarizedEI,re21,5,2826.980020000361,0.0031085451227741,
MOBOImprovedScalarizedEI,re21,6,2664.847805386076,0.0042707181129987,
MOBOImprovedScalarizedEI,re21,7,1436.66650941132,0.028993582693898,
MOBOImprovedScalarizedEI,re21,8,1924.1853172913388,0.0147674057854012,
MOBOImprovedScalarizedEI,re21,9,1237.84142300064,0.0399999999999904,
MOBOImprovedScalarizedEI,re21,10,1734.3564627848873,0.0191861445574253,
MOBOImprovedScalarizedEI,re21,11,2206.697045308277,0.0097804672704471,
MOBOImprovedScalarizedEI,re21,12,1448.141730830267,0.0284827896035361,
MOBOImprovedScalarizedEI,re21,13,1821.065238065087,0.0170328073217212,
MOBOImprovedScalarizedEI,re21,14,1809.0810064580207,0.0173146848010168,
MOBOImprovedScalarizedEI,re21,15,2322.916159445566,0.0081188571543656,
MOBOImprovedScalarizedEI,re21,16,2727.948934780088,0.0037754007251753,
MOBOImprovedScalarizedEI,re21,17,1274.6773773588145,0.0368893275134469,
MOBOImprovedScalarizedEI,re21,18,2255.203524923704,0.0090705843065615,
MOBOImprovedScalarizedEI,re21,19,1325.05131479423,0.0339270969167272,
MOBOImprovedScalarizedEI,re21,20,1516.040518228937,0.0258756634377871,
MOBOImprovedScalarizedEI,re21,21,2632.903215211561,0.0045466488451726,
MOBOImprovedScalarizedEI,re21,22,2057.4739460692767,0.0122212582206433,
MOBOImprovedScalarizedEI,re21,23,1810.9251233543912,0.0172723323608182,
MOBOImprovedScalarizedEI,re21,24,2820.620683710254,0.0031478688985237,
MOBOImprovedScalarizedEI,re21,25,1338.020558649334,0.0333056939616805,
MOBOImprovedScalarizedEI,re21,26,1985.2121990416297,0.0135541618064149,
MOBOImprovedScalarizedEI,re21,27,1572.7358973990702,0.0239369570280567,
MOBOImprovedScalarizedEI,re21,28,2425.177571700737,0.0068055204849788,
MOBOImprovedScalarizedEI,re21,29,1593.0195888232713,0.0232772087419449,
MOBOImprovedScalarizedEI,re21,30,2034.06605035109,0.0126414491123258,
MOBOImprovedScalarizedEI,re21,31,1525.3867373050416,0.0255709224575936,
MOBOImprovedScalarizedEI,re21,32,1611.968971335917,0.0226756641995735,
MOBOImprovedScalarizedEI,re21,33,2291.2999253716007,0.0085529203426196,
MOBOImprovedScalarizedEI,re21,34,1291.4057543032493,0.0357750894200112,
MOBOImprovedScalarizedEI,re21,35,2254.685169294102,0.0090710143892572,
MOBOImprovedScalarizedEI,re21,36,2824.135779205543,0.0031260785156225,
MOBOImprovedScalarizedEI,re21,37,1467.652410653487,0.0277002967954633,
MOBOImprovedScalarizedEI,re21,38,2009.9920104732585,0.0130858562390059,
MOBOImprovedScalarizedEI,re21,39,1888.593035174636,0.0155176531646016,
MOBOImprovedScalarizedEI,re21,40,2673.139885484263,0.0042020134488709,
MOBOImprovedScalarizedEI,re21,41,1452.7728767514752,0.0282721042731639,
MOBOImprovedScalarizedEI,re21,42,1846.8922028846312,0.0164391251080322,
MOBOImprovedScalarizedEI,re21,43,1917.752591864136,0.0149019815979945,
MOBOImprovedScalarizedEI,re21,44,1237.8414230162057,0.0399999999984342,
MOBOImprovedScalarizedEI,re21,45,1456.8262163636225,0.0281259301230598,
MOBOImprovedScalarizedEI,re21,46,1822.78774432016,0.0169902823162061,
MOBOImprovedScalarizedEI,re21,47,2234.285908202367,0.0093725694152417,
MOBOImprovedScalarizedEI,re21,48,2320.166404879771,0.0081585078026243,
MOBOImprovedScalarizedEI,re21,49,2727.641813267292,0.0037776661445647,
MOBOImprovedScalarizedEI,re21,50,1273.2521088063722,0.0369915821214238,
MOBOImprovedScalarizedEI,re21,51,1321.5815122278907,0.0340974086914979,
MOBOImprovedScalarizedEI,re21,52,1513.4294734012972,0.025981752450375,
MOBOImprovedScalarizedEI,re21,53,1818.8648168123127,0.0170879191471002,
MOBOImprovedScalarizedEI,re21,54,2821.257810003045,0.0031439092813669,
MOBOImprovedScalarizedEI,re21,55,1342.3272474836178,0.0330932599859289,
MOBOImprovedScalarizedEI,re21,56,1567.3553863511606,0.0241329943319189,
MOBOImprovedScalarizedEI,re21,57,2465.1017915918123,0.0063371244299195,
MOBOImprovedScalarizedEI,re21,58,1595.4189981402303,0.0232380698449378,
MOBOImprovedScalarizedEI,re21,59,2030.503372488777,0.0127090920553272,
MOBOImprovedScalarizedEI,re21,60,1520.1059514538354,0.0257331955276023,
MOBOImprovedScalarizedEI,re21,61,2886.369560424366,0.0027614237491541,
MOBOImprovedScalarizedEI,re21,62,1607.9073895529589,0.0228065984315591,
MOBOImprovedScalarizedEI,re21,63,1290.377327842366,0.0358393318467147,
MOBOImprovedScalarizedEI,re21,64,2255.50970572502,0.0090627593392779,
MOBOImprovedScalarizedEI,re21,65,2823.922866167307,0.0031273945506501,
MOBOImprovedScalarizedEI,re21,66,1887.6208956400565,0.015536902237514,
MOBOImprovedScalarizedEI,re21,67,2664.3523705171497,0.0042748599610249,
MOBOImprovedScalarizedEI,re21,68,1917.0089160033683,0.0149177069011692,
MOBOImprovedScalarizedEI,re21,69,1237.841423000653,0.039999999999989,
MOBOImprovedScalarizedEI,re21,70,1732.1895153721912,0.0192444902245008,
MOBOImprovedScalarizedEI,re21,71,2886.3695604132454,0.0027614237492159,
MOBOImprovedScalarizedEI,re21,72,2209.860031793698,0.0097347853250024,
MOBOImprovedScalarizedEI,re21,73,1458.9100746790646,0.028023493468245,
MOBOImprovedScalarizedEI,re21,74,2231.612350682124,0.0094060202246917,
MOBOImprovedScalarizedEI,re21,75,1237.8414230006542,0.039999999999989,
MOBOImprovedScalarizedEI,re21,76,1808.3574231170264,0.0173369231637617,
MOBOImprovedScalarizedEI,re21,77,1273.858269878304,0.0369479427122069,
MOBOImprovedScalarizedEI,re21,78,2256.6732868134723,0.0090438222287371,
MOBOImprovedScalarizedEI,re21,79,1319.6119417374116,0.0341959493093161,
MOBOImprovedScalarizedEI,re21,80,1509.179623646363,0.0261254898596115,
MOBOImprovedScalarizedEI,re21,81,2886.369560423398,0.0027614237491608,
MOBOImprovedScalarizedEI,re21,82,2638.271505134971,0.004498984056156,
MOBOImprovedScalarizedEI,re21,83,2053.195430187941,0.0122955815183805,
MOBOImprovedScalarizedEI,re21,84,1816.663900647118,0.0171429460860203,
MOBOImprovedScalarizedEI,re21,85,2819.011563613555,0.0031578891035449,
MOBOImprovedScalarizedEI,re21,86,1342.280644895452,0.0330954850401074,
MOBOImprovedScalarizedEI,re21,87,1981.672211688264,0.0136212443682432,
MOBOImprovedScalarizedEI,re21,88,1563.77098903647,0.024232557267631,
MOBOImprovedScalarizedEI,re21,89,1588.668079438815,0.0234237275242498,
MOBOImprovedScalarizedEI,re21,90,2035.539598264732,0.0126125145601063,
MOBOImprovedScalarizedEI,re21,91,1510.6557671427584,0.0260884876882682,
MOBOImprovedScalarizedEI,re21,92,1608.1885962900435,0.0227908411744838,
MOBOImprovedScalarizedEI,re21,93,2886.369560423836,0.0027614237491571,
MOBOImprovedScalarizedEI,re21,94,2310.4945784405745,0.0082941926220193,
MOBOImprovedScalarizedEI,re21,95,1290.927065412241,0.0358049265929154,
MOBOImprovedScalarizedEI,re21,96,2260.886971780554,0.0089869292440944,
MOBOImprovedScalarizedEI,re21,97,1237.8414230005444,0.0399999999999999,
MOBOImprovedScalarizedEI,re21,98,2822.9688607869216,0.0031332973998369,
MOBOImprovedScalarizedEI,re21,99,1469.9088081783957,0.0276058407776992,
MOBOImprovedScalarizedEI,re21,100,2669.900381302315,0.0042287167207415,
MOBOImprovedScalarizedEI,re21,101,1921.888426472501,0.0148214585348412,
MOBOImprovedScalarizedEI,re21,102,2217.223478372196,0.0096355398235408,
MOBOImprovedScalarizedEI,re21,103,1458.1432193166208,0.0280695790122644,
MOBOImprovedScalarizedEI,re21,104,1821.8119551736067,0.0170235316735399,
MOBOImprovedScalarizedEI,re21,105,2239.2054781501824,0.0092956216554528,
MOBOImprovedScalarizedEI,re21,106,1806.876420392624,0.0173754576270696,
MOBOImprovedScalarizedEI,re21,107,2350.1744213532497,0.0077557956074111,
MOBOImprovedScalarizedEI,re21,108,2729.4523850087267,0.0037643302400569,
MOBOImprovedScalarizedEI,re21,109,1273.9355828041644,0.0369423928288958,
MOBOImprovedScalarizedEI,re21,110,2259.7533203986586,0.0089980319821838,
MOBOImprovedScalarizedEI,re21,111,1237.8414230005442,0.04,
MOBOImprovedScalarizedEI,re21,112,1374.7128796805737,0.0315808428096853,
MOBOImprovedScalarizedEI,re21,113,1237.8414230005528,0.0399999999999991,
MOBOImprovedScalarizedEI,re21,114,2715.4948728255968,0.0038683487953732,
MOBOImprovedScalarizedEI,re21,115,1303.6003253455503,0.0350512361569255,
MOBOImprovedScalarizedEI,re21,116,1438.2086509592268,0.0288621921780203,
MOBOImprovedScalarizedEI,re21,117,1463.3641885377176,0.0278669369196963,
MOBOImprovedScalarizedEI,re21,118,1859.4141626516189,0.0161595899189412,
MOBOImprovedScalarizedEI,re21,119,1388.9139697289124,0.0309355536050445,
MOBOImprovedScalarizedEI,re21,120,1237.8414230006542,0.039999999999989,
MOBOImprovedScalarizedEI,re21,121,1478.7299744987586,0.027284777016137,
MOBOImprovedScalarizedEI,re21,122,2092.254092429851,0.0116181142540105,
MOBOImprovedScalarizedEI,re21,123,1265.0777693551877,0.0376028177904368,
MOBOImprovedScalarizedEI,re21,124,2716.953225937993,0.0038573485805906,
MOBOImprovedScalarizedEI,re21,125,2576.630389629413,0.005080887593461,
MOBOImprovedScalarizedEI,re21,126,1327.2921685818822,0.0338192768931659,
MOBOImprovedScalarizedEI,re21,127,1689.8421494867289,0.0204075479294318,
MOBOImprovedScalarizedEI,re21,128,1756.0305518685575,0.0186231800967734,
MOBOImprovedScalarizedEI,re21,129,2886.369560424353,0.0027614237491542,
MOBOImprovedScalarizedEI,re21,130,2022.9758707799945,0.0128531630059891,
MOBOImprovedScalarizedEI,re21,131,1326.6970599603442,0.0338477476848983,
MOBOImprovedScalarizedEI,re21,132,1667.2363287458977,0.0210371081604417,
MOBOImprovedScalarizedEI,re21,133,2041.978686326012,0.0125021230657345,
MOBOImprovedScalarizedEI,re21,134,1657.0169267232948,0.0213298300580887,
MOBOImprovedScalarizedEI,re21,135,2119.960800294836,0.0111507909306362,
MOBOImprovedScalarizedEI,re21,136,1243.6349819285842,0.0394369542994272,
MOBOImprovedScalarizedEI,re21,137,1295.0333177071109,0.0355525896512587,
MOBOImprovedScalarizedEI,re21,138,1378.2162166467003,0.03146579419125,
MOBOImprovedScalarizedEI,re21,139,1881.0775244142533,0.0156792324542794,
MOBOImprovedScalarizedEI,re21,140,1663.8999178016315,0.0211327330552633,
MOBOImprovedScalarizedEI,re21,141,2711.1660059291603,0.0039011854297146,
MOBOImprovedScalarizedEI,re21,142,1304.1115379902403,0.0350223392518947,
MOBOImprovedScalarizedEI,re21,143,1817.5627861935293,0.0171176415774922,
MOBOImprovedScalarizedEI,re21,144,1434.0474334724463,0.0290227073265344,
MOBOImprovedScalarizedEI,re21,145,2211.445006537152,0.0097085821354663,
MOBOImprovedScalarizedEI,re21,146,1461.4461846077506,0.0279196142555644,
MOBOImprovedScalarizedEI,re21,147,1865.4049945123752,0.0160218711463176,
MOBOImprovedScalarizedEI,re21,148,1386.1001773098103,0.0310973047311357,
MOBOImprovedScalarizedEI,re21,149,1475.342508588666,0.0273844759118941,
MOBOImprovedScalarizedEI,re21,150,2093.105669968292,0.0116044541498301,
MOBOImprovedScalarizedEI,re21,151,1264.7562444390255,0.0376277611111836,
MOBOImprovedScalarizedEI,re21,152,2713.726636553406,0.0038817283175941,
MOBOImprovedScalarizedEI,re21,153,1330.435143477738,0.0336652639086512,
MOBOImprovedScalarizedEI,re21,154,1840.4025202715984,0.0165848738635404,
MOBOImprovedScalarizedEI,re21,155,1729.2657729787466,0.0193145159886418,
MOBOImprovedScalarizedEI,re21,156,2574.3366138938745,0.0051041003558636,
MOBOImprovedScalarizedEI,re21,157,1324.4136570894434,0.0339580863885591,
MOBOImprovedScalarizedEI,re21,158,1694.0779013834597,0.0202800686786125,
MOBOImprovedScalarizedEI,re21,159,1757.0919300148428,0.0185949685695534,
MOBOImprovedScalarizedEI,re21,160,2886.3695604243376,0.0027614237491543,
MOBOImprovedScalarizedEI,re21,161,2016.818491177958,0.012957290790965,
MOBOImprovedScalarizedEI,re21,162,1326.3892789838185,0.0338606759447395,
MOBOImprovedScalarizedEI,re21,163,1668.138643636779,0.0210016861124576,
MOBOImprovedScalarizedEI,re21,164,2038.526802544193,0.0125584655092434,
MOBOImprovedScalarizedEI,re21,165,1237.8414230005442,0.04,
MOBOImprovedScalarizedEI,re21,166,1653.3516043029956,0.0214268744761394,
MOBOImprovedScalarizedEI,re21,167,2127.137865937824,0.0110431524483164,
MOBOImprovedScalarizedEI,re21,168,2629.251980282947,0.0045793781036539,
MOBOImprovedScalarizedEI,re21,169,2016.6827351395689,0.0129583207823972,
MOBOImprovedScalarizedEI,re21,170,1288.873275005389,0.0359342329192663,
MOBOImprovedScalarizedEI,re21,171,1347.621825639762,0.0328464634986952,
MOBOImprovedScalarizedEI,re21,172,2886.369560424398,0.002761423749154,
MOBOImprovedScalarizedEI,re21,173,1237.8414230005794,0.0399999999999982,
MOBOImprovedScalarizedEI,re21,174,2690.3471862001966,0.004063062153665,
MOBOImprovedScalarizedEI,re21,175,1297.2979408286917,0.0354168414556824,
MOBOImprovedScalarizedEI,re21,176,1781.1543549651976,0.0179903841994507,
MOBOImprovedScalarizedEI,re21,177,1408.1453750537348,0.0301040084518806,
MOBOImprovedScalarizedEI,re21,178,1434.656317837517,0.0289987123333908,
MOBOImprovedScalarizedEI,re21,179,1825.051364700912,0.0169388969174477,
MOBOImprovedScalarizedEI,re21,180,1363.831132206188,0.032071006589152,
MOBOImprovedScalarizedEI,re21,181,1447.041177709472,0.0285010438134273,
MOBOImprovedScalarizedEI,re21,182,2049.19831745225,0.0123694878709639,
MOBOImprovedScalarizedEI,re21,183,1258.1848962385495,0.0381534775674577,
MOBOImprovedScalarizedEI,re21,184,2693.549305098561,0.0040377285752153,
MOBOImprovedScalarizedEI,re21,185,1321.6842637157229,0.0340923054093738,
MOBOImprovedScalarizedEI,re21,186,1694.889636061437,0.0202534646510927,
MOBOImprovedScalarizedEI,re21,187,1318.268191311815,0.0342639735289465,
MOBOImprovedScalarizedEI,re21,188,1651.860522953349,0.0215722821090582,
MOBOImprovedScalarizedEI,re21,189,1721.800473532518,0.0195085473259452,
MOBOImprovedScalarizedEI,re21,190,1549.8291435519088,0.0247064145695861,
MOBOImprovedScalarizedEI,re21,191,2886.3695604243185,0.0027614237491544,
MOBOImprovedScalarizedEI,re21,192,1979.6162980378983,0.0136671411289703,
MOBOImprovedScalarizedEI,re21,193,1319.8977713543768,0.0341815634776648,
MOBOImprovedScalarizedEI,re21,194,1635.72907677195,0.0219497590469423,
MOBOImprovedScalarizedEI,re21,195,1621.4012629807914,0.022380757609542,
MOBOImprovedScalarizedEI,re21,196,2085.1746716173466,0.0117625123518991,
MOBOImprovedScalarizedEI,re21,197,1288.4608194427772,0.0359604566326497,
MOBOImprovedScalarizedEI,re21,198,1355.9544598036175,0.03247482502783,
MOBOImprovedScalarizedEI,re21,199,2509.1742739721267,0.0058233813058528,
MOBOImprovedScalarizedEI,re21,200,1237.8414230005546,0.0399999999999989,
MOBOImprovedScalarizedEI,re21,201,1632.402722464299,0.0220531915895961,
MOBOImprovedScalarizedEI,re21,202,2691.7368707644664,0.0040520478335601,
MOBOImprovedScalarizedEI,re21,203,1297.2330811565075,0.0354206969372378,
MOBOImprovedScalarizedEI,re21,204,1778.8292855730183,0.0180492511950714,
MOBOImprovedScalarizedEI,re21,205,1433.718496858883,0.0290564005175492,
MOBOImprovedScalarizedEI,re21,206,1823.294394297126,0.0169788483918429,
MOBOImprovedScalarizedEI,re21,207,1358.856367807098,0.0323367606405534,
MOBOImprovedScalarizedEI,re21,208,1448.8482014653423,0.0284252803649789,
MOBOImprovedScalarizedEI,re21,209,2886.3695604243244,0.0027614237491544,
MOBOImprovedScalarizedEI,re21,210,1258.121739862283,0.038158680982922,
MOBOImprovedScalarizedEI,re21,211,1237.8414230005442,0.04,
MOBOImprovedScalarizedEI,re21,212,2717.461091931944,0.0038535251022627,
MOBOImprovedScalarizedEI,re21,213,1322.7791507191134,0.0340381550454048,
MOBOImprovedScalarizedEI,re21,214,1801.1489110680632,0.0175171064554002,
MOBOImprovedScalarizedEI,re21,215,1695.223018133644,0.0202317491991104,
MOBOImprovedScalarizedEI,re21,216,1318.9822549405535,0.034227744765491,
MOBOImprovedScalarizedEI,re21,217,1658.6777987890032,0.0212689348203112,
MOBOImprovedScalarizedEI,re21,218,1720.014674687544,0.019558866803516,
MOBOImprovedScalarizedEI,re21,219,1237.8414230005442,0.04,
MOBOImprovedScalarizedEI,re21,220,1981.400199068664,0.0136297607723858,
MOBOImprovedScalarizedEI,re21,221,1320.4217373361123,0.0341552677247918,
MOBOImprovedScalarizedEI,re21,222,1634.1956672910635,0.0219931182143936,
MOBOImprovedScalarizedEI,re21,223,2076.996485583123,0.0118777443683879,
MOBOImprovedScalarizedEI,re21,224,2603.460694034333,0.0048179904742864,
MOBOImprovedScalarizedEI,re21,225,2017.569514542984,0.0129463249388165,
MOBOImprovedScalarizedEI,re21,226,1237.841423000586,0.0399999999999979,
MOBOImprovedScalarizedEI,re21,227,1288.5157000019913,0.0359569623520632,
MOBOImprovedScalarizedEI,re21,228,2758.4120098242515,0.0035571481514963,
MOBOImprovedScalarizedEI,re21,229,1237.8414230010112,0.039999999999954,
MOBOImprovedScalarizedEI,re21,230,2603.466601358345,0.0048179342851962,
MOBOImprovedScalarizedEI,re21,231,1326.7487250020467,0.0338452713813505,
MOBOImprovedScalarizedEI,re21,232,2656.399349781336,0.0043419264867418,
MOBOImprovedScalarizedEI,re21,233,1270.1410381244436,0.0372191417447989,
MOBOImprovedScalarizedEI,re21,234,2807.42946015538,0.003230861051526,
MOBOImprovedScalarizedEI,re21,235,2886.369560424222,0.0027614237491549,
MOBOImprovedScalarizedEI,re21,236,1367.3200699833158,0.0319647818034738,
MOBOImprovedScalarizedEI,re21,237,2671.5592816305025,0.0042150204467928,
MOBOImprovedScalarizedEI,re21,238,1305.7945041870337,0.0349279865799196,
MOBOImprovedScalarizedEI,re21,239,1297.3672729850748,0.03541272285685,
MOBOImprovedScalarizedEI,re21,240,2398.650188757232,0.0071951099056154,
MOBOImprovedScalarizedEI,re21,241,2524.7300635721977,0.0056371913574995,
MOBOImprovedScalarizedEI,re21,242,1391.7418146515265,0.0309241311041803,
MOBOImprovedScalarizedEI,re21,243,1294.8958046885248,0.0355609096167011,
MOBOImprovedScalarizedEI,re21,244,1237.841423022997,0.0399999999977615,
MOBOImprovedScalarizedEI,re21,245,2507.4858290499824,0.0058375916915749,
MOBOImprovedScalarizedEI,re21,246,2553.2879960181563,0.0053228455295005,
MOBOImprovedScalarizedEI,re21,247,1237.8414230005442,0.04,
MOBOImprovedScalarizedEI,re21,248,1343.019531735914,0.0330835703950187,
MOBOImprovedScalarizedEI,re21,249,1298.0246197386105,0.0353737829735821,
MOBOImprovedScalarizedEI,re21,250,2159.757568506044,0.0105100825219175,
MOBOImprovedScalarizedEI,re21,251,1244.3540094704638,0.0393692794634877,
MOBOImprovedScalarizedEI,re21,252,1884.229106524019,0.0156328056632352,
MOBOImprovedScalarizedEI,re21,253,2886.3695604244,0.0027614237491539,
MOBOImprovedScalarizedEI,re21,254,1275.3672566181397,0.0368402734939552,
MOBOImprovedScalarizedEI,re21,255,1237.8414230005442,0.04,
MOBOImprovedScalarizedEI,re21,256,2655.8655310666177,0.0043464674992934,
MOBOImprovedScalarizedEI,re21,257,1544.7353267385158,0.0248617762070105,
MOBOImprovedScalarizedEI,re21,258,1475.2514307605072,0.0274000315911152,
MOBOImprovedScalarizedEI,re21,259,2808.862658089158,0.0032217496820061,
MOBOImprovedScalarizedEI,re21,260,2236.6302021532497,0.009331824145604,
MOBOImprovedScalarizedEI,re21,261,2317.860887778421,0.0081869848215197,
MOBOImprovedScalarizedEI,re21,262,1969.1274775731592,0.013884841150481,
MOBOImprovedScalarizedEI,re21,263,2246.2706725662306,0.009204705088122,
MOBOImprovedScalarizedEI,re21,264,1401.9087144527862,0.0303841758998879,
MOBOImprovedScalarizedEI,re21,265,1656.3043684665015,0.0213725177122691,
MOBOImprovedScalarizedEI,re21,266,2671.914455853458,0.0042120940383948,
MOBOImprovedScalarizedEI,re21,267,1305.5303859341989,0.0349427154743995,
MOBOImprovedScalarizedEI,re21,268,1296.8326808970364,0.0354445367481793,
MOBOImprovedScalarizedEI,re21,269,2886.369560424398,0.002761423749154,
MOBOImprovedScalarizedEI,re21,270,2301.3879521759486,0.008414747486466,
MOBOImprovedScalarizedEI,re21,271,1783.5876322215252,0.0179531976352574,
MOBOImprovedScalarizedEI,re21,272,1468.9893556034633,0.027639036458336,
MOBOImprovedScalarizedEI,re21,273,1302.105169053203,0.0351363933195898,
MOBOImprovedScalarizedEI,re21,274,1246.8713408456545,0.0391360167064135,
MOBOImprovedScalarizedEI,re21,275,1973.3448676219573,0.0137831280334161,
MOBOImprovedScalarizedEI,re21,276,1877.5153842515087,0.0157667501383425,
MOBOImprovedScalarizedEI,re21,277,1411.6564216514073,0.0299596289569426,
MOBOImprovedScalarizedEI,re21,278,2054.421369916411,0.0122755835294725,
MOBOImprovedScalarizedEI,re21,279,1306.0758449293594,0.034912329192798,
MOBOImprovedScalarizedEI,re21,280,2155.310684697233,0.0105757852942839,
MOBOImprovedScalarizedEI,re21,281,1254.729386062863,0.0384427016786672,
MOBOImprovedScalarizedEI,re21,282,2676.041150776414,0.0041782466743775,
MOBOImprovedScalarizedEI,re21,283,1283.0542551053106,0.0363123600248566,
MOBOImprovedScalarizedEI,re21,284,2031.485291516944,0.012687549280257,
MOBOImprovedScalarizedEI,re21,285,1237.8414230008389,0.0399999999999706,
MOBOImprovedScalarizedEI,re21,286,1577.6960921580564,0.0238307394648254,
MOBOImprovedScalarizedEI,re21,287,2345.8080281732227,0.0078163380605338,
MOBOImprovedScalarizedEI,re21,288,2832.220600041273,0.003076467377636,
MOBOImprovedScalarizedEI,re21,289,1237.8414230008625,0.0399999999999683,
MOBOImprovedScalarizedEI,re21,290,2285.6642854422903,0.0086339815630022,
MOBOImprovedScalarizedEI,re21,291,2390.2294052549328,0.0072442630147081,
MOBOImprovedScalarizedEI,re21,292,2023.0735031277288,0.0128526087936612,
MOBOImprovedScalarizedEI,re21,293,1723.6143257197366,0.0194988944236143,
MOBOImprovedScalarizedEI,re21,294,2703.7015441075614,0.0039584634520017,
MOBOImprovedScalarizedEI,re21,295,1313.3801642033636,0.0345170148580147,
MOBOImprovedScalarizedEI,re21,296,1304.5114277704909,0.0349998122776648,
MOBOImprovedScalarizedEI,re21,297,1237.8414230008311,0.0399999999999714,
MOBOImprovedScalarizedEI,re21,298,1833.6567911406069,0.0167516234712042,
MOBOImprovedScalarizedEI,re21,299,2567.2113657584027,0.005176978148245,
MOBOImprovedScalarizedEI,re21,300,1764.382070445032,0.0184299000876853,
MOBOImprovedScalarizedEI,re21,301,1301.707105617409,0.0351592278327101,
MOBOImprovedScalarizedEI,re21,302,1247.009148283777,0.0391234091903214,
MOBOImprovedScalarizedEI,re21,303,1965.753829707795,0.0139449667222705,
MOBOImprovedScalarizedEI,re21,304,2540.4251572241665,0.0054618287695962,
MOBOImprovedScalarizedEI,re21,305,2584.291309274807,0.0050042194161954,
MOBOImprovedScalarizedEI,re21,306,2886.369560419594,0.0027614237491806,
MOBOImprovedScalarizedEI,re21,307,1400.4939817741088,0.030477092962604,
MOBOImprovedScalarizedEI,re21,308,2055.997256734885,0.0122462566690063,
MOBOImprovedScalarizedEI,re21,309,1306.4860647120202,0.0348895580966349,
MOBOImprovedScalarizedEI,re21,310,1254.880018315688,0.0384299018084023,
MOBOImprovedScalarizedEI,re21,311,1874.8515688357493,0.0158157958479931,
MOBOImprovedScalarizedEI,re21,312,2674.846384487771,0.0041880171420562,
MOBOImprovedScalarizedEI,re21,313,2886.369560424401,0.0027614237491539,
MOBOImprovedScalarizedEI,re21,314,1282.5647793463877,0.0363449866874406,
MOBOImprovedScalarizedEI,re21,315,1579.5969366695708,0.0237131970777643,
MOBOImprovedScalarizedEI,re21,316,1505.3201658386895,0.0262586433813552,
MOBOImprovedScalarizedEI,re21,317,2339.307362177355,0.0078993676470451,
MOBOImprovedScalarizedEI,re21,318,2831.06894645849,0.0030834915027237,
MOBOImprovedScalarizedEI,re21,319,2287.203235353697,0.008608641815422,
MOBOImprovedScalarizedEI,re21,320,1804.588097405314,0.0174265508162977,
MOBOImprovedScalarizedEI,re21,321,2382.837141666524,0.0073327129854334,
MOBOImprovedScalarizedEI,re21,322,1237.8414230025471,0.0399999999997997,
MOBOImprovedScalarizedEI,re21,323,2886.3695604196205,0.0027614237491805,
MOBOImprovedScalarizedEI,re21,324,1441.3866442657684,0.0287133402861501,
MOBOImprovedScalarizedEI,re21,325,1725.2190252945727,0.0194267599992596,
MOBOImprovedScalarizedEI,re21,326,1706.3363377217215,0.0199326532662435,
MOBOImprovedScalarizedEI,re21,327,2702.226784940281,0.0039698794982505,
MOBOImprovedScalarizedEI,re21,328,1315.5198808873545,0.0344051505847489,
MOBOImprovedScalarizedEI,re21,329,1680.2033049201868,0.0206479446007001,
MOBOImprovedScalarizedEI,re21,330,1304.79222531575,0.0349840343876352,
MOBOImprovedScalarizedEI,re21,331,2354.4781075500778,0.0076983931692985,
MOBOImprovedScalarizedEI,re21,332,1836.41785648444,0.0166962323018904,
MOBOImprovedScalarizedEI,re21,333,1474.6056075661431,0.0274141755464782,
MOBOImprovedScalarizedEI,re21,334,1765.031447746959,0.0183908611690611,
MOBOImprovedScalarizedEI,re21,335,1302.1194895443962,0.0351355731193169,
MOBOImprovedScalarizedEI,re21,336,1247.4814916660555,0.0390803219321106,
MOBOImprovedScalarizedEI,re21,337,1237.8414230010264,0.0399999999999525,
MOBOImprovedScalarizedEI,re21,338,1875.3598347444529,0.0158026093971382,
MOBOImprovedScalarizedEI,re21,339,1401.702902633263,0.030456045804774,
MOBOImprovedScalarizedEI,re21,340,1305.840775113179,0.0349254092168031,
MOBOImprovedScalarizedEI,re21,341,2161.284039416304,0.0104831346374576,
MOBOImprovedScalarizedEI,re21,342,1255.1722320185786,0.0384051217500012,
MOBOImprovedScalarizedEI,re21,343,1870.6698861696373,0.0159058287393507,
MOBOImprovedScalarizedEI,re21,344,2671.542217918224,0.0042151610940569,
MOBOImprovedScalarizedEI,re21,345,2886.3695604195364,0.0027614237491809,
MOBOImprovedScalarizedEI,re21,346,1281.8896324669583,0.0363902042499947,
MOBOImprovedScalarizedEI,re21,347,1237.841423000963,0.0399999999999589,
MOBOImprovedScalarizedEI,re21,348,2685.853844751341,0.0040988849366713,
MOBOImprovedScalarizedEI,re21,349,1581.7026559613728,0.0236443050450824,
MOBOImprovedScalarizedEI,re21,350,2831.2494587769,0.0030823895944344,
MOBOImprovedScalarizedEI,re21,351,2276.2032852490897,0.0087741328883909,
MOBOImprovedScalarizedEI,re21,352,1804.0081738013523,0.0174359057817435,
MOBOImprovedScalarizedEI,re21,353,2308.3511425873626,0.0083156919620781,
MOBOImprovedScalarizedEI,re21,354,2886.369560405693,0.0027614237492579,
MOBOImprovedScalarizedEI,re21,355,1429.882517691652,0.0294444908425341,
MOBOImprovedScalarizedEI,re21,356,1706.5532366106538,0.0199271656645083,
MOBOImprovedScalarizedEI,re21,357,2705.139279683758,0.0039473658210116,
MOBOImprovedScalarizedEI,re21,358,1314.7721174885908,0.0344440471195212,
MOBOImprovedScalarizedEI,re21,359,1683.6011710817388,0.0205642082412072,
MOBOImprovedScalarizedEI,re21,360,1304.7844826749545,0.0349844689908258,
MOBOImprovedScalarizedEI,re21,361,1237.8414230008211,0.0399999999999723,
MOBOImprovedScalarizedEI,re21,362,1838.2273026699445,0.0166503603459603,
MOBOImprovedScalarizedEI,re21,363,2566.666268717454,0.0051826020382096,
MOBOImprovedScalarizedEI,re21,364,1302.101185168651,0.0351366216160967,
MOBOImprovedScalarizedEI,re21,365,1247.150220660605,0.0391105201740664,
MOBOImprovedScalarizedEI,re21,366,1967.5097148044429,0.0139047879443227,
MOBOImprovedScalarizedEI,re21,367,2536.826509275608,0.0055014648656459,
MOBOImprovedScalarizedEI,re21,368,2584.8261352157488,0.0049989158637569,
MOBOImprovedScalarizedEI,re21,369,1877.1490868461085,0.0157730782275626,
MOBOImprovedScalarizedEI,re21,370,1409.5373364165812,0.0300504668812848,
MOBOImprovedScalarizedEI,re21,371,2054.3965118611086,0.0122808053108831,
MOBOImprovedScalarizedEI,re21,372,1306.1815312696626,0.0349064559370481,
MOBOImprovedScalarizedEI,re21,373,2160.504424258429,0.0104952211643686,
MOBOImprovedScalarizedEI,re21,374,1254.8261946077705,0.0384344733987866,
MOBOImprovedScalarizedEI,re21,375,1869.542038732716,0.0159313033216638,
MOBOImprovedScalarizedEI,re21,376,2671.442816114992,0.0042159805080984,
MOBOImprovedScalarizedEI,re21,377,2886.36956042427,0.0027614237491547,
MOBOImprovedScalarizedEI,re21,378,1282.3115587693887,0.0363619167119136,
MOBOImprovedScalarizedEI,re21,379,2031.379287060692,0.0126887519154485,
MOBOImprovedScalarizedEI,re21,380,1237.8414230005442,0.04,
MOBOImprovedScalarizedEI,re21,381,2687.449292815657,0.0040861285400627,
MOBOImprovedScalarizedEI,re21,382,1581.8939183099096,0.0236366948236539,
MOBOImprovedScalarizedEI,re21,383,1512.3907450350846,0.0260048353241755,
MOBOImprovedScalarizedEI,re21,384,2330.610529161054,0.0080174039487952,
MOBOImprovedScalarizedEI,re21,385,2284.373148197933,0.0086501796776853,
MOBOImprovedScalarizedEI,re21,386,1802.815732339717,0.017463851314077,
MOBOImprovedScalarizedEI,re21,387,2382.593255096084,0.0073407195689741,
MOBOImprovedScalarizedEI,re21,388,2020.9001424777537,0.0128803607576712,
MOBOImprovedScalarizedEI,re21,389,2307.383986274788,0.0083466628474967,
MOBOImprovedScalarizedEI,re21,390,2886.36956042423,0.0027614237491549,
MOBOImprovedScalarizedEI,re21,391,1723.851531564582,0.0194757293838271,
MOBOImprovedScalarizedEI,re21,392,1707.9349371560827,0.0198930335093081,
MOBOImprovedScalarizedEI,re21,393,1314.3613394398474,0.0344655041543304,
MOBOImprovedScalarizedEI,re21,394,1682.1135352172298,0.0206084379367828,
MOBOImprovedScalarizedEI,re21,395,1304.5342767126212,0.0349985271233343,
MOBOImprovedScalarizedEI,re21,396,2373.073762296281,0.0074573392000248,
MOBOImprovedScalarizedEI,re21,397,1833.939872539777,0.0167437182587922,
MOBOImprovedScalarizedEI,re21,398,1676.347856627424,0.0208105658096165,
MOBOImprovedScalarizedEI,re21,399,1286.453180627855,0.0360893436343277,
MOBOImprovedScalarizedEI,re21,400,1867.0821440802545,0.0159865725951162,
MOBOImprovedScalarizedEI,re21,401,2430.714283489089,0.0067370726192246,
MOBOImprovedScalarizedEI,re21,402,2515.565138399717,0.0057596214027759,
MOBOImprovedScalarizedEI,re21,403,1779.2614497408397,0.018037555891397,
MOBOImprovedScalarizedEI,re21,404,1330.8310772252648,0.0336523591953592,
MOBOImprovedScalarizedEI,re21,405,1946.130529283052,0.0143252928423961,
MOBOImprovedScalarizedEI,re21,406,1289.441241525915,0.0358982626620485,
MOBOImprovedScalarizedEI,re21,407,1237.8414230005442,0.04,
MOBOImprovedScalarizedEI,re21,408,1775.342302917828,0.0181335617606866,
MOBOImprovedScalarizedEI,re21,409,2617.0215912563003,0.0046908808053885,
MOBOImprovedScalarizedEI,re21,410,1267.5823665945866,0.0374109185287151,
MOBOImprovedScalarizedEI,re21,411,1926.99361880928,0.0147088970716978,
MOBOImprovedScalarizedEI,re21,412,2628.531212539538,0.0045858689655067,
MOBOImprovedScalarizedEI,re21,413,2789.0218750337126,0.0033499905717818,
MOBOImprovedScalarizedEI,re21,414,1703.5832983554042,0.0200091686339219,
MOBOImprovedScalarizedEI,re21,415,2249.727397084488,0.009143548594966,
MOBOImprovedScalarizedEI,re21,416,2189.702993920348,0.0100372609240238,
MOBOImprovedScalarizedEI,re21,417,1369.4501789359488,0.0318742461529951,
MOBOImprovedScalarizedEI,re21,418,1622.822974301287,0.0223558937879158,
MOBOImprovedScalarizedEI,re21,419,2642.627261498093,0.0044607027799935,
MOBOImprovedScalarizedEI,re21,420,1296.693810873326,0.0354528224864816,
MOBOImprovedScalarizedEI,re21,421,1597.5052944630231,0.0231492283413558,
MOBOImprovedScalarizedEI,re21,422,1288.615976167828,0.0359505817080781,
MOBOImprovedScalarizedEI,re21,423,1237.8414230009505,0.03999999999996,
MOBOImprovedScalarizedEI,re21,424,2470.7807827955426,0.0062746383232644,
MOBOImprovedScalarizedEI,re21,425,1402.4586721108842,0.0303517947960847,
MOBOImprovedScalarizedEI,re21,426,1677.3922634801895,0.0207399002188145,
MOBOImprovedScalarizedEI,re21,427,1286.4121040462503,0.0360920024177022,
MOBOImprovedScalarizedEI,re21,428,1866.6861341049903,0.0160123740583174,
MOBOImprovedScalarizedEI,re21,429,2419.7726110802,0.0068793042135779,
MOBOImprovedScalarizedEI,re21,430,1780.2969439576134,0.018016713599846,
MOBOImprovedScalarizedEI,re21,431,2886.36956042433,0.0027614237491543,
MOBOImprovedScalarizedEI,re21,432,1333.2276692758217,0.033527029487775,
MOBOImprovedScalarizedEI,re21,433,1947.776213816892,0.0142960578550035,
MOBOImprovedScalarizedEI,re21,434,1289.8391767495402,0.0358731573614907,
MOBOImprovedScalarizedEI,re21,435,2046.5625970106453,0.0124236996769637,
MOBOImprovedScalarizedEI,re21,436,1775.215360622704,0.0181414351845633,
MOBOImprovedScalarizedEI,re21,437,2612.247808407917,0.0047352019978131,
MOBOImprovedScalarizedEI,re21,438,2886.369560424401,0.0027614237491539,
MOBOImprovedScalarizedEI,re21,439,1268.0584572891798,0.0373749089087169,
MOBOImprovedScalarizedEI,re21,440,1925.9378162505973,0.014735279591881,
MOBOImprovedScalarizedEI,re21,441,1237.8414230005442,0.04,
MOBOImprovedScalarizedEI,re21,442,2210.3100055164896,0.0097240939132666,
MOBOImprovedScalarizedEI,re21,443,2778.591635628926,0.0034192748537783,
MOBOImprovedScalarizedEI,re21,444,2170.822107421833,0.0103329462628958,
MOBOImprovedScalarizedEI,re21,445,1715.5609441511365,0.0196995037916071,
MOBOImprovedScalarizedEI,re21,446,1237.8414230019014,0.0399999999998642,
MOBOImprovedScalarizedEI,re21,447,1917.0390523270887,0.0149141227594961,
MOBOImprovedScalarizedEI,re21,448,2184.883287367445,0.0101173177065762,
MOBOImprovedScalarizedEI,re21,449,1361.182305915029,0.0321916939489559,
MOBOImprovedScalarizedEI,re21,450,1636.4912645341606,0.0219341701098126,
MOBOImprovedScalarizedEI,re21,451,1623.4524980777944,0.0223295333793471,
MOBOImprovedScalarizedEI,re21,452,2644.5290622329085,0.0044440976514637,
MOBOImprovedScalarizedEI,re21,453,1297.64775987187,0.0353960832832999,
MOBOImprovedScalarizedEI,re21,454,1289.6121220624864,0.0358874722718303,
MOBOImprovedScalarizedEI,re21,455,1237.8414230005442,0.04,
MOBOImprovedScalarizedEI,re21,456,2246.819328234997,0.0091972251742762,
MOBOImprovedScalarizedEI,re21,457,2492.113114342031,0.0060125335356736,
MOBOImprovedScalarizedEI,re21,458,1396.8343130553935,0.0307333913876334,
MOBOImprovedScalarizedEI,re21,459,1286.9880907974948,0.0360548003139646,
MOBOImprovedScalarizedEI,re21,460,1237.8414230025037,0.0399999999998041,
MOBOImprovedScalarizedEI,re21,461,1867.774195940765,0.0159787495032876,
MOBOImprovedScalarizedEI,re21,462,2438.675677600143,0.0066793950785976,
MOBOImprovedScalarizedEI,re21,463,2530.06466812161,0.0055768554463466,
MOBOImprovedScalarizedEI,re21,464,2886.3695604242976,0.0027614237491545,
MOBOImprovedScalarizedEI,re21,465,1329.5682207897746,0.0337114589068883,
MOBOImprovedScalarizedEI,re21,466,1951.2907951302952,0.0142285032663772,
MOBOImprovedScalarizedEI,re21,467,1290.1119703550985,0.0358559928693466,
MOBOImprovedScalarizedEI,re21,468,1323.327322854858,0.0340111998597522,
MOBOImprovedScalarizedEI,re21,469,2787.2523711130843,0.0033616523139007,
MOBOImprovedScalarizedEI,re21,470,1288.391223632367,0.0359648899741228,
MOBOImprovedScalarizedEI,re21,471,2699.287800807099,0.0039927291803955,
MOBOImprovedScalarizedEI,re21,472,1313.0404773559785,0.0345349336659923,
MOBOImprovedScalarizedEI,re21,473,2037.476313488446,0.0125853697243734,
MOBOImprovedScalarizedEI,re21,474,1237.8414230097385,0.0399999999990805,
MOBOImprovedScalarizedEI,re21,475,1858.3630855543668,0.0162013726282365,
MOBOImprovedScalarizedEI,re21,476,2594.8604810984216,0.004927026909334,
MOBOImprovedScalarizedEI,re21,477,2757.155653742197,0.0035659037952593,
MOBOImprovedScalarizedEI,re21,478,1307.2899251881904,0.0348451372619441,
MOBOImprovedScalarizedEI,re21,479,2820.3026235467096,0.0031498472462644,
MOBOImprovedScalarizedEI,re21,480,1768.8040345314575,0.018307124723389,
MOBOImprovedScalarizedEI,re21,481,2238.2145250783383,0.0093115619753099,
MOBOImprovedScalarizedEI,re21,482,1391.836229306105,0.0309219300964115,
MOBOImprovedScalarizedEI,re21,483,2233.44543260851,0.0093789618644111,
MOBOImprovedScalarizedEI,re21,484,1352.0614559744931,0.0326439897880253,
MOBOImprovedScalarizedEI,re21,485,2268.0785244800545,0.0088930271393006,
MOBOImprovedScalarizedEI,re21,486,1498.836058355327,0.0265330028557123,
MOBOImprovedScalarizedEI,re21,487,1851.7995026318383,0.0163273180245939,
MOBOImprovedScalarizedEI,re21,488,1630.350422377095,0.0221294547150582,
MOBOImprovedScalarizedEI,re21,489,1739.6839532974195,0.0190373732491185,
MOBOImprovedScalarizedEI,re21,490,1981.8680175979607,0.0136188971352247,
MOBOImprovedScalarizedEI,re21,491,2310.723683477449,0.0082836264652135,
MOBOImprovedScalarizedEI,re21,492,1538.5269630006726,0.0250779953751758,
MOBOImprovedScalarizedEI,re21,493,1886.7209825367424,0.0155592701369062,
MOBOImprovedScalarizedEI,re21,494,1856.2015064305897,0.0162304388737003,
MOBOImprovedScalarizedEI,re21,495,1932.472615347389,0.0145989443509309,
MOBOImprovedScalarizedEI,re21,496,1782.066573505149,0.0179656687757397,
MOBOImprovedScalarizedEI,re21,497,2374.5076517007105,0.0074390334924679,
MOBOImprovedScalarizedEI,re21,498,1305.3658634513408,0.0349519049599923,
MOBOImprovedScalarizedEI,re21,499,1403.3024449930642,0.0303167517680492,
MOBOImprovedScalarizedEI,re21,500,2716.7484649559506,0.0038588911935569,
MOBOImprovedScalarizedEI,re21,501,1285.4384349994982,0.0361552838128136,
MOBOImprovedScalarizedEI,re21,502,2108.639418588667,0.0113400922268706,
MOBOImprovedScalarizedEI,re21,503,2618.178080374901,0.0046802119572991,
MOBOImprovedScalarizedEI,re21,504,1314.2308808287808,0.0344723320189145,
MOBOImprovedScalarizedEI,re21,505,2886.369560421156,0.002761423749172,
MOBOImprovedScalarizedEI,re21,506,1808.9410320781124,0.0173174031365025,
MOBOImprovedScalarizedEI,re21,507,1869.4557586873093,0.0159331019487053,
MOBOImprovedScalarizedEI,re21,508,2570.793534968468,0.0051401925692455,
MOBOImprovedScalarizedEI,re21,509,1573.5940206865855,0.0239049294975982,
MOBOImprovedScalarizedEI,re21,510,2818.3763808514063,0.0031618523116378,
MOBOImprovedScalarizedEI,re21,511,2749.4331407127897,0.0036201771498648,
MOBOImprovedScalarizedEI,re21,512,1331.2400763309065,0.0336279136195691,
MOBOImprovedScalarizedEI,re21,513,2092.024477578767,0.0116225057645876,
MOBOImprovedScalarizedEI,re21,514,1306.195885432713,0.0349056585976833,
MOBOImprovedScalarizedEI,re21,515,2820.6047869798126,0.003147967750608,
MOBOImprovedScalarizedEI,re21,516,2182.978120272028,0.0101423996610797,
MOBOImprovedScalarizedEI,re21,517,2886.369560424401,0.0027614237491539,
MOBOImprovedScalarizedEI,re21,518,1379.0664467642505,0.0313795799337604,
MOBOImprovedScalarizedEI,re21,519,1332.8344488907464,0.0335507939437871,
MOBOImprovedScalarizedEI,re21,520,2202.006372659743,0.0098875356392046,
MOBOImprovedScalarizedEI,re21,521,1465.8864379368897,0.0277539391889867,
MOBOImprovedScalarizedEI,re21,522,1598.0814968647971,0.0231259428581715,
MOBOImprovedScalarizedEI,re21,523,1708.828294530179,0.0198635178838331,
MOBOImprovedScalarizedEI,re21,524,1504.8829683676431,0.026291382378864,
MOBOImprovedScalarizedEI,re21,525,1860.1239067587865,0.0161583565635786,
MOBOImprovedScalarizedEI,re21,526,1824.9577628303364,0.0169415557930673,
MOBOImprovedScalarizedEI,re21,527,1237.8414230007909,0.0399999999999876,
MOBOImprovedScalarizedEI,re21,528,1898.632068067364,0.0153035435004437,
MOBOImprovedScalarizedEI,re21,529,1750.196379927337,0.0187704631901356,
MOBOImprovedScalarizedEI,re21,530,1300.0443370698304,0.0352553605828918,
MOBOImprovedScalarizedEI,re21,531,2886.369560424221,0.0027614237491549,
MOBOImprovedScalarizedEI,re21,532,2687.1804494088856,0.0040882752268618,
MOBOImprovedScalarizedEI,re21,533,1279.1248984570857,0.0365780105435888,
MOBOImprovedScalarizedEI,re21,534,2068.516744948557,0.0120267684587774,
MOBOImprovedScalarizedEI,re21,535,2600.711956788805,0.0048442147712371,
MOBOImprovedScalarizedEI,re21,536,1307.8038879926146,0.0348168746951695,
MOBOImprovedScalarizedEI,re21,537,2038.0438145075843,0.0125675748764192,
MOBOImprovedScalarizedEI,re21,538,1887.2845324188,0.0155495625485692,
MOBOImprovedScalarizedEI,re21,539,1583.782148217878,0.023609117150672,
MOBOImprovedScalarizedEI,re21,540,2763.6301077115304,0.0035210013835029,
MOBOImprovedScalarizedEI,re21,541,1346.5948640246932,0.032889901689095,
MOBOImprovedScalarizedEI,re21,542,2114.880848463993,0.0112419696632174,
MOBOImprovedScalarizedEI,re21,543,1309.0739019847936,0.0347474963730522,
MOBOImprovedScalarizedEI,re21,544,2829.3902434940305,0.0030937555420039,
MOBOImprovedScalarizedEI,re21,545,1803.584057076586,0.0174473268176467,
MOBOImprovedScalarizedEI,re21,546,2251.2720173866496,0.009118346610528,
MOBOImprovedScalarizedEI,re21,547,1416.5830431165566,0.0298333539412042,
MOBOImprovedScalarizedEI,re21,548,1378.678757460956,0.0313934474503248,
MOBOImprovedScalarizedEI,re21,549,2263.8946453659064,0.0089382615432262,
MOBOImprovedScalarizedEI,re21,550,2886.369560424401,0.0027614237491539,
MOBOImprovedScalarizedEI,re21,551,1237.8414230021594,0.0399999999998384,
MOBOImprovedScalarizedEI,re21,552,2001.9455448807137,0.0132357219520489,
MOBOImprovedScalarizedEI,re21,553,2326.481332893899,0.0080719716403581,
MOBOImprovedScalarizedEI,re21,554,1907.5792832672253,0.0151130955968685,
MOBOImprovedScalarizedEI,re21,555,1878.853778428827,0.015730590701473,
MOBOImprovedScalarizedEI,re21,556,1949.8634159862088,0.0142473095700764,
MOBOImprovedScalarizedEI,re21,557,1807.2203406537176,0.0173678170380072,
MOBOImprovedScalarizedEI,re21,558,2404.4807710007667,0.0070629699329196,
MOBOImprovedScalarizedEI,re21,559,1307.8038318487156,0.0348168777190816,
MOBOImprovedScalarizedEI,re21,560,1418.506510659902,0.0297261038121511,
MOBOImprovedScalarizedEI,re21,561,2720.6218825552346,0.0038298134405782,
MOBOImprovedScalarizedEI,re21,562,1287.7902633719373,0.0360032748863988,
MOBOImprovedScalarizedEI,re21,563,2132.9386764116857,0.0109376702663974,
MOBOImprovedScalarizedEI,re21,564,1237.8414230005442,0.04,
MOBOImprovedScalarizedEI,re21,565,1316.9080069633956,0.0343334968427204,
MOBOImprovedScalarizedEI,re21,566,2098.8391418685533,0.0115045729524193,
MOBOImprovedScalarizedEI,re21,567,1237.841423000797,0.0399999999999747,
MOBOImprovedScalarizedEI,re21,568,1831.7759624040032,0.0167872502990526,
MOBOImprovedScalarizedEI,re21,569,1890.0580388736628,0.0154864019776463,
MOBOImprovedScalarizedEI,re21,570,2587.863842850958,0.0049689120912853,
MOBOImprovedScalarizedEI,re21,571,1237.8414230005503,0.0399999999999993,
MOBOImprovedScalarizedEI,re21,572,1585.7058536416405,0.0235144914591665,
MOBOImprovedScalarizedEI,re21,573,2825.7486572174043,0.0031161251467323,
MOBOImprovedScalarizedEI,re21,574,2759.8162893579465,0.003547385875709,
MOBOImprovedScalarizedEI,re21,575,1343.82180989389,0.0330276079965164,
MOBOImprovedScalarizedEI,re21,576,2112.936549172849,0.0112688016584486,
MOBOImprovedScalarizedEI,re21,577,1309.7744075175494,0.0347095064878377,
MOBOImprovedScalarizedEI,re21,578,2828.485052416572,0.0030993026476239,
MOBOImprovedScalarizedEI,re21,579,1237.841423000837,0.0399999999999707,
MOBOImprovedScalarizedEI,re21,580,2248.307241131704,0.009163590845199,
MOBOImprovedScalarizedEI,re21,581,1413.1917256567317,0.0298815412065596,
MOBOImprovedScalarizedEI,re21,582,1375.4403447772231,0.0315728092179802,
MOBOImprovedScalarizedEI,re21,583,1503.10411602277,0.0263453249358878,
MOBOImprovedScalarizedEI,re21,584,1879.8874851284247,0.0157117468470762,
MOBOImprovedScalarizedEI,re21,585,1410.4118073733662,0.0300405200859939,
MOBOImprovedScalarizedEI,re21,586,1712.1727975826009,0.0197837274494421,
MOBOImprovedScalarizedEI,re21,587,1782.0139447801637,0.0179776629033566,
MOBOImprovedScalarizedEI,re21,588,1644.4952218313922,0.021695982042301,
MOBOImprovedScalarizedEI,re21,589,2175.6105056018578,0.0102711852101144,
MOBOImprovedScalarizedEI,re21,590,1281.507861221069,0.0364158840768227,
MOBOImprovedScalarizedEI,re21,591,1322.7949441234002,0.0340373769850636,
MOBOImprovedScalarizedEI,re21,592,2627.846086955618,0.0045920480659147,
MOBOImprovedScalarizedEI,re21,593,1258.4475366770334,0.038131863769949,
MOBOImprovedScalarizedEI,re21,594,1237.8414230008573,0.0399999999999686,
MOBOImprovedScalarizedEI,re21,595,1289.9640221716545,0.035865297424239,
MOBOImprovedScalarizedEI,re21,596,1671.1463080397273,0.0209379864925403,
MOBOImprovedScalarizedEI,re21,597,1725.184796666791,0.0194309276611726,
MOBOImprovedScalarizedEI,re21,598,1448.3303328924849,0.0284576268820981,
MOBOImprovedScalarizedEI,re21,599,2657.470050217872,0.0043328334569764,
MOBOImprovedScalarizedEI,re21,600,1306.1079933915628,0.0349105421321034,
MOBOImprovedScalarizedEI,re21,601,1282.7291484639177,0.036334015894179,
MOBOImprovedScalarizedEI,re21,602,2714.2216079589475,0.0038779784315026,
MOBOImprovedScalarizedEI,re21,603,1319.6635553930687,0.0341933494223539,
MOBOImprovedScalarizedEI,re21,604,2051.3570085997885,0.0123399856332968,
MOBOImprovedScalarizedEI,re21,605,1311.073523589978,0.0346395683067139,
MOBOImprovedScalarizedEI,re21,606,1502.348977120933,0.0263801014032345,
MOBOImprovedScalarizedEI,re21,607,2119.8845293967506,0.0111572132274285,
MOBOImprovedScalarizedEI,re21,608,1413.916970898365,0.0298524982238105,
MOBOImprovedScalarizedEI,re21,609,1740.3354257942551,0.0190255063001815,
MOBOImprovedScalarizedEI,re21,610,1714.3001475820977,0.019723660895308,
MOBOImprovedScalarizedEI,re21,611,1237.8414230005596,0.0399999999999984,
MOBOImprovedScalarizedEI,re21,612,1784.187475683611,0.0179278965552612,
MOBOImprovedScalarizedEI,re21,613,1646.3473502264144,0.021639286031718,
MOBOImprovedScalarizedEI,re21,614,1279.9781577144338,0.0365195917287254,
MOBOImprovedScalarizedEI,re21,615,1319.118861243472,0.034220834903802,
MOBOImprovedScalarizedEI,re21,616,2626.6457966233866,0.0046028951083508,
MOBOImprovedScalarizedEI,re21,617,1259.8668540701124,0.03801595421992,
MOBOImprovedScalarizedEI,re21,618,1288.676616623492,0.035946725586725,
MOBOImprovedScalarizedEI,re21,619,1671.2918017779834,0.0209169718441199,
MOBOImprovedScalarizedEI,re21,620,2429.9035308278667,0.0067624806730092,
MOBOImprovedScalarizedEI,re21,621,1454.817292068614,0.0281911714171745,
MOBOImprovedScalarizedEI,re21,622,2671.716853641265,0.0042137218938161,
MOBOImprovedScalarizedEI,re21,623,1304.4867213430705,0.0350012020648823,
MOBOImprovedScalarizedEI,re21,624,1929.822661542975,0.0146789086419234,
MOBOImprovedScalarizedEI,re21,625,1281.8943495776944,0.0363898874573683,
MOBOImprovedScalarizedEI,re21,626,1237.8414230005592,0.0399999999999984,
MOBOImprovedScalarizedEI,re21,627,2051.9184442708324,0.0123185599094155,
MOBOImprovedScalarizedEI,re21,628,2886.369560424401,0.0027614237491539,
MOBOImprovedScalarizedEI,re21,629,1318.62649159456,0.0342457717572009,
MOBOImprovedScalarizedEI,re21,630,1310.03102238398,0.034695638661692,
MOBOImprovedScalarizedEI,re21,631,2066.7708834166974,0.012056041097996,
MOBOImprovedScalarizedEI,re21,632,1366.3952927966943,0.0320092789253778,
MOBOImprovedScalarizedEI,re21,633,2121.968759262513,0.0111405798433368,
MOBOImprovedScalarizedEI,re21,634,1746.5909821161042,0.0188787588370135,
MOBOImprovedScalarizedEI,re21,635,2886.369560420973,0.0027614237491734,
MOBOImprovedScalarizedEI,re21,636,1237.8414230005442,0.04,
MOBOImprovedScalarizedEI,re21,637,1785.3223592572156,0.0178907203620258,
MOBOImprovedScalarizedEI,re21,638,2192.922804230332,0.0099902104705548,
MOBOImprovedScalarizedEI,re21,639,1279.9539701187025,0.0365212420753563,
MOBOImprovedScalarizedEI,re21,640,1318.0059656896751,0.0342773241815116,
MOBOImprovedScalarizedEI,re21,641,1260.012297819803,0.0380041601008867,
MOBOImprovedScalarizedEI,re21,642,1942.711912766618,0.0143902661586929,
MOBOImprovedScalarizedEI,re21,643,2524.3711128872874,0.0056412787762616,
MOBOImprovedScalarizedEI,re21,644,1288.5591521623178,0.0359541968317547,
MOBOImprovedScalarizedEI,re21,645,1914.2797968895247,0.0149771587831319,
MOBOImprovedScalarizedEI,re21,646,2886.369560424372,0.0027614237491541,
MOBOImprovedScalarizedEI,re21,647,1728.3366067030852,0.0193517751994779,
MOBOImprovedScalarizedEI,re21,648,2737.6335602054664,0.0037046438489594,
MOBOImprovedScalarizedEI,re21,649,2647.7587408642303,0.0044160489912168,
MOBOImprovedScalarizedEI,re21,650,1303.5758248035957,0.0350526238739224,
MOBOImprovedScalarizedEI,re21,651,1921.800727368667,0.0148297499217528,
MOBOImprovedScalarizedEI,re21,652,1281.7983579334536,0.036396336514549,
MOBOImprovedScalarizedEI,re21,653,2732.407693238015,0.0037426618285111,
MOBOImprovedScalarizedEI,re21,654,2045.792925613821,0.0124279612745059,
MOBOImprovedScalarizedEI,re21,655,1318.5577067823842,0.0342492624443584,
MOBOImprovedScalarizedEI,re21,656,1309.7479757929175,0.0347109382353546,
MOBOImprovedScalarizedEI,re21,657,2060.136356804888,0.012172370880093,
MOBOImprovedScalarizedEI,re21,658,1362.438150909515,0.032177919909862,
MOBOImprovedScalarizedEI,re21,659,1717.3467283864766,0.0196311277878332,
MOBOImprovedScalarizedEI,re21,660,1506.3815992336918,0.0262307825451364,
MOBOImprovedScalarizedEI,re21,661,1605.4151439083394,0.0228804380348512,
MOBOImprovedScalarizedEI,re21,662,1826.579052608968,0.0169043384264373,
MOBOImprovedScalarizedEI,re21,663,2119.073469959724,0.0111714411367081,
MOBOImprovedScalarizedEI,re21,664,1414.2455212622604,0.0298417363709905,
MOBOImprovedScalarizedEI,re21,665,1742.101845266216,0.0189787036260328,
MOBOImprovedScalarizedEI,re21,666,1714.619786995054,0.0197009964083217,
MOBOImprovedScalarizedEI,re21,667,1237.84142300059,0.0399999999999961,
MOBOImprovedScalarizedEI,re21,668,1786.3530445201666,0.0178633148863652,
MOBOImprovedScalarizedEI,re21,669,1646.6709109303067,0.0216271231969138,
MOBOImprovedScalarizedEI,re21,670,1280.012729030332,0.0365172334649064,
MOBOImprovedScalarizedEI,re21,671,1318.4060305898872,0.0342569657462099,
MOBOImprovedScalarizedEI,re21,672,2617.065497451974,0.0046904752775727,
MOBOImprovedScalarizedEI,re21,673,1259.9813405545517,0.038006669148186,
MOBOImprovedScalarizedEI,re21,674,1941.886877505739,0.0144074161357849,
MOBOImprovedScalarizedEI,re21,675,2501.161844621821,0.0059195360226695,
MOBOImprovedScalarizedEI,re21,676,1288.6194781080685,0.0359503589699615,
MOBOImprovedScalarizedEI,re21,677,1914.805238939092,0.0149615609154882,
MOBOImprovedScalarizedEI,re21,678,1673.1631831078157,0.0208517852695581,
MOBOImprovedScalarizedEI,re21,679,1726.4552821102498,0.0193894912644431,
MOBOImprovedScalarizedEI,re21,680,2428.711259443674,0.0067660024561389,
MOBOImprovedScalarizedEI,re21,681,1453.6693304626938,0.0282261342707944,
MOBOImprovedScalarizedEI,re21,682,1303.8728156927152,0.035035819495345,
MOBOImprovedScalarizedEI,re21,683,1925.4866622977347,0.0147436992915355,
MOBOImprovedScalarizedEI,re21,684,1281.8125699128054,0.0363953813829506,
MOBOImprovedScalarizedEI,re21,685,2722.5974375276232,0.0038150666560658,
MOBOImprovedScalarizedEI,re21,686,1237.8414230005449,0.0399999999999999,
MOBOImprovedScalarizedEI,re21,687,1648.04680171439,0.0215769586700505,
MOBOImprovedScalarizedEI,re21,688,2045.9445236424256,0.0124252273499376,
MOBOImprovedScalarizedEI,re21,689,1318.57363189086,0.0342484560772212,
MOBOImprovedScalarizedEI,re21,690,2050.4642531745294,0.0123442717109377,
MOBOImprovedScalarizedEI,re21,691,1309.809903669394,0.034707586666621,
MOBOImprovedScalarizedEI,re21,692,2062.850610923764,0.0121261367592952,
MOBOImprovedScalarizedEI,re21,693,1237.8414230005442,0.04,
MOBOImprovedScalarizedEI,re21,694,2526.000343865084,0.0056227545758821,
MOBOImprovedScalarizedEI,re21,695,2886.3695604244003,0.0027614237491539,
MOBOImprovedScalarizedEI,re21,696,2623.893878164999,0.0046278690818045,
MOBOImprovedScalarizedEI,re21,697,2562.9942248411376,0.0052206696022385,
MOBOImprovedScalarizedEI,re21,698,2808.682373789461,0.0032228945595308,
MOBOImprovedScalarizedEI,re21,699,2477.094677608506,0.0062120530000486,
MOBOImprovedScalarizedEI,re21,700,1561.0737723832767,0.0243120991029457,
MOBOImprovedScalarizedEI,re21,701,1237.841423000602,0.0399999999999943,
MOBOImprovedScalarizedEI,re21,702,1237.8414230005835,0.039999999999998,
MOBOImprovedScalarizedEI,re21,703,2691.4225997294247,0.0040545360067267,
MOBOImprovedScalarizedEI,re21,704,2023.4283493178496,0.0128480793404299,
MOBOImprovedScalarizedEI,re21,705,1837.696997618906,0.0166574937174768,
MOBOImprovedScalarizedEI,re21,706,1323.5654837683032,0.0339995209927433,
MOBOImprovedScalarizedEI,re21,707,2583.8906840957457,0.0050081963201335,
MOBOImprovedScalarizedEI,re21,708,1905.1676572017816,0.0151641566753084,
MOBOImprovedScalarizedEI,re21,709,1776.7519623559992,0.0181061333744423,
MOBOImprovedScalarizedEI,re21,710,1691.8193545568968,0.020323736157137,
MOBOImprovedScalarizedEI,re21,711,1282.4196327087247,0.0363546867268864,
MOBOImprovedScalarizedEI,re21,712,2801.3440705522216,0.0032698090028069,
MOBOImprovedScalarizedEI,re21,713,2190.703106583361,0.0100220727890884,
MOBOImprovedScalarizedEI,re21,714,1526.6425731633997,0.0255193949130312,
MOBOImprovedScalarizedEI,re21,715,1237.8414230005442,0.04,
MOBOImprovedScalarizedEI,re21,716,1614.7083518433035,0.0225860421278227,
MOBOImprovedScalarizedEI,re21,717,2104.062753452046,0.0114156399925291,
MOBOImprovedScalarizedEI,re21,718,2392.75674907226,0.0072088604571653,
MOBOImprovedScalarizedEI,re21,719,1514.5684234279895,0.0259231200879224,
MOBOImprovedScalarizedEI,re21,720,1293.6115514056617,0.0356390429430397,
MOBOImprovedScalarizedEI,re21,721,1470.0498436869495,0.0275810190618168,
MOBOImprovedScalarizedEI,re21,722,2549.6248787473346,0.0053620037825039,
MOBOImprovedScalarizedEI,re21,723,1995.6727324198923,0.0133532498778271,
MOBOImprovedScalarizedEI,re21,724,1294.393189942576,0.0355913953270046,
MOBOImprovedScalarizedEI,re21,725,2834.931571984619,0.003059988319008,
MOBOImprovedScalarizedEI,re21,726,1867.29030989482,0.0159828202075867,
MOBOImprovedScalarizedEI,re21,727,2030.698659338857,0.0127010565842617,
MOBOImprovedScalarizedEI,re21,728,1315.1123415943796,0.0344263278839823,
MOBOImprovedScalarizedEI,re21,729,2307.5990340543312,0.0083298529094285,
MOBOImprovedScalarizedEI,re21,730,1541.3622092055784,0.0249810609385225,
MOBOImprovedScalarizedEI,re21,731,2036.2770957974103,0.0125992393738568,
MOBOImprovedScalarizedEI,re21,732,1611.2330778117475,0.0226962422828833,
MOBOImprovedScalarizedEI,re21,733,1645.9025846934624,0.0216439305017716,
MOBOImprovedScalarizedEI,re21,734,1237.8414230005442,0.04,
MOBOImprovedScalarizedEI,re21,735,2506.102719343656,0.0058515606415864,
MOBOImprovedScalarizedEI,re21,736,2237.101985826863,0.0093300135217168,
MOBOImprovedScalarizedEI,re21,737,2161.637898941858,0.0104769330483376,
MOBOImprovedScalarizedEI,re21,738,2677.4655050268125,0.0041666294814902,
MOBOImprovedScalarizedEI,re21,739,2075.1433444535755,0.0119098664798549,
MOBOImprovedScalarizedEI,re21,740,1849.682270264405,0.0163774061726358,
MOBOImprovedScalarizedEI,re21,741,1311.1888958388931,0.0346333893577479,
MOBOImprovedScalarizedEI,re21,742,2584.8526307731377,0.0049986532871233,
MOBOImprovedScalarizedEI,re21,743,1902.017423921455,0.0152304581064289,
MOBOImprovedScalarizedEI,re21,744,1778.1489878230502,0.018063966856716,
MOBOImprovedScalarizedEI,re21,745,1270.8259887378672,0.0371685192493717,
MOBOImprovedScalarizedEI,re21,746,2187.633303947513,0.0100753376061206,
MOBOImprovedScalarizedEI,re21,747,1752.9055281549204,0.0187088942136877,
MOBOImprovedScalarizedEI,re21,748,2857.377062753644,0.0029264810330915,
MOBOImprovedScalarizedEI,re21,749,1237.8414230005462,0.0399999999999999,
MOBOImprovedScalarizedEI,re21,750,1604.000494221612,0.0229246804379399,
MOBOImprovedScalarizedEI,re21,751,2093.6902656105203,0.0115918340379161,
MOBOImprovedScalarizedEI,re21,752,1511.7260474938166,0.0260843399478586,
MOBOImprovedScalarizedEI,re21,753,1290.2299088584282,0.0358485835326509,
MOBOImprovedScalarizedEI,re21,754,1460.0380540341105,0.0279702503230134,
MOBOImprovedScalarizedEI,re21,755,1237.8414230005446,0.0399999999999999,
MOBOImprovedScalarizedEI,re21,756,2400.6641300871406,0.0071085133258102,
MOBOImprovedScalarizedEI,re21,757,2544.1752323992587,0.0054208786774699,
MOBOImprovedScalarizedEI,re21,758,1984.0291547852632,0.0135758633195846,
MOBOImprovedScalarizedEI,re21,759,1290.9102344237897,0.035805977739849,
MOBOImprovedScalarizedEI,re21,760,2824.295727854037,0.003125090286347,
MOBOImprovedScalarizedEI,re21,761,1854.441788933188,0.0162684284516541,
MOBOImprovedScalarizedEI,re21,762,1312.5400394823948,0.0345614129820133,
MOBOImprovedScalarizedEI,re21,763,1523.4072910719335,0.0257311892188835,
MOBOImprovedScalarizedEI,re21,764,1237.8414230032968,0.039999999999765,
MOBOImprovedScalarizedEI,re21,765,2510.0836832892005,0.005819597279873,
MOBOImprovedScalarizedEI,re21,766,2150.9249307185582,0.0106491031508021,
MOBOImprovedScalarizedEI,re21,767,2664.5386461809326,0.0042733021996095,
MOBOImprovedScalarizedEI,re21,768,2059.1499045909404,0.0122026489297937,
MOBOImprovedScalarizedEI,re21,769,1309.5387641478862,0.0347222640594615,
MOBOImprovedScalarizedEI,re21,770,2586.237462279327,0.0049849508359653,
MOBOImprovedScalarizedEI,re21,771,1895.949842849404,0.0153741849681266,
MOBOImprovedScalarizedEI,re21,772,1237.8414230044716,0.0399999999996072,
MOBOImprovedScalarizedEI,re21,773,1279.1548212919447,0.0365759548777027,
MOBOImprovedScalarizedEI,re21,774,2790.3341695989093,0.003341366197957,
MOBOImprovedScalarizedEI,re21,775,2193.166705021524,0.0099847099522322,
MOBOImprovedScalarizedEI,re21,776,1514.1113642655928,0.0259471562681259,
MOBOImprovedScalarizedEI,re21,777,2886.3695604243803,0.002761423749154,
MOBOImprovedScalarizedEI,re21,778,1606.42577392302,0.0228638873013054,
MOBOImprovedScalarizedEI,re21,779,1237.8414230005442,0.04,
MOBOImprovedScalarizedEI,re21,780,2372.6333911018733,0.0074678619768949,
MOBOImprovedScalarizedEI,re21,781,1507.0375575789926,0.0262096813938604,
MOBOImprovedScalarizedEI,re21,782,1290.056485299183,0.0358594810458404,
MOBOImprovedScalarizedEI,re21,783,1237.8414230005442,0.04,
MOBOImprovedScalarizedEI,re21,784,2413.4680546048867,0.0069530447869866,
MOBOImprovedScalarizedEI,re21,785,1983.680344222484,0.013585391451437,
MOBOImprovedScalarizedEI,re21,786,1291.4136890862474,0.035774595785837,
MOBOImprovedScalarizedEI,re21,787,2825.530437067673,0.0031174701724712,
MOBOImprovedScalarizedEI,re21,788,1853.874344768578,0.0162948206731459,
MOBOImprovedScalarizedEI,re21,789,2017.1017096164856,0.0129512381801141,
MOBOImprovedScalarizedEI,re21,790,1314.2316757934188,0.034472290392235,
MOBOImprovedScalarizedEI,re21,791,2292.0505869094195,0.0085412165463846,
MOBOImprovedScalarizedEI,re21,792,1533.7947680040363,0.0252645485351621,
MOBOImprovedScalarizedEI,re21,793,2021.591057347464,0.0128683725008029,
MOBOImprovedScalarizedEI,re21,794,1602.997979629502,0.0229732178703709,
MOBOImprovedScalarizedEI,re21,795,1237.8414230005455,0.0399999999999999,
MOBOImprovedScalarizedEI,re21,796,1237.8414230006024,0.0399999999999942,
MOBOImprovedScalarizedEI,re21,797,2489.189222420498,0.0060563343235968,
MOBOImprovedScalarizedEI,re21,798,2231.591952928487,0.0094073291676923,
MOBOImprovedScalarizedEI,re21,799,2150.704172300228,0.0106494167947977,
MOBOImprovedScalarizedEI,re21,800,1237.8414230042642,0.0399999999996314,
MOBOImprovedScalarizedEI,re21,801,2665.457617698097,0.0042656258469777,
MOBOImprovedScalarizedEI,re21,802,2063.924989656812,0.0121127643902469,
MOBOImprovedScalarizedEI,re21,803,1309.5199469625916,0.0347232838623153,
MOBOImprovedScalarizedEI,re21,804,2585.698203613127,0.0049902816057968,
MOBOImprovedScalarizedEI,re21,805,1893.3418704999856,0.0154146219159077,
MOBOImprovedScalarizedEI,re21,806,1237.841423000549,0.0399999999999995,
MOBOImprovedScalarizedEI,re21,807,1764.7524315984465,0.0184043182609502,
MOBOImprovedScalarizedEI,re21,808,1279.498087465668,0.0365524092159986,
MOBOImprovedScalarizedEI,re21,809,2792.051818682743,0.0033301087769429,
MOBOImprovedScalarizedEI,re21,810,2185.829400533754,0.0101036734505657,
MOBOImprovedScalarizedEI,re21,811,1756.3772338019746,0.0186196661648676,
MOBOImprovedScalarizedEI,re21,812,2868.0855104869506,0.0028645734665209,
MOBOImprovedScalarizedEI,re21,813,1604.000494221612,0.0229246804379399,
MOBOImprovedScalarizedEI,re21,814,1603.0907030598946,0.0229594987926006,
MOBOImprovedScalarizedEI,re21,815,2886.369560424401,0.0027614237491539,
MOBOImprovedScalarizedEI,re21,816,2373.6984157433826,0.0074508245957006,
MOBOImprovedScalarizedEI,re21,817,1290.1749139783562,0.035852037730272,
MOBOImprovedScalarizedEI,re21,818,2546.001473636306,0.0054010658374859,
MOBOImprovedScalarizedEI,re21,819,1983.9134254721955,0.0135773053637488,
MOBOImprovedScalarizedEI,re21,820,1291.421940941567,0.0357740824591627,
MOBOImprovedScalarizedEI,re21,821,2827.8743536439792,0.0031030500373487,
MOBOImprovedScalarizedEI,re21,822,1855.4973723870448,0.0162434856074263,
MOBOImprovedScalarizedEI,re21,823,1313.572949945914,0.0345068648635834,
MOBOImprovedScalarizedEI,re21,824,1529.9566265108265,0.0253966149316576,
MOBOImprovedScalarizedEI,re21,825,1600.8812333429623,0.0230283752014803,
MOBOImprovedScalarizedEI,re21,826,1237.8414230005442,0.04,
MOBOImprovedScalarizedEI,re21,827,2501.6937298832263,0.0059133581278416,
MOBOImprovedScalarizedEI,re21,828,2225.6817890518632,0.0095051948462228,
MOBOImprovedScalarizedEI,re21,829,2145.9281668522217,0.0107282162239953,
MOBOImprovedScalarizedEI,re21,830,2664.9097947096534,0.0042702001758859,
MOBOImprovedScalarizedEI,re21,831,2063.275277543453,0.0121192555402057,
MOBOImprovedScalarizedEI,re21,832,1840.945996677776,0.0165821426654263,
MOBOImprovedScalarizedEI,re21,833,1309.0703740318572,0.0347476882069781,
MOBOImprovedScalarizedEI,re21,834,2585.962424284304,0.0049876688889323,
MOBOImprovedScalarizedEI,re21,835,1892.760891133713,0.015443897647108,
MOBOImprovedScalarizedEI,re21,836,1763.26328957138,0.018438566183993,
MOBOImprovedScalarizedEI,re21,837,1279.2606970202144,0.0365686854037249,
MOBOImprovedScalarizedEI,re21,838,2791.38924135918,0.0033344471428565,
MOBOImprovedScalarizedEI,re21,839,2188.5446680450946,0.0100552105417385,
MOBOImprovedScalarizedEI,re21,840,1754.1224022790984,0.018676045769505,
MOBOImprovedScalarizedEI,re21,841,1515.703503413563,0.0258819919434515,
MOBOImprovedScalarizedEI,re21,842,2868.545145223188,0.0028619413340376,
MOBOImprovedScalarizedEI,re21,843,2094.501314991437,0.0115859816542512,
MOBOImprovedScalarizedEI,re21,844,2378.204168912218,0.0073917199346483,
MOBOImprovedScalarizedEI,re21,845,1508.4373235065834,0.0261475317612362,
MOBOImprovedScalarizedEI,re21,846,1290.3442973811748,0.0358414038267004,
MOBOImprovedScalarizedEI,re21,847,2417.779188916191,0.0069227334377491,
MOBOImprovedScalarizedEI,re21,848,2545.700665789146,0.0054043234999678,
MOBOImprovedScalarizedEI,re21,849,1986.8744700865109,0.0135217158381428,
MOBOImprovedScalarizedEI,re21,850,1291.456766152329,0.0357719164396377,
MOBOImprovedScalarizedEI,re21,851,2827.9087523724406,0.0031028388517876,
MOBOImprovedScalarizedEI,re21,852,2017.0692811956008,0.0129517632116418,
MOBOImprovedScalarizedEI,re21,853,1313.0582569698458,0.0345339946774029,
MOBOImprovedScalarizedEI,re21,854,2297.342856124266,0.0084696586368179,
MOBOImprovedScalarizedEI,re21,855,1533.4258579456584,0.0252707156003822,
MOBOImprovedScalarizedEI,re21,856,2020.0407473822231,0.0128962026926837,
MOBOImprovedScalarizedEI,re21,857,1237.8414230005876,0.0399999999999978,
MOBOImprovedScalarizedEI,re21,858,2488.0721426612067,0.0060582876083144,
MOBOImprovedScalarizedEI,re21,859,2238.355653943254,0.0093099770807847,
MOBOImprovedScalarizedEI,re21,860,2148.756934807649,0.0106981591712261,
MOBOImprovedScalarizedEI,re21,861,2664.217236177253,0.0042759904160335,
MOBOImprovedScalarizedEI,re21,862,2059.4583340378863,0.0121897453553323,
MOBOImprovedScalarizedEI,re21,863,1833.2184773910883,0.0167749153900347,
MOBOImprovedScalarizedEI,re21,864,1308.947570824197,0.0347543684719458,
MOBOImprovedScalarizedEI,re21,865,2886.369560418721,0.0027614237491855,
MOBOImprovedScalarizedEI,re21,866,1755.9854567121984,0.018637435300394,
MOBOImprovedScalarizedEI,re21,867,1676.5822177746354,0.0207702884818658,
MOBOImprovedScalarizedEI,re21,868,1279.3928312483172,0.0365596219414191,
MOBOImprovedScalarizedEI,re21,869,2791.9566760248363,0.0033307314243688,
MOBOImprovedScalarizedEI,re21,870,2187.7615159478296,0.0100679003874389,
MOBOImprovedScalarizedEI,re21,871,1755.4970925332673,0.0186400889461125,
MOBOImprovedScalarizedEI,re21,872,2863.3899028796177,0.0028915809872571,
MOBOImprovedScalarizedEI,re21,873,1237.8414230005442,0.04,
MOBOImprovedScalarizedEI,re21,874,1603.613758207826,0.0229461799428374,
MOBOImprovedScalarizedEI,re21,875,2380.6833883660925,0.0073607356925689,
MOBOImprovedScalarizedEI,re21,876,1290.4480021916256,0.0358349003134121,
MOBOImprovedScalarizedEI,re21,877,1459.9409413742778,0.028017173164013,
MOBOImprovedScalarizedEI,re21,878,1237.8414230005587,0.0399999999999989,
MOBOImprovedScalarizedEI,re21,879,2401.6828888624946,0.0071015808884058,
MOBOImprovedScalarizedEI,re21,880,2547.212336778597,0.0053879755652879,
MOBOImprovedScalarizedEI,re21,881,1984.8554505926943,0.0135611161479553,
MOBOImprovedScalarizedEI,re21,882,1291.7514156563889,0.0357536139407545,
MOBOImprovedScalarizedEI,re21,883,1314.077374833535,0.0344803743813279,
MOBOImprovedScalarizedEI,re21,884,1532.1976556931522,0.0253129558207903,
MOBOImprovedScalarizedEI,re21,885,1602.4041833889655,0.0229845412106575,
MOBOImprovedScalarizedEI,re21,886,1237.8414230005442,0.04,
MOBOImprovedScalarizedEI,re21,887,1639.6310617017396,0.0218390545790912,
MOBOImprovedScalarizedEI,re21,888,2485.0786497940944,0.0061461497313753,
MOBOImprovedScalarizedEI,re21,889,2230.0753280293643,0.0094418195388422,
MOBOImprovedScalarizedEI,re21,890,2152.593916386128,0.010620103818355,
MOBOImprovedScalarizedEI,re21,891,2061.726357013217,0.0121443030511052,
MOBOImprovedScalarizedEI,re21,892,1834.9262288437765,0.0167164247208736,
MOBOImprovedScalarizedEI,re21,893,1309.4877445753675,0.0347250291376237,
MOBOImprovedScalarizedEI,re21,894,2588.5257114384526,0.0049624015502562,
MOBOImprovedScalarizedEI,re21,895,1237.8414230005835,0.039999999999998,
MOBOImprovedScalarizedEI,re21,896,1678.6331686865626,0.0207012501179104,
MOBOImprovedScalarizedEI,re21,897,1279.376114292264,0.0365607680561704,
MOBOImprovedScalarizedEI,re21,898,2789.9559185341764,0.0033438499530004,
MOBOImprovedScalarizedEI,re21,899,2185.970852296864,0.0100942504097745,
MOBOImprovedScalarizedEI,re21,900,1758.3914609015508,0.0185766899613422,
MOBOImprovedScalarizedEI,re21,901,2862.574752859493,0.0028962914164059,
MOBOImprovedScalarizedEI,re21,902,1605.231074342684,0.0229025173069028,
MOBOImprovedScalarizedEI,re21,903,2096.2512777672,0.0115510570604161,
MOBOImprovedScalarizedEI,re21,904,2886.369560424394,0.002761423749154,
MOBOImprovedScalarizedEI,re21,905,2376.014613125373,0.0074198296649124,
MOBOImprovedScalarizedEI,re21,906,2886.369560424313,0.0027614237491544,
MOBOImprovedScalarizedEI,re21,907,1290.955096107008,0.0358031762998894,
MOBOImprovedScalarizedEI,re21,908,2410.714182570796,0.0070143561306565,
MOBOImprovedScalarizedEI,re21,909,2543.283970939455,0.005430578608938,
MOBOImprovedScalarizedEI,re21,910,1985.1095264622231,0.0135589220895536,
MOBOImprovedScalarizedEI,re21,911,1291.7255736309105,0.035755217448863,
MOBOImprovedScalarizedEI,re21,912,2826.362607377593,0.0031123437435476,
MOBOImprovedScalarizedEI,re21,913,1855.3096933977488,0.0162473749632888,
MOBOImprovedScalarizedEI,re21,914,2015.21141055551,0.0129865448353875,
MOBOImprovedScalarizedEI,re21,915,1314.0839630619948,0.0344800290321537,
MOBOImprovedScalarizedEI,re21,916,2293.432467891805,0.0085223767465701,
MOBOImprovedScalarizedEI,re21,917,1535.6512358058387,0.0251949986211373,
MOBOImprovedScalarizedEI,re21,918,2020.0903691848623,0.0128952985968768,
MOBOImprovedScalarizedEI,re21,919,1603.4160843480795,0.0229531199293463,
MOBOImprovedScalarizedEI,re21,920,1639.03614850064,0.0218477380082898,
MOBOImprovedScalarizedEI,re21,921,2511.181376474114,0.0057939391925102,
MOBOImprovedScalarizedEI,re21,922,2222.2270677540896,0.0095731771907688,
MOBOImprovedScalarizedEI,re21,923,2150.255573313074,0.0106562597484795,
MOBOImprovedScalarizedEI,re21,924,2667.193691043648,0.0042511632624645,
MOBOImprovedScalarizedEI,re21,925,2062.1140014154566,0.0121405161127429,
MOBOImprovedScalarizedEI,re21,926,1834.9603008471129,0.0167086592758431,
MOBOImprovedScalarizedEI,re21,927,2568.889684007111,0.0051597061825275,
MOBOImprovedScalarizedEI,re21,928,1864.492206723501,0.0160422623558005,
MOBOImprovedScalarizedEI,re21,929,1237.8414230005876,0.0399999999999978,
MOBOImprovedScalarizedEI,re21,930,1736.7547585609368,0.0191265420205968,
MOBOImprovedScalarizedEI,re21,931,1654.7764018870914,0.0213906690345558,
MOBOImprovedScalarizedEI,re21,932,1274.8179836284469,0.0368793065086247,
MOBOImprovedScalarizedEI,re21,933,2771.623158883074,0.0034663060101867,
MOBOImprovedScalarizedEI,re21,934,2153.746760655155,0.010601817611371,
MOBOImprovedScalarizedEI,re21,935,1737.4624398762514,0.0191014021765055,
MOBOImprovedScalarizedEI,re21,936,1493.1667889845455,0.0267069585489708,
MOBOImprovedScalarizedEI,re21,937,2843.281965677416,0.0030097144843403,
MOBOImprovedScalarizedEI,re21,938,1579.9883537146509,0.023690050586265,
MOBOImprovedScalarizedEI,re21,939,1237.8414230005442,0.04,
MOBOImprovedScalarizedEI,re21,940,2061.624159730722,0.0121519889463223,
MOBOImprovedScalarizedEI,re21,941,2342.810637400391,0.0078519830820324,
MOBOImprovedScalarizedEI,re21,942,2534.23322418824,0.0055302363253273,
MOBOImprovedScalarizedEI,re21,943,2886.369560422494,0.0027614237491645,
MOBOImprovedScalarizedEI,re21,944,2290.146752938356,0.0086061076892137,
MOBOImprovedScalarizedEI,re21,945,1834.0816286488,0.0167427570971718,
MOBOImprovedScalarizedEI,re21,946,2660.392470360203,0.0043081162537453,
MOBOImprovedScalarizedEI,re21,947,2826.406838999873,0.0031120714724135,
MOBOImprovedScalarizedEI,re21,948,1787.8851884092007,0.0178273303482786,
MOBOImprovedScalarizedEI,re21,949,2435.770983599782,0.0067054699390405,
MOBOImprovedScalarizedEI,re21,950,1973.1778992347256,0.0137976948844673,
MOBOImprovedScalarizedEI,re21,951,2886.369560422412,0.002761423749165,
MOBOImprovedScalarizedEI,re21,952,1901.9165072179187,0.0152335439915535,
MOBOImprovedScalarizedEI,re21,953,1630.0772951307945,0.0221298570233008,
MOBOImprovedScalarizedEI,re21,954,1335.8826342441444,0.0334209627698857,
MOBOImprovedScalarizedEI,re21,955,2333.7467351561445,0.0079736698472872,
MOBOImprovedScalarizedEI,re21,956,2256.858630252167,0.0090389108463151,
MOBOImprovedScalarizedEI,re21,957,2783.532726436038,0.0033862887778879,
MOBOImprovedScalarizedEI,re21,958,1376.865831651052,0.031547716938859,
MOBOImprovedScalarizedEI,re21,959,1537.0615656889263,0.0251438160153646,
MOBOImprovedScalarizedEI,re21,960,1440.054046399085,0.0288019015315421,
MOBOImprovedScalarizedEI,re21,961,2595.0505907082456,0.0048987264990173,
MOBOImprovedScalarizedEI,re21,962,2010.952185659021,0.013075704345959,
MOBOImprovedScalarizedEI,re21,963,2197.0943404536506,0.0099236831991733,
MOBOImprovedScalarizedEI,re21,964,1249.8942061142616,0.0388632280196196,
MOBOImprovedScalarizedEI,re21,965,2886.3695604237582,0.0027614237491575,
MOBOImprovedScalarizedEI,re21,966,1848.6647326058933,0.016427050022329,
MOBOImprovedScalarizedEI,re21,967,2002.53778104944,0.0132236681003278,
MOBOImprovedScalarizedEI,re21,968,1348.802637887458,0.0327955297774941,
MOBOImprovedScalarizedEI,re21,969,2036.5476702640167,0.0125948034728988,
MOBOImprovedScalarizedEI,re21,970,1309.616406424689,0.0347180581141265,
MOBOImprovedScalarizedEI,re21,971,2849.597389456883,0.002972171635667,
MOBOImprovedScalarizedEI,re21,972,2456.2372921594924,0.0064280917295694,
MOBOImprovedScalarizedEI,re21,973,1781.9133783727586,0.0179787152804447,
MOBOImprovedScalarizedEI,re21,974,1279.051025213001,0.0365830877515266,
MOBOImprovedScalarizedEI,re21,975,2599.2018066290625,0.0048586893801001,
MOBOImprovedScalarizedEI,re21,976,1586.8587946102969,0.0234863667958933,
MOBOImprovedScalarizedEI,re21,977,1283.5624969202888,0.0362786200478375,
MOBOImprovedScalarizedEI,re21,978,2357.739584656651,0.0076558707103335,
MOBOImprovedScalarizedEI,re21,979,1692.3308450096788,0.0203141875513174,
MOBOImprovedScalarizedEI,re21,980,1559.6473192488877,0.0243569516647405,
MOBOImprovedScalarizedEI,re21,981,2571.51045323324,0.0051328662298568,
MOBOImprovedScalarizedEI,re21,982,1871.0539558666176,0.0158974984177007,
MOBOImprovedScalarizedEI,re21,983,2137.4050378189377,0.0108638989919056,
MOBOImprovedScalarizedEI,re21,984,1237.841423000785,0.0399999999999879,
MOBOImprovedScalarizedEI,re21,985,2646.165417067117,0.0044298628705356,
MOBOImprovedScalarizedEI,re21,986,1770.73489664787,0.018246333569987,
MOBOImprovedScalarizedEI,re21,987,1237.84142300246,0.0399999999998209,
MOBOImprovedScalarizedEI,re21,988,2412.858562018017,0.0069571504056275,
MOBOImprovedScalarizedEI,re21,989,1421.043281799479,0.0295523459627476,
MOBOImprovedScalarizedEI,re21,990,1983.749501145742,0.0135800313471581,
MOBOImprovedScalarizedEI,re21,991,1494.715264599983,0.0266469842307918,
MOBOImprovedScalarizedEI,re21,992,2886.369560422645,0.0027614237491637,
MOBOImprovedScalarizedEI,re21,993,1906.389433189941,0.0151370428341738,
MOBOImprovedScalarizedEI,re21,994,1617.3180678986687,0.0225009511335959,
MOBOImprovedScalarizedEI,re21,995,1315.8224782683462,0.0343894698009059,
MOBOImprovedScalarizedEI,re21,996,2321.4958401584163,0.0081368461195413,
MOBOImprovedScalarizedEI,re21,997,2253.968362121324,0.0090792658269835,
MOBOImprovedScalarizedEI,re21,998,2298.792686701051,0.0084478198020429,
MOBOImprovedScalarizedEI,re21,999,2786.853325373298,0.0033642873152858,
MOBOImprovedScalarizedEI,re21,1000,1373.2802805039296,0.0316351298055856,
MOBOImprovedScalarizedEI,re21,1001,2194.332685869859,0.0099731512520301,
MOBOImprovedScalarizedEI,re21,1002,1260.755836201806,0.0379441066306849,
MOBOImprovedScalarizedEI,re21,1003,2886.3695604128084,0.0027614237492183,
MOBOImprovedScalarizedEI,re21,1004,1913.548231037413,0.0149867519182594,
MOBOImprovedScalarizedEI,re21,1005,1237.8414230006224,0.0399999999999921,
MOBOImprovedScalarizedEI,re21,1006,2056.382033960728,0.0122392797243076,
MOBOImprovedScalarizedEI,re21,1007,1398.1654770846608,0.0305784891307757,
MOBOImprovedScalarizedEI,re21,1008,2090.982620585976,0.0116379528383261,
MOBOImprovedScalarizedEI,re21,1009,1313.4015134133874,0.0345158901421726,
MOBOImprovedScalarizedEI,re21,1010,2886.3695604242585,0.0027614237491547,
MOBOImprovedScalarizedEI,re21,1011,2482.108159051476,0.006148309862009,
MOBOImprovedScalarizedEI,re21,1012,1838.516159682063,0.0166305409003008,
MOBOImprovedScalarizedEI,re21,1013,1285.869215825865,0.0361272249149622,
MOBOImprovedScalarizedEI,re21,1014,1634.640529560759,0.0219851550279431,
MOBOImprovedScalarizedEI,re21,1015,1290.3628888807746,0.0358402375268888,
MOBOImprovedScalarizedEI,re21,1016,2421.290289364674,0.0068521508958505,
MOBOImprovedScalarizedEI,re21,1017,1598.2626747180743,0.0231033174236164,
MOBOImprovedScalarizedEI,re21,1018,2602.3025704857378,0.0048290203005966,
MOBOImprovedScalarizedEI,re21,1019,2200.177424581296,0.0099060761407843,
MOBOImprovedScalarizedEI,re21,1020,2886.3695604243912,0.002761423749154,
MOBOImprovedScalarizedEI,re21,1021,2678.3269384404366,0.0041596197240661,
MOBOImprovedScalarizedEI,re21,1022,2478.3251983960454,0.0061784489073705,
MOBOImprovedScalarizedEI,re21,1023,1463.8391847798584,0.0278265901104174,
MOBOImprovedScalarizedEI,re21,1024,2044.594335981832,0.0124717077618116,
MOBOImprovedScalarizedEI,re21,1025,1961.4103978112937,0.0140172695231256,
MOBOImprovedScalarizedEI,re21,1026,1659.418391642918,0.0212584473049539,
MOBOImprovedScalarizedEI,re21,1027,1328.3571621785732,0.0337686171884789,
MOBOImprovedScalarizedEI,re21,1028,2320.7322359736227,0.0081507351360398,
MOBOImprovedScalarizedEI,re21,1029,2376.335638717294,0.0074176692012972,
MOBOImprovedScalarizedEI,re21,1030,2817.899978954093,0.0031648277310476,
MOBOImprovedScalarizedEI,re21,1031,1472.7456552205165,0.0275042553770235,
MOBOImprovedScalarizedEI,re21,1032,2624.411491464699,0.0046231604888959,
MOBOImprovedScalarizedEI,re21,1033,2080.4009557625004,0.0118257716125411,
MOBOImprovedScalarizedEI,re21,1034,2256.0865799899075,0.0090518514126466,
MOBOImprovedScalarizedEI,re21,1035,1269.1866647066738,0.0372901762343779,
MOBOImprovedScalarizedEI,re21,1036,2886.36956041408,0.0027614237492113,
MOBOImprovedScalarizedEI,re21,1037,2886.369560424372,0.0027614237491541,
MOBOImprovedScalarizedEI,re21,1038,1237.8414230005442,0.04,
MOBOImprovedScalarizedEI,re21,1039,2054.645538758637,0.0122713731127251,
MOBOImprovedScalarizedEI,re21,1040,1393.746218913088,0.0307480276713341,
MOBOImprovedScalarizedEI,re21,1041,2090.707972224336,0.0116424566391244,
MOBOImprovedScalarizedEI,re21,1042,1314.728900487269,0.0344463016241872,
MOBOImprovedScalarizedEI,re21,1043,2886.369560406066,0.0027614237492558,
MOBOImprovedScalarizedEI,re21,1044,2515.975384370608,0.0057415894497756,
MOBOImprovedScalarizedEI,re21,1045,1286.2058682208929,0.0361053648256746,
MOBOImprovedScalarizedEI,re21,1046,2628.002498158502,0.0045906366119898,
MOBOImprovedScalarizedEI,re21,1047,1634.1408712789562,0.0220088441406132,
MOBOImprovedScalarizedEI,re21,1048,1290.7592053345109,0.0358154162327052,
MOBOImprovedScalarizedEI,re21,1049,2420.5538895444856,0.0068604313005632,
MOBOImprovedScalarizedEI,re21,1050,1747.0450904647137,0.0188562410064141,
MOBOImprovedScalarizedEI,re21,1051,1922.245840509171,0.014807342868626,
MOBOImprovedScalarizedEI,re21,1052,2196.616543933993,0.0099312382738582,
MOBOImprovedScalarizedEI,re21,1053,2677.844145861843,0.0041635468603622,
MOBOImprovedScalarizedEI,re21,1054,1815.7841013055715,0.0171604429121305,
MOBOImprovedScalarizedEI,re21,1055,2496.09912018171,0.0059622605507133,
MOBOImprovedScalarizedEI,re21,1056,1465.1060665953817,0.0277853900791201,
MOBOImprovedScalarizedEI,re21,1057,2039.6130397708107,0.0125398852428629,
MOBOImprovedScalarizedEI,re21,1058,1532.9331352204365,0.0253083373408168,
MOBOImprovedScalarizedEI,re21,1059,2886.369560422888,0.0027614237491623,
MOBOImprovedScalarizedEI,re21,1060,1961.6919314346844,0.0140103674344032,
MOBOImprovedScalarizedEI,re21,1061,1662.9412208064791,0.0211755534692397,
MOBOImprovedScalarizedEI,re21,1062,1324.993741498679,0.0339298892677826,
MOBOImprovedScalarizedEI,re21,1063,2386.9672572346603,0.0072798118337707,
MOBOImprovedScalarizedEI,re21,1064,2315.160502152874,0.0082243320425154,
MOBOImprovedScalarizedEI,re21,1065,2371.472854370692,0.0074790608883255,
MOBOImprovedScalarizedEI,re21,1066,1477.4683591216071,0.0273837055276793,
MOBOImprovedScalarizedEI,re21,1067,1384.1889594710267,0.0311479499307673,
MOBOImprovedScalarizedEI,re21,1068,1959.25065863006,0.0140592531957373,
MOBOImprovedScalarizedEI,re21,1069,2125.343837830844,0.0110651733079089,
MOBOImprovedScalarizedEI,re21,1070,1248.998681058905,0.0389432276057407,
MOBOImprovedScalarizedEI,re21,1071,2886.369560424388,0.002761423749154,
MOBOImprovedScalarizedEI,re21,1072,1801.190289794867,0.0175153126655916,
MOBOImprovedScalarizedEI,re21,1073,1934.795064417321,0.0145498070464026,
MOBOImprovedScalarizedEI,re21,1074,1323.21675490622,0.0340166284635531,
MOBOImprovedScalarizedEI,re21,1075,1966.2369773310936,0.0139249293898888,
MOBOImprovedScalarizedEI,re21,1076,1296.726093328743,0.0354508955513927,
MOBOImprovedScalarizedEI,re21,1077,2812.669972630669,0.0031976577946774,
MOBOImprovedScalarizedEI,re21,1078,1734.216654462077,0.0192248827980097,
MOBOImprovedScalarizedEI,re21,1079,1268.8537996786258,0.0373150896791671,
MOBOImprovedScalarizedEI,re21,1080,1542.7668104425295,0.0249575872797754,
MOBOImprovedScalarizedEI,re21,1081,1273.66492476328,0.0369618378580273,
MOBOImprovedScalarizedEI,re21,1082,2886.369560423982,0.0027614237491563,
MOBOImprovedScalarizedEI,re21,1083,2271.456750013681,0.0088303139143963,
MOBOImprovedScalarizedEI,re21,1084,1820.5747645199067,0.0170770821516707,
MOBOImprovedScalarizedEI,re21,1085,1237.8414230005442,0.04,
MOBOImprovedScalarizedEI,re21,1086,2821.947429688862,0.0031396284352389,
MOBOImprovedScalarizedEI,re21,1087,1365.7848234389126,0.0320299145551816,
MOBOImprovedScalarizedEI,re21,1088,1445.1061502013545,0.0285724144133475,
MOBOImprovedScalarizedEI,re21,1089,2886.3695604243662,0.0027614237491541,
MOBOImprovedScalarizedEI,re21,1090,1848.8604837266944,0.0163915551021498,
MOBOImprovedScalarizedEI,re21,1091,1564.9707244547724,0.0241832997774206,
MOBOImprovedScalarizedEI,re21,1092,1305.6551607101262,0.0349357536107338,
MOBOImprovedScalarizedEI,re21,1093,2176.9504996551623,0.0102505944900454,
MOBOImprovedScalarizedEI,re21,1094,2227.918357157052,0.0094619790644734,
MOBOImprovedScalarizedEI,re21,1095,1237.8414230011122,0.0399999999999444,
MOBOImprovedScalarizedEI,re21,1096,2749.842583352671,0.0036172798240346,
MOBOImprovedScalarizedEI,re21,1097,1330.3461972184018,0.0336714766255672,
MOBOImprovedScalarizedEI,re21,1098,1472.614055963366,0.0275110091848997,
MOBOImprovedScalarizedEI,re21,1099,1381.6697255819818,0.0313460007312042,
MOBOImprovedScalarizedEI,re21,1100,2559.3720108829,0.0052585343389152,
MOBOImprovedScalarizedEI,re21,1101,1963.629443339524,0.013979449123461,
MOBOImprovedScalarizedEI,re21,1102,2120.7663488744784,0.011142256494125,
MOBOImprovedScalarizedEI,re21,1103,1249.769170802049,0.03887435714061,
MOBOImprovedScalarizedEI,re21,1104,2886.3695604228365,0.0027614237491626,
MOBOImprovedScalarizedEI,re21,1105,2886.369560423728,0.0027614237491577,
MOBOImprovedScalarizedEI,re21,1106,1802.6371172549805,0.0174703310458477,
MOBOImprovedScalarizedEI,re21,1107,1933.1269471628204,0.0145831294272227,
MOBOImprovedScalarizedEI,re21,1108,1322.518139338734,0.0340510262006817,
MOBOImprovedScalarizedEI,re21,1109,1966.5117919620109,0.0139153225515494,
MOBOImprovedScalarizedEI,re21,1110,1295.8765421319022,0.0355021644919665,
MOBOImprovedScalarizedEI,re21,1111,2817.0550175277062,0.0031701111959957,
MOBOImprovedScalarizedEI,re21,1112,2387.5679506920287,0.007275715806742,
MOBOImprovedScalarizedEI,re21,1113,1737.0909717346713,0.0191090705499719,
MOBOImprovedScalarizedEI,re21,1114,1268.6463789016173,0.0373306503943303,
MOBOImprovedScalarizedEI,re21,1115,2566.193070615763,0.0051874897809578,
MOBOImprovedScalarizedEI,re21,1116,1237.8414230006224,0.0399999999999921,
MOBOImprovedScalarizedEI,re21,1117,1551.549145392736,0.0246295047873075,
MOBOImprovedScalarizedEI,re21,1118,1273.2596075064446,0.0369910408936351,
MOBOImprovedScalarizedEI,re21,1119,2273.3955139934674,0.008807281382732,
MOBOImprovedScalarizedEI,re21,1120,1644.748431777129,0.021672397827842,
MOBOImprovedScalarizedEI,re21,1121,1515.034526354443,0.0259063998258668,
MOBOImprovedScalarizedEI,re21,1122,2525.2522612479897,0.0056359790276017,
MOBOImprovedScalarizedEI,re21,1123,1810.040922703393,0.017292480287589,
MOBOImprovedScalarizedEI,re21,1124,2067.598088041585,0.0120439828061666,
MOBOImprovedScalarizedEI,re21,1125,2827.768263133651,0.0031037014427535,
MOBOImprovedScalarizedEI,re21,1126,2616.1036060321203,0.0046993683224556,
MOBOImprovedScalarizedEI,re21,1127,1709.4132071447657,0.0198416714961136,
MOBOImprovedScalarizedEI,re21,1128,1368.4420501817324,0.031880906180827,
MOBOImprovedScalarizedEI,re21,1129,1918.186870817436,0.0148915461764145,
MOBOImprovedScalarizedEI,re21,1130,1449.8566909223002,0.0283741000960628,
MOBOImprovedScalarizedEI,re21,1131,2886.3695604243985,0.0027614237491539,
MOBOImprovedScalarizedEI,re21,1132,1849.4893325866856,0.0163832700387652,
MOBOImprovedScalarizedEI,re21,1133,1567.6483523120182,0.0240922943967204,
MOBOImprovedScalarizedEI,re21,1134,1305.166850667303,0.0349630360078815,
MOBOImprovedScalarizedEI,re21,1135,2229.107854507732,0.0094519503557322,
MOBOImprovedScalarizedEI,re21,1136,1237.8414230005442,0.04,
MOBOImprovedScalarizedEI,re21,1137,1464.7272329281675,0.0277901382873239,
MOBOImprovedScalarizedEI,re21,1138,1370.1545984357097,0.0317931341015895,
MOBOImprovedScalarizedEI,re21,1139,2547.380829188664,0.0053861569635555,
MOBOImprovedScalarizedEI,re21,1140,1941.394980796913,0.0144167547848544,
MOBOImprovedScalarizedEI,re21,1141,2103.482417874749,0.0114285617786539,
MOBOImprovedScalarizedEI,re21,1142,1247.2266065382855,0.0391035486788821,
MOBOImprovedScalarizedEI,re21,1143,2886.36956042404,0.0027614237491559,
MOBOImprovedScalarizedEI,re21,1144,2886.369560424401,0.0027614237491539,
MOBOImprovedScalarizedEI,re21,1145,1785.6528350685708,0.0178785603428729,
MOBOImprovedScalarizedEI,re21,1146,1915.9067396906992,0.0149384925890679,
MOBOImprovedScalarizedEI,re21,1147,1319.5027493933778,0.034201452685146,
MOBOImprovedScalarizedEI,re21,1148,1292.9324337077603,0.035680678207968,
MOBOImprovedScalarizedEI,re21,1149,2365.58958218601,0.0075798576750725,
MOBOImprovedScalarizedEI,re21,1150,1716.778968277167,0.0196417556959662,
MOBOImprovedScalarizedEI,re21,1151,1265.794034529731,0.0375475067961125,
MOBOImprovedScalarizedEI,re21,1152,2562.2271217248885,0.0052286623582737,
MOBOImprovedScalarizedEI,re21,1153,1270.4454228480388,0.0371966088400138,
MOBOImprovedScalarizedEI,re21,1154,2886.3695604243603,0.0027614237491542,
MOBOImprovedScalarizedEI,re21,1155,2248.571699230344,0.0091577013905628,
MOBOImprovedScalarizedEI,re21,1156,1627.734279257009,0.0221864897213156,
MOBOImprovedScalarizedEI,re21,1157,1499.0354588307432,0.0264992757043571,
MOBOImprovedScalarizedEI,re21,1158,2506.344217477088,0.0058507048208211,
MOBOImprovedScalarizedEI,re21,1159,2815.426609609037,0.0031803157845717,
MOBOImprovedScalarizedEI,re21,1160,2608.049090998306,0.0047745636067669,
MOBOImprovedScalarizedEI,re21,1161,1237.8414230005442,0.04,
MOBOImprovedScalarizedEI,re21,1162,1356.3998179660575,0.0324457832572513,
MOBOImprovedScalarizedEI,re21,1163,1900.8958336105743,0.0152817548353625,
MOBOImprovedScalarizedEI,re21,1164,1431.3090755300009,0.0291598358717694,
MOBOImprovedScalarizedEI,re21,1165,1828.3469429432453,0.0168636212179332,
MOBOImprovedScalarizedEI,re21,1166,1551.6660135042778,0.0246273973249239,
MOBOImprovedScalarizedEI,re21,1167,1302.3846648680023,0.0351204013822808,
MOBOImprovedScalarizedEI,re21,1168,2226.226161321252,0.009491657981614,
MOBOImprovedScalarizedEI,re21,1169,2155.170583781436,0.0105801638212548,
MOBOImprovedScalarizedEI,re21,1170,2205.992145093955,0.0097883287600644,
MOBOImprovedScalarizedEI,re21,1171,2729.059506100845,0.0037672200793563,
MOBOImprovedScalarizedEI,re21,1172,1325.4949021055818,0.0339056200969277,
MOBOImprovedScalarizedEI,re21,1173,1465.4448360789254,0.027757849465293,
MOBOImprovedScalarizedEI,re21,1174,1367.7257664667711,0.0319427329223454,
MOBOImprovedScalarizedEI,re21,1175,1943.1203498266243,0.0143851466823193,
MOBOImprovedScalarizedEI,re21,1176,2100.3405439262974,0.0114818514979076,
MOBOImprovedScalarizedEI,re21,1177,1247.2201294355275,0.0391041394232802,
MOBOImprovedScalarizedEI,re21,1178,2886.369560424266,0.0027614237491547,
MOBOImprovedScalarizedEI,re21,1179,1786.8882004613308,0.0178535068294512,
MOBOImprovedScalarizedEI,re21,1180,1915.8212547033768,0.0149425930105648,
MOBOImprovedScalarizedEI,re21,1181,1320.5488379017363,0.0341489037399266,
MOBOImprovedScalarizedEI,re21,1182,1950.1864561972973,0.0142383941918025,
MOBOImprovedScalarizedEI,re21,1183,1293.0567519760843,0.0356730397662883,
MOBOImprovedScalarizedEI,re21,1184,2805.8463256280684,0.0032409527416216,
MOBOImprovedScalarizedEI,re21,1185,2359.5490273252403,0.0076349586406635,
MOBOImprovedScalarizedEI,re21,1186,1717.7841333874787,0.019619111519453,
MOBOImprovedScalarizedEI,re21,1187,1265.695479606611,0.0375550967149565,
MOBOImprovedScalarizedEI,re21,1188,2559.499233728627,0.0052571990937947,
MOBOImprovedScalarizedEI,re21,1189,1237.841423000547,0.0399999999999997,
MOBOImprovedScalarizedEI,re21,1190,1531.409570684648,0.0253283498029154,
MOBOImprovedScalarizedEI,re21,1191,1270.410673209596,0.037199178293876,
MOBOImprovedScalarizedEI,re21,1192,2247.736761732989,0.0091769883288241,
MOBOImprovedScalarizedEI,re21,1193,1628.066086709092,0.0221753428802036,
MOBOImprovedScalarizedEI,re21,1194,2504.879035051684,0.0058781578145966,
MOBOImprovedScalarizedEI,re21,1195,1792.0305296535344,0.01772332309814,
MOBOImprovedScalarizedEI,re21,1196,2047.9446150396484,0.0123924076168209,
MOBOImprovedScalarizedEI,re21,1197,2817.782489965664,0.003165561906388,
MOBOImprovedScalarizedEI,re21,1198,2605.362620569966,0.004799937074716,
MOBOImprovedScalarizedEI,re21,1199,1692.6078084851167,0.0203055980842122,
MOBOImprovedScalarizedEI,re21,1200,1237.8414230005442,0.04,
MOBOImprovedScalarizedEI,re21,1201,2313.452098319868,0.0082471285001585,
MOBOImprovedScalarizedEI,re21,1202,1352.9545225383963,0.032605185064538,
MOBOImprovedScalarizedEI,re21,1203,1897.5380446521192,0.0153243597606296,
MOBOImprovedScalarizedEI,re21,1204,1432.6948077109448,0.0290757680968488,
MOBOImprovedScalarizedEI,re21,1205,2886.369560424401,0.0027614237491539,
MOBOImprovedScalarizedEI,re21,1206,1549.838319093984,0.0246999762122494,
MOBOImprovedScalarizedEI,re21,1207,1302.3348954338169,0.0351232465711586,
MOBOImprovedScalarizedEI,re21,1208,2156.9559881007217,0.0105606731891155,
MOBOImprovedScalarizedEI,re21,1209,2729.822199760147,0.0037616120008791,
MOBOImprovedScalarizedEI,re21,1210,1324.033932310959,0.0339766061953372,
MOBOImprovedScalarizedEI,re21,1211,1373.1025619939992,0.0317196590398089,
MOBOImprovedScalarizedEI,re21,1212,1941.233784778743,0.0144194296947901,
MOBOImprovedScalarizedEI,re21,1213,2101.013054740392,0.011467474533404,
MOBOImprovedScalarizedEI,re21,1214,1247.3423907535362,0.0390929905865532,
MOBOImprovedScalarizedEI,re21,1215,2886.3695604231234,0.002761423749161,
MOBOImprovedScalarizedEI,re21,1216,1919.1293637352128,0.0148762190324768,
MOBOImprovedScalarizedEI,re21,1217,1319.6544934561855,0.0341938058214713,
MOBOImprovedScalarizedEI,re21,1218,1949.26411664745,0.0142587387599254,
MOBOImprovedScalarizedEI,re21,1219,1292.661576531465,0.0356973455379592,
MOBOImprovedScalarizedEI,re21,1220,2809.2826208174224,0.0032190842295955,
MOBOImprovedScalarizedEI,re34,0,1661.7078224999998,8.304599999999999,0.0708
MOBOImprovedScalarizedEI,re34,1,1670.6197232999998,8.476799999999997,0.0548000000000002
MOBOImprovedScalarizedEI,re34,2,1662.8777575795957,7.962034254247565,0.0944592970623325
MOBOImprovedScalarizedEI,re34,3,1669.9785510293189,7.014877244180579,0.0860887578366779
MOBOImprovedScalarizedEI,re34,4,1661.7078224999998,8.304599999999999,0.0708
MOBOImprovedScalarizedEI,re34,5,1661.7078224999998,8.304599999999999,0.0708
MOBOImprovedScalarizedEI,re34,6,1666.351829500015,6.944800000003283,0.0925999999999393
MOBOImprovedScalarizedEI,re34,7,1666.3518295000056,6.944800000000108,0.0925999999999901
MOBOImprovedScalarizedEI,re34,8,1661.7078225,8.3046,0.0707999999999997
MOBOImprovedScalarizedEI,re34,9,1666.3518295000056,6.944800000000106,0.0925999999999901
MOBOImprovedScalarizedEI,re34,10,1661.7078224999998,8.304599999999999,0.0708
MOBOImprovedScalarizedEI,re34,11,1666.3518295,6.944800000000005,0.0925999999999996
MOBOImprovedScalarizedEI,re34,12,1666.3518295000013,6.944800000000026,0.0925999999999976
MOBOImprovedScalarizedEI,re34,13,1666.3518295,6.9448,0.0926
MOBOImprovedScalarizedEI,re34,14,1666.3518295000003,6.944800000000007,0.0925999999999994
MOBOImprovedScalarizedEI,re34,15,1666.351829500018,6.944800000004336,0.0925999999999231
MOBOImprovedScalarizedEI,re34,16,1666.3518295000054,6.944800000000105,0.0925999999999903
MOBOImprovedScalarizedEI,re34,17,1661.7078225,8.30459999999997,0.0708000000000024
MOBOImprovedScalarizedEI,re34,18,1666.3518295000017,6.944800000000423,0.0925999999999925
MOBOImprovedScalarizedEI,re34,19,1666.3518295000065,6.944800000000233,0.0925999999999878
MOBOImprovedScalarizedEI,re34,20,1661.7078225,8.304599999999965,0.0708000000000028
MOBOImprovedScalarizedEI,re34,21,1666.3518295000013,6.944800000000266,0.0925999999999953
MOBOImprovedScalarizedEI,re34,22,1676.913068367095,7.532632499125486,0.0698347035383899
MOBOImprovedScalarizedEI,re34,23,1661.7078224999998,8.304599999999999,0.0708
MOBOImprovedScalarizedEI,re34,24,1664.835300137979,7.3888511451589185,0.1066810977793424
MOBOImprovedScalarizedEI,re34,25,1661.7078225000007,8.30459999999972,0.0708000000000242
MOBOImprovedScalarizedEI,re34,26,1661.7078224999998,8.30459999999999,0.0708000000000006
MOBOImprovedScalarizedEI,re34,27,1662.1449116161732,8.176617036113818,0.0810709135248577
MOBOImprovedScalarizedEI,re34,28,1661.707822500001,8.304599999999704,0.0708000000000255
MOBOImprovedScalarizedEI,re34,29,1661.7078225000007,8.304599999999734,0.070800000000023
MOBOImprovedScalarizedEI,re34,30,1661.7078225,8.3046,0.0707999999999997
MOBOImprovedScalarizedEI,re34,31,1666.3518295000003,6.944800000000042,0.0925999999999992
MOBOImprovedScalarizedEI,re34,32,1666.3518295000003,6.944800000000009,0.0925999999999992
MOBOImprovedScalarizedEI,re34,33,1684.779580418189,9.73647322185238,0.0512533875927607
MOBOImprovedScalarizedEI,re34,34,1666.3518295000013,6.944800000000025,0.0925999999999977
MOBOImprovedScalarizedEI,re34,35,1661.7078224999998,8.30459999999999,0.0708000000000006
MOBOImprovedScalarizedEI,re34,36,1666.3518295000003,6.944800000000008,0.0925999999999993
MOBOImprovedScalarizedEI,re34,37,1661.7078225000007,8.304599999999718,0.0708000000000243
MOBOImprovedScalarizedEI,re34,38,1661.7078224999998,8.304599999999988,0.0708000000000008
MOBOImprovedScalarizedEI,re34,39,1661.7078224999998,8.304599999999986,0.0708000000000009
MOBOImprovedScalarizedEI,re34,40,1661.7078225000007,8.304600000000015,0.0707999999999985
MOBOImprovedScalarizedEI,re34,41,1661.7078225000002,8.304599999999967,0.0708000000000028
MOBOImprovedScalarizedEI,re34,42,1675.2637302999992,7.1169999999999884,0.0766000000000015
MOBOImprovedScalarizedEI,re34,43,1675.4895831,6.142800000000004,0.2639999999999998
MOBOImprovedScalarizedEI,re34,44,1661.707822500001,8.304599999999706,0.0708000000000253
MOBOImprovedScalarizedEI,re34,45,1661.7078224999998,8.304599999999999,0.0708
MOBOImprovedScalarizedEI,re34,46,1666.3518295000013,6.944800000000025,0.0925999999999977
MOBOImprovedScalarizedEI,re34,47,1661.7078225,8.304599999999969,0.0708000000000025
MOBOImprovedScalarizedEI,re34,48,1666.3518295000245,6.94480000000603,0.0925999999998926
MOBOImprovedScalarizedEI,re34,49,1663.694250982864,8.34298271906643,0.0672336614108574
MOBOImprovedScalarizedEI,re34,50,1666.351829500005,6.944800000000196,0.0925999999999907
MOBOImprovedScalarizedEI,re34,51,1666.3518295000017,6.944800000000029,0.0925999999999974
MOBOImprovedScalarizedEI,re34,52,1666.3518295000006,6.944800000000011,0.0925999999999989
MOBOImprovedScalarizedEI,re34,53,1672.0052705501869,7.05403848586896,0.0824500826218293
MOBOImprovedScalarizedEI,re34,54,1661.7078225000002,8.304599999999908,0.0708000000000078
MOBOImprovedScalarizedEI,re34,55,1661.7078224999998,8.304599999999988,0.0708000000000008
MOBOImprovedScalarizedEI,re34,56,1666.3518295,6.9448,0.0926
MOBOImprovedScalarizedEI,re34,57,1661.7078224999998,8.304599999999999,0.0708
MOBOImprovedScalarizedEI,re34,58,1665.8315117345974,7.097152935168798,0.0997481152620524
MOBOImprovedScalarizedEI,re34,59,1661.7078224999998,8.304599999999999,0.0708
MOBOImprovedScalarizedEI,re34,60,1666.351829500001,6.944800000000022,0.0925999999999981
MOBOImprovedScalarizedEI,re34,61,1675.2637302999988,7.116999999999979,0.076600000000002
MOBOImprovedScalarizedEI,re34,62,1661.7078225,8.3046,0.0707999999999997
MOBOImprovedScalarizedEI,re34,63,1667.6320735342358,7.266022849736774,0.0872622718056696
MOBOImprovedScalarizedEI,re34,64,1666.3518295000074,6.944800000001801,0.0925999999999678
MOBOImprovedScalarizedEI,re34,65,1666.3518295000056,6.944800000000109,0.0925999999999899
MOBOImprovedScalarizedEI,re34,66,1666.3518294999988,6.944800000000298,0.0926000000000163
MOBOImprovedScalarizedEI,re34,67,1662.4095194122565,8.099137919039135,0.0864588490430222
MOBOImprovedScalarizedEI,re34,68,1666.3518295000013,6.944800000000024,0.0925999999999978
MOBOImprovedScalarizedEI,re34,69,1661.7078224999998,8.304599999999999,0.0708
MOBOImprovedScalarizedEI,re34,70,1661.7078224999998,8.30459999999999,0.0708000000000006
MOBOImprovedScalarizedEI,re34,71,1661.707822500001,8.304599999999677,0.0708000000000277
MOBOImprovedScalarizedEI,re34,72,1666.3518295000054,6.944800000000213,0.0925999999999895
MOBOImprovedScalarizedEI,re34,73,1666.3518295000003,6.944800000000009,0.0925999999999992
MOBOImprovedScalarizedEI,re34,74,1669.211721897682,8.479949918109641,0.0579458197816895
MOBOImprovedScalarizedEI,re34,75,1661.7078225,8.304599999999962,0.0708000000000031
MOBOImprovedScalarizedEI,re34,76,1661.707822500005,8.304600000000098,0.0707999999999906
MOBOImprovedScalarizedEI,re34,77,1661.7078225,8.304599999999953,0.0708000000000039
MOBOImprovedScalarizedEI,re34,78,1666.3518295000156,6.9448000000034895,0.0925999999999357
MOBOImprovedScalarizedEI,re34,79,1666.3518295,6.9448,0.0926
MOBOImprovedScalarizedEI,re34,80,1675.489583100001,6.14280000000002,0.2639999999999948
MOBOImprovedScalarizedEI,re34,81,1661.7078225,8.304599999999956,0.0708000000000037
MOBOImprovedScalarizedEI,re34,82,1666.3518295000003,6.944800000000009,0.0925999999999992
MOBOImprovedScalarizedEI,re34,83,1661.7078225000012,8.30459999999961,0.0708000000000338
MOBOImprovedScalarizedEI,re34,84,1661.707822500002,8.304600000000038,0.0707999999999962
MOBOImprovedScalarizedEI,re34,85,1661.7078224999998,8.304599999999999,0.0708
MOBOImprovedScalarizedEI,re34,86,1666.3518295000003,6.944800000000008,0.0925999999999993
MOBOImprovedScalarizedEI,re34,87,1666.3518295000067,6.944800000000132,0.0925999999999879
MOBOImprovedScalarizedEI,re34,88,1661.7078225,8.304599999999969,0.0708000000000025
MOBOImprovedScalarizedEI,re34,89,1666.3518295000003,6.944800000000009,0.0925999999999992
MOBOImprovedScalarizedEI,re34,90,1666.351829500001,6.944800000000022,0.0925999999999981
MOBOImprovedScalarizedEI,re34,91,1666.3518295000003,6.944800000000072,0.0925999999999988
MOBOImprovedScalarizedEI,re34,92,1661.7078225,8.304599999999985,0.070800000000001
MOBOImprovedScalarizedEI,re34,93,1661.7078224999998,8.304599999999999,0.0708
MOBOImprovedScalarizedEI,re34,94,1661.707822500001,8.304599999999713,0.0708000000000247
MOBOImprovedScalarizedEI,re34,95,1676.2600249641418,7.366140792220349,0.0723944223778174
MOBOImprovedScalarizedEI,re34,96,1661.7078225000014,8.304599999999574,0.0708000000000368
MOBOImprovedScalarizedEI,re34,97,1666.351829500001,6.944800000000023,0.092599999999998
MOBOImprovedScalarizedEI,re34,98,1661.7078224999998,8.304599999999995,0.0708000000000001
MOBOImprovedScalarizedEI,re34,99,1663.8756994332484,8.346488752611048,0.0669078975506574
MOBOImprovedScalarizedEI,re34,100,1662.7199819289076,8.008232188125113,0.0919824455715144
MOBOImprovedScalarizedEI,re34,101,1666.3518295,6.94480000000001,0.0925999999999998
MOBOImprovedScalarizedEI,re34,102,1666.3518295000017,6.944800000000035,0.0925999999999967
MOBOImprovedScalarizedEI,re34,103,1666.3518295000058,6.944800000000113,0.0925999999999895
MOBOImprovedScalarizedEI,re34,104,1661.7078225000075,8.304599999997842,0.0708000000001874
MOBOImprovedScalarizedEI,re34,105,1666.3518295000013,6.944800000000025,0.0925999999999977
MOBOImprovedScalarizedEI,re34,106,1661.7078225000098,8.304600000000148,0.0707999999999857
MOBOImprovedScalarizedEI,re34,107,1661.7078224999998,8.304599999999994,0.0708000000000003
MOBOImprovedScalarizedEI,re34,108,1661.7078224999998,8.304599999999999,0.0708
MOBOImprovedScalarizedEI,re34,109,1661.7078225,8.304599999999963,0.070800000000003
MOBOImprovedScalarizedEI,re34,110,1666.3518295,6.9448,0.0926
MOBOImprovedScalarizedEI,re34,111,1695.2002034999998,10.7454,0.0393999999999999
MOBOImprovedScalarizedEI,re34,112,1666.3518295,6.9448000000000105,0.0925999999999998
MOBOImprovedScalarizedEI,re34,113,1666.3518295000017,6.944800000000027,0.0925999999999976
MOBOImprovedScalarizedEI,re34,114,1666.3518295,6.94480000000001,0.0925999999999998
MOBOImprovedScalarizedEI,re34,115,1661.7078224999998,8.30459999999999,0.0708000000000006
MOBOImprovedScalarizedEI,re34,116,1661.7078224999998,8.304599999999994,0.0708000000000003
MOBOImprovedScalarizedEI,re34,117,1669.9388448157122,7.014110021662857,0.0861600444469944
MOBOImprovedScalarizedEI,re34,118,1661.7078225,8.304599999999985,0.070800000000001
MOBOImprovedScalarizedEI,re34,119,1666.351829500002,6.944800000000037,0.0925999999999966
MOBOImprovedScalarizedEI,re34,120,1661.707822500009,8.304600000001376,0.0707999999999879
MOBOImprovedScalarizedEI,re34,121,1664.3626482529075,8.355897810075565,0.0660336529546511
MOBOImprovedScalarizedEI,re34,122,1675.1339909249566,7.114493113884023,0.0768329278621117
MOBOImprovedScalarizedEI,re34,123,1665.708760404708,7.133095831352339,0.1010816393435251
MOBOImprovedScalarizedEI,re34,124,1670.77706298447,7.030306473100079,0.0846551476794352
MOBOImprovedScalarizedEI,re34,125,1661.7078224999998,8.304599999999999,0.0708
MOBOImprovedScalarizedEI,re34,126,1676.606654998969,7.454198946832504,0.0710163271957512
MOBOImprovedScalarizedEI,re34,127,1661.7078225000002,8.304600000000006,0.0707999999999992
MOBOImprovedScalarizedEI,re34,128,1675.2637303,7.117000000000025,0.0765999999999997
MOBOImprovedScalarizedEI,re34,129,1661.7078224999998,8.304599999999999,0.0708
MOBOImprovedScalarizedEI,re34,130,1666.3518295,6.9448,0.0926
MOBOImprovedScalarizedEI,re34,131,1661.7078225000005,8.304600000000008,0.0707999999999991
MOBOImprovedScalarizedEI,re34,132,1661.7078224999998,8.304599999999999,0.0708
MOBOImprovedScalarizedEI,re34,133,1675.2637303000006,7.117000000000122,0.0765999999999979
MOBOImprovedScalarizedEI,re34,134,1661.7078224999998,8.304599999999999,0.0708
MOBOImprovedScalarizedEI,re34,135,1661.7078224999998,8.304599999999999,0.0708
MOBOImprovedScalarizedEI,re34,136,1666.3518295000006,6.944800000000117,0.092599999999998
MOBOImprovedScalarizedEI,re34,137,1661.7078225000002,8.304600000000006,0.0707999999999992
MOBOImprovedScalarizedEI,re34,138,1666.3518295000065,6.944800000001615,0.0925999999999712
MOBOImprovedScalarizedEI,re34,139,1661.7078225000057,8.304600000000113,0.0707999999999894
MOBOImprovedScalarizedEI,re34,140,1661.7078225000043,8.304599999998816,0.0708000000001027
MOBOImprovedScalarizedEI,re34,141,1675.4895831000024,6.142800000000591,0.2639999999999767
MOBOImprovedScalarizedEI,re34,142,1661.7078224999998,8.304599999999999,0.0708
MOBOImprovedScalarizedEI,re34,143,1662.3934391794187,8.10384632925514,0.0861492870631016
MOBOImprovedScalarizedEI,re34,144,1665.4548492979072,7.207442534207564,0.1034125246144151
MOBOImprovedScalarizedEI,re34,145,1661.7078225000002,8.304600000000006,0.0707999999999992
MOBOImprovedScalarizedEI,re34,146,1668.3834846609475,7.459074424023921,0.0844085135254166
MOBOImprovedScalarizedEI,re34,147,1670.6197232999998,8.476799999999999,0.0548
MOBOImprovedScalarizedEI,re34,148,1675.4895831,6.1428,0.264
MOBOImprovedScalarizedEI,re34,149,1670.6197232999998,8.476799999999999,0.0548
MOBOImprovedScalarizedEI,re34,150,1666.351829500021,6.944800000000407,0.0925999999999625
MOBOImprovedScalarizedEI,re34,151,1661.7078224999998,8.304599999999999,0.0708
MOBOImprovedScalarizedEI,re34,152,1661.7078224999998,8.304599999999999,0.0708
MOBOImprovedScalarizedEI,re34,153,1661.7078225000005,8.304599999999875,0.0708000000000107
MOBOImprovedScalarizedEI,re34,154,1666.3518295000008,6.944800000000211,0.0925999999999962
MOBOImprovedScalarizedEI,re34,155,1675.2637303,7.117000000000024,0.0765999999999997
MOBOImprovedScalarizedEI,re34,156,1661.7078225000057,8.304600000000105,0.0707999999999901
MOBOImprovedScalarizedEI,re34,157,1666.3518295000024,6.9448000000000425,0.0925999999999962
MOBOImprovedScalarizedEI,re34,158,1666.3518295000142,6.944800000000277,0.0925999999999743
MOBOImprovedScalarizedEI,re34,159,1666.3518295000022,6.944800000000043,0.0925999999999961
MOBOImprovedScalarizedEI,re34,160,1666.3518295000133,6.94480000000027,0.0925999999999764
MOBOImprovedScalarizedEI,re34,161,1689.0290067658643,9.922527631031349,0.0441227726569059
MOBOImprovedScalarizedEI,re34,162,1661.7078225000002,8.30459999999988,0.0708000000000102
MOBOImprovedScalarizedEI,re34,163,1666.3518295,6.944800000000003,0.0925999999999999
MOBOImprovedScalarizedEI,re34,164,1661.7078225000012,8.30459999999959,0.0708000000000353
MOBOImprovedScalarizedEI,re34,165,1670.6197232999998,8.476799999999999,0.0548
MOBOImprovedScalarizedEI,re34,166,1661.7078224999998,8.304599999999999,0.0708
MOBOImprovedScalarizedEI,re34,167,1662.3042603108752,8.129958546075423,0.084390539654558
MOBOImprovedScalarizedEI,re34,168,1661.7078225000023,8.304599999999212,0.0708000000000683
MOBOImprovedScalarizedEI,re34,169,1666.3518295000003,6.94480000000011,0.092599999999998
MOBOImprovedScalarizedEI,re34,170,1674.7413666925831,7.106906641106553,0.0775378266103087
MOBOImprovedScalarizedEI,re34,171,1661.7078225000178,8.304600000000345,0.0707999999999678
MOBOImprovedScalarizedEI,re34,172,1661.7078225000002,8.304600000000008,0.0707999999999992
MOBOImprovedScalarizedEI,re34,173,1665.7135867926918,7.131682242237625,0.101031745033911
MOBOImprovedScalarizedEI,re34,174,1666.3518295000006,6.944800000000131,0.0925999999999978
MOBOImprovedScalarizedEI,re34,175,1666.3518295000006,6.944800000000132,0.0925999999999976
MOBOImprovedScalarizedEI,re34,176,1667.8129966912036,7.312200005567956,0.0865562796850268
MOBOImprovedScalarizedEI,re34,177,1675.2637303,7.117000000000025,0.0765999999999997
MOBOImprovedScalarizedEI,re34,178,1661.7078225000005,8.304599999999853,0.0708000000000125
MOBOImprovedScalarizedEI,re34,179,1675.4895831,6.142800000000002,0.2639999999999998
MOBOImprovedScalarizedEI,re34,180,1661.707822500006,8.304600000000116,0.0707999999999891
MOBOImprovedScalarizedEI,re34,181,1661.7078224999998,8.304599999999999,0.0708
MOBOImprovedScalarizedEI,re34,182,1661.7078225000043,8.304599999998802,0.0708000000001038
MOBOImprovedScalarizedEI,re34,183,1661.7078225000218,8.304599999993536,0.0708000000005618
MOBOImprovedScalarizedEI,re34,184,1661.7078225000043,8.304599999998816,0.0708000000001027
MOBOImprovedScalarizedEI,re34,185,1661.7078224999998,8.304599999999999,0.0708
MOBOImprovedScalarizedEI,re34,186,1661.7078224999998,8.304599999999999,0.0708
MOBOImprovedScalarizedEI,re34,187,1666.3518294999997,6.944800000000023,0.0926000000000012
MOBOImprovedScalarizedEI,re34,188,1666.3518295000065,6.944800000001575,0.092599999999972
MOBOImprovedScalarizedEI,re34,189,1661.7078225000002,8.30459999999989,0.0708000000000093
MOBOImprovedScalarizedEI,re34,190,1675.2637303,7.117000000000044,0.0765999999999993
MOBOImprovedScalarizedEI,re34,191,1661.7078224999998,8.304599999999999,0.0708
MOBOImprovedScalarizedEI,re34,192,1661.7078225000002,8.304599999999887,0.0708000000000097
MOBOImprovedScalarizedEI,re34,193,1661.7078225000005,8.304599999999903,0.0708000000000082
MOBOImprovedScalarizedEI,re34,194,1662.724692243521,8.00685293985456,0.092059614246929
MOBOImprovedScalarizedEI,re34,195,1661.7078225000002,8.304600000000006,0.0707999999999992
MOBOImprovedScalarizedEI,re34,196,1675.2637303,7.117000000000027,0.0765999999999997
MOBOImprovedScalarizedEI,re34,197,1666.3518295000003,6.944800000000006,0.0925999999999995
MOBOImprovedScalarizedEI,re34,198,1661.7078224999998,8.304599999999999,0.0708
MOBOImprovedScalarizedEI,re34,199,1661.7078225000005,8.304599999999834,0.0708000000000143
MOBOImprovedScalarizedEI,re34,200,1665.604154300156,7.163724893257608,0.1021117224864629
MOBOImprovedScalarizedEI,re34,201,1666.3518295000003,6.944800000000006,0.0925999999999995
MOBOImprovedScalarizedEI,re34,202,1666.3518295000003,6.944800000000006,0.0925999999999995
MOBOImprovedScalarizedEI,re34,203,1666.3518295000058,6.944800000001434,0.0925999999999745
MOBOImprovedScalarizedEI,re34,204,1661.7078225000014,8.304600000000029,0.0707999999999971
MOBOImprovedScalarizedEI,re34,205,1667.1467309344466,7.143105253249302,0.0892152789825943
MOBOImprovedScalarizedEI,re34,206,1675.2637303,7.117000000000025,0.0765999999999997
MOBOImprovedScalarizedEI,re34,207,1661.707822500021,8.304599999993824,0.0708000000005366
MOBOImprovedScalarizedEI,re34,208,1669.481277654443,7.005268871301397,0.0869815368238497
MOBOImprovedScalarizedEI,re34,209,1688.0941034827206,9.733488068696172,0.0453053419575855
MOBOImprovedScalarizedEI,re34,210,1661.7078225000005,8.30459999999984,0.0708000000000136
MOBOImprovedScalarizedEI,re34,211,1661.7078224999998,8.304599999999999,0.0708
MOBOImprovedScalarizedEI,re34,212,1666.351829500005,6.944800000000091,0.0925999999999915
MOBOImprovedScalarizedEI,re34,213,1661.7078224999998,8.304599999999994,0.0708000000000003
MOBOImprovedScalarizedEI,re34,214,1661.7078225000005,8.304599999999882,0.07080000000001
MOBOImprovedScalarizedEI,re34,215,1670.6197232999998,8.476799999999999,0.0548
MOBOImprovedScalarizedEI,re34,216,1661.7078224999998,8.304599999999997,0.0708
MOBOImprovedScalarizedEI,re34,217,1666.3518295000006,6.94480000000003,0.0925999999999988
MOBOImprovedScalarizedEI,re34,218,1661.7078225000052,8.304600000000102,0.0707999999999903
MOBOImprovedScalarizedEI,re34,219,1661.7078225000027,8.304599999999168,0.0708000000000723
MOBOImprovedScalarizedEI,re34,220,1666.3518294999994,6.944800000000103,0.0926000000000071
MOBOImprovedScalarizedEI,re34,221,1666.351829500005,6.944800000000094,0.0925999999999913
MOBOImprovedScalarizedEI,re34,222,1661.7078225000007,8.304600000000013,0.0707999999999986
MOBOImprovedScalarizedEI,re34,223,1661.7078225000005,8.304599999999898,0.0708000000000086
MOBOImprovedScalarizedEI,re34,224,1675.4895831,6.142800000000002,0.2639999999999998
MOBOImprovedScalarizedEI,re34,225,1662.5506278439427,8.057820288709266,0.0890761991896229
MOBOImprovedScalarizedEI,re34,226,1661.7078225000002,8.30459999999991,0.0708000000000076
MOBOImprovedScalarizedEI,re34,227,1661.7078225000052,8.304599999999905,0.0708000000000075
MOBOImprovedScalarizedEI,re34,228,1661.7078224999998,8.304599999999999,0.0708
MOBOImprovedScalarizedEI,re34,229,1661.7078225000062,8.304600000000121,0.0707999999999886
MOBOImprovedScalarizedEI,re34,230,1666.3518295000006,6.944800000000129,0.0925999999999978
MOBOImprovedScalarizedEI,re34,231,1670.6197232999998,8.476799999999999,0.0548
MOBOImprovedScalarizedEI,re34,232,1675.263730299989,7.116999999999787,0.0766000000000198
MOBOImprovedScalarizedEI,re34,233,1672.459081935122,7.062807245971301,0.081635331391475
MOBOImprovedScalarizedEI,re34,234,1661.707822500023,8.304599999993355,0.0708000000005812
MOBOImprovedScalarizedEI,re34,235,1663.596533313112,8.604404101853078,0.06890825498932
MOBOImprovedScalarizedEI,re34,236,1675.4895830999997,6.142800000000146,0.2639999999999874
MOBOImprovedScalarizedEI,re34,237,1665.45755110387,7.206652732061792,0.1033907663570043
MOBOImprovedScalarizedEI,re34,238,1661.7078224999998,8.304599999999999,0.0708
MOBOImprovedScalarizedEI,re34,239,1667.613606921166,7.261320495989448,0.0873350047567844
MOBOImprovedScalarizedEI,re34,240,1666.351829499994,6.944800000001752,0.0926000000000959
MOBOImprovedScalarizedEI,re34,241,1669.1832608096277,6.999510266918361,0.0875165837938812
MOBOImprovedScalarizedEI,re34,242,1661.7078225000002,8.304600000000008,0.0707999999999992
MOBOImprovedScalarizedEI,re34,243,1661.707822500001,8.304599999999652,0.07080000000003
MOBOImprovedScalarizedEI,re34,244,1673.191145967553,8.890168454920001,0.0525454052256035
MOBOImprovedScalarizedEI,re34,245,1666.3518294999992,6.944800000000155,0.0926000000000085
MOBOImprovedScalarizedEI,re34,246,1661.7078225000002,8.304600000000008,0.0707999999999992
MOBOImprovedScalarizedEI,re34,247,1666.3518295000003,6.944800000000089,0.0925999999999984
MOBOImprovedScalarizedEI,re34,248,1675.4895831,6.1428,0.264
MOBOImprovedScalarizedEI,re34,249,1661.7078225000223,8.304599999993531,0.0708000000005659
MOBOImprovedScalarizedEI,re34,250,1666.3518294999924,6.944800000002156,0.0926000000001184
MOBOImprovedScalarizedEI,re34,251,1661.7078225000002,8.30459999999995,0.0708000000000042
MOBOImprovedScalarizedEI,re34,252,1661.707822500001,8.304599999999658,0.0708000000000296
MOBOImprovedScalarizedEI,re34,253,1666.3518295,6.944800000000028,0.0925999999999998
MOBOImprovedScalarizedEI,re34,254,1675.4895830999997,6.1428000000001255,0.2639999999999896
MOBOImprovedScalarizedEI,re34,255,1661.707822500001,8.304599999999667,0.0708000000000289
MOBOImprovedScalarizedEI,re34,256,1663.9996052743145,7.633548854618191,0.1056540549395692
MOBOImprovedScalarizedEI,re34,257,1667.7162180871858,7.287475033855228,0.0869324369957799
MOBOImprovedScalarizedEI,re34,258,1661.7078224999998,8.304599999999999,0.0708
MOBOImprovedScalarizedEI,re34,259,1661.7078224999998,8.304599999999999,0.0708
MOBOImprovedScalarizedEI,re34,260,1661.7078224999998,8.304599999999999,0.0708
MOBOImprovedScalarizedEI,re34,261,1661.7078224999998,8.304599999999999,0.0708
MOBOImprovedScalarizedEI,re34,262,1661.7078225000002,8.304600000000004,0.0707999999999994
MOBOImprovedScalarizedEI,re34,263,1666.3518295,6.944800000000002,0.0925999999999998
MOBOImprovedScalarizedEI,re34,264,1661.707822500001,8.30459999999973,0.0708000000000231
MOBOImprovedScalarizedEI,re34,265,1661.7078225000034,8.304599999999047,0.0708000000000829
MOBOImprovedScalarizedEI,re34,266,1666.3518294999935,6.944800000001833,0.0926000000001005
MOBOImprovedScalarizedEI,re34,267,1666.3518295,6.944800000000002,0.0925999999999998
MOBOImprovedScalarizedEI,re34,268,1661.707822500001,8.304599999999663,0.070800000000029
MOBOImprovedScalarizedEI,re34,269,1666.351829500028,6.944800000006908,0.092599999999877
MOBOImprovedScalarizedEI,re34,270,1661.7078225,8.304599999999937,0.0708000000000052
MOBOImprovedScalarizedEI,re34,271,1666.3518295,6.944800000000068,0.092599999999999
MOBOImprovedScalarizedEI,re34,272,1670.3353003748846,7.021770525149465,0.0854482671173668
MOBOImprovedScalarizedEI,re34,273,1666.3518294999942,6.944800000001622,0.092600000000089
MOBOImprovedScalarizedEI,re34,274,1666.351829499999,6.944800000000258,0.0926000000000142
MOBOImprovedScalarizedEI,re34,275,1661.7078224999998,8.304599999999997,0.0708
MOBOImprovedScalarizedEI,re34,276,1661.7078225000012,8.304599999999583,0.070800000000036
MOBOImprovedScalarizedEI,re34,277,1675.4895831,6.142800000000031,0.2639999999999982
MOBOImprovedScalarizedEI,re34,278,1661.7078225000005,8.30459999999996,0.0708000000000032
MOBOImprovedScalarizedEI,re34,279,1661.7078225000012,8.304599999999644,0.0708000000000308
MOBOImprovedScalarizedEI,re34,280,1661.7078224999998,8.304599999999997,0.0708
MOBOImprovedScalarizedEI,re34,281,1664.1874484694613,7.57854696147673,0.1064288625698278
MOBOImprovedScalarizedEI,re34,282,1675.4895830999992,6.142800000000144,0.2639999999999888
MOBOImprovedScalarizedEI,re34,283,1666.3518295,6.944800000000045,0.0925999999999992
MOBOImprovedScalarizedEI,re34,284,1661.7078225000012,8.304599999999727,0.0708000000000235
MOBOImprovedScalarizedEI,re34,285,1661.7078225000012,8.304599999999693,0.070800000000027
MOBOImprovedScalarizedEI,re34,286,1666.3518295,6.94480000000003,0.0925999999999995
MOBOImprovedScalarizedEI,re34,287,1666.3518295,6.944800000000039,0.0925999999999993
MOBOImprovedScalarizedEI,re34,288,1661.7078225,8.304599999999972,0.0708000000000023
MOBOImprovedScalarizedEI,re34,289,1668.8106869272262,7.570320436034849,0.0828781109378999
MOBOImprovedScalarizedEI,re34,290,1661.707822500001,8.304599999999665,0.0708000000000289
MOBOImprovedScalarizedEI,re34,291,1666.3518295000013,6.944800000000307,0.0925999999999945
MOBOImprovedScalarizedEI,re34,292,1666.3518295,6.944800000000001,0.0925999999999999
MOBOImprovedScalarizedEI,re34,293,1661.707822500001,8.30459999999965,0.0708000000000301
MOBOImprovedScalarizedEI,re34,294,1661.7078225000034,8.304599999998986,0.0708000000000882
MOBOImprovedScalarizedEI,re34,295,1664.413976076816,8.356889590782666,0.0659415014371505
MOBOImprovedScalarizedEI,re34,296,1666.3518295000022,6.944800000000509,0.092599999999991
MOBOImprovedScalarizedEI,re34,297,1675.4895831000006,6.142800000000015,0.2639999999999968
MOBOImprovedScalarizedEI,re34,298,1661.7078225000037,8.304599999998976,0.0708000000000888
MOBOImprovedScalarizedEI,re34,299,1666.3518295,6.9448,0.0926
MOBOImprovedScalarizedEI,re34,300,1666.3518294999983,6.944800000000422,0.0926000000000231
MOBOImprovedScalarizedEI,re34,301,1675.4895830999997,6.142800000000043,0.2639999999999966
MOBOImprovedScalarizedEI,re34,302,1661.7078224999998,8.304599999999999,0.0708
MOBOImprovedScalarizedEI,re34,303,1661.7078224999998,8.30459999999999,0.0708000000000006
MOBOImprovedScalarizedEI,re34,304,1661.7078225,8.30459999999993,0.0708000000000058
MOBOImprovedScalarizedEI,re34,305,1666.3518295,6.9448000000000025,0.0925999999999998
MOBOImprovedScalarizedEI,re34,306,1666.3518295,6.944800000000031,0.0925999999999994
MOBOImprovedScalarizedEI,re34,307,1670.6535723438883,7.027920328013296,0.0848768568628818
MOBOImprovedScalarizedEI,re34,308,1675.2637302999883,7.116999999999779,0.0766000000000207
MOBOImprovedScalarizedEI,re34,309,1666.3518294999935,6.944800000001831,0.0926000000001005
MOBOImprovedScalarizedEI,re34,310,1666.3518295,6.944800000000031,0.0925999999999994
MOBOImprovedScalarizedEI,re34,311,1662.6000743142267,8.043341992983262,0.0899512405875565
MOBOImprovedScalarizedEI,re34,312,1665.726604241808,7.127870745298322,0.1008961554451119
MOBOImprovedScalarizedEI,re34,313,1675.4895830999994,6.142800000000128,0.2639999999999979
MOBOImprovedScalarizedEI,re34,314,1661.7078225000012,8.304599999999617,0.0708000000000332
MOBOImprovedScalarizedEI,re34,315,1661.7078225000005,8.304600000000011,0.0707999999999988
MOBOImprovedScalarizedEI,re34,316,1661.707822500001,8.30459999999966,0.0708000000000295
MOBOImprovedScalarizedEI,re34,317,1667.7870521191603,7.305566252535224,0.0866567849507116
MOBOImprovedScalarizedEI,re34,318,1670.4266439031871,7.023535508392198,0.0852842733201209
MOBOImprovedScalarizedEI,re34,319,1661.7078224999998,8.304599999999997,0.0708
MOBOImprovedScalarizedEI,re34,320,1666.3518295000026,6.9448000000000505,0.0925999999999953
MOBOImprovedScalarizedEI,re34,321,1661.7078224999998,8.304599999999999,0.0708
MOBOImprovedScalarizedEI,re34,322,1670.6197232999998,8.476799999999999,0.0548
MOBOImprovedScalarizedEI,re34,323,1661.7078224999998,8.304599999999997,0.0708
MOBOImprovedScalarizedEI,re34,324,1666.351829499971,6.944800000008415,0.0926000000004617
MOBOImprovedScalarizedEI,re34,325,1675.4895831,6.1428,0.264
MOBOImprovedScalarizedEI,re34,326,1661.7078224999998,8.304599999999999,0.0708
MOBOImprovedScalarizedEI,re34,327,1675.4895831,6.142800000000007,0.2639999999999991
MOBOImprovedScalarizedEI,re34,328,1661.7078225000012,8.304599999999585,0.0708000000000359
MOBOImprovedScalarizedEI,re34,329,1666.3518295,6.944800000000002,0.0925999999999998
MOBOImprovedScalarizedEI,re34,330,1661.7078224999998,8.304599999999999,0.0708
MOBOImprovedScalarizedEI,re34,331,1670.5410172359004,7.025745484505627,0.0850789329146924
MOBOImprovedScalarizedEI,re34,332,1661.7078225000748,8.304600000001436,0.0707999999998666
MOBOImprovedScalarizedEI,re34,333,1666.3518295000024,6.944800000000607,0.0925999999999893
MOBOImprovedScalarizedEI,re34,334,1675.2637302999683,7.116999999999394,0.0766000000000565
MOBOImprovedScalarizedEI,re34,335,1661.7078225,8.304599999999983,0.0708000000000014
MOBOImprovedScalarizedEI,re34,336,1661.7078225000037,8.304599999998922,0.0708000000000935
MOBOImprovedScalarizedEI,re34,337,1666.3518295000024,6.944800000000049,0.0925999999999956
MOBOImprovedScalarizedEI,re34,338,1663.1338802703133,8.529012866765799,0.0692510279923648
MOBOImprovedScalarizedEI,re34,339,1661.7078225000014,8.304599999999692,0.0708000000000265
MOBOImprovedScalarizedEI,re34,340,1661.7078224999998,8.304599999999999,0.0708
MOBOImprovedScalarizedEI,re34,341,1662.3302898666052,8.12233689722918,0.0849112311300108
MOBOImprovedScalarizedEI,re34,342,1670.6197232999998,8.476799999999999,0.0548
MOBOImprovedScalarizedEI,re34,343,1672.808957932239,7.069567716943755,0.0810071807755588
MOBOImprovedScalarizedEI,re34,344,1661.7078225000032,8.304600000000065,0.0707999999999938
MOBOImprovedScalarizedEI,re34,345,1665.045134935635,8.369085160024335,0.0648083494176319
MOBOImprovedScalarizedEI,re34,346,1670.6197232999943,8.476799999999894,0.0548000000000098
MOBOImprovedScalarizedEI,re34,347,1661.707822500004,8.304599999999867,0.0708000000000108
MOBOImprovedScalarizedEI,re34,348,1661.7078225000034,8.304600000000068,0.0707999999999935
MOBOImprovedScalarizedEI,re34,349,1661.7078225000043,8.304600000000102,0.0707999999999921
MOBOImprovedScalarizedEI,re34,350,1673.809404509075,8.9953912908405,0.0523638650719942
MOBOImprovedScalarizedEI,re34,351,1670.6197232999937,8.476799999999876,0.0548000000000113
MOBOImprovedScalarizedEI,re34,352,1661.7078225000043,8.304600000000082,0.0707999999999922
MOBOImprovedScalarizedEI,re34,353,1661.7078224999998,8.304599999999999,0.0708
MOBOImprovedScalarizedEI,re34,354,1675.2637303,7.117000000000001,0.0765999999999999
MOBOImprovedScalarizedEI,re34,355,1661.7078225000037,8.304600000000073,0.070799999999993
MOBOImprovedScalarizedEI,re34,356,1670.6197232999998,8.476799999999999,0.0548
MOBOImprovedScalarizedEI,re34,357,1676.7032217678584,7.478857483941266,0.0706402309160528
MOBOImprovedScalarizedEI,re34,358,1666.3518295000058,6.944800000000556,0.0925999999999852
MOBOImprovedScalarizedEI,re34,359,1661.7078225000037,8.304600000000072,0.0707999999999932
MOBOImprovedScalarizedEI,re34,360,1661.7078225003618,8.304600000007028,0.0707999999993515
MOBOImprovedScalarizedEI,re34,361,1689.6920521034638,10.059731731360596,0.0434777859945561
MOBOImprovedScalarizedEI,re34,362,1661.7078225000032,8.304600000000061,0.0707999999999941
MOBOImprovedScalarizedEI,re34,363,1670.6197232999996,8.476799999999992,0.0548000000000006
MOBOImprovedScalarizedEI,re34,364,1661.7078225000048,8.304600000000095,0.0707999999999911
MOBOImprovedScalarizedEI,re34,365,1671.8470072434668,8.669210847645417,0.0534223336454677
MOBOImprovedScalarizedEI,re34,366,1670.6197232999996,8.476799999999995,0.0548000000000003
MOBOImprovedScalarizedEI,re34,367,1661.7078225000034,8.304600000000068,0.0707999999999935
MOBOImprovedScalarizedEI,re34,368,1666.3518295000008,6.9448000000001855,0.0925999999999966
MOBOImprovedScalarizedEI,re34,369,1661.7078224999998,8.304599999999992,0.0708000000000005
MOBOImprovedScalarizedEI,re34,370,1661.7078225000034,8.304600000000066,0.0707999999999937
MOBOImprovedScalarizedEI,re34,371,1666.351829500017,6.9448000000003285,0.0925999999999698
MOBOImprovedScalarizedEI,re34,372,1662.2707650028372,8.139766223072975,0.0837115923759649
MOBOImprovedScalarizedEI,re34,373,1675.4895831,6.1428,0.264
MOBOImprovedScalarizedEI,re34,374,1672.0218642754528,7.054359117661291,0.0824202910419243
MOBOImprovedScalarizedEI,re34,375,1661.7078224999998,8.304599999999999,0.0708
MOBOImprovedScalarizedEI,re34,376,1665.6801404748828,7.141475572701394,0.101373183005279
MOBOImprovedScalarizedEI,re34,377,1661.7078224999998,8.304599999999999,0.0708
MOBOImprovedScalarizedEI,re34,378,1661.7078224999998,8.304599999999995,0.0708000000000001
MOBOImprovedScalarizedEI,re34,379,1666.3518295000026,6.944800000000051,0.0925999999999953
MOBOImprovedScalarizedEI,re34,380,1661.7078225000002,8.304600000000006,0.0707999999999992
MOBOImprovedScalarizedEI,re34,381,1666.3518295000024,6.944800000000045,0.0925999999999959
MOBOImprovedScalarizedEI,re34,382,1661.7078224999998,8.304599999999999,0.0708
MOBOImprovedScalarizedEI,re34,383,1661.7078225000052,8.3046000000001,0.0707999999999905
MOBOImprovedScalarizedEI,re34,384,1666.3518295000026,6.944800000000054,0.0925999999999951
MOBOImprovedScalarizedEI,re34,385,1666.3518295,6.9448,0.0926
MOBOImprovedScalarizedEI,re34,386,1661.7078225000057,8.304600000000105,0.0707999999999901
MOBOImprovedScalarizedEI,re34,387,1666.3518295000042,6.944800000000083,0.0925999999999926
MOBOImprovedScalarizedEI,re34,388,1661.7078225000248,8.304599999992671,0.0708000000006369
MOBOImprovedScalarizedEI,re34,389,1661.7078224999998,8.304599999999999,0.0708
MOBOImprovedScalarizedEI,re34,390,1661.7078225000002,8.304600000000008,0.0707999999999992
MOBOImprovedScalarizedEI,re34,391,1661.7078224999998,8.304599999999999,0.0708
MOBOImprovedScalarizedEI,re34,392,1661.7078224999998,8.304599999999999,0.0708
MOBOImprovedScalarizedEI,re34,393,1661.707822500004,8.304600000000075,0.0707999999999928
MOBOImprovedScalarizedEI,re34,394,1670.6197232999998,8.476799999999999,0.0548
MOBOImprovedScalarizedEI,re34,395,1661.707822500004,8.304599999999871,0.0708000000000107
MOBOImprovedScalarizedEI,re34,396,1661.707822500012,8.304600000001775,0.0707999999999836
MOBOImprovedScalarizedEI,re34,397,1666.3518295000038,6.944800000000106,0.0925999999999939
MOBOImprovedScalarizedEI,re34,398,1661.7078225000023,8.304600000000024,0.0707999999999975
MOBOImprovedScalarizedEI,re34,399,1661.7078225000052,8.3046000000001,0.0707999999999905
MOBOImprovedScalarizedEI,re34,400,1662.329139715123,8.122673671452722,0.0848883515109298
MOBOImprovedScalarizedEI,re34,401,1661.7078224999998,8.304599999999999,0.0708
MOBOImprovedScalarizedEI,re34,402,1672.6909137544485,7.067286810963602,0.0812191116410126
MOBOImprovedScalarizedEI,re34,403,1661.7078225000002,8.30459999999987,0.0708000000000113
MOBOImprovedScalarizedEI,re34,404,1661.7078224999998,8.304599999999999,0.0708
MOBOImprovedScalarizedEI,re34,405,1661.7078224999998,8.304599999999999,0.0708
MOBOImprovedScalarizedEI,re34,406,1665.7959346491143,7.107570172016152,0.1001484721465343
MOBOImprovedScalarizedEI,re34,407,1661.7078224999998,8.304599999999999,0.0708
MOBOImprovedScalarizedEI,re34,408,1666.3518295,6.944800000000001,0.0925999999999999
MOBOImprovedScalarizedEI,re34,409,1667.0875865856788,7.128221670553488,0.0894591620607983
MOBOImprovedScalarizedEI,re34,410,1666.3518295000026,6.944800000000051,0.0925999999999953
MOBOImprovedScalarizedEI,re34,411,1661.7078225000057,8.304600000000109,0.0707999999999897
MOBOImprovedScalarizedEI,re34,412,1666.3518295,6.9448,0.0926
MOBOImprovedScalarizedEI,re34,413,1661.7078224999998,8.304599999999999,0.0708
MOBOImprovedScalarizedEI,re34,414,1661.7078224999998,8.304599999999999,0.0708
MOBOImprovedScalarizedEI,re34,415,1670.6197232999948,8.4767999999999,0.0548000000000092
MOBOImprovedScalarizedEI,re34,416,1661.7078225000005,8.30460000000001,0.0707999999999989
MOBOImprovedScalarizedEI,re34,417,1661.7078225000037,8.304600000000072,0.0707999999999932
MOBOImprovedScalarizedEI,re34,418,1687.9192946592343,9.698715293976695,0.0455619255430274
MOBOImprovedScalarizedEI,re34,419,1661.7078224999998,8.304599999999994,0.0708000000000003
MOBOImprovedScalarizedEI,re34,420,1666.3518295000003,6.944800000000005,0.0925999999999995
MOBOImprovedScalarizedEI,re34,421,1661.7078224999998,8.304599999999999,0.0708
MOBOImprovedScalarizedEI,re34,422,1666.3518295000008,6.944800000000185,0.0925999999999967
MOBOImprovedScalarizedEI,re34,423,1666.351829500005,6.944800000000089,0.0925999999999918
MOBOImprovedScalarizedEI,re34,424,1666.3518295000456,6.944800000011267,0.0925999999997993
MOBOImprovedScalarizedEI,re34,425,1666.3518295000008,6.944800000000016,0.0925999999999987
MOBOImprovedScalarizedEI,re34,426,1666.3518294999978,6.944800000000564,0.092600000000031
MOBOImprovedScalarizedEI,re34,427,1675.263730299999,7.11699999999998,0.076600000000002
MOBOImprovedScalarizedEI,re34,428,1661.7078225000002,8.304599999999876,0.0708000000000105
MOBOImprovedScalarizedEI,re34,429,1666.3518295000033,6.944800000000103,0.092599999999994
MOBOImprovedScalarizedEI,re34,430,1662.4417635399343,8.089696571552848,0.0870726208115173
MOBOImprovedScalarizedEI,re34,431,1666.3518294999958,6.944800000001183,0.0926000000000645
MOBOImprovedScalarizedEI,re34,432,1666.3518294999851,6.944800000004256,0.0926000000002334
MOBOImprovedScalarizedEI,re34,433,1675.2637302999924,7.116999999999854,0.0766000000000136
MOBOImprovedScalarizedEI,re34,434,1661.7078225000037,8.304600000000073,0.070799999999993
MOBOImprovedScalarizedEI,re34,435,1666.3518295000006,6.94480000000001,0.0925999999999992
MOBOImprovedScalarizedEI,re34,436,1661.707822500001,8.3045999999997,0.0708000000000259
MOBOImprovedScalarizedEI,re34,437,1666.351829500001,6.944800000000051,0.092599999999998
MOBOImprovedScalarizedEI,re34,438,1665.0222754419308,7.334103377055675,0.1060561896281977
MOBOImprovedScalarizedEI,re34,439,1661.7078224999998,8.304599999999999,0.0708
MOBOImprovedScalarizedEI,re34,440,1675.2637303000013,7.117000000000317,0.0765999999999944
MOBOImprovedScalarizedEI,re34,441,1666.3518295000072,6.9448000000012025,0.0925999999999752
MOBOImprovedScalarizedEI,re34,442,1673.3182406858975,8.911614296887254,0.0524966734137961
MOBOImprovedScalarizedEI,re34,443,1668.172413167398,7.404508761366318,0.0851892832153918
MOBOImprovedScalarizedEI,re34,444,1661.7078225000057,8.3045999999985,0.0708000000001302
MOBOImprovedScalarizedEI,re34,445,1672.6842952964848,6.763682777927185,0.1993911478152988
MOBOImprovedScalarizedEI,re34,446,1661.7078225000037,8.30460000000007,0.0707999999999934
MOBOImprovedScalarizedEI,re34,447,1666.3518295000026,6.944800000000053,0.0925999999999952
MOBOImprovedScalarizedEI,re34,448,1669.4486590738177,7.004638418826586,0.0870401004574601
MOBOImprovedScalarizedEI,re34,449,1661.7078224999998,8.304599999999999,0.0708
MOBOImprovedScalarizedEI,re34,450,1661.7078225,8.304600000000002,0.0707999999999995
MOBOImprovedScalarizedEI,re34,451,1661.707822500004,8.304600000000082,0.0707999999999923
MOBOImprovedScalarizedEI,re34,452,1666.3518295000013,6.944800000000223,0.0925999999999955
MOBOImprovedScalarizedEI,re34,453,1675.2637303,7.117000000000289,0.0765999999999967
MOBOImprovedScalarizedEI,re34,454,1661.707822500001,8.304600000000018,0.0707999999999981
MOBOImprovedScalarizedEI,re34,455,1661.7078225000034,8.304600000000068,0.0707999999999935
MOBOImprovedScalarizedEI,re34,456,1666.3518295000056,6.944800000000472,0.0925999999999867
MOBOImprovedScalarizedEI,re34,457,1666.3518295,6.944800000000001,0.0925999999999999
MOBOImprovedScalarizedEI,re34,458,1661.7078225000012,8.304599999999668,0.0708000000000287
MOBOImprovedScalarizedEI,re34,459,1675.2637303,7.117000000000009,0.0765999999999998
MOBOImprovedScalarizedEI,re34,460,1666.3518294999994,6.944800000000105,0.0926000000000057
MOBOImprovedScalarizedEI,re34,461,1661.7078224999998,8.304599999999999,0.0708
MOBOImprovedScalarizedEI,re34,462,1661.7078225000012,8.304599999999681,0.0708000000000275
MOBOImprovedScalarizedEI,re34,463,1666.3518295000008,6.944800000000017,0.0925999999999984
MOBOImprovedScalarizedEI,re34,464,1666.351829500003,6.944800000000092,0.0925999999999945
MOBOImprovedScalarizedEI,re34,465,1662.1329722737996,8.18011297400735,0.0808130458027584
MOBOImprovedScalarizedEI,re34,466,1661.7078225000032,8.304600000000063,0.070799999999994
MOBOImprovedScalarizedEI,re34,467,1695.2002034999985,10.745399999999972,0.0394000000000095
MOBOImprovedScalarizedEI,re34,468,1661.7078224999998,8.304599999999999,0.0708
MOBOImprovedScalarizedEI,re34,469,1670.6197232999998,8.476799999999999,0.0548
MOBOImprovedScalarizedEI,re34,470,1665.1630121199462,7.292894625193822,0.1053796664414561
MOBOImprovedScalarizedEI,re34,471,1662.2121760427888,8.156921514489085,0.0824998830534227
MOBOImprovedScalarizedEI,re34,472,1666.3518295000003,6.944800000000083,0.0925999999999985
MOBOImprovedScalarizedEI,re34,473,1666.3518295000656,6.944800000001345,0.0925999999998816
MOBOImprovedScalarizedEI,re34,474,1666.3518295000003,6.944800000000091,0.0925999999999984
MOBOImprovedScalarizedEI,re34,475,1661.7078224999998,8.304599999999999,0.0708
MOBOImprovedScalarizedEI,re34,476,1666.3518295000003,6.944800000000095,0.0925999999999983
MOBOImprovedScalarizedEI,re34,477,1677.1262580719847,7.58753107001351,0.0690328321842795
MOBOImprovedScalarizedEI,re34,478,1666.3518295000003,6.944800000000087,0.0925999999999984
MOBOImprovedScalarizedEI,re34,479,1661.7078224999998,8.304599999999999,0.0708
MOBOImprovedScalarizedEI,re34,480,1666.3518295000003,6.944800000000091,0.0925999999999984
MOBOImprovedScalarizedEI,re34,481,1661.7078225,8.304599999999976,0.0708000000000019
MOBOImprovedScalarizedEI,re34,482,1671.05193358859,7.035617654080758,0.0841616581574401
MOBOImprovedScalarizedEI,re34,483,1661.7078224999998,8.304599999999999,0.0708
MOBOImprovedScalarizedEI,re34,484,1666.3518295000003,6.944800000000086,0.0925999999999985
MOBOImprovedScalarizedEI,re34,485,1695.2002034999998,10.745399999999982,0.0394000000000002
MOBOImprovedScalarizedEI,re34,486,1661.7078225,8.304599999999974,0.070800000000002
MOBOImprovedScalarizedEI,re34,487,1666.3518295000003,6.944800000000091,0.0925999999999984
MOBOImprovedScalarizedEI,re34,488,1661.7078225,8.304599999999981,0.0708000000000016
MOBOImprovedScalarizedEI,re34,489,1666.3518295000003,6.944800000000095,0.0925999999999983
MOBOImprovedScalarizedEI,re34,490,1675.2637303,7.117,0.0766
MOBOImprovedScalarizedEI,re34,491,1661.7078225000005,8.30459999999983,0.0708000000000146
MOBOImprovedScalarizedEI,re34,492,1678.683591334472,6.204516151281223,0.2467968916289276
MOBOImprovedScalarizedEI,re34,493,1666.3518294999565,6.94480000001326,0.0926000000007333
MOBOImprovedScalarizedEI,re34,494,1664.6645026097835,7.43886193946683,0.1069787998137471
MOBOImprovedScalarizedEI,re34,495,1661.7078225000005,8.304600000000006,0.0707999999999992
MOBOImprovedScalarizedEI,re34,496,1675.4895831,6.1428,0.264
MOBOImprovedScalarizedEI,re34,497,1662.1640179710057,8.171022552448024,0.0814809230036891
MOBOImprovedScalarizedEI,re34,498,1666.3518295000003,6.944800000000094,0.0925999999999983
MOBOImprovedScalarizedEI,re34,499,1666.3518295000003,6.944800000000097,0.0925999999999982
MOBOImprovedScalarizedEI,re34,500,1661.7078225000023,8.304599999999315,0.0708000000000594
MOBOImprovedScalarizedEI,re34,501,1666.3518294999967,6.94480000000102,0.0926000000000545
MOBOImprovedScalarizedEI,re34,502,1669.2993677228997,7.698899187418426,0.0812093026902353
MOBOImprovedScalarizedEI,re34,503,1661.7078225000046,8.304600000000088,0.0707999999999917
MOBOImprovedScalarizedEI,re34,504,1661.7078225,8.30459999999998,0.0708000000000016
MOBOImprovedScalarizedEI,re34,505,1661.7078225000023,8.304599999999262,0.070800000000064
MOBOImprovedScalarizedEI,re34,506,1667.9270629932278,6.975237413254626,0.0897719012074682
MOBOImprovedScalarizedEI,re34,507,1661.707822500044,8.304600000000852,0.0707999999999207
MOBOImprovedScalarizedEI,re34,508,1663.7508233122232,8.344075836609946,0.0671320941593544
MOBOImprovedScalarizedEI,re34,509,1684.4014839,6.315000000000048,0.2159999999999982
MOBOImprovedScalarizedEI,re34,510,1690.7404529725184,10.281986403219458,0.0427859811818899
MOBOImprovedScalarizedEI,re34,511,1661.7078225000023,8.304599999999269,0.0708000000000635
MOBOImprovedScalarizedEI,re34,512,1675.4895831,6.1428,0.264
MOBOImprovedScalarizedEI,re34,513,1666.3518295000003,6.944800000000082,0.0925999999999985
MOBOImprovedScalarizedEI,re34,514,1666.3518295000003,6.944800000000072,0.0925999999999988
MOBOImprovedScalarizedEI,re34,515,1675.4895830999972,6.142800000000673,0.2639999999999469
MOBOImprovedScalarizedEI,re34,516,1661.7078225000005,8.304600000000008,0.0707999999999991
MOBOImprovedScalarizedEI,re34,517,1661.7078225000005,8.304599999999887,0.0708000000000096
MOBOImprovedScalarizedEI,re34,518,1666.3518295000003,6.944800000000089,0.0925999999999984
MOBOImprovedScalarizedEI,re34,519,1661.7078225000182,8.304599999994629,0.0708000000004667
MOBOImprovedScalarizedEI,re34,520,1666.3518294999972,6.944800000000858,0.0926000000000452
MOBOImprovedScalarizedEI,re34,521,1664.6315396415862,7.448513743220497,0.1070062327816613
MOBOImprovedScalarizedEI,re34,522,1661.7078225,8.304599999999976,0.0708000000000019
MOBOImprovedScalarizedEI,re34,523,1673.329873321498,6.580488820430752,0.2234895778283616
MOBOImprovedScalarizedEI,re34,524,1661.7078224999998,8.304599999999999,0.0708
MOBOImprovedScalarizedEI,re34,525,1661.7078225000005,8.304599999999919,0.070800000000007
MOBOImprovedScalarizedEI,re34,526,1670.6197232999998,8.476799999999999,0.0548
MOBOImprovedScalarizedEI,re34,527,1661.7078224999998,8.304599999999999,0.0708
MOBOImprovedScalarizedEI,re34,528,1675.2637303,7.117000000000034,0.0765999999999993
MOBOImprovedScalarizedEI,re34,529,1671.5315645749774,7.0448853128786055,0.08330055164891
MOBOImprovedScalarizedEI,re34,530,1661.7078225,8.304599999999999,0.0707999999999998
MOBOImprovedScalarizedEI,re34,531,1661.7078225,8.304599999999999,0.0707999999999998
MOBOImprovedScalarizedEI,re34,532,1661.7078225000005,8.304599999999827,0.0708000000000148
MOBOImprovedScalarizedEI,re34,533,1661.7078224999998,8.304599999999999,0.0708
MOBOImprovedScalarizedEI,re34,534,1666.3518295000003,6.944800000000091,0.0925999999999984
MOBOImprovedScalarizedEI,re34,535,1684.4014839,6.315,0.2159999999999999
MOBOImprovedScalarizedEI,re34,536,1661.7078224999998,8.304599999999999,0.0708
MOBOImprovedScalarizedEI,re34,537,1666.3518295000003,6.944800000000073,0.0925999999999987
MOBOImprovedScalarizedEI,re34,538,1662.158960083217,8.17250354140232,0.0813727016359223
MOBOImprovedScalarizedEI,re34,539,1661.707822500001,8.304599999999809,0.0708000000000165
MOBOImprovedScalarizedEI,re34,540,1675.4895831,6.142800000000004,0.2639999999999995
MOBOImprovedScalarizedEI,re34,541,1661.7078225000005,8.304599999999896,0.0708000000000089
MOBOImprovedScalarizedEI,re34,542,1661.7078225000005,8.304599999999905,0.0708000000000081
MOBOImprovedScalarizedEI,re34,543,1670.5218632340102,8.026747471854023,0.0774170077093305
MOBOImprovedScalarizedEI,re34,544,1661.7078225,8.304599999999997,0.0707999999999999
MOBOImprovedScalarizedEI,re34,545,1661.7078225000005,8.304599999999919,0.070800000000007
MOBOImprovedScalarizedEI,re34,546,1661.7078225000005,8.304600000000008,0.0707999999999991
MOBOImprovedScalarizedEI,re34,547,1664.7627909393352,8.363629557816727,0.0653152559509014
MOBOImprovedScalarizedEI,re34,548,1665.4165502468686,7.218656763877624,0.1037140840698519
MOBOImprovedScalarizedEI,re34,549,1661.7078225,8.304599999999922,0.0708000000000066
MOBOImprovedScalarizedEI,re34,550,1666.3518294999944,6.94480000000157,0.092600000000086
MOBOImprovedScalarizedEI,re34,551,1661.7078225,8.304599999999928,0.0708000000000062
MOBOImprovedScalarizedEI,re34,552,1675.4895831,6.142800000000006,0.2639999999999995
MOBOImprovedScalarizedEI,re34,553,1661.7078225000005,8.304599999999825,0.070800000000015
MOBOImprovedScalarizedEI,re34,554,1672.115722731284,7.056172698610444,0.0822517820297813
MOBOImprovedScalarizedEI,re34,555,1661.707822500002,8.304599999999374,0.0708000000000542
MOBOImprovedScalarizedEI,re34,556,1661.7078225000005,8.3045999999998,0.0708000000000173
MOBOImprovedScalarizedEI,re34,557,1666.351829500001,6.9448000000000185,0.0925999999999983
MOBOImprovedScalarizedEI,re34,558,1661.707822500004,8.304600000000079,0.0707999999999925
MOBOImprovedScalarizedEI,re34,559,1666.3518295000003,6.944800000000096,0.0925999999999982
MOBOImprovedScalarizedEI,re34,560,1666.3518295000008,6.944800000000018,0.0925999999999984
MOBOImprovedScalarizedEI,re34,561,1661.7078225,8.304599999999978,0.0708000000000017
MOBOImprovedScalarizedEI,re34,562,1662.2796256989125,8.137171744647809,0.0838921736833208
MOBOImprovedScalarizedEI,re34,563,1666.3518295,6.944800000000001,0.0925999999999999
MOBOImprovedScalarizedEI,re34,564,1661.7078224999998,8.304599999999985,0.0708000000000011
MOBOImprovedScalarizedEI,re34,565,1677.666728813089,7.727913069327206,0.0670744266804847
MOBOImprovedScalarizedEI,re34,566,1661.7078225000096,8.304600000000201,0.0707999999999866
MOBOImprovedScalarizedEI,re34,567,1661.7078225000005,8.304599999999885,0.0708000000000098
MOBOImprovedScalarizedEI,re34,568,1675.2637303,7.117000000000032,0.0765999999999995
MOBOImprovedScalarizedEI,re34,569,1666.3518295000006,6.9448000000000105,0.092599999999999
MOBOImprovedScalarizedEI,re34,570,1666.3518294999392,6.944800000017733,0.0926000000009727
MOBOImprovedScalarizedEI,re37,0,0.3816999999999999,0.3504000000000001,0.0345999999999998
MOBOImprovedScalarizedEI,re37,1,0.3415660977334425,0.3491951577888322,0.1327378979411612
MOBOImprovedScalarizedEI,re37,2,1.0019999999999998,0.0059999999999999,0.03
MOBOImprovedScalarizedEI,re37,3,1.002,0.0059999999999999,0.03
MOBOImprovedScalarizedEI,re37,4,0.9656491549566568,0.007618031654781,0.1217366873874169
MOBOImprovedScalarizedEI,re37,5,1.0019999999999998,0.0059999999999999,0.03
MOBOImprovedScalarizedEI,re37,6,0.0846000000000085,0.4788999999999956,0.5004999999999922
MOBOImprovedScalarizedEI,re37,7,0.2622856903688161,0.3765327841063973,0.2702457588375885
MOBOImprovedScalarizedEI,re37,8,0.9544345608691944,0.0892286476897687,-0.0021623483686778
MOBOImprovedScalarizedEI,re37,9,0.896154694080351,0.0322948594376088,0.2254423693400365
MOBOImprovedScalarizedEI,re37,10,0.3003,0.7173999999999998,-0.4315
MOBOImprovedScalarizedEI,re37,11,0.2217631641428324,0.396638964194347,0.3288998182276624
MOBOImprovedScalarizedEI,re37,12,0.0665999999999999,1.096899999999999,0.3884
MOBOImprovedScalarizedEI,re37,13,0.3054756767409703,0.6110592638608877,-0.3114213221163741
MOBOImprovedScalarizedEI,re37,14,0.3107569517574898,0.5732625302614691,-0.2659418987158258
MOBOImprovedScalarizedEI,re37,15,0.0846000000000052,0.4788999999999965,0.5004999999999941
MOBOImprovedScalarizedEI,re37,16,0.3001870583700279,0.7042736572421955,-0.4172894887678971
MOBOImprovedScalarizedEI,re37,17,0.3004157766163334,0.6842763460987905,-0.3953144691209009
MOBOImprovedScalarizedEI,re37,18,0.3817000000000001,0.3503999999999998,0.0346000000000001
MOBOImprovedScalarizedEI,re37,19,0.3141369978214435,0.5541608265670884,-0.2423791241606599
MOBOImprovedScalarizedEI,re37,20,0.3095050487971733,0.5811265077890949,-0.275528866959122
MOBOImprovedScalarizedEI,re37,21,1.0019999999999325,0.0059999999999867,0.030000000000224
MOBOImprovedScalarizedEI,re37,22,0.0846000000000001,0.4788999999999999,0.5004999999999997
MOBOImprovedScalarizedEI,re37,23,0.0845999999999986,0.4789000000000349,0.5004999999999831
MOBOImprovedScalarizedEI,re37,24,0.9904075982895568,0.0048851569452236,0.0646707546617554
MOBOImprovedScalarizedEI,re37,25,0.6454000000001211,0.194799999999738,0.965999999999257
MOBOImprovedScalarizedEI,re37,26,0.0608322791737352,0.660582704402854,0.4554443545608432
MOBOImprovedScalarizedEI,re37,27,0.3816999999999881,0.350400000000025,0.034599999999963
MOBOImprovedScalarizedEI,re37,28,0.3002999999999998,0.7174000000000001,-0.4314999999999999
MOBOImprovedScalarizedEI,re37,29,0.2993220005275234,0.3611042578087331,0.2110477322939954
MOBOImprovedScalarizedEI,re37,30,0.3002999999999916,0.7173999999994488,-0.4314999999994062
MOBOImprovedScalarizedEI,re37,31,1.0019999999999991,0.0059999999999998,0.0300000000000024
MOBOImprovedScalarizedEI,re37,32,0.3071741674365656,0.5973731865024067,-0.2951273278074402
MOBOImprovedScalarizedEI,re37,33,1.0019999999998963,0.006000000000061,0.0300000000000366
MOBOImprovedScalarizedEI,re37,34,0.0115017493162876,0.8370140150958679,1.0153377112569535
MOBOImprovedScalarizedEI,re37,35,0.3563586806883055,0.4084492985022785,-0.0492653418389087
MOBOImprovedScalarizedEI,re37,36,1.001999999999991,0.0060000000000109,0.0300000000000023
MOBOImprovedScalarizedEI,re37,37,0.0846000000000756,0.4788999999999505,0.5004999999999131
MOBOImprovedScalarizedEI,re37,38,0.3160136313723836,0.5445853983097875,-0.230419150831776
MOBOImprovedScalarizedEI,re37,39,0.1682808345921056,0.4266482226650547,0.3997270496191754
MOBOImprovedScalarizedEI,re37,40,0.0845999999998775,0.4789000000007395,0.5004999999997867
MOBOImprovedScalarizedEI,re37,41,1.0019999999996303,0.0060000000002186,0.0300000000001352
MOBOImprovedScalarizedEI,re37,42,0.3002999999999999,0.7174,-0.4314999999999998
MOBOImprovedScalarizedEI,re37,43,0.3099057129387862,0.578553682916838,-0.2723995915796874
MOBOImprovedScalarizedEI,re37,44,0.3127763267693801,0.5615273469848917,-0.2515125486645449
MOBOImprovedScalarizedEI,re37,45,0.0846000000000001,0.4788999999999997,0.5005
MOBOImprovedScalarizedEI,re37,46,0.3002999999999357,0.7174000000000796,-0.4314999999992487
MOBOImprovedScalarizedEI,re37,47,1.0019999999999998,0.0059999999999999,0.03
MOBOImprovedScalarizedEI,re37,48,0.3002829451817152,0.7163237842289583,-0.4303412354480558
MOBOImprovedScalarizedEI,re37,49,0.3003052147171143,0.6897252702834302,-0.4013415282714182
MOBOImprovedScalarizedEI,re37,50,0.1335525891564875,0.4476806897767156,0.4427859173728599
MOBOImprovedScalarizedEI,re37,51,0.3816999999820506,0.3503999999935845,0.0346000000550346
MOBOImprovedScalarizedEI,re37,52,0.3148878146312365,0.5502544404344527,-0.2375119586661231
MOBOImprovedScalarizedEI,re37,53,0.3104274525120032,0.575283700273711,-0.2684122019007365
MOBOImprovedScalarizedEI,re37,54,0.0845999999999081,0.4789000000005234,0.5004999999998551
MOBOImprovedScalarizedEI,re37,55,0.0846000000000002,0.4788999999999997,0.5004999999999998
MOBOImprovedScalarizedEI,re37,56,0.9922445946683534,0.0049275903239359,0.0596223831652022
MOBOImprovedScalarizedEI,re37,57,0.1715978105101923,0.4246962090212708,0.3955065988708133
MOBOImprovedScalarizedEI,re37,58,1.001999999999992,0.0060000000000045,0.0300000000000028
MOBOImprovedScalarizedEI,re37,59,0.0600526120144422,0.6697748690978274,0.453441707734813
MOBOImprovedScalarizedEI,re37,60,0.0846000000000006,0.4788999999999995,0.5004999999999993
MOBOImprovedScalarizedEI,re37,61,0.3817000000000001,0.3503999999999999,0.0346000000000001
MOBOImprovedScalarizedEI,re37,62,0.3077733019573048,0.5929607182951799,-0.2898321316397497
MOBOImprovedScalarizedEI,re37,63,1.0019999999999911,0.0060000000000049,0.030000000000003
MOBOImprovedScalarizedEI,re37,64,0.0195472274646824,0.7158471214360612,1.0471044526509814
MOBOImprovedScalarizedEI,re37,65,0.3551786122332251,0.4114667060915415,-0.0535130773694861
MOBOImprovedScalarizedEI,re37,66,0.9462999999999964,0.19400000000001,-0.1609999999999627
MOBOImprovedScalarizedEI,re37,67,0.95653481660169,0.08321524236759,0.0032182281182773
MOBOImprovedScalarizedEI,re37,68,0.0846000000000057,0.4788999999999962,0.5004999999999933
MOBOImprovedScalarizedEI,re37,69,0.3162882451958723,0.5432345153744216,-0.2287238381130711
MOBOImprovedScalarizedEI,re37,70,0.6920000000009765,0.1529999999993408,0.3699999999995803
MOBOImprovedScalarizedEI,re37,71,0.3002999999999955,0.7174000000000053,-0.4314999999999506
MOBOImprovedScalarizedEI,re37,72,0.0846000000000055,0.4788999999999964,0.5004999999999941
MOBOImprovedScalarizedEI,re37,73,0.3002999999999922,0.7173999999994704,-0.4314999999994282
MOBOImprovedScalarizedEI,re37,74,1.0019999999999998,0.0059999999999999,0.03
MOBOImprovedScalarizedEI,re37,75,0.3002999999999978,0.7174000000000024,-0.4314999999999774
MOBOImprovedScalarizedEI,re37,76,0.3099668715211868,0.5781657839608509,-0.2719271865802735
MOBOImprovedScalarizedEI,re37,77,0.3131165317304508,0.5596484927683518,-0.249188603095187
MOBOImprovedScalarizedEI,re37,78,0.3002999999999958,0.7174000000000048,-0.4314999999999515
MOBOImprovedScalarizedEI,re37,79,0.0845999999999082,0.4789000000005232,0.500499999999855
MOBOImprovedScalarizedEI,re37,80,0.0845999999999928,0.47890000000004,0.500499999999989
MOBOImprovedScalarizedEI,re37,81,0.3003266749513784,0.6885130981468363,-0.4000032944495914
MOBOImprovedScalarizedEI,re37,82,0.1338998368719655,0.4474653923635702,0.4423648414532441
MOBOImprovedScalarizedEI,re37,83,0.7660272947157818,0.1429181132141209,0.08680117281331
MOBOImprovedScalarizedEI,re37,84,0.3153982555017073,0.5476572799638565,-0.2342668637997262
MOBOImprovedScalarizedEI,re37,85,0.3105677840839832,0.5744188709366721,-0.2673557291269214
MOBOImprovedScalarizedEI,re37,86,0.0845999999999998,0.4789000000000086,0.5004999999999956
MOBOImprovedScalarizedEI,re37,87,0.0846000000000093,0.4788999999999939,0.5004999999999895
MOBOImprovedScalarizedEI,re37,88,0.9732945081114452,0.0062302668322278,0.1059208793048964
MOBOImprovedScalarizedEI,re37,89,0.1803288250930137,0.4196101812233579,0.3842986335762033
MOBOImprovedScalarizedEI,re37,90,0.0665999999999785,1.0968999999998053,0.3884000000000176
MOBOImprovedScalarizedEI,re37,91,0.0845999999999999,0.4789,0.5005
MOBOImprovedScalarizedEI,re37,92,0.3598997714512437,0.3473249638216075,0.0924974038311142
MOBOImprovedScalarizedEI,re37,93,0.3062883253957941,0.3586317599034279,0.1990984096373758
MOBOImprovedScalarizedEI,re37,94,0.300299999999996,0.7174000000000021,-0.4314999999999509
MOBOImprovedScalarizedEI,re37,95,0.3076929401678054,0.5935419394092852,-0.2905308011881088
MOBOImprovedScalarizedEI,re37,96,1.0019999999999436,0.005999999999989,0.030000000000186
MOBOImprovedScalarizedEI,re37,97,0.010673909702201,0.8577310902674868,1.0102702036024749
MOBOImprovedScalarizedEI,re37,98,0.3546045496477001,0.4129470580737392,-0.0555930602352101
MOBOImprovedScalarizedEI,re37,99,0.3002999999999975,0.7174000000000027,-0.4314999999999729
MOBOImprovedScalarizedEI,re37,100,1.002,0.0059999999999999,0.03
MOBOImprovedScalarizedEI,re37,101,0.0846000000000007,0.4788999999999994,0.5004999999999993
MOBOImprovedScalarizedEI,re37,102,0.3162478220302712,0.5434326130495815,-0.2289725684999412
MOBOImprovedScalarizedEI,re37,103,0.1734607490240873,0.4236045942485877,0.3931273040240314
MOBOImprovedScalarizedEI,re37,104,0.0845999999999991,0.4789000000000306,0.5004999999999848
MOBOImprovedScalarizedEI,re37,105,1.0019999999999971,0.0060000000000028,0.0300000000000008
MOBOImprovedScalarizedEI,re37,106,0.300299999999998,0.7174000000000021,-0.4314999999999788
MOBOImprovedScalarizedEI,re37,107,0.3098804115466406,0.5787145236891978,-0.2725954254464198
MOBOImprovedScalarizedEI,re37,108,0.3129584730978626,0.560518194890117,-0.2502648062676549
MOBOImprovedScalarizedEI,re37,109,0.3002999999999953,0.7174000000000056,-0.4314999999999389
MOBOImprovedScalarizedEI,re37,110,0.0845999999999791,0.478900000000119,0.5004999999999667
MOBOImprovedScalarizedEI,re37,111,0.0846000000000176,0.4788999999999883,0.5004999999999795
MOBOImprovedScalarizedEI,re37,112,0.3002999999999924,0.7173999999994752,-0.4314999999994334
MOBOImprovedScalarizedEI,re37,113,0.3003299264132431,0.6883378200253277,-0.399809667332731
MOBOImprovedScalarizedEI,re37,114,0.1332173917847227,0.447888605293964,0.4431922113059399
MOBOImprovedScalarizedEI,re37,115,0.3816999999999997,0.3503999999999999,0.0346000000000005
MOBOImprovedScalarizedEI,re37,116,0.3003000000000198,0.7173999999986418,-0.4314999999985181
MOBOImprovedScalarizedEI,re37,117,0.3151987436897228,0.5486669671465707,-0.2355293160467522
MOBOImprovedScalarizedEI,re37,118,0.3104724084626061,0.5750059884126202,-0.268073037026119
MOBOImprovedScalarizedEI,re37,119,1.001999999999991,0.0060000000000107,0.0300000000000025
MOBOImprovedScalarizedEI,re37,120,0.084599999999999,0.4789000000000343,0.5004999999999826
MOBOImprovedScalarizedEI,re37,121,0.0846000000000003,0.4788999999999998,0.5004999999999997
MOBOImprovedScalarizedEI,re37,122,0.9904525173329556,0.0048856778968128,0.0645490253277389
MOBOImprovedScalarizedEI,re37,123,0.3002999999999955,0.7174000000000049,-0.4314999999999505
MOBOImprovedScalarizedEI,re37,124,0.1782485226241541,0.4208150066516795,0.3869823851428176
MOBOImprovedScalarizedEI,re37,125,1.0019999999999516,0.0060000000000284,0.0300000000000173
MOBOImprovedScalarizedEI,re37,126,0.0590715633817407,0.6820807329101729,0.4508017696946232
MOBOImprovedScalarizedEI,re37,127,0.0846000000000009,0.4788999999999994,0.5004999999999992
MOBOImprovedScalarizedEI,re37,128,0.275997498056332,0.7496024466195487,-0.1678747021291993
MOBOImprovedScalarizedEI,re37,129,0.3101862455275462,0.3573213148798349,0.1922738661248418
MOBOImprovedScalarizedEI,re37,130,0.3002999999999944,0.7173999999996745,-0.431499999999648
MOBOImprovedScalarizedEI,re37,131,0.3002999999998142,0.7174000000005722,-0.4314999999970988
MOBOImprovedScalarizedEI,re37,132,0.307683409526446,0.5936110808539359,-0.2906138904501182
MOBOImprovedScalarizedEI,re37,133,0.944699048378382,0.1334735598289676,-0.0548288365461044
MOBOImprovedScalarizedEI,re37,134,0.0154295814853094,0.767714601091296,1.0330585832016357
MOBOImprovedScalarizedEI,re37,135,0.3553828763847289,0.4109419530983315,-0.0527751406580694
MOBOImprovedScalarizedEI,re37,136,0.9830982749212296,0.0313291645729957,0.0303355765672578
MOBOImprovedScalarizedEI,re37,137,0.0846000000001009,0.4788999999999713,0.5004999999998639
MOBOImprovedScalarizedEI,re37,138,0.3162789199971326,0.5432801915787491,-0.2287811927393838
MOBOImprovedScalarizedEI,re37,139,0.6920000000001882,0.1529999999998728,0.369999999999919
MOBOImprovedScalarizedEI,re37,140,0.3002999999999999,0.7174,-0.4314999999999998
MOBOImprovedScalarizedEI,re37,141,0.0845999999999796,0.4789000000001159,0.5004999999999679
MOBOImprovedScalarizedEI,re37,142,1.0019999999999998,0.0059999999999999,0.03
MOBOImprovedScalarizedEI,re37,143,0.3002999999999921,0.717399999999463,-0.431499999999421
MOBOImprovedScalarizedEI,re37,144,0.3098337783636239,0.5790115362396298,-0.2729569847269619
MOBOImprovedScalarizedEI,re37,145,0.3129017561102908,0.560831626122768,-0.2506524584133591
MOBOImprovedScalarizedEI,re37,146,0.3002999999999995,0.717399999999987,-0.4314999999999859
MOBOImprovedScalarizedEI,re37,147,0.0845999999999999,0.4789,0.5005
MOBOImprovedScalarizedEI,re37,148,0.0845999999999999,0.4789,0.5005
MOBOImprovedScalarizedEI,re37,149,1.0019999999999998,0.0059999999999999,0.03
MOBOImprovedScalarizedEI,re37,150,0.3002622839440515,0.714882699880092,-0.4287878459704082
MOBOImprovedScalarizedEI,re37,151,0.3003329783637222,0.6881751061796533,-0.3996298924810384
MOBOImprovedScalarizedEI,re37,152,0.1332429256186827,0.4478727641332657,0.443161267510509
MOBOImprovedScalarizedEI,re37,153,0.7584507680265546,0.1472119650657419,0.087671112499829
MOBOImprovedScalarizedEI,re37,154,0.3151878505562017,0.5487222941046535,-0.2355984615483554
MOBOImprovedScalarizedEI,re37,155,0.3105151223144352,0.5747427041967079,-0.2677514163511372
MOBOImprovedScalarizedEI,re37,156,0.0845999999999996,0.4789000000000318,0.5004999999999833
MOBOImprovedScalarizedEI,re37,157,0.0846000000000053,0.4788999999999965,0.5004999999999941
MOBOImprovedScalarizedEI,re37,158,0.9780740847947884,0.0055817500874639,0.0953060075691325
MOBOImprovedScalarizedEI,re37,159,0.3002999999999914,0.7173999999993859,-0.4314999999993354
MOBOImprovedScalarizedEI,re37,160,0.3002999999999996,0.7173999999999653,-0.4314999999999624
MOBOImprovedScalarizedEI,re37,161,0.1781187638746952,0.4208903047499295,0.3871495048985224
MOBOImprovedScalarizedEI,re37,162,1.002,0.0059999999999999,0.03
MOBOImprovedScalarizedEI,re37,163,0.0666000000000113,1.0968999999999836,0.3883999999999836
MOBOImprovedScalarizedEI,re37,164,0.0845999999999999,0.4789,0.5005
MOBOImprovedScalarizedEI,re37,165,0.3002999999999961,0.7174000000000047,-0.4314999999999565
MOBOImprovedScalarizedEI,re37,166,0.6454,0.1947999999999999,0.9659999999999996
MOBOImprovedScalarizedEI,re37,167,0.3002999999999999,0.7173999999999999,-0.4315
MOBOImprovedScalarizedEI,re37,168,0.3120269152622381,0.3567218959228747,0.1890144102594611
MOBOImprovedScalarizedEI,re37,169,1.0019999999999023,0.0060000000000577,0.0300000000000347
MOBOImprovedScalarizedEI,re37,170,0.300299999999995,0.7173999999996756,-0.4314999999996483
MOBOImprovedScalarizedEI,re37,171,0.3076410531766504,0.5939189079860845,-0.2909837540589218
MOBOImprovedScalarizedEI,re37,172,0.9462999999999998,0.194,-0.1609999999999999
MOBOImprovedScalarizedEI,re37,173,0.010612081470618,0.8594574307043968,1.0098526856074217
MOBOImprovedScalarizedEI,re37,174,0.3545127501014967,0.413184555056251,-0.0559265145038165
MOBOImprovedScalarizedEI,re37,175,0.3162679320381439,0.543334029796107,-0.2288487932594026
MOBOImprovedScalarizedEI,re37,176,0.3002999999999999,0.7173999999999999,-0.4315
MOBOImprovedScalarizedEI,re37,177,0.1733476227900295,0.4236707844937426,0.3932719710286668
MOBOImprovedScalarizedEI,re37,178,0.3002999999999943,0.7173999999996628,-0.4314999999996349
MOBOImprovedScalarizedEI,re37,179,0.0845999999999996,0.4789000000000017,0.5004999999999995
MOBOImprovedScalarizedEI,re37,180,0.3002999999999947,0.7173999999996734,-0.4314999999996464
MOBOImprovedScalarizedEI,re37,181,1.0019999999998552,0.0060000000000801,0.0300000000000724
MOBOImprovedScalarizedEI,re37,182,0.3003000000000001,0.7173999999999969,-0.4314999999999964
MOBOImprovedScalarizedEI,re37,183,0.3099652486129308,0.5781760611262667,-0.2719397047540632
MOBOImprovedScalarizedEI,re37,184,0.3130304333809917,0.5601215564326948,-0.2497740915706142
MOBOImprovedScalarizedEI,re37,185,0.3002999999999939,0.7173999999996471,-0.4314999999996179
MOBOImprovedScalarizedEI,re37,186,0.0846000000000012,0.4788999999999996,0.5004999999999986
MOBOImprovedScalarizedEI,re37,187,0.084599999999987,0.4789000000000752,0.5004999999999789
MOBOImprovedScalarizedEI,re37,188,0.3002999999999959,0.7174000000000047,-0.4314999999999517
MOBOImprovedScalarizedEI,re37,189,1.00199999999963,0.0060000000002187,0.0300000000001354
MOBOImprovedScalarizedEI,re37,190,0.3003153940610017,0.6891376510909073,-0.4006929808177552
MOBOImprovedScalarizedEI,re37,191,0.1327215496282172,0.4481963260027504,0.443792918463947
MOBOImprovedScalarizedEI,re37,192,0.3817,0.3503999999999998,0.0346000000000004
MOBOImprovedScalarizedEI,re37,193,0.3152453682179787,0.5484303921801467,-0.2352336162610023
MOBOImprovedScalarizedEI,re37,194,0.3105636200133349,0.5744444462843031,-0.2673869833324107
MOBOImprovedScalarizedEI,re37,195,1.0019999999999945,0.0060000000000032,0.0300000000000021
MOBOImprovedScalarizedEI,re37,196,0.0846000000000003,0.4788999999999997,0.5004999999999997
MOBOImprovedScalarizedEI,re37,197,0.0845999999999881,0.4789000000000443,0.5005000000000657
MOBOImprovedScalarizedEI,re37,198,0.9895764461288336,0.0048800441927403,0.0669081217190595
MOBOImprovedScalarizedEI,re37,199,0.3002999999999922,0.7173999999994946,-0.431499999999455
MOBOImprovedScalarizedEI,re37,200,0.1811022624136922,0.4191633784488616,0.3832986772073533
MOBOImprovedScalarizedEI,re37,201,1.0019999999996303,0.0060000000002186,0.0300000000001351
MOBOImprovedScalarizedEI,re37,202,0.0591907808568613,0.6805359635383538,0.4511305872802574
MOBOImprovedScalarizedEI,re37,203,0.0845999999999999,0.4789,0.5005
MOBOImprovedScalarizedEI,re37,204,0.3002999999999941,0.7173999999996679,-0.4314999999996395
MOBOImprovedScalarizedEI,re37,205,0.3116295063599362,0.3568502308518409,0.1897201919721611
MOBOImprovedScalarizedEI,re37,206,1.0019999999999996,0.0060000000000001,0.0300000000000001
MOBOImprovedScalarizedEI,re37,207,0.3002999999999998,0.7174000000000001,-0.4314999999999999
MOBOImprovedScalarizedEI,re37,208,0.3077312862851128,0.5932642014733795,-0.2901969805803727
MOBOImprovedScalarizedEI,re37,209,0.965641489961361,0.0617550589591677,0.0187341840642693
MOBOImprovedScalarizedEI,re37,210,0.0136270486631529,0.7957126794612959,1.025755797221736
MOBOImprovedScalarizedEI,re37,211,0.3547153833528137,0.4126606017351933,-0.055190775847335
MOBOImprovedScalarizedEI,re37,212,0.0845999999998604,0.4789000000007966,0.5004999999997792
MOBOImprovedScalarizedEI,re37,213,0.3163216899239356,0.5430708107059352,-0.2285182592025559
MOBOImprovedScalarizedEI,re37,214,0.692000000000164,0.1529999999998892,0.3699999999999294
MOBOImprovedScalarizedEI,re37,215,0.0845999999999926,0.4789000000000425,0.5004999999999881
MOBOImprovedScalarizedEI,re37,216,0.3002999999999949,0.7173999999996826,-0.4314999999996583
MOBOImprovedScalarizedEI,re37,217,0.3099256794330484,0.5784269077715515,-0.2722452153612539
MOBOImprovedScalarizedEI,re37,218,0.3129834867850156,0.5603801913883882,-0.2500940897993712
MOBOImprovedScalarizedEI,re37,219,0.3002999999999985,0.7173999999999221,-0.431499999999916
MOBOImprovedScalarizedEI,re37,220,0.0846000000000015,0.4788999999999995,0.5004999999999984
MOBOImprovedScalarizedEI,re37,221,0.0846000000000003,0.4788999999999998,0.5004999999999997
MOBOImprovedScalarizedEI,re37,222,1.0019999999999625,0.0060000000000453,0.0300000000000091
MOBOImprovedScalarizedEI,re37,223,0.3003238544750983,0.6886668060556552,-0.4001730681767746
MOBOImprovedScalarizedEI,re37,224,0.1326321626034841,0.4482518201599676,0.443901171191646
MOBOImprovedScalarizedEI,re37,225,0.7617101696872445,0.1453656118754552,0.0873047989488049
MOBOImprovedScalarizedEI,re37,226,0.3002999999999923,0.7174000000000093,-0.4314999999999108
MOBOImprovedScalarizedEI,re37,227,0.3152507043721085,0.548403340450648,-0.2351997998876234
MOBOImprovedScalarizedEI,re37,228,0.3105241346577296,0.5746872244732386,-0.2676836344193384
MOBOImprovedScalarizedEI,re37,229,0.9462999999993932,0.1940000000004961,-0.1609999999998182
MOBOImprovedScalarizedEI,re37,230,0.0845999999999897,0.4789000000000594,0.5004999999999834
MOBOImprovedScalarizedEI,re37,231,0.0845999999998551,0.4789000000008292,0.5004999999997698
MOBOImprovedScalarizedEI,re37,232,0.9768092522065516,0.0057353756837388,0.0981748015217101
MOBOImprovedScalarizedEI,re37,233,0.1806616479294469,0.4194178384587216,0.3838684802808873
MOBOImprovedScalarizedEI,re37,234,0.066600000000132,1.0968999999998166,0.3883999999998006
MOBOImprovedScalarizedEI,re37,235,0.3105694432478635,0.3571954772896952,0.1915972873053298
MOBOImprovedScalarizedEI,re37,236,1.0019999999999998,0.0059999999999999,0.03
MOBOImprovedScalarizedEI,re37,237,0.3002999999999208,0.7173999999957955,-0.431499999995296
MOBOImprovedScalarizedEI,re37,238,0.3077254262602737,0.5933066001264957,-0.2902479493946432
MOBOImprovedScalarizedEI,re37,239,1.0019999999999911,0.0060000000000103,0.0300000000000022
MOBOImprovedScalarizedEI,re37,240,0.009432471273401,0.9021182216482948,0.9997665112031898
MOBOImprovedScalarizedEI,re37,241,0.3545879506147085,0.4129899860352765,-0.0556533376044342
MOBOImprovedScalarizedEI,re37,242,0.0846000000000691,0.4788999999999849,0.5004999999999045
MOBOImprovedScalarizedEI,re37,243,0.3163325011670966,0.5430179295793355,-0.2284518452828184
MOBOImprovedScalarizedEI,re37,244,0.1747921889660243,0.4228265231166552,0.3914228338579739
MOBOImprovedScalarizedEI,re37,245,0.3002999999999999,0.7173999999999949,-0.4314999999999948
MOBOImprovedScalarizedEI,re37,246,1.0019999999999998,0.0059999999999999,0.03
MOBOImprovedScalarizedEI,re37,247,0.3099392439550005,0.5783408583426881,-0.2721404217247737
MOBOImprovedScalarizedEI,re37,248,0.3130410168902695,0.5600633178194094,-0.2497020253480649
MOBOImprovedScalarizedEI,re37,249,0.300299999999993,0.7173999999995736,-0.4314999999995403
MOBOImprovedScalarizedEI,re37,250,0.0845999999999999,0.4789,0.5005
MOBOImprovedScalarizedEI,re37,251,0.0845999999999997,0.4789000000000012,0.5004999999999996
MOBOImprovedScalarizedEI,re37,252,1.0019999999999998,0.0060000000000001,0.03
MOBOImprovedScalarizedEI,re37,253,0.300299999999995,0.7173999999996807,-0.4314999999996561
MOBOImprovedScalarizedEI,re37,254,0.3003278822206707,0.6884477810149706,-0.3999311431562961
MOBOImprovedScalarizedEI,re37,255,0.1342696585696778,0.4472362027742367,0.4419161950629293
MOBOImprovedScalarizedEI,re37,256,0.3152960934646525,0.5481734395935995,-0.2349123772019703
MOBOImprovedScalarizedEI,re37,257,0.310535255694257,0.5746187979494849,-0.2676000303061256
MOBOImprovedScalarizedEI,re37,258,0.6957175655557096,0.3983171258775563,-0.1460655497958545
MOBOImprovedScalarizedEI,re37,259,0.0845999999999999,0.4789,0.5005
MOBOImprovedScalarizedEI,re37,260,0.0846000000000961,0.4788999999999377,0.5004999999998891
MOBOImprovedScalarizedEI,re37,261,0.9897222899148572,0.004880325312515,0.0665175725113623
MOBOImprovedScalarizedEI,re37,262,0.3002999999999989,0.7173999999999363,-0.4314999999999299
MOBOImprovedScalarizedEI,re37,263,0.1827474802928454,0.4182150377189081,0.3811676820719277
MOBOImprovedScalarizedEI,re37,264,1.0019999999999614,0.0060000000000466,0.0300000000000094
MOBOImprovedScalarizedEI,re37,265,0.0592770965500368,0.6794265457187583,0.4513671925936467
MOBOImprovedScalarizedEI,re37,266,0.0846000000000196,0.478899999999987,0.5004999999999775
MOBOImprovedScalarizedEI,re37,267,0.3003000000000002,0.7173999999999937,-0.4314999999999932
MOBOImprovedScalarizedEI,re37,268,0.3123983125941197,0.3566025065787203,0.188353784460611
MOBOImprovedScalarizedEI,re37,269,1.0019999999999945,0.0060000000000032,0.030000000000002
MOBOImprovedScalarizedEI,re37,270,0.3002999999999931,0.7173999999995222,-0.4314999999994848
MOBOImprovedScalarizedEI,re37,271,0.3076840663607543,0.5936063143043501,-0.2906081625363582
MOBOImprovedScalarizedEI,re37,272,0.9479087682386624,0.1133565365936394,-0.0280996366348492
MOBOImprovedScalarizedEI,re37,273,1.0019999999998386,0.0059999999999683,0.0300000000005355
MOBOImprovedScalarizedEI,re37,274,0.0186617120206252,0.7259949001301307,1.0443033118653455
MOBOImprovedScalarizedEI,re37,275,0.0665999999999998,1.096899999999999,0.3884000000000001
MOBOImprovedScalarizedEI,re37,276,0.7372980013133797,0.159162812424474,0.0897540494432044
MOBOImprovedScalarizedEI,re37,277,0.0845999999999999,0.4789,0.5005
MOBOImprovedScalarizedEI,re37,278,0.0845999999999999,0.4789,0.5005
MOBOImprovedScalarizedEI,re37,279,0.9462999999999998,0.194,-0.1609999999999999
MOBOImprovedScalarizedEI,re37,280,0.978598748996802,0.005522045992665,0.0941026174721532
MOBOImprovedScalarizedEI,re37,281,0.3816999999999998,0.3504,0.0346
MOBOImprovedScalarizedEI,re37,282,0.3002999999999993,0.7173999999999994,-0.4314999999999849
MOBOImprovedScalarizedEI,re37,283,1.002,0.0059999999999999,0.03
MOBOImprovedScalarizedEI,re37,284,0.3092062440599424,0.583082450552645,-0.2779031307304586
MOBOImprovedScalarizedEI,re37,285,0.3360100996713521,0.4663705399913943,-0.1289295628403993
MOBOImprovedScalarizedEI,re37,286,0.95486866252612,0.0879391501607491,-0.0009713358419482
MOBOImprovedScalarizedEI,re37,287,0.0103493216726031,0.8671686497955352,1.0079966283193391
MOBOImprovedScalarizedEI,re37,288,1.0019999999999971,0.0060000000000014,0.0300000000000009
MOBOImprovedScalarizedEI,re37,289,0.0691476010140077,0.5819872320518852,0.4736474263386713
MOBOImprovedScalarizedEI,re37,290,0.0845999999999999,0.4789,0.5005
MOBOImprovedScalarizedEI,re37,291,0.3356881324152121,0.4674119880198865,-0.1303262389802376
MOBOImprovedScalarizedEI,re37,292,0.3002216302723333,0.6961197660726399,-0.4083769307644538
MOBOImprovedScalarizedEI,re37,293,1.001999999999821,0.0060000000002154,0.0300000000000439
MOBOImprovedScalarizedEI,re37,294,0.0845999999999976,0.478900000000002,0.5005000000000379
MOBOImprovedScalarizedEI,re37,295,0.2795420902274851,0.3689177695005082,0.2434720337808633
MOBOImprovedScalarizedEI,re37,296,0.9642676251846314,0.0079099341776166,0.1244580493078726
MOBOImprovedScalarizedEI,re37,297,0.3357106143147153,0.4673391061165002,-0.1302285382523832
MOBOImprovedScalarizedEI,re37,298,0.0845999999998999,0.4789000000000868,0.5005000000018183
MOBOImprovedScalarizedEI,re37,299,0.302961336691984,0.6364204236585825,-0.3411001135678108
MOBOImprovedScalarizedEI,re37,300,0.3080581403293312,0.590925588888811,-0.2873829502019323
MOBOImprovedScalarizedEI,re37,301,0.3427765880924737,0.4455291876206647,-0.1007164071312666
MOBOImprovedScalarizedEI,re37,302,0.9463,0.1939999999999999,-0.1609999999999997
MOBOImprovedScalarizedEI,re37,303,0.0845999999999001,0.4789000000000867,0.5005000000018145
MOBOImprovedScalarizedEI,re37,304,0.9318315027838528,0.01751443287288,0.1792155448421646
MOBOImprovedScalarizedEI,re37,305,0.3567194667661431,0.3474343324212933,0.0998856383376787
MOBOImprovedScalarizedEI,re37,306,1.0019999999998286,0.0060000000002066,0.0300000000000421
MOBOImprovedScalarizedEI,re37,307,0.3002999999999993,0.7174000000000009,-0.4314999999999918
MOBOImprovedScalarizedEI,re37,308,0.3137269959054615,0.5563399118064613,-0.2450869795541075
MOBOImprovedScalarizedEI,re37,309,0.0537412312628731,0.7819156229515316,0.4311060518435151
MOBOImprovedScalarizedEI,re37,310,0.0846000000000027,0.4788999999999982,0.5004999999999967
MOBOImprovedScalarizedEI,re37,311,1.0019999999999976,0.0060000000000026,0.0300000000000006
MOBOImprovedScalarizedEI,re37,312,0.0723457614096259,0.5575095952917061,0.479715036415812
MOBOImprovedScalarizedEI,re37,313,0.084599999999957,0.4789000000002683,0.5004999999999195
MOBOImprovedScalarizedEI,re37,314,0.6453999999987762,0.1948000000007599,0.9660000000000546
MOBOImprovedScalarizedEI,re37,315,0.3001993844200192,0.708253247960081,-0.4216156012518035
MOBOImprovedScalarizedEI,re37,316,0.0845999999999999,0.4789,0.5005
MOBOImprovedScalarizedEI,re37,317,0.2900285097661585,0.3646396180209225,0.2265396028807586
MOBOImprovedScalarizedEI,re37,318,0.971667968836264,0.0064913081794522,0.1093992554778151
MOBOImprovedScalarizedEI,re37,319,0.2051399999999997,0.8773999999999997,0.2838000000000003
MOBOImprovedScalarizedEI,re37,320,0.0845999999999544,0.4789000000002845,0.5004999999999149
MOBOImprovedScalarizedEI,re37,321,0.3028473186240473,0.6378076889198903,-0.3427044236317476
MOBOImprovedScalarizedEI,re37,322,0.3078934612859836,0.5920975074263162,-0.2887938323745731
MOBOImprovedScalarizedEI,re37,323,0.5156536115261438,0.2807426587762519,0.0775894499418114
MOBOImprovedScalarizedEI,re37,324,0.9462999999999984,0.1940000000000045,-0.1609999999999829
MOBOImprovedScalarizedEI,re37,325,0.0845999999999993,0.4789000000000046,0.5004999999999986
MOBOImprovedScalarizedEI,re37,326,0.9480372168080275,0.0121271789422615,0.1538124431313533
MOBOImprovedScalarizedEI,re37,327,0.3136788321065444,0.5565981160046239,-0.245407498626921
MOBOImprovedScalarizedEI,re37,328,0.9680226060707502,0.056975091459183,0.0213833649200684
MOBOImprovedScalarizedEI,re37,329,0.008925327488946,0.9433176094162096,0.990445812545694
MOBOImprovedScalarizedEI,re37,330,0.0845999999999992,0.4789000000000049,0.5004999999999985
MOBOImprovedScalarizedEI,re37,331,0.0723703371650087,0.5573297545273384,0.4797603222692103
MOBOImprovedScalarizedEI,re37,332,0.0845999999999991,0.4789000000000052,0.5004999999999985
MOBOImprovedScalarizedEI,re37,333,0.3360546371252839,0.4662268709604638,-0.1287367918550392
MOBOImprovedScalarizedEI,re37,334,0.3002999999999991,0.7173999999999533,-0.431499999999949
MOBOImprovedScalarizedEI,re37,335,0.3002999999999992,0.7173999999999996,-0.4314999999999833
MOBOImprovedScalarizedEI,re37,336,0.3002999999999999,0.7173999999999997,-0.4314999999999995
MOBOImprovedScalarizedEI,re37,337,0.0845999999999925,0.4789000000000424,0.5004999999999883
MOBOImprovedScalarizedEI,re37,338,0.0846000000000002,0.4789000000000005,0.5004999999999996
MOBOImprovedScalarizedEI,re37,339,0.2494390694050141,0.3826019876462421,0.2894187743713728
MOBOImprovedScalarizedEI,re37,340,0.9726686372639844,0.0063283977182418,0.1072669980719176
MOBOImprovedScalarizedEI,re37,341,0.3361262299932341,0.4659961102138477,-0.1284271142934394
MOBOImprovedScalarizedEI,re37,342,0.3003,0.7173999999999997,-0.4314999999999996
MOBOImprovedScalarizedEI,re37,343,0.3002999999999997,0.7173999999999999,-0.4314999999999994
MOBOImprovedScalarizedEI,re37,344,0.3028802135505896,0.6374044114526968,-0.3422382547673751
MOBOImprovedScalarizedEI,re37,345,0.3078106938864827,0.5926913538151615,-0.2895082152285721
MOBOImprovedScalarizedEI,re37,346,0.3434149092740063,0.4436564932058189,-0.0981566557541155
MOBOImprovedScalarizedEI,re37,347,0.9462999999999931,0.1940000000000064,-0.1609999999999228
MOBOImprovedScalarizedEI,re37,348,0.0845999999999999,0.4789,0.5005
MOBOImprovedScalarizedEI,re37,349,0.084600000000001,0.4789000000000007,0.5004999999999991
MOBOImprovedScalarizedEI,re37,350,0.913368005093861,0.0247385030436475,0.2045505902404369
MOBOImprovedScalarizedEI,re37,351,0.3576308743268687,0.3473923092743006,0.0977885809256746
MOBOImprovedScalarizedEI,re37,352,0.3002999999999997,0.7173999999999997,-0.4314999999999992
MOBOImprovedScalarizedEI,re37,353,0.3139519747286527,0.5551400399371723,-0.2435965857441715
MOBOImprovedScalarizedEI,re37,354,1.0019999999999831,0.0060000000000196,0.0300000000000044
MOBOImprovedScalarizedEI,re37,355,1.001999999999936,0.0059999999999875,0.0300000000002122
MOBOImprovedScalarizedEI,re37,356,0.0555800314499649,0.9597537105702988,0.4034441695192898
MOBOImprovedScalarizedEI,re37,357,0.3002999999999994,0.7174000000000008,-0.431499999999992
MOBOImprovedScalarizedEI,re37,358,1.002,0.0059999999999999,0.03
MOBOImprovedScalarizedEI,re37,359,0.0720266549669273,0.5598553181654501,0.4791253033808668
MOBOImprovedScalarizedEI,re37,360,0.0845999999999998,0.4789000000000001,0.500500000000001
MOBOImprovedScalarizedEI,re37,361,0.3001971460443116,0.7078261030971917,-0.4211520075338427
MOBOImprovedScalarizedEI,re37,362,1.0019999999999962,0.0060000000000042,0.0300000000000013
MOBOImprovedScalarizedEI,re37,363,0.0846000000013843,0.4788999999990947,0.5004999999984101
MOBOImprovedScalarizedEI,re37,364,0.0845999999999998,0.4789000000000001,0.5005000000000013
MOBOImprovedScalarizedEI,re37,365,0.3002999999999998,0.7173999999999997,-0.4314999999999995
MOBOImprovedScalarizedEI,re37,366,0.9722328624777696,0.0063984408961903,0.1081985556415641
MOBOImprovedScalarizedEI,re37,367,0.2051400000000001,0.8773999999999996,0.2838000000000002
MOBOImprovedScalarizedEI,re37,368,0.0846000000000149,0.4788999999999902,0.5004999999999831
MOBOImprovedScalarizedEI,re37,369,0.3002999999999989,0.7174000000000024,-0.4314999999999867
MOBOImprovedScalarizedEI,re37,370,1.0019999999999998,0.0059999999999999,0.0300000000000004
MOBOImprovedScalarizedEI,re37,371,0.3030734216834706,0.6350845847835037,-0.3395534099602523
MOBOImprovedScalarizedEI,re37,372,0.3435679028206835,0.4432098218254862,-0.0975455049449881
MOBOImprovedScalarizedEI,re37,373,0.9463,0.1939999999999998,-0.1609999999999994
MOBOImprovedScalarizedEI,re37,374,0.692,0.153,0.37
MOBOImprovedScalarizedEI,re37,375,0.3816999999999999,0.3503999999999999,0.0346000000000003
MOBOImprovedScalarizedEI,re37,376,0.3002999999999994,0.7174000000000009,-0.4314999999999945
MOBOImprovedScalarizedEI,re37,377,0.0395600000000001,0.5502999999999995,1.096499999999999
MOBOImprovedScalarizedEI,re37,378,0.9690975512847272,0.0548995793184562,0.0224397975985298
MOBOImprovedScalarizedEI,re37,379,1.001999999999956,0.0060000000000527,0.0300000000000109
MOBOImprovedScalarizedEI,re37,380,0.0121581661872845,1.0914219275452928,0.9602989218612152
MOBOImprovedScalarizedEI,re37,381,0.0845999999999999,0.4789,0.5005
MOBOImprovedScalarizedEI,re37,382,1.0019999999999802,0.0060000000000233,0.030000000000005
MOBOImprovedScalarizedEI,re37,383,0.0728596427941196,0.5537728156661722,0.4806581196550982
MOBOImprovedScalarizedEI,re37,384,0.0845999999999999,0.4789,0.5005
MOBOImprovedScalarizedEI,re37,385,0.3002999999999998,0.7173999999999885,-0.4314999999999873
MOBOImprovedScalarizedEI,re37,386,0.3448991645779079,0.439357837844104,-0.0922654239681322
MOBOImprovedScalarizedEI,re37,387,0.3002999999999999,0.7173999999999997,-0.4314999999999995
MOBOImprovedScalarizedEI,re37,388,0.3005392021699631,0.6796143801379553,-0.3901344106402612
MOBOImprovedScalarizedEI,re37,389,0.3003000000000002,0.7173999999999989,-0.4314999999999989
MOBOImprovedScalarizedEI,re37,390,1.001999999999999,0.0059999999999997,0.0300000000000037
MOBOImprovedScalarizedEI,re37,391,0.0845999999999999,0.4789,0.5005
MOBOImprovedScalarizedEI,re37,392,1.0019999999999447,0.0059999999999891,0.0300000000001832
MOBOImprovedScalarizedEI,re37,393,0.2373959682417654,0.3885607307188198,0.3068821850430377
MOBOImprovedScalarizedEI,re37,394,0.9705746933382964,0.0066775672482123,0.1117013736708183
MOBOImprovedScalarizedEI,re37,395,0.3436993105289281,0.4428268364586672,-0.0970213061284353
MOBOImprovedScalarizedEI,re37,396,0.0845999999999999,0.4789,0.5005
MOBOImprovedScalarizedEI,re37,397,1.0019999999997888,0.0060000000002544,0.0300000000000519
MOBOImprovedScalarizedEI,re37,398,0.3053047659234945,0.6125539052447619,-0.3131889108289704
MOBOImprovedScalarizedEI,re37,399,0.3118500221633052,0.5667798876131088,-0.2579892357682517
MOBOImprovedScalarizedEI,re37,400,0.3532901086046332,0.4163683072302134,-0.0603901321593525
MOBOImprovedScalarizedEI,re37,401,0.3002999999999999,0.7174,-0.4314999999999998
MOBOImprovedScalarizedEI,re37,402,0.9462999999999996,0.194,-0.1609999999999997
MOBOImprovedScalarizedEI,re37,403,0.0845999999999999,0.4789,0.5005
MOBOImprovedScalarizedEI,re37,404,0.3002999999999988,0.717399999999961,-0.4314999999999431
MOBOImprovedScalarizedEI,re37,405,0.9161546040011588,0.0235847850088999,0.2009375307258903
MOBOImprovedScalarizedEI,re37,406,0.3444049648444669,0.3487296827460704,0.126840413635167
MOBOImprovedScalarizedEI,re37,407,0.3002999999999999,0.7173999999999998,-0.4314999999999997
MOBOImprovedScalarizedEI,re37,408,1.0019999999992066,0.0060000000004696,0.0300000000002797
MOBOImprovedScalarizedEI,re37,409,0.300299999999999,0.7173999999999481,-0.4314999999999437
MOBOImprovedScalarizedEI,re37,410,0.3171653524638598,0.5389979067221243,-0.2233941268242325
MOBOImprovedScalarizedEI,re37,411,0.0533281747015885,0.8981949588338921,0.4119614488392791
MOBOImprovedScalarizedEI,re37,412,0.0846000000000031,0.4788999999999979,0.5004999999999965
MOBOImprovedScalarizedEI,re37,413,0.072896564513351,0.5535062250817939,0.4807255718346271
MOBOImprovedScalarizedEI,re37,414,0.0846000000000004,0.4788999999999996,0.5004999999999993
MOBOImprovedScalarizedEI,re37,415,0.3002999999999997,0.7174000000000001,-0.4314999999999996
MOBOImprovedScalarizedEI,re37,416,0.3441955925917705,0.4413859267963496,-0.0950475738384888
MOBOImprovedScalarizedEI,re37,417,0.3002999999999998,0.7174000000000001,-0.4314999999999999
MOBOImprovedScalarizedEI,re37,418,0.3005507660628829,0.6792233445813793,-0.3896989332788708
MOBOImprovedScalarizedEI,re37,419,1.0019999999997358,0.006000000000318,0.0300000000000653
MOBOImprovedScalarizedEI,re37,420,0.0845999999999999,0.4789,0.5005
MOBOImprovedScalarizedEI,re37,421,0.0846000000000012,0.4788999999999992,0.5004999999999991
MOBOImprovedScalarizedEI,re37,422,0.2638495084987465,0.3758160198026567,0.2678700360795365
MOBOImprovedScalarizedEI,re37,423,0.9706766602600352,0.0066598360728432,0.1114878584000812
MOBOImprovedScalarizedEI,re37,424,0.3002999999999999,0.7173999999999972,-0.4314999999999971
MOBOImprovedScalarizedEI,re37,425,0.3434664969473123,0.4435057873630869,-0.0979504809651332
MOBOImprovedScalarizedEI,re37,426,0.0846000000004932,0.4788999999996773,0.5004999999994335
MOBOImprovedScalarizedEI,re37,427,0.0846000000000008,0.4788999999999995,0.5004999999999992
MOBOImprovedScalarizedEI,re37,428,0.3052007399359828,0.6134761095210417,-0.3142783645118939
MOBOImprovedScalarizedEI,re37,429,0.3117151199024689,0.5675625249637173,-0.2589517359519888
MOBOImprovedScalarizedEI,re37,430,0.3533454847489841,0.4162232665516667,-0.0601870473215424
MOBOImprovedScalarizedEI,re37,431,0.8340327808393968,0.1040749994749702,0.0761732653903155
MOBOImprovedScalarizedEI,re37,432,0.0845999999999495,0.4789000000002917,0.5004999999999187
MOBOImprovedScalarizedEI,re37,433,0.0846000000005034,0.4788999999996708,0.5004999999994221
MOBOImprovedScalarizedEI,re37,434,0.3002999999999998,0.7173999999999975,-0.4314999999999964
MOBOImprovedScalarizedEI,re37,435,0.946282615017896,0.0126596968199751,0.156731423657259
MOBOImprovedScalarizedEI,re37,436,0.3817000000001253,0.3503999999999364,0.0346000000000552
MOBOImprovedScalarizedEI,re37,437,1.0019999999999964,0.0060000000000039,0.0300000000000012
MOBOImprovedScalarizedEI,re37,438,0.9703362704009936,0.0525656451630081,0.0235593023782149
MOBOImprovedScalarizedEI,re37,439,1.002,0.0059999999999999,0.03
MOBOImprovedScalarizedEI,re37,440,0.0124242848728747,1.0968328307059405,0.9592958651934268
MOBOImprovedScalarizedEI,re37,441,0.3002999999999995,0.7174000000000007,-0.4314999999999956
MOBOImprovedScalarizedEI,re37,442,0.0845999999999497,0.4789000000002884,0.5004999999999198
MOBOImprovedScalarizedEI,re37,443,0.0728677653076779,0.5537141461664332,0.4806729621379797
MOBOImprovedScalarizedEI,re37,444,0.0845999999998685,0.4789000000001082,0.5005000000021103
MOBOImprovedScalarizedEI,re37,445,0.3438909602738536,0.4422693727886317,-0.0962579898626513
MOBOImprovedScalarizedEI,re37,446,0.3005579525260421,0.6789834732386459,-0.3894317246304966
MOBOImprovedScalarizedEI,re37,447,0.0846000000000002,0.4788999999999997,0.5004999999999998
MOBOImprovedScalarizedEI,re37,448,0.2248742011139698,0.3950025590122457,0.3245727313528038
MOBOImprovedScalarizedEI,re37,449,0.3002999999999278,0.7173999999956162,-0.4314999999952824
MOBOImprovedScalarizedEI,re37,450,0.971238860565598,0.0065633966857184,0.1103062116669801
MOBOImprovedScalarizedEI,re37,451,0.3434184695097756,0.4436460875232772,-0.0981424172535405
MOBOImprovedScalarizedEI,re37,452,0.0845999999999999,0.4789,0.5005
MOBOImprovedScalarizedEI,re37,453,1.0019999999999964,0.0060000000000035,0.0300000000000014
MOBOImprovedScalarizedEI,re37,454,0.3051935786644549,0.6135399523446029,-0.3143537529735131
MOBOImprovedScalarizedEI,re37,455,0.3117194442664386,0.5675373642848867,-0.2589208031574778
MOBOImprovedScalarizedEI,re37,456,0.3538340426358381,0.4149471332922349,-0.0583991380741846
MOBOImprovedScalarizedEI,re37,457,0.946299999999992,0.1939999999999513,-0.1609999999998995
MOBOImprovedScalarizedEI,re37,458,0.0845999999998997,0.4789000000000869,0.5005000000018184
MOBOImprovedScalarizedEI,re37,459,0.0845999999999971,0.4789000000000054,0.5005000000000364
MOBOImprovedScalarizedEI,re37,460,0.6919999999997468,0.1530000000001458,0.3700000000000113
MOBOImprovedScalarizedEI,re37,461,0.3472735284334034,0.3483178022132309,0.1207703732036068
MOBOImprovedScalarizedEI,re37,462,1.0019999999997458,0.0060000000003065,0.030000000000062
MOBOImprovedScalarizedEI,re37,463,0.3172426806508884,0.5386298901866802,-0.2229302316345549
MOBOImprovedScalarizedEI,re37,464,0.0528274741197456,0.8660342919921279,0.416853757113832
MOBOImprovedScalarizedEI,re37,465,0.0729430830666526,0.5531706970629298,0.4808104986865029
MOBOImprovedScalarizedEI,re37,466,0.0845999999999999,0.4789000000000013,0.5004999999999993
MOBOImprovedScalarizedEI,re37,467,0.3439358549792307,0.4421389719331697,-0.0960793840001569
MOBOImprovedScalarizedEI,re37,468,0.3002999999999942,0.7173999999995666,-0.4314999999995328
MOBOImprovedScalarizedEI,re37,469,0.3005568593387413,0.6790198116547667,-0.3894722080846058
MOBOImprovedScalarizedEI,re37,470,0.3002999999999197,0.7174000000002458,-0.4314999999987535
MOBOImprovedScalarizedEI,re37,471,0.0845999999998673,0.478900000000756,0.5004999999997921
MOBOImprovedScalarizedEI,re37,472,0.2673168511832371,0.3742449170413407,0.2625681394728264
MOBOImprovedScalarizedEI,re37,473,0.9711236398538842,0.006582978269293,0.1105489932702846
MOBOImprovedScalarizedEI,re37,474,0.3434419366989183,0.4435775246821469,-0.0980486252897739
MOBOImprovedScalarizedEI,re37,475,0.0845999999999999,0.4789,0.5005
MOBOImprovedScalarizedEI,re37,476,1.002,0.0059999999999999,0.03
MOBOImprovedScalarizedEI,re37,477,0.3051982419238524,0.6134983740390448,-0.3143046559371393
MOBOImprovedScalarizedEI,re37,478,0.3117138166782403,0.5675701085621527,-0.2589610591704977
MOBOImprovedScalarizedEI,re37,479,0.3533458132705216,0.4162224063468366,-0.0601858428050126
MOBOImprovedScalarizedEI,re37,480,0.8331624432700963,0.1045754589690015,0.0763404371397695
MOBOImprovedScalarizedEI,re37,481,0.0845999999999357,0.4789000000000529,0.500500000001034
MOBOImprovedScalarizedEI,re37,482,0.7104673944182923,0.1489809540029106,0.9564920406272844
MOBOImprovedScalarizedEI,re37,483,0.3158909883350191,0.5451926208320435,-0.23118054713311
MOBOImprovedScalarizedEI,re37,484,0.0665999999999998,1.0969,0.3883999999999998
MOBOImprovedScalarizedEI,re37,485,0.2818915641264574,0.3679345187460187,0.2397252420293114
MOBOImprovedScalarizedEI,re37,486,0.9805985746549176,0.0053164796949859,0.0894428370281558
MOBOImprovedScalarizedEI,re37,487,1.0019999999999964,0.0060000000000043,0.0300000000000008
MOBOImprovedScalarizedEI,re37,488,0.0845999999999999,0.4789,0.5005
MOBOImprovedScalarizedEI,re37,489,0.3027039432479819,0.6395956582271796,-0.3447692207190112
MOBOImprovedScalarizedEI,re37,490,0.3169723113153645,0.5399204249840039,-0.2245563364257591
MOBOImprovedScalarizedEI,re37,491,0.0845999999994551,0.4789000000004484,0.5005000000087574
MOBOImprovedScalarizedEI,re37,492,0.9784365684288866,0.0055402220985311,0.0944755520836126
MOBOImprovedScalarizedEI,re37,493,0.3590333918391498,0.347344253611074,0.0945300285111659
MOBOImprovedScalarizedEI,re37,494,0.9594297568020438,0.0757106597484459,0.0093066304208906
MOBOImprovedScalarizedEI,re37,495,0.0845999999999756,0.47890000000002,0.5005000000003945
MOBOImprovedScalarizedEI,re37,496,0.0845999999999937,0.4789000000000357,0.5004999999999901
MOBOImprovedScalarizedEI,re37,497,0.3328598846119442,0.4767824744305974,-0.1428370466473397
MOBOImprovedScalarizedEI,re37,498,0.0092640082721132,0.9114114304966504,0.9976281474819146
MOBOImprovedScalarizedEI,re37,499,0.3005623432627554,0.678838065980638,-0.3892697178389189
MOBOImprovedScalarizedEI,re37,500,0.3817000000000001,0.3503999999999999,0.0346000000000001
MOBOImprovedScalarizedEI,re37,501,0.1923520888585115,0.4127366497003009,0.3686173137811419
MOBOImprovedScalarizedEI,re37,502,0.692,0.153,0.37
MOBOImprovedScalarizedEI,re37,503,0.0846000000011715,0.4788999999992391,0.5004999999991282
MOBOImprovedScalarizedEI,re37,504,0.0845999999999191,0.4789000000000664,0.5005000000012965
MOBOImprovedScalarizedEI,re37,505,0.3040389709593441,0.6245238686982113,-0.3272610392639396
MOBOImprovedScalarizedEI,re37,506,0.9559830264754876,0.009892778272084,0.1400054558205907
MOBOImprovedScalarizedEI,re37,507,0.0846000000000234,0.4788999999999845,0.5004999999999732
MOBOImprovedScalarizedEI,re37,508,1.0019999999999742,0.0060000000000308,0.0300000000000063
MOBOImprovedScalarizedEI,re37,509,0.3002999999999998,0.7174000000000001,-0.4314999999999999
MOBOImprovedScalarizedEI,re37,510,0.3362499188742339,0.4655980099161701,-0.1278927255962886
MOBOImprovedScalarizedEI,re37,511,0.995287226884506,0.0050990846477589,0.050924624222799
MOBOImprovedScalarizedEI,re37,512,1.001999999999995,0.0060000000000059,0.0300000000000012
MOBOImprovedScalarizedEI,re37,513,0.0846000000007756,0.478899999999493,0.5004999999991105
MOBOImprovedScalarizedEI,re37,514,0.3045938530232673,0.6190622735304185,-0.3208587196043998
MOBOImprovedScalarizedEI,re37,515,0.3236172009519323,0.510815074563747,-0.1874376955004955
MOBOImprovedScalarizedEI,re37,516,0.0845999999999921,0.4789000000000458,0.5004999999999871
MOBOImprovedScalarizedEI,re37,517,0.3002999999999996,0.7174,-0.4314999999999978
MOBOImprovedScalarizedEI,re37,518,0.986113000543524,0.0049467436375628,0.0759390810713866
MOBOImprovedScalarizedEI,re37,519,0.3816999999999959,0.3504000000000083,0.0345999999999883
MOBOImprovedScalarizedEI,re37,520,0.0845999999999982,0.4789000000000014,0.5005000000000276
MOBOImprovedScalarizedEI,re37,521,0.084600000001196,0.4788999999992297,0.5004999999986768
MOBOImprovedScalarizedEI,re37,522,0.3447374549966296,0.4398224702025972,-0.0929032341961708
MOBOImprovedScalarizedEI,re37,523,0.0100932541006142,0.8753913956903977,1.0060334771195216
MOBOImprovedScalarizedEI,re37,524,0.3006189159592833,0.6770359304785547,-0.3872600992840994
MOBOImprovedScalarizedEI,re37,525,0.3002999999999803,0.7174000000000241,-0.4314999999997692
MOBOImprovedScalarizedEI,re37,526,0.3816999999999997,0.3504,0.0346000000000001
MOBOImprovedScalarizedEI,re37,527,0.1870795927137646,0.4157316262948862,0.3755304336524846
MOBOImprovedScalarizedEI,re37,528,0.3816999999977227,0.3504000000047407,0.0345999999929817
MOBOImprovedScalarizedEI,re37,529,1.0019999999999971,0.0060000000000031,0.0300000000000007
MOBOImprovedScalarizedEI,re37,530,0.0638251902535033,0.5006044222872256,0.8170824452680621
MOBOImprovedScalarizedEI,re37,531,0.3044735012625507,0.6202157314846921,-0.3222134269109847
MOBOImprovedScalarizedEI,re37,532,0.0845999999999985,0.4789000000000013,0.5005000000000301
MOBOImprovedScalarizedEI,re37,533,0.9938009857505224,0.0049988634088669,0.0552278673313663
MOBOImprovedScalarizedEI,re37,534,0.0845999999999999,0.4789,0.5005
MOBOImprovedScalarizedEI,re37,535,0.3052019242410066,0.613465555908703,-0.3142659019199202
MOBOImprovedScalarizedEI,re37,536,0.763548453343407,0.1443237124435477,0.0870929126080757
MOBOImprovedScalarizedEI,re37,537,0.0845999999999041,0.4789000000000789,0.500500000001541
MOBOImprovedScalarizedEI,re37,538,0.9851130094316718,0.0049908942081846,0.0784639025921943
MOBOImprovedScalarizedEI,re37,539,0.3516659470694629,0.347810918965698,0.1112410113027621
MOBOImprovedScalarizedEI,re37,540,0.9513149600550838,0.0994091761471553,-0.0122689437991097
MOBOImprovedScalarizedEI,re37,541,1.0019999999999976,0.0060000000000026,0.0300000000000007
MOBOImprovedScalarizedEI,re37,542,0.3002999999999989,0.7174000000000013,-0.4314999999999899
MOBOImprovedScalarizedEI,re37,543,0.3454573506908433,0.4377608301879069,-0.0900712492606943
MOBOImprovedScalarizedEI,re37,544,0.0124801957504923,0.8164592465415543,1.0204698430625467
MOBOImprovedScalarizedEI,re37,545,0.3007388679027934,0.6735720471576362,-0.3833882906769204
MOBOImprovedScalarizedEI,re37,546,0.3816999999999999,0.3503999999999999,0.0346
MOBOImprovedScalarizedEI,re37,547,0.2255790217014828,0.3946337453707851,0.3235887645738105
MOBOImprovedScalarizedEI,re37,548,0.3003000000000004,0.7173999999999988,-0.4314999999999985
MOBOImprovedScalarizedEI,re37,549,0.0846000000000122,0.4788999999999919,0.5004999999999858
MOBOImprovedScalarizedEI,re37,550,1.0019999999999998,0.0059999999999999,0.03
MOBOImprovedScalarizedEI,re37,551,0.0845999999986311,0.4789000000011263,0.5005000000219896
MOBOImprovedScalarizedEI,re37,552,0.692,0.153,0.37
MOBOImprovedScalarizedEI,re37,553,0.9444085779445248,0.0132430393666214,0.1598006939248445
MOBOImprovedScalarizedEI,re37,554,1.0019999999999851,0.0060000000000088,0.0300000000000052
MOBOImprovedScalarizedEI,re37,555,0.3358650567814585,0.4668390889222968,-0.1295580833695202
MOBOImprovedScalarizedEI,re37,556,0.0845999999999988,0.4789000000000011,0.5005000000000303
MOBOImprovedScalarizedEI,re37,557,0.3058800890078818,0.6076178599584896,-0.3073425985958147
MOBOImprovedScalarizedEI,re37,558,0.3002999999999688,0.7174000000000383,-0.4314999999996368
MOBOImprovedScalarizedEI,re37,559,0.3248231200479153,0.5060180796112423,-0.1812299021257483
MOBOImprovedScalarizedEI,re37,560,0.9847820857659028,0.0050078360907357,0.0792916933104834
MOBOImprovedScalarizedEI,re37,561,0.3756302257481932,0.3486880662544028,0.0523429806065918
MOBOImprovedScalarizedEI,re37,562,0.0845999999999999,0.4789,0.5005
MOBOImprovedScalarizedEI,re37,563,0.3002999999999922,0.7173999999995124,-0.4314999999994753
MOBOImprovedScalarizedEI,re37,564,0.3003000000000061,0.7173999999999153,-0.4314999999999048
MOBOImprovedScalarizedEI,re37,565,0.0845999999999953,0.4789000000000373,0.5004999999999871
MOBOImprovedScalarizedEI,re37,566,0.3467916141219871,0.4339852100671544,-0.0848719320769617
MOBOImprovedScalarizedEI,re37,567,0.0089419474158244,0.9402245586438518,0.991131310783098
MOBOImprovedScalarizedEI,re37,568,0.3007525465719993,0.6732022421597873,-0.3829742256397204
MOBOImprovedScalarizedEI,re37,569,1.001999999999871,0.0059999999999747,0.030000000000428
MOBOImprovedScalarizedEI,re37,570,0.3002999999998214,0.7174000000002225,-0.4314999999979163
MOBOImprovedScalarizedEI,re37,571,0.3816999999999998,0.3504,0.0346
MOBOImprovedScalarizedEI,re37,572,0.176295038384149,0.4219504124246206,0.3894948927525062
MOBOImprovedScalarizedEI,re37,573,0.3816999999999287,0.3504000000001485,0.0345999999997801
MOBOImprovedScalarizedEI,re37,574,0.0845999999999738,0.4789000000000216,0.5005000000004252
MOBOImprovedScalarizedEI,re37,575,0.3608038031093666,0.6689068724244325,-0.3571395938881379
MOBOImprovedScalarizedEI,re37,576,0.0666299560914543,0.4970157617618124,0.7767848641599163
MOBOImprovedScalarizedEI,re37,577,0.3051371189970774,0.6140449290518938,-0.3149499026759547
MOBOImprovedScalarizedEI,re37,578,0.3003,0.7173999999999995,-0.4314999999999995
MOBOImprovedScalarizedEI,re37,579,0.9648399329409184,0.007787580963231,0.1233354570687557
MOBOImprovedScalarizedEI,re37,580,0.0845999999999917,0.4789000000000462,0.5004999999999872
MOBOImprovedScalarizedEI,re37,581,1.0019999999999762,0.0059999999999953,0.030000000000078
MOBOImprovedScalarizedEI,re37,582,0.3002999999999649,0.7174000000000428,-0.4314999999995814
MOBOImprovedScalarizedEI,re37,583,0.084599999999998,0.4789000000000016,0.500500000000032
MOBOImprovedScalarizedEI,re37,584,0.0665999999999999,1.0968999999999995,0.3883999999999999
MOBOImprovedScalarizedEI,re37,585,0.3359002266372853,0.4667253836926389,-0.1294055802077524
MOBOImprovedScalarizedEI,re37,586,0.993807475854706,0.0049992313786759,0.055209307344625
MOBOImprovedScalarizedEI,re37,587,1.0019999999999984,0.0059999999999997,0.0300000000000046
MOBOImprovedScalarizedEI,re37,588,0.0845999999999999,0.4789,0.5005
MOBOImprovedScalarizedEI,re37,589,0.3055918787151321,0.610057082278519,-0.3102348204509512
MOBOImprovedScalarizedEI,re37,590,0.7868563967700648,0.1310781990216584,0.0840792280460792
MOBOImprovedScalarizedEI,re37,591,0.3002999999999828,0.7174000000000212,-0.4314999999997977
MOBOImprovedScalarizedEI,re37,592,0.0845999999999932,0.4789000000000394,0.500499999999989
MOBOImprovedScalarizedEI,re37,593,0.9853470258520152,0.0049796078808771,0.0778762165523761
MOBOImprovedScalarizedEI,re37,594,0.362368884285059,0.3473157883567788,0.0866177372593108
MOBOImprovedScalarizedEI,re37,595,0.9651531260614892,0.0627692053792548,0.0181336276989197
MOBOImprovedScalarizedEI,re37,596,0.0845999999999773,0.4789000000000188,0.5005000000003699
MOBOImprovedScalarizedEI,re37,597,0.3002999999999952,0.7174000000000148,-0.4314999999999226
MOBOImprovedScalarizedEI,re37,598,1.001999999999999,0.0060000000000012,0.0300000000000004
MOBOImprovedScalarizedEI,re37,599,0.2655168005856825,0.7649161352545801,-0.067514652918366
MOBOImprovedScalarizedEI,re37,600,0.0845999999999744,0.4789000000000212,0.5005000000004196
MOBOImprovedScalarizedEI,re37,601,0.3469734709240654,0.4334750640900335,-0.084168139457925
MOBOImprovedScalarizedEI,re37,602,0.0117759066378374,0.8309109302967941,1.016850679262663
MOBOImprovedScalarizedEI,re37,603,0.3007488058825238,0.6733029210932806,-0.3830869678911055
MOBOImprovedScalarizedEI,re37,604,1.0019999999999962,0.0059999999999992,0.0300000000000125
MOBOImprovedScalarizedEI,re37,605,0.3002999999999831,0.7174000000000207,-0.431499999999804
MOBOImprovedScalarizedEI,re37,606,0.2163006248263028,0.399544900073609,0.3364356722069841
MOBOImprovedScalarizedEI,re37,607,0.0845999999999974,0.4789000000000022,0.5005000000000488
MOBOImprovedScalarizedEI,re37,608,1.0019999999999816,0.0060000000000222,0.0300000000000045
MOBOImprovedScalarizedEI,re37,609,0.3050739175666914,0.6146136981105914,-0.3156210445761626
MOBOImprovedScalarizedEI,re37,610,0.3002999999998821,0.7174000000001457,-0.4314999999986293
MOBOImprovedScalarizedEI,re37,611,0.6919999999982867,0.1530000000009875,0.3700000000000765
MOBOImprovedScalarizedEI,re37,612,0.0845999999999934,0.4789000000000367,0.5004999999999898
MOBOImprovedScalarizedEI,re37,613,0.0845999999999894,0.4789000000000529,0.5005000000000503
MOBOImprovedScalarizedEI,re37,614,0.3002999999999847,0.7174000000000186,-0.4314999999998177
MOBOImprovedScalarizedEI,re37,615,0.3002999999999971,0.7174000000000033,-0.4314999999999653
MOBOImprovedScalarizedEI,re37,616,0.3360623836108522,0.4662018860615002,-0.1287032655044825
MOBOImprovedScalarizedEI,re37,617,0.9940248509615232,0.0050119031463415,0.0545865187412636
MOBOImprovedScalarizedEI,re37,618,0.3056618512879239,0.6094588994366548,-0.3095261211366912
MOBOImprovedScalarizedEI,re37,619,0.32498206692048,0.5053950276018424,-0.1804217250217141
MOBOImprovedScalarizedEI,re37,620,0.0846000000000519,0.4788999999999661,0.5004999999999404
MOBOImprovedScalarizedEI,re37,621,0.9848607586146748,0.0050037045366659,0.0790952402029312
MOBOImprovedScalarizedEI,re37,622,0.3726750521703191,0.3481384923660647,0.060443076605155
MOBOImprovedScalarizedEI,re37,623,1.0019999999998712,0.006000000000155,0.0300000000000314
MOBOImprovedScalarizedEI,re37,624,0.0846000000000104,0.478899999999993,0.500499999999988
MOBOImprovedScalarizedEI,re37,625,0.3002999999999968,0.7174000000000035,-0.431499999999964
MOBOImprovedScalarizedEI,re37,626,0.0845999999999929,0.4789000000000396,0.5004999999999896
MOBOImprovedScalarizedEI,re37,627,0.3002999999999926,0.7173999999995179,-0.4314999999994809
MOBOImprovedScalarizedEI,re37,628,0.347399329874878,0.432284542718974,-0.0825245179914848
MOBOImprovedScalarizedEI,re37,629,0.0089042186956619,0.9488650979467004,0.9892221291597229
MOBOImprovedScalarizedEI,re37,630,0.3007369948834214,0.6736230418484852,-0.3834453779052927
MOBOImprovedScalarizedEI,re37,631,0.3002999999998219,0.7174000000002216,-0.4314999999979263
MOBOImprovedScalarizedEI,re37,632,0.3816999999999998,0.3504,0.0346
MOBOImprovedScalarizedEI,re37,633,0.1723089636506994,0.4242790957479874,0.3945990977491561
MOBOImprovedScalarizedEI,re37,634,0.3816999999999998,0.3503999999999999,0.0346000000000001
MOBOImprovedScalarizedEI,re37,635,0.3002999999999931,0.7173999999995616,-0.4314999999995281
MOBOImprovedScalarizedEI,re37,636,0.0845999999999999,0.4789,0.5005
MOBOImprovedScalarizedEI,re37,637,0.3002999999999999,0.7173999999999995,-0.4314999999999988
MOBOImprovedScalarizedEI,re37,638,0.065387259043985,0.4985739123104591,0.7947576229649165
MOBOImprovedScalarizedEI,re37,639,0.3050961974473731,0.6144127692672122,-0.3153839889653382
MOBOImprovedScalarizedEI,re37,640,0.3002999999999994,0.7173999999999675,-0.4314999999999653
MOBOImprovedScalarizedEI,re37,641,0.943985213025914,0.0133768599531741,0.1604873082918598
MOBOImprovedScalarizedEI,re37,642,0.0845999999999525,0.4789000000002674,0.5004999999999379
MOBOImprovedScalarizedEI,re37,643,1.0019999999999956,0.0060000000000052,0.030000000000001
MOBOImprovedScalarizedEI,re37,644,0.3360881164408036,0.4661189266284528,-0.1285919397644933
MOBOImprovedScalarizedEI,re37,645,0.9934813012575614,0.004981477186983,0.0561396268393951
MOBOImprovedScalarizedEI,re37,646,0.8977911878859863,0.0671883566374336,0.0618314117087961
MOBOImprovedScalarizedEI,re37,647,0.0845999999999997,0.4789000000000001,0.5005000000000019
MOBOImprovedScalarizedEI,re37,648,0.30552028655742,0.6106732111925385,-0.3109643892074655
MOBOImprovedScalarizedEI,re37,649,0.3252378716060485,0.5043966645189689,-0.1791258171481173
MOBOImprovedScalarizedEI,re37,650,0.9846021354089916,0.0050175272855174,0.0797402395748296
MOBOImprovedScalarizedEI,re37,651,0.9462999999999352,0.194000000000053,-0.1609999999999803
MOBOImprovedScalarizedEI,re37,652,0.967873631809125,0.0572665901262418,0.0212304220603371
MOBOImprovedScalarizedEI,re37,653,0.0845999999999766,0.4789000000000193,0.5005000000003843
MOBOImprovedScalarizedEI,re37,654,0.3002999999999998,0.7173999999999896,-0.431499999999989
MOBOImprovedScalarizedEI,re37,655,0.084600000001128,0.4788999999992622,0.5004999999987045
MOBOImprovedScalarizedEI,re37,656,0.3470250424503198,0.433330586811444,-0.0839687644129712
MOBOImprovedScalarizedEI,re37,657,0.0118350417157064,0.8296334100957585,1.0171685403523174
MOBOImprovedScalarizedEI,re37,658,0.3007341368977814,0.6737010217934736,-0.3835326693834778
MOBOImprovedScalarizedEI,re37,659,1.0019999999999565,0.0060000000000256,0.0300000000000154
MOBOImprovedScalarizedEI,re37,660,0.300299999999999,0.7173999999999459,-0.4314999999999416
MOBOImprovedScalarizedEI,re37,661,0.3816999999999286,0.3504000000001204,0.0345999999998506
MOBOImprovedScalarizedEI,re37,662,0.2336407982197051,0.3904674337310977,0.312235109074358
MOBOImprovedScalarizedEI,re37,663,0.3002999999999926,0.7173999999995269,-0.4314999999994907
MOBOImprovedScalarizedEI,re37,664,0.0846000000000004,0.4788999999999996,0.5004999999999994
MOBOImprovedScalarizedEI,re37,665,0.3002999999999991,0.7174000000000019,-0.4314999999999909
MOBOImprovedScalarizedEI,re37,666,0.0845999999999999,0.4789,0.5005
MOBOImprovedScalarizedEI,re37,667,0.3051017710129228,0.6143625773139598,-0.3153247659915625
MOBOImprovedScalarizedEI,re37,668,0.0846000000000122,0.478899999999992,0.500499999999986
MOBOImprovedScalarizedEI,re37,669,1.0019999999999762,0.0060000000000281,0.0300000000000062
MOBOImprovedScalarizedEI,re37,670,0.0845999999999776,0.4789000000000185,0.5005000000003639
MOBOImprovedScalarizedEI,re37,671,0.3363579463877354,0.4652509045102075,-0.1274266411620409
MOBOImprovedScalarizedEI,re37,672,0.993798469097889,0.0049987208836093,0.0552350637580413
MOBOImprovedScalarizedEI,re37,673,1.0019999999999585,0.0060000000000246,0.0300000000000147
MOBOImprovedScalarizedEI,re37,674,0.0846000000000061,0.478899999999996,0.5004999999999931
MOBOImprovedScalarizedEI,re37,675,0.305612668306864,0.6098789455460376,-0.3100238113463358
MOBOImprovedScalarizedEI,re37,676,0.3252422928442558,0.5043794560612387,-0.1791034702339466
MOBOImprovedScalarizedEI,re37,677,0.0845999999999999,0.4789,0.5005
MOBOImprovedScalarizedEI,re37,678,0.9848280982240653,0.0050054117896631,0.0791768217096119
MOBOImprovedScalarizedEI,re37,679,0.3002999999999997,0.7173999999999997,-0.4314999999999992
MOBOImprovedScalarizedEI,re37,680,0.6454000000000814,0.1947999999998238,0.9659999999995004
MOBOImprovedScalarizedEI,re37,681,0.3002999999999994,0.7173999999999479,-0.4314999999999434
MOBOImprovedScalarizedEI,re37,682,0.0846000000001711,0.4788999999999159,0.5004999999999208
MOBOImprovedScalarizedEI,re37,683,1.001999999999957,0.0060000000000252,0.0300000000000151
MOBOImprovedScalarizedEI,re37,684,0.0845999999999997,0.4789000000000002,0.5005000000000039
MOBOImprovedScalarizedEI,re37,685,0.3468959857354325,0.4336922972388794,-0.0844678696433085
MOBOImprovedScalarizedEI,re37,686,0.0089689878226038,0.9361713377027948,0.992033102708018
MOBOImprovedScalarizedEI,re37,687,0.3007365660883322,0.6736347284754126,-0.383458460412777
MOBOImprovedScalarizedEI,re37,688,1.002,0.0059999999999999,0.03
MOBOImprovedScalarizedEI,re37,689,0.3002999999999968,0.7173999999999818,-0.4314999999999381
MOBOImprovedScalarizedEI,re37,690,0.1714904989297134,0.4247591936184554,0.3956434572339863
MOBOImprovedScalarizedEI,re37,691,0.3675756673381307,0.3475412557209622,0.0737546477897261
MOBOImprovedScalarizedEI,re37,692,1.0019999999999862,0.0059999999999973,0.0300000000000449
MOBOImprovedScalarizedEI,re37,693,0.3003000000000005,0.7173999999999985,-0.4314999999999983
MOBOImprovedScalarizedEI,re37,694,0.950598363436314,0.0113744460187088,0.1494700933460165
MOBOImprovedScalarizedEI,re37,695,0.3003000000000068,0.7173999999999173,-0.4314999999999064
MOBOImprovedScalarizedEI,re37,696,0.0846000000011428,0.4788999999992526,0.5004999999986878
MOBOImprovedScalarizedEI,re37,697,0.3002999999999907,0.7173999999993876,-0.4314999999993403
MOBOImprovedScalarizedEI,re37,698,0.0845999999999583,0.4789000000002342,0.5004999999999472
MOBOImprovedScalarizedEI,re37,699,0.3002999999999989,0.7173999999999208,-0.4314999999999148
MOBOImprovedScalarizedEI,re37,700,0.3365579365797497,0.4646097498829885,-0.1265653507505553
MOBOImprovedScalarizedEI,re37,701,0.993919968355988,0.0050057047449142,0.0548872917344184
MOBOImprovedScalarizedEI,re37,702,0.7054765893545689,0.1780435977207168,0.0939650147591057
MOBOImprovedScalarizedEI,re37,703,0.2509685593857322,0.6369618830381325,0.0261426725615797
MOBOImprovedScalarizedEI,re37,704,0.2985779486328312,0.3613776864271898,0.212306275138067
MOBOImprovedScalarizedEI,re37,705,1.0019999999999998,0.0059999999999999,0.03
MOBOImprovedScalarizedEI,re37,706,0.3003,0.7173999999999998,-0.4315
MOBOImprovedScalarizedEI,re37,707,0.3025730621963909,0.6412734473228581,-0.3467038019559407
MOBOImprovedScalarizedEI,re37,708,0.2414678352238928,0.3865187558650503,0.3010293922930597
MOBOImprovedScalarizedEI,re37,709,0.0845999999997158,0.4789000000016216,0.5004999999995505
MOBOImprovedScalarizedEI,re37,710,0.3002999999999999,0.7173999999999996,-0.4314999999999992
MOBOImprovedScalarizedEI,re37,711,0.9719954377143736,0.0495294836830699,0.0249064314295725
MOBOImprovedScalarizedEI,re37,712,0.9802368448255456,0.0053509986514628,0.0902945540663047
MOBOImprovedScalarizedEI,re37,713,0.0845999999999627,0.4789000000002155,0.5004999999999399
MOBOImprovedScalarizedEI,re37,714,0.1872897510805899,0.4156116643666739,0.3752559885962506
MOBOImprovedScalarizedEI,re37,715,0.3817,0.3504000000000002,0.0345999999999994
MOBOImprovedScalarizedEI,re37,716,0.3004273874832328,0.6837908860945032,-0.3947760692005326
MOBOImprovedScalarizedEI,re37,717,0.0845999999999628,0.4789000000002164,0.5004999999999395
MOBOImprovedScalarizedEI,re37,718,0.3075675074597608,0.5944555392831246,-0.2916282931821756
MOBOImprovedScalarizedEI,re37,719,0.9728327425652412,0.0063023847341617,0.1069149804663775
MOBOImprovedScalarizedEI,re37,720,0.3403274940766365,0.4528556736805335,-0.1106916420118197
MOBOImprovedScalarizedEI,re37,721,0.3002999999999999,0.7173999999999998,-0.4314999999999997
MOBOImprovedScalarizedEI,re37,722,0.6248480212332213,0.455841324224353,-0.1660382027381031
MOBOImprovedScalarizedEI,re37,723,0.0395600000002074,0.5502999999998807,1.0964999999998948
MOBOImprovedScalarizedEI,re37,724,0.3655521021454878,0.3474115359400791,0.0788335842832713
MOBOImprovedScalarizedEI,re37,725,0.3268455099602227,0.4982406567855004,-0.1711104526349947
MOBOImprovedScalarizedEI,re37,726,0.34574744021969,0.436934984678098,-0.0889354249319235
MOBOImprovedScalarizedEI,re37,727,0.0618508910952589,0.6492272966763003,0.4579546174520535
MOBOImprovedScalarizedEI,re37,728,0.3671181364530161,0.38237097940653,-0.0120977392681218
MOBOImprovedScalarizedEI,re37,729,0.9816580012517075,0.0052223329873692,0.0869252613916219
MOBOImprovedScalarizedEI,re37,730,1.001999999999643,0.0060000000002134,0.0300000000001255
MOBOImprovedScalarizedEI,re37,731,0.3002999999998635,0.7173999999917194,-0.4314999999910878
MOBOImprovedScalarizedEI,re37,732,0.0845999999999995,0.4789000000000026,0.5004999999999993
MOBOImprovedScalarizedEI,re37,733,0.3002999999999707,0.7174000000000361,-0.4314999999996572
MOBOImprovedScalarizedEI,re37,734,1.002,0.0059999999999999,0.03
MOBOImprovedScalarizedEI,re37,735,0.0537669615782553,0.781067933611831,0.4312604968768686
MOBOImprovedScalarizedEI,re37,736,0.3816999999999807,0.3504000000000403,0.0345999999999404
MOBOImprovedScalarizedEI,re37,737,1.001999999999998,0.0060000000000011,0.0300000000000007
MOBOImprovedScalarizedEI,re37,738,0.0845999999997253,0.4789000000015692,0.5004999999995648
MOBOImprovedScalarizedEI,re37,739,1.0019999999999978,0.0060000000000011,0.0300000000000007
MOBOImprovedScalarizedEI,re37,740,0.300299999999874,0.7173999999923347,-0.4314999999917486
MOBOImprovedScalarizedEI,re37,741,0.0845999999999999,0.4789,0.5005
MOBOImprovedScalarizedEI,re37,742,1.0019999999999922,0.0060000000000044,0.0300000000000028
MOBOImprovedScalarizedEI,re37,743,0.3002999999999737,0.7174000000000325,-0.4314999999996901
MOBOImprovedScalarizedEI,re37,744,0.3136452731165173,0.5567783056301671,-0.2456311324528131
MOBOImprovedScalarizedEI,re37,745,0.0845999999997558,0.4789000000013955,0.5004999999996129
MOBOImprovedScalarizedEI,re37,746,1.001999999999636,0.0060000000002154,0.0300000000001286
MOBOImprovedScalarizedEI,re37,747,0.0845999999999908,0.4789000000000519,0.5004999999999856
MOBOImprovedScalarizedEI,re37,748,1.0019999999998472,0.0060000000000672,0.0300000000002938
MOBOImprovedScalarizedEI,re37,749,1.0019999999999225,0.0059999999999876,0.0300000000002473
MOBOImprovedScalarizedEI,re37,750,0.0845999999999907,0.4789000000000521,0.5004999999999858
MOBOImprovedScalarizedEI,re37,751,0.2089295562177666,0.4035293403750244,0.346484568040611
MOBOImprovedScalarizedEI,re37,752,0.3124042509016851,0.3566006019654661,0.1883432137929054
MOBOImprovedScalarizedEI,re37,753,0.3034349996687528,0.6309457850550693,-0.3347496535486632
MOBOImprovedScalarizedEI,re37,754,1.0019999999999922,0.0059999999999985,0.0300000000000255
MOBOImprovedScalarizedEI,re37,755,0.0845999999999957,0.4789000000000246,0.5004999999999932
MOBOImprovedScalarizedEI,re37,756,0.321161665691844,0.5209978104877897,-0.20053032415496
MOBOImprovedScalarizedEI,re37,757,0.3002999999999996,0.7173999999999641,-0.4314999999999606
MOBOImprovedScalarizedEI,re37,758,0.9773060252790668,0.0056734381532487,0.0970533726342585
MOBOImprovedScalarizedEI,re37,759,0.300299999999973,0.7174000000000335,-0.4314999999996777
MOBOImprovedScalarizedEI,re37,760,0.3592995369776977,0.4010737606344234,-0.0388366118457896
MOBOImprovedScalarizedEI,re37,761,0.3002999999999998,0.7173999999999998,-0.4314999999999996
MOBOImprovedScalarizedEI,re37,762,1.002,0.0059999999999999,0.03
MOBOImprovedScalarizedEI,re37,763,0.3303624767993217,0.4854178456245638,-0.1542777387146607
MOBOImprovedScalarizedEI,re37,764,0.3044133606413087,0.6207982987503498,-0.32289711338355
MOBOImprovedScalarizedEI,re37,765,0.3066848697513011,0.6011224717900244,-0.2996105714283172
MOBOImprovedScalarizedEI,re37,766,0.0549956849986554,0.7487584031036589,0.4373095684544317
MOBOImprovedScalarizedEI,re37,767,0.3129180478593314,0.5607415204838929,-0.2505410264841831
MOBOImprovedScalarizedEI,re37,768,0.9777274892558344,0.0056225077401931,0.0960965767664729
MOBOImprovedScalarizedEI,re37,769,1.0019999999999991,0.0060000000000003,0.0300000000000004
MOBOImprovedScalarizedEI,re37,770,0.0845999999997076,0.4789000000016674,0.5004999999995379
MOBOImprovedScalarizedEI,re37,771,0.3008640059760394,0.6703427832726125,-0.3797679031706548
MOBOImprovedScalarizedEI,re37,772,0.0093510402023794,0.9063940389500744,0.9987800420799948
MOBOImprovedScalarizedEI,re37,773,0.3331712070616381,0.4757306474535366,-0.1414377212126838
MOBOImprovedScalarizedEI,re37,774,0.0845999999999996,0.4789000000000022,0.5004999999999994
MOBOImprovedScalarizedEI,re37,775,0.3816999999999994,0.3504000000000014,0.0345999999999979
MOBOImprovedScalarizedEI,re37,776,0.3002999999999906,0.717400000000029,-0.4314999999998511
MOBOImprovedScalarizedEI,re37,777,0.0846000000015989,0.4788999999989564,0.5004999999981632
MOBOImprovedScalarizedEI,re37,778,0.9462999999999822,0.1940000000000146,-0.1609999999999936
MOBOImprovedScalarizedEI,re37,779,0.3002999999999912,0.717400000000027,-0.4314999999998599
MOBOImprovedScalarizedEI,re37,780,0.3007219433356349,0.674036047142696,-0.383907630574647
MOBOImprovedScalarizedEI,re37,781,0.0846,0.4789000000000035,0.5004999999999986
MOBOImprovedScalarizedEI,re37,782,0.3181195944939471,0.5345155553076243,-0.217733906466758
MOBOImprovedScalarizedEI,re37,783,0.0845999999997301,0.4789000000015389,0.5004999999995736
MOBOImprovedScalarizedEI,re37,784,0.3002999999999998,0.717399999999998,-0.4314999999999971
MOBOImprovedScalarizedEI,re37,785,0.9756062345414366,0.0432397070663846,0.0273000286768306
MOBOImprovedScalarizedEI,re37,786,1.002,0.0059999999999999,0.03
MOBOImprovedScalarizedEI,re37,787,0.3002999999999992,0.7173999999999612,-0.4314999999999581
MOBOImprovedScalarizedEI,re37,788,0.0846000000000118,0.4788999999999922,0.5004999999999863
MOBOImprovedScalarizedEI,re37,789,0.2532277402480317,0.3807796961007408,0.2838257670594613
MOBOImprovedScalarizedEI,re37,790,1.001999999999993,0.006000000000004,0.0300000000000025
MOBOImprovedScalarizedEI,re37,791,0.0845999999999907,0.478900000000052,0.500499999999986
MOBOImprovedScalarizedEI,re37,792,0.3026730699935492,0.6399873664624771,-0.3452211391881422
MOBOImprovedScalarizedEI,re37,793,0.692,0.153,0.37
MOBOImprovedScalarizedEI,re37,794,0.3188604383719143,0.5311202401809897,-0.213431713884089
MOBOImprovedScalarizedEI,re37,795,0.3002999999999999,0.7173999999999637,-0.4314999999999591
MOBOImprovedScalarizedEI,re37,796,0.03956,0.5502999999999999,1.0964999999999996
MOBOImprovedScalarizedEI,re37,797,0.3312852162804531,0.482185079598376,-0.1500046868618936
MOBOImprovedScalarizedEI,re37,798,0.3044349537786814,0.6205886490098249,-0.3226511141989017
MOBOImprovedScalarizedEI,re37,799,0.3066992354715466,0.6010103764764806,-0.2994767464839946
MOBOImprovedScalarizedEI,re37,800,0.0551301783075548,0.7458477231413624,0.4378701004632434
MOBOImprovedScalarizedEI,re37,801,0.3129776665849859,0.5604122896905408,-0.2501337986585742
MOBOImprovedScalarizedEI,re37,802,0.976295010129363,0.0058016365537768,0.0993285413980041
MOBOImprovedScalarizedEI,re37,803,0.0845999999999999,0.4789,0.5005
MOBOImprovedScalarizedEI,re37,804,0.3002999999999997,0.7173999999999979,-0.4314999999999965
MOBOImprovedScalarizedEI,re37,805,0.3008683409180576,0.670236556412605,-0.3796486325089289
MOBOImprovedScalarizedEI,re37,806,0.0093384071542413,0.907090630828775,0.998619752868276
MOBOImprovedScalarizedEI,re37,807,0.3335154551364875,0.474573633095901,-0.1398969992116813
MOBOImprovedScalarizedEI,re37,808,1.001999999999999,0.0060000000000006,0.0300000000000005
MOBOImprovedScalarizedEI,re37,809,0.0845999999999982,0.4789000000000109,0.5004999999999968
MOBOImprovedScalarizedEI,re37,810,0.3817000000000006,0.3503999999999995,0.0346000000000006
MOBOImprovedScalarizedEI,re37,811,0.0845999999999999,0.4789,0.5005
MOBOImprovedScalarizedEI,re37,812,0.3002999999999979,0.7173999999998657,-0.4314999999998544
MOBOImprovedScalarizedEI,re37,813,0.3006964623391697,0.6747487845901741,-0.3847049540511891
MOBOImprovedScalarizedEI,re37,814,0.084599999999966,0.4789000000001946,0.5004999999999459
MOBOImprovedScalarizedEI,re37,815,0.7684203446954975,0.1415604595694856,0.08651298756637
MOBOImprovedScalarizedEI,re37,816,0.3003,0.7173999999999913,-0.4314999999999897
MOBOImprovedScalarizedEI,re37,817,1.0019999999999891,0.006000000000006,0.0300000000000037
MOBOImprovedScalarizedEI,re37,818,0.0845999999999914,0.4789000000000509,0.5004999999999856
MOBOImprovedScalarizedEI,re37,819,0.3002999999999999,0.7173999999999999,-0.4315
MOBOImprovedScalarizedEI,re37,820,0.1188013272437795,0.456911505506044,0.460512499564542
MOBOImprovedScalarizedEI,re37,821,0.3002999999999999,0.7173999999999997,-0.4314999999999995
MOBOImprovedScalarizedEI,re37,822,1.0019999999999902,0.0060000000000057,0.0300000000000036
MOBOImprovedScalarizedEI,re37,823,0.0845999999999922,0.4789000000000436,0.5004999999999878
MOBOImprovedScalarizedEI,re37,824,0.3026681511212531,0.6400500024305084,-0.345293388492279
MOBOImprovedScalarizedEI,re37,825,0.9585998733520672,0.0092255038354416,0.1352305176792233
MOBOImprovedScalarizedEI,re37,826,0.3188730071647107,0.5310632455744553,-0.2133593883239997
MOBOImprovedScalarizedEI,re37,827,0.3308234383420981,0.4837965099509332,-0.1521361484692526
MOBOImprovedScalarizedEI,re37,828,0.304584539484035,0.6191509581483533,-0.3209629264248599
MOBOImprovedScalarizedEI,re37,829,0.3068915752489605,0.5995215549941383,-0.2976980666675097
MOBOImprovedScalarizedEI,re37,830,0.0665999999999561,1.09690000000009,0.3884000000006907
MOBOImprovedScalarizedEI,re37,831,0.3130289925913538,0.5601294866764015,-0.2497839044023371
MOBOImprovedScalarizedEI,re37,832,0.9820339534763842,0.0051914591813423,0.0860234450834412
MOBOImprovedScalarizedEI,re37,833,1.0019999999999991,0.0059999999999999,0.0300000000000013
MOBOImprovedScalarizedEI,re37,834,0.0845999999999998,0.4789000000000014,0.5004999999999994
MOBOImprovedScalarizedEI,re37,835,0.3002999999999995,0.7173999999999645,-0.4314999999999611
MOBOImprovedScalarizedEI,re37,836,0.0090294813031413,0.9291986696222244,0.9935937222300384
MOBOImprovedScalarizedEI,re37,837,0.3335642708955029,0.4744100731218147,-0.1396790735847652
MOBOImprovedScalarizedEI,re37,838,1.0019999999999505,0.0060000000000295,0.0300000000000175
MOBOImprovedScalarizedEI,re37,839,1.0019999999974325,0.0059999999994972,0.0300000000085288
MOBOImprovedScalarizedEI,re37,840,0.3002999999999999,0.7173999999999983,-0.4314999999999978
MOBOImprovedScalarizedEI,re37,841,0.3002999999999995,0.7173999999999653,-0.4314999999999623
MOBOImprovedScalarizedEI,re37,842,0.3816999999999997,0.3504,0.0346000000000002
MOBOImprovedScalarizedEI,re37,843,0.0845999999999999,0.4789,0.5005
MOBOImprovedScalarizedEI,re37,844,0.3002999999999998,0.7173999999999998,-0.4314999999999996
MOBOImprovedScalarizedEI,re37,845,0.3002999999999981,0.7173999999998606,-0.4314999999998493
MOBOImprovedScalarizedEI,re37,846,0.3007089357267608,0.6743977011322914,-0.3843122684049161
MOBOImprovedScalarizedEI,re37,847,0.0845999999999957,0.4789000000000258,0.5004999999999925
MOBOImprovedScalarizedEI,re37,848,0.944086697406498,0.1398652486420097,-0.0642533585051592
MOBOImprovedScalarizedEI,re37,849,0.0846000000000001,0.4789,0.5004999999999998
MOBOImprovedScalarizedEI,re37,850,1.0019999999999996,0.0059999999999999,0.030000000000001
MOBOImprovedScalarizedEI,re37,851,0.084600000000001,0.4788999999999993,0.5004999999999991
MOBOImprovedScalarizedEI,re37,852,0.2750681008606748,0.3708273268948782,0.2505363287172748
MOBOImprovedScalarizedEI,re37,853,0.9836672465612674,0.0304777344666138,0.0304761783837978
MOBOImprovedScalarizedEI,re37,854,0.0846000000000868,0.4788999999999431,0.5004999999999001
MOBOImprovedScalarizedEI,re37,855,0.3026517825919225,0.6402588904276699,-0.3455343074691475
MOBOImprovedScalarizedEI,re37,856,0.3003000000000003,0.7173999999999714,-0.4314999999999687
MOBOImprovedScalarizedEI,re37,857,0.6919999999999997,0.1530000000000001,0.37
MOBOImprovedScalarizedEI,re37,858,0.3189170605564318,0.530863637247139,-0.2131060587983887
MOBOImprovedScalarizedEI,re37,859,0.3002999999999922,0.7174000000000241,-0.4314999999998755
MOBOImprovedScalarizedEI,re37,860,0.03956,0.5502999999999999,1.0964999999999998
MOBOImprovedScalarizedEI,re37,861,0.3307779486389705,0.4839559390293321,-0.1523468673478395
MOBOImprovedScalarizedEI,re37,862,0.304590395679595,0.6190951836218297,-0.3208973908022849
MOBOImprovedScalarizedEI,re37,863,0.3069458090026488,0.5991057118672631,-0.297200847192362
MOBOImprovedScalarizedEI,re37,864,0.0552620899000207,0.743072442809065,0.4384069640792814
MOBOImprovedScalarizedEI,re37,865,0.3130954768732558,0.5597640273409837,-0.2493316169414011
MOBOImprovedScalarizedEI,re37,866,0.9813820962379012,0.005245842240949,0.0875842615999098
MOBOImprovedScalarizedEI,re37,867,1.001999999999988,0.0060000000000068,0.0300000000000046
MOBOImprovedScalarizedEI,re37,868,0.0845999999999673,0.4789000000001902,0.5004999999999468
MOBOImprovedScalarizedEI,re37,869,0.3008534598128857,0.6706026534752852,-0.380059635557463
MOBOImprovedScalarizedEI,re37,870,0.0090899019969126,0.9236802753235036,0.9948371816167508
MOBOImprovedScalarizedEI,re37,871,0.333471725209195,0.4747202596358821,-0.1400923369376329
MOBOImprovedScalarizedEI,re37,872,1.0019999999999996,0.006,0.0300000000000006
MOBOImprovedScalarizedEI,re37,873,1.0019999999997795,0.0060000000002655,0.030000000000054
MOBOImprovedScalarizedEI,re37,874,0.084600000000045,0.4789000000001465,0.500499999999854
MOBOImprovedScalarizedEI,re37,875,0.381700000000001,0.3503999999999994,0.0346000000000005
MOBOImprovedScalarizedEI,re37,876,0.0845999999999999,0.4789,0.5005
MOBOImprovedScalarizedEI,re37,877,0.3002999999999992,0.7173999999999605,-0.4314999999999567
MOBOImprovedScalarizedEI,re37,878,0.3007041268300643,0.6745325500853505,-0.3844631111035814
MOBOImprovedScalarizedEI,re37,879,0.0846000000000773,0.4789000000001127,0.500499999999823
MOBOImprovedScalarizedEI,re37,880,0.3182301241893192,0.5340044369070538,-0.21708707887278
MOBOImprovedScalarizedEI,re37,881,1.0019999999999438,0.0060000000000658,0.0300000000000142
MOBOImprovedScalarizedEI,re37,882,1.0019999999999385,0.0060000000000728,0.0300000000000159
MOBOImprovedScalarizedEI,re37,883,0.3002999999999997,0.7174000000000001,-0.4314999999999996
MOBOImprovedScalarizedEI,re37,884,0.0845999999999999,0.4789,0.5005
MOBOImprovedScalarizedEI,re37,885,0.1232522517885057,0.4541091657128093,0.4551963102613982
MOBOImprovedScalarizedEI,re37,886,0.3003,0.7173999999999998,-0.4315
MOBOImprovedScalarizedEI,re37,887,0.2346628397205203,0.3899462935367832,0.3107823687854403
MOBOImprovedScalarizedEI,re37,888,1.0019999999999898,0.0060000000000118,0.0300000000000029
MOBOImprovedScalarizedEI,re37,889,0.0845999999999999,0.4789000000000003,0.5004999999999998
MOBOImprovedScalarizedEI,re37,890,0.3026798755825438,0.6399008088687085,-0.3451212901814366
MOBOImprovedScalarizedEI,re37,891,0.9592551813986824,0.0090641240363462,0.1340157933475843
MOBOImprovedScalarizedEI,re37,892,0.3192171461427952,0.5295103667897748,-0.2113874234270689
MOBOImprovedScalarizedEI,re37,893,0.0395599999999856,0.5503000000000946,1.0964999999999696
MOBOImprovedScalarizedEI,re37,894,0.3308410206023248,0.4837349221435865,-0.1520547395771472
MOBOImprovedScalarizedEI,re37,895,0.3045828834762915,0.6191667368557511,-0.3209814659771517
MOBOImprovedScalarizedEI,re37,896,0.3068928462315486,0.5995117899659106,-0.2976863928047487
MOBOImprovedScalarizedEI,re37,897,0.0665999999999999,1.0968999999999998,0.3883999999999998
MOBOImprovedScalarizedEI,re37,898,0.3130048057521844,0.5602626818804026,-0.2499487091303679
MOBOImprovedScalarizedEI,re37,899,0.981661552448674,0.0052220350770264,0.0869167637916159
MOBOImprovedScalarizedEI,re37,900,0.0845999999999999,0.4789,0.5005
MOBOImprovedScalarizedEI,re37,901,0.3008788665368647,0.6699800356213235,-0.3793605663130078
MOBOImprovedScalarizedEI,re37,902,0.0090838728362193,0.9241885764528938,0.9947223380034512
MOBOImprovedScalarizedEI,re37,903,0.3335009275419367,0.4746223329316383,-0.1399618804705182
MOBOImprovedScalarizedEI,re37,904,1.00199999999997,0.0060000000000358,0.0300000000000076
MOBOImprovedScalarizedEI,re37,905,1.0019999999997524,0.0060000000001464,0.0300000000000873
MOBOImprovedScalarizedEI,re37,906,0.0845999999999896,0.4789000000000595,0.5004999999999833
MOBOImprovedScalarizedEI,re37,907,0.3002999999999997,0.7173999999999983,-0.4314999999999976
MOBOImprovedScalarizedEI,re37,908,0.3817000000000002,0.3503999999999997,0.0346000000000004
MOBOImprovedScalarizedEI,re37,909,0.3002999999999999,0.7174,-0.4314999999999998
MOBOImprovedScalarizedEI,re37,910,1.0019999999999971,0.0059999999999993,0.0300000000000099
MOBOImprovedScalarizedEI,re37,911,0.3003,0.7173999999999991,-0.4314999999999993
MOBOImprovedScalarizedEI,re37,912,0.3006972522866112,0.6747264231689885,-0.3846799465641777
MOBOImprovedScalarizedEI,re37,913,0.0845999999999991,0.478900000000009,0.5004999999999971
MOBOImprovedScalarizedEI,re37,914,0.3182222426638608,0.5340408293084175,-0.2171331434478754
MOBOImprovedScalarizedEI,re37,915,0.0845999999999999,0.4789,0.5005
MOBOImprovedScalarizedEI,re37,916,1.0019999999999487,0.0060000000000618,0.0300000000000125
MOBOImprovedScalarizedEI,re37,917,0.3002999999999944,0.7173999999996551,-0.4314999999996281
MOBOImprovedScalarizedEI,re37,918,0.08459999999994,0.4789000000000493,0.5005000000009651
MOBOImprovedScalarizedEI,re37,919,0.2853358578387031,0.3665184105750993,0.2341844762681107
MOBOImprovedScalarizedEI,re37,920,0.9616927789748044,0.0703366224062437,0.0132320593639003
MOBOImprovedScalarizedEI,re37,921,0.084599999999987,0.4789000000000746,0.5004999999999792
MOBOImprovedScalarizedEI,re37,922,0.302682511613111,0.6398673144146249,-0.3450826504051396
MOBOImprovedScalarizedEI,re37,923,0.8051542570797718,0.1037038149279332,0.1407109890173793
MOBOImprovedScalarizedEI,re37,924,0.3189224865502598,0.5308390686295689,-0.2130748749273703
MOBOImprovedScalarizedEI,re37,925,0.2050250829021083,0.8420541168938434,0.3198454151748718
MOBOImprovedScalarizedEI,re37,926,0.3310006938318683,0.4831764587566582,-0.1513163469077473
MOBOImprovedScalarizedEI,re37,927,0.3045440440161134,0.6195376767854684,-0.321417235920029
MOBOImprovedScalarizedEI,re37,928,0.0553039605726241,0.7422069735407771,0.4385748654172572
MOBOImprovedScalarizedEI,re37,929,0.3129240814356058,0.5607081653329551,-0.2504997745887775
MOBOImprovedScalarizedEI,re37,930,0.9815320743142696,0.0052329739650211,0.0872263338394076
MOBOImprovedScalarizedEI,re37,931,0.3008619546716193,0.6703931694039797,-0.3798244723508372
MOBOImprovedScalarizedEI,re37,932,0.0090637913949568,0.9259425223169448,0.9943265381624588
MOBOImprovedScalarizedEI,re37,933,0.3335845247059015,0.4743422484811346,-0.1395886957716994
MOBOImprovedScalarizedEI,re37,934,1.0019999999999898,0.0060000000000058,0.0300000000000038
MOBOImprovedScalarizedEI,re37,935,0.0845999999999617,0.478900000000219,0.5004999999999391
MOBOImprovedScalarizedEI,re37,936,0.3816999999998908,0.350399999999977,0.0346000000004905
MOBOImprovedScalarizedEI,re37,937,0.3002999999999964,0.7174000000000045,-0.4314999999999549
MOBOImprovedScalarizedEI,re37,938,0.0846000000000002,0.4788999999999997,0.5004999999999998
MOBOImprovedScalarizedEI,re37,939,1.0019999999996796,0.0060000000001896,0.0300000000001132
MOBOImprovedScalarizedEI,re37,940,0.3003,0.7173999999999997,-0.4314999999999996
MOBOImprovedScalarizedEI,re37,941,0.3007079459467306,0.674425404869584,-0.3843432594265892
MOBOImprovedScalarizedEI,re37,942,0.08459999999997,0.4789000000001744,0.5004999999999512
MOBOImprovedScalarizedEI,re37,943,0.3181003592925099,0.5346046706384363,-0.2178466538575301
MOBOImprovedScalarizedEI,re37,944,0.0846000000000002,0.4788999999999997,0.5004999999999998
MOBOImprovedScalarizedEI,re37,945,1.0019999999999347,0.0060000000000385,0.0300000000000231
MOBOImprovedScalarizedEI,re37,946,1.001999999999991,0.0060000000000061,0.0300000000000029
MOBOImprovedScalarizedEI,re37,947,0.3002999999999994,0.7174000000000008,-0.4314999999999943
MOBOImprovedScalarizedEI,re37,948,0.1256593632852631,0.4525996658946902,0.4523097427607421
MOBOImprovedScalarizedEI,re37,949,0.2372883172765185,0.3886150779531215,0.3070362300392975
MOBOImprovedScalarizedEI,re37,950,1.0019999999999938,0.0060000000000033,0.0300000000000028
MOBOImprovedScalarizedEI,re37,951,0.2383409510183373,0.7676824672241059,-0.0006164828262515
MOBOImprovedScalarizedEI,re37,952,0.3026733242507617,0.6399841305111562,-0.3452174064795982
MOBOImprovedScalarizedEI,re37,953,0.965367381584043,0.007676606378254,0.1222949200770027
MOBOImprovedScalarizedEI,re37,954,0.318900121943356,0.5309403581741926,-0.2132034330433608
MOBOImprovedScalarizedEI,re37,955,0.3002999999999962,0.7174000000000046,-0.4314999999999515
MOBOImprovedScalarizedEI,re37,956,0.3002999999999998,0.7173999999999556,-0.431499999999952
MOBOImprovedScalarizedEI,re37,957,0.0395600000000187,0.550299999999936,1.0964999999998772
MOBOImprovedScalarizedEI,re37,958,0.3313845180911384,0.481840196976524,-0.1495481227202251
MOBOImprovedScalarizedEI,re37,959,0.3045542943045618,0.6194396174987626,-0.3213020524116736
MOBOImprovedScalarizedEI,re37,960,0.306804358312362,0.6001939223554683,-0.2985016252908997
MOBOImprovedScalarizedEI,re37,961,0.3129242352464431,0.560707315134393,-0.2504987230930581
MOBOImprovedScalarizedEI,re37,962,0.9814100670021432,0.0052434262816365,0.087517561683348
MOBOImprovedScalarizedEI,re37,963,1.0019999999999882,0.0060000000000126,0.0300000000000031
MOBOImprovedScalarizedEI,re37,964,0.3008620924452698,0.6703897828567195,-0.3798206703089924
MOBOImprovedScalarizedEI,re37,965,0.0089536702981339,0.9748402750495884,0.983590967429406
MOBOImprovedScalarizedEI,re37,966,0.3337585078426308,0.4737605102817335,-0.1388132948555808
MOBOImprovedScalarizedEI,re37,967,1.0019999999999942,0.0060000000000032,0.0300000000000028
MOBOImprovedScalarizedEI,re37,968,1.00199999999912,0.0060000000005211,0.0300000000003103
MOBOImprovedScalarizedEI,re37,969,0.3816999999996039,0.3503999999998585,0.0346000000012146
MOBOImprovedScalarizedEI,re37,970,0.3002999999999958,0.717399999999736,-0.4314999999997157
MOBOImprovedScalarizedEI,re37,971,0.300694116114379,0.6748153040727136,-0.3847793419684324
MOBOImprovedScalarizedEI,re37,972,0.0846000000000475,0.4788999999999689,0.5004999999999454
MOBOImprovedScalarizedEI,re37,973,0.8090781893878998,0.1183904568086565,0.0806513152996225
MOBOImprovedScalarizedEI,re37,974,0.3816999999999989,0.3503999999999996,0.034600000000003
MOBOImprovedScalarizedEI,re37,975,0.0845999999999991,0.4789000000000045,0.5004999999999987
MOBOImprovedScalarizedEI,re37,976,0.988633545047522,0.004884424971429,0.0694124956466651
MOBOImprovedScalarizedEI,re37,977,0.3378148877680887,0.3498922421867077,0.140375161861314
MOBOImprovedScalarizedEI,re37,978,0.8887457280690403,0.0357520257403281,0.2337546852832179
MOBOImprovedScalarizedEI,re37,979,0.2642405420149869,0.3756375783049244,0.2672744954426407
MOBOImprovedScalarizedEI,re37,980,0.3047960240469638,0.617160175367301,-0.3186217381155437
MOBOImprovedScalarizedEI,re37,981,0.084599999999999,0.4789000000000049,0.5004999999999986
MOBOImprovedScalarizedEI,re37,982,1.0019999999999998,0.0059999999999999,0.03
MOBOImprovedScalarizedEI,re37,983,0.3534878109891912,0.4158508619279941,-0.0596654950116693
MOBOImprovedScalarizedEI,re37,984,0.3817000000000002,0.3504000000000001,0.0345999999999995
MOBOImprovedScalarizedEI,re37,985,0.0651124831841944,0.6166716078850983,0.4653749708532894
MOBOImprovedScalarizedEI,re37,986,0.30574899455112,0.6087193534831412,-0.3086494250277829
MOBOImprovedScalarizedEI,re37,987,0.0845999999999992,0.4789000000000036,0.500499999999999
MOBOImprovedScalarizedEI,re37,988,0.9558682846703852,0.0099228537059265,0.1402121104279213
MOBOImprovedScalarizedEI,re37,989,0.3061344967669719,0.605516580263041,-0.3048460954679949
MOBOImprovedScalarizedEI,re37,990,0.96203772008703,0.0695494758750638,0.0137762120660117
MOBOImprovedScalarizedEI,re37,991,0.1337574142846804,0.4475536845203018,0.4425375661047971
MOBOImprovedScalarizedEI,re37,992,0.300299999999999,0.7173999999999724,-0.4314999999999633
MOBOImprovedScalarizedEI,re37,993,0.3074636147924356,0.3582308978325366,0.1970515791647364
MOBOImprovedScalarizedEI,re37,994,0.2225205352626081,0.3962393237897655,0.327848799510481
MOBOImprovedScalarizedEI,re37,995,0.312164053012844,0.5649758940943059,-0.2557681506231491
MOBOImprovedScalarizedEI,re37,996,0.0845999999999999,0.4789,0.5005
MOBOImprovedScalarizedEI,re37,997,0.3002999999999882,0.7173999999953692,-0.4314999999949857
MOBOImprovedScalarizedEI,re37,998,0.3816999999999999,0.3503999999999999,0.0346
MOBOImprovedScalarizedEI,re37,999,0.0792924302123045,0.5105991180635007,0.4918787692551389
MOBOImprovedScalarizedEI,re37,1000,0.3094511220127294,0.581477096043753,-0.2759547355710822
MOBOImprovedScalarizedEI,re37,1001,0.3002929278137958,0.6904694305051167,-0.4021623564464711
MOBOImprovedScalarizedEI,re37,1002,1.0019999999999998,0.0059999999999999,0.0300000000000004
MOBOImprovedScalarizedEI,re37,1003,0.3004770579449236,0.6818361977993945,-0.3926058449473557
MOBOImprovedScalarizedEI,re37,1004,0.0686370269903183,0.4945993889292378,0.7473853615846796
MOBOImprovedScalarizedEI,re37,1005,1.002,0.0059999999999999,0.03
MOBOImprovedScalarizedEI,re37,1006,0.3002999999999993,0.717399999999972,-0.431499999999968
MOBOImprovedScalarizedEI,re37,1007,0.3712637753584074,0.3479314522355112,0.0642062862373055
MOBOImprovedScalarizedEI,re37,1008,0.3002999999999993,0.7173999999999695,-0.4314999999999651
MOBOImprovedScalarizedEI,re37,1009,0.9661186352024924,0.0075215454731555,0.1208028975404786
MOBOImprovedScalarizedEI,re37,1010,0.3640002724476198,0.389680988854592,-0.0225990655135541
MOBOImprovedScalarizedEI,re37,1011,0.3035940927347241,0.6291991422614512,-0.3327170992559369
MOBOImprovedScalarizedEI,re37,1012,0.0845999999999872,0.4789000000000109,0.5005000000002097
MOBOImprovedScalarizedEI,re37,1013,1.0019999999956746,0.0060000000025615,0.0300000000015255
MOBOImprovedScalarizedEI,re37,1014,0.3604063640988836,0.3983488148237536,-0.0349671189515242
MOBOImprovedScalarizedEI,re37,1015,0.3817000000009124,0.3503999999995369,0.0346000000004011
MOBOImprovedScalarizedEI,re37,1016,0.0620981117259757,0.6465701466563717,0.4585478224503411
MOBOImprovedScalarizedEI,re37,1017,0.3053463189808015,0.6121882048195902,-0.3127566423105701
MOBOImprovedScalarizedEI,re37,1018,0.3002999999999233,0.7173999999951511,-0.4314999999947796
MOBOImprovedScalarizedEI,re37,1019,0.0846,0.4789000000000004,0.5004999999999997
MOBOImprovedScalarizedEI,re37,1020,0.3002999999999999,0.7173999999999999,-0.4315
MOBOImprovedScalarizedEI,re37,1021,0.95580029717781,0.0099407060016154,0.1403344529898042
MOBOImprovedScalarizedEI,re37,1022,0.3059572187768578,0.6069758336508168,-0.3065803049200489
MOBOImprovedScalarizedEI,re37,1023,0.0846000000000001,0.4789000000000002,0.5004999999999997
MOBOImprovedScalarizedEI,re37,1024,1.0019999999999998,0.0059999999999999,0.0300000000000004
MOBOImprovedScalarizedEI,re37,1025,0.3002999999999903,0.7173999999994181,-0.4314999999993735
MOBOImprovedScalarizedEI,re37,1026,0.1182845152134544,0.4572378325267995,0.4611280067223494
MOBOImprovedScalarizedEI,re37,1027,0.3003,0.717399999999999,-0.431499999999999
MOBOImprovedScalarizedEI,re37,1028,1.0019999999878824,0.0060000000071779,0.0300000000042725
MOBOImprovedScalarizedEI,re37,1029,0.3087543898193865,0.3577963143142237,0.1947928881942786
MOBOImprovedScalarizedEI,re37,1030,0.2242334718267291,0.3953384556508849,0.3254660474626548
MOBOImprovedScalarizedEI,re37,1031,0.3002999999999819,0.7173999999989028,-0.4314999999988183
MOBOImprovedScalarizedEI,re37,1032,0.3123245142844794,0.5640635028130138,-0.2546434788636548
MOBOImprovedScalarizedEI,re37,1033,0.0845999999999998,0.4789000000000005,0.5004999999999998
MOBOImprovedScalarizedEI,re37,1034,1.0019999999999951,0.0060000000000056,0.0300000000000012
MOBOImprovedScalarizedEI,re37,1035,1.0019999999999707,0.0059999999999942,0.0300000000000967
MOBOImprovedScalarizedEI,re37,1036,0.0845999999999992,0.4789000000000042,0.5004999999999987
MOBOImprovedScalarizedEI,re37,1037,0.0235400000000612,1.243499999999588,0.934699999999694
MOBOImprovedScalarizedEI,re37,1038,0.3002197468837443,0.6963277193540466,-0.4086050476239831
MOBOImprovedScalarizedEI,re37,1039,0.7959347169759272,0.1259017745399046,0.0827434321466238
MOBOImprovedScalarizedEI,re37,1040,0.0395599999999065,0.5503000000006115,1.0964999999998044
MOBOImprovedScalarizedEI,re37,1041,0.3260447615201199,0.5012819073108369,-0.1750755906211042
MOBOImprovedScalarizedEI,re37,1042,0.3002999999999981,0.7173999999998953,-0.4314999999998865
MOBOImprovedScalarizedEI,re37,1043,0.0845999999999994,0.4789000000000035,0.500499999999999
MOBOImprovedScalarizedEI,re37,1044,0.3002999999999999,0.7173999999999799,-0.4314999999999777
MOBOImprovedScalarizedEI,re37,1045,0.7814951202172453,0.0951240758665331,0.3231097297590731
MOBOImprovedScalarizedEI,re37,1046,0.3207112846480693,0.5229316682641714,-0.2030038295216432
MOBOImprovedScalarizedEI,re37,1047,0.3002999999999938,0.7173999999996045,-0.4314999999995736
MOBOImprovedScalarizedEI,re37,1048,0.0845999999999995,0.4789000000000036,0.5004999999999988
MOBOImprovedScalarizedEI,re37,1049,0.3114270803998408,0.5692495222546556,-0.2610241987163609
MOBOImprovedScalarizedEI,re37,1050,0.3477219368981726,0.4313864587468245,-0.0812835300709121
MOBOImprovedScalarizedEI,re37,1051,0.0528801134733138,0.8239569165546426,0.4237180964597566
MOBOImprovedScalarizedEI,re37,1052,0.3002999999999992,0.717400000000001,-0.4314999999999846
MOBOImprovedScalarizedEI,re37,1053,0.0846000000001779,0.4788999999999141,0.500499999999922
MOBOImprovedScalarizedEI,re37,1054,1.0019999999999971,0.0059999999999994,0.0300000000000089
MOBOImprovedScalarizedEI,re37,1055,0.9287289187650288,0.0186550894101105,0.1837161197348228
MOBOImprovedScalarizedEI,re37,1056,0.3022161691804352,0.646101457907286,-0.3522547073434209
MOBOImprovedScalarizedEI,re37,1057,0.0845999999999999,0.4789000000000001,0.5004999999999998
MOBOImprovedScalarizedEI,re37,1058,0.3002999999999994,0.7173999999999696,-0.4314999999999659
MOBOImprovedScalarizedEI,re37,1059,0.9780225517799904,0.0392450997489543,0.0285385856917811
MOBOImprovedScalarizedEI,re37,1060,0.3002999999999963,0.7173999999997795,-0.4314999999997604
MOBOImprovedScalarizedEI,re37,1061,0.1929823401539903,0.4123807124623468,0.3677870255151153
MOBOImprovedScalarizedEI,re37,1062,0.0846000000001781,0.4788999999999139,0.500499999999922
MOBOImprovedScalarizedEI,re37,1063,0.3002999999999994,0.7173999999999703,-0.4314999999999675
MOBOImprovedScalarizedEI,re37,1064,0.3004369797299522,0.6833986210913102,-0.3943408499755699
MOBOImprovedScalarizedEI,re37,1065,0.0845999999999991,0.4789000000000045,0.5004999999999988
MOBOImprovedScalarizedEI,re37,1066,1.001999999999678,0.006000000000388,0.0300000000000786
MOBOImprovedScalarizedEI,re37,1067,0.0845999999999428,0.4789000000000471,0.5005000000009162
MOBOImprovedScalarizedEI,re37,1068,0.3002999999999983,0.7173999999998874,-0.4314999999998784
MOBOImprovedScalarizedEI,re37,1069,0.3809654852788754,0.3519327163904772,0.0323324334209248
MOBOImprovedScalarizedEI,re37,1070,0.067436085005452,0.5960967518525546,0.4702363435022452
MOBOImprovedScalarizedEI,re37,1071,0.3002217292211127,0.6961089985997742,-0.4083651180918978
MOBOImprovedScalarizedEI,re37,1072,1.0019999999999478,0.0060000000000307,0.0300000000000187
MOBOImprovedScalarizedEI,re37,1073,0.0491007092182533,0.525073644038774,1.007743534154149
MOBOImprovedScalarizedEI,re37,1074,0.326502177204124,0.4995387096404882,-0.1728041047752655
MOBOImprovedScalarizedEI,re37,1075,0.0845999999999996,0.4789000000000002,0.5005000000000044
MOBOImprovedScalarizedEI,re37,1076,0.3256431092259697,0.5028259215292529,-0.1770846837971616
MOBOImprovedScalarizedEI,re37,1077,0.3002999999999998,0.7173999999999652,-0.4314999999999614
MOBOImprovedScalarizedEI,re37,1078,0.9534527819191112,0.0105713999288677,0.1445113579894616
MOBOImprovedScalarizedEI,re37,1079,0.3204930530871759,0.5238766507966026,-0.204211008428313
MOBOImprovedScalarizedEI,re37,1080,0.0845999999999999,0.4789,0.5005
MOBOImprovedScalarizedEI,re37,1081,1.0019999999996605,0.0060000000004095,0.0300000000000829
MOBOImprovedScalarizedEI,re37,1082,0.3110594736319266,0.5714351744825225,-0.263704721033613
MOBOImprovedScalarizedEI,re37,1083,0.3489664992989307,0.4279517761976832,-0.0765286682944239
MOBOImprovedScalarizedEI,re37,1084,0.0569423775945914,0.7126752763710906,0.4444413563442363
MOBOImprovedScalarizedEI,re37,1085,0.3002999999999945,0.7173999999996572,-0.4314999999996304
MOBOImprovedScalarizedEI,re37,1086,0.0845999999999999,0.4789,0.5005
MOBOImprovedScalarizedEI,re37,1087,1.0019999999999971,0.0060000000000015,0.030000000000001
MOBOImprovedScalarizedEI,re37,1088,0.9302814076181044,0.0180803215732088,0.1814773784544187
MOBOImprovedScalarizedEI,re37,1089,0.3023130507684198,0.6447509899824185,-0.3507044319934835
MOBOImprovedScalarizedEI,re37,1090,0.0845999999999998,0.4789000000000002,0.5005
MOBOImprovedScalarizedEI,re37,1091,0.3002999999999985,0.7173999999996805,-0.4314999999996534
MOBOImprovedScalarizedEI,re37,1092,1.001999999999969,0.0060000000000375,0.0300000000000077
MOBOImprovedScalarizedEI,re37,1093,0.2774495765703767,0.3698049138563616,0.2467873670273795
MOBOImprovedScalarizedEI,re37,1094,0.0846000000000001,0.4788999999999999,0.5005
MOBOImprovedScalarizedEI,re37,1095,0.3002999999999981,0.7173999999998852,-0.4314999999998751
MOBOImprovedScalarizedEI,re37,1096,0.3004526431922156,0.6827740150888687,-0.3936475467458664
MOBOImprovedScalarizedEI,re37,1097,0.0845999999999999,0.4789,0.5005
MOBOImprovedScalarizedEI,re37,1098,0.0846000000001782,0.4788999999999139,0.5004999999999221
MOBOImprovedScalarizedEI,re37,1099,0.3803487662500408,0.3532254597221803,0.030422166883806
MOBOImprovedScalarizedEI,re37,1100,0.0674449651345797,0.5960214394022368,0.4702543835788716
MOBOImprovedScalarizedEI,re37,1101,0.300217279329631,0.696609420138432,-0.4089139945604831
MOBOImprovedScalarizedEI,re37,1102,0.300299999999998,0.7173999999998858,-0.4314999999998763
MOBOImprovedScalarizedEI,re37,1103,0.3263657884933575,0.5000568150360689,-0.1734795816618337
MOBOImprovedScalarizedEI,re37,1104,1.001999999999994,0.0060000000000034,0.0300000000000026
MOBOImprovedScalarizedEI,re37,1105,0.3254655656502994,0.503512479920776,-0.1779771855165451
MOBOImprovedScalarizedEI,re37,1106,0.7759177268804682,0.1373025149089547,0.0855686937293837
MOBOImprovedScalarizedEI,re37,1107,0.3110300380111003,0.5716118197490776,-0.2639211383002349
MOBOImprovedScalarizedEI,re37,1108,0.3490580370986237,0.4277010019028265,-0.0761809600898048
MOBOImprovedScalarizedEI,re37,1109,0.0235400000000007,1.243499999999999,0.9346999999999996
MOBOImprovedScalarizedEI,re37,1110,0.3632817832870314,0.6669178681416322,-0.354366185800948
MOBOImprovedScalarizedEI,re37,1111,0.0846000000000002,0.4788999999999997,0.5004999999999998
MOBOImprovedScalarizedEI,re37,1112,0.3002999999999939,0.7173999999996088,-0.4314999999995773
MOBOImprovedScalarizedEI,re37,1113,1.0019999999999438,0.0060000000000331,0.0300000000000199
MOBOImprovedScalarizedEI,re37,1114,0.9210586059455824,0.0216065289137963,0.1944060120696282
MOBOImprovedScalarizedEI,re37,1115,0.300299999999994,0.7173999999995975,-0.4314999999995663
MOBOImprovedScalarizedEI,re37,1116,0.9462999999999108,0.1939999999999427,-0.1609999999997415
MOBOImprovedScalarizedEI,re37,1117,0.3002999999999995,0.7173999999999717,-0.4314999999999688
MOBOImprovedScalarizedEI,re37,1118,0.3002999999999999,0.717399999999996,-0.4314999999999955
MOBOImprovedScalarizedEI,re37,1119,0.9789765503133258,0.0377104737996839,0.0289555983983879
MOBOImprovedScalarizedEI,re37,1120,0.1877707998839056,0.4153372542503042,0.3746274461689002
MOBOImprovedScalarizedEI,re37,1121,0.3002999999999993,0.7173999999999743,-0.4314999999999721
MOBOImprovedScalarizedEI,re37,1122,0.0845999999999995,0.4789000000000042,0.5004999999999986
MOBOImprovedScalarizedEI,re37,1123,0.3004721389907878,0.6820218584835771,-0.3928121413499399
MOBOImprovedScalarizedEI,re37,1124,0.0845999999999999,0.4789,0.5005
MOBOImprovedScalarizedEI,re37,1125,0.0846000000002576,0.478900000000417,0.5004999999996783
MOBOImprovedScalarizedEI,re37,1126,0.3816999999989217,0.3504000000022442,0.0345999999966777
MOBOImprovedScalarizedEI,re37,1127,0.0674644894029199,0.5958559355138511,0.4702940340942333
MOBOImprovedScalarizedEI,re37,1128,0.3002271312448183,0.6955427510496898,-0.4077437434078388
MOBOImprovedScalarizedEI,re37,1129,1.002,0.0059999999999999,0.03
MOBOImprovedScalarizedEI,re37,1130,0.3002999999999998,0.7173999999999984,-0.4314999999999981
MOBOImprovedScalarizedEI,re37,1131,0.0510567210194357,0.5211009250692398,0.9850964095305044
MOBOImprovedScalarizedEI,re37,1132,0.3262902985408212,0.5003441882640505,-0.1738541129584023
MOBOImprovedScalarizedEI,re37,1133,0.0845999999987422,0.4789000000010349,0.500500000020202
MOBOImprovedScalarizedEI,re37,1134,0.3002999999999949,0.7173999999996732,-0.4314999999996468
MOBOImprovedScalarizedEI,re37,1135,1.0019999999999498,0.0060000000000295,0.0300000000000177
MOBOImprovedScalarizedEI,re37,1136,0.3002999999999999,0.7173999999999999,-0.4315
MOBOImprovedScalarizedEI,re37,1137,0.3254315822579071,0.5036441799397646,-0.1781483304606882
MOBOImprovedScalarizedEI,re37,1138,0.3003,0.7173999999999954,-0.4314999999999949
MOBOImprovedScalarizedEI,re37,1139,0.9568169230066454,0.0096762406464226,0.138496805909436
MOBOImprovedScalarizedEI,re37,1140,0.3202190912033165,0.5250704592610046,-0.2057346432452185
MOBOImprovedScalarizedEI,re37,1141,0.3002999999999983,0.7173999999998985,-0.4314999999998897
MOBOImprovedScalarizedEI,re37,1142,0.0845999999993615,0.4789000000005253,0.5005000000102574
MOBOImprovedScalarizedEI,re37,1143,0.5552727612512591,0.2595423304713323,0.0847274926265878
MOBOImprovedScalarizedEI,re37,1144,0.3109561306530539,0.5720564335403625,-0.2644657108706081
MOBOImprovedScalarizedEI,re37,1145,0.3484466576507253,0.4293806837383465,-0.0785084888736193
MOBOImprovedScalarizedEI,re37,1146,0.0529034908126423,0.8218903096812303,0.4240688513433202
MOBOImprovedScalarizedEI,re37,1147,0.0846000000006795,0.4788999999995555,0.50049999999922
MOBOImprovedScalarizedEI,re37,1148,0.3002999999999913,0.717399999999464,-0.431499999999422
MOBOImprovedScalarizedEI,re37,1149,1.0019999999999678,0.0060000000000385,0.0300000000000079
MOBOImprovedScalarizedEI,re37,1150,0.9316560371199094,0.0175780829592592,0.1794729273843979
MOBOImprovedScalarizedEI,re37,1151,0.3024034702768129,0.6435184326004928,-0.3492878882245034
MOBOImprovedScalarizedEI,re37,1152,1.0019999999998772,0.006000000000065,0.0300000000000718
MOBOImprovedScalarizedEI,re37,1153,0.3002999999999982,0.7173999999998965,-0.4314999999998866
MOBOImprovedScalarizedEI,re37,1154,0.2670606985107109,0.3743601142625047,0.2629614695978304
MOBOImprovedScalarizedEI,re37,1155,0.0845999999999999,0.4789,0.5005
MOBOImprovedScalarizedEI,re37,1156,0.3004726104009186,0.6820039963028628,-0.3927922953265258
MOBOImprovedScalarizedEI,re37,1157,0.0845999999990102,0.4789000000057258,0.5004999999984047
MOBOImprovedScalarizedEI,re37,1158,1.001999999999101,0.0060000000010843,0.0300000000002194
MOBOImprovedScalarizedEI,re37,1159,0.3002999999999991,0.717399999999867,-0.4314999999998549
MOBOImprovedScalarizedEI,re37,1160,0.0846000000001957,0.4788999999999055,0.5004999999999145
MOBOImprovedScalarizedEI,re37,1161,0.3802830095487339,0.3533636133009776,0.0302181424673344
MOBOImprovedScalarizedEI,re37,1162,0.0672120930215427,0.5980041709679162,0.4697800448879089
MOBOImprovedScalarizedEI,re37,1163,0.3002269067568692,0.6955654951382713,-0.4077687078579985
MOBOImprovedScalarizedEI,re37,1164,0.3002999999999999,0.7173999999999967,-0.4314999999999959
MOBOImprovedScalarizedEI,re37,1165,0.3262911516737112,0.5003409381409178,-0.1738498775498849
MOBOImprovedScalarizedEI,re37,1166,0.0845999999999992,0.4789000000000047,0.5004999999999986
MOBOImprovedScalarizedEI,re37,1167,0.3255137907523132,0.503325745790576,-0.1777344900192122
MOBOImprovedScalarizedEI,re37,1168,0.9558612752626924,0.009924693155074,0.1402247273962728
MOBOImprovedScalarizedEI,re37,1169,0.3202197765701572,0.5250674621925373,-0.2057308201615549
MOBOImprovedScalarizedEI,re37,1170,0.0845999999962218,0.4789000000215544,0.5004999999940268
MOBOImprovedScalarizedEI,re37,1171,0.3109347023462618,0.5721856356591203,-0.2646239206903282
MOBOImprovedScalarizedEI,re37,1172,0.3485810843764299,0.4290104051749977,-0.0779956811313065
MOBOImprovedScalarizedEI,re37,1173,0.0568429839319746,0.7142779063980046,0.4441161295979736
MOBOImprovedScalarizedEI,re37,1174,0.3002999999999998,0.7173999999999771,-0.431499999999975
MOBOImprovedScalarizedEI,re37,1175,0.0846000000006148,0.4788999999995979,0.5004999999992942
MOBOImprovedScalarizedEI,re37,1176,0.692,0.153,0.37
MOBOImprovedScalarizedEI,re37,1177,0.9227846142312188,0.0209267416867443,0.1920524646057782
MOBOImprovedScalarizedEI,re37,1178,0.9463,0.194,-0.161
MOBOImprovedScalarizedEI,re37,1179,0.0845999999999826,0.4789000000000993,0.5004999999999723
MOBOImprovedScalarizedEI,re37,1180,0.3003,0.7173999999999983,-0.4314999999999981
MOBOImprovedScalarizedEI,re37,1181,0.977490839543008,0.0401105801766329,0.0282889646797049
MOBOImprovedScalarizedEI,re37,1182,0.1855992419129694,0.4165779881870824,0.3774610532037919
MOBOImprovedScalarizedEI,re37,1183,0.0846000000000072,0.4788999999999958,0.500499999999994
MOBOImprovedScalarizedEI,re37,1184,0.3004663396145481,0.6822428273817022,-0.393057625606517
MOBOImprovedScalarizedEI,re37,1185,1.0019999999999996,0.0059999999999998,0.0300000000000012
MOBOImprovedScalarizedEI,re37,1186,0.3002999999999907,0.7173999999994128,-0.4314999999993673
MOBOImprovedScalarizedEI,re37,1187,0.3798737402144626,0.354224862266818,0.0289467900117854
MOBOImprovedScalarizedEI,re37,1188,0.0674126989183363,0.5962952006669152,0.4701888163803629
MOBOImprovedScalarizedEI,re37,1189,0.3002199614434911,0.6963037330155918,-0.4085787377004906
MOBOImprovedScalarizedEI,re37,1190,0.3002999999999791,0.7174000000000257,-0.4314999999997579
MOBOImprovedScalarizedEI,re37,1191,1.0019999999987057,0.0060000000007664,0.0300000000004564
MOBOImprovedScalarizedEI,re37,1192,0.3002999999999999,0.7173999999999772,-0.4314999999999753
MOBOImprovedScalarizedEI,re37,1193,0.0395600000000007,0.5502999999999983,1.0964999999999971
MOBOImprovedScalarizedEI,re37,1194,0.3263824764626802,0.4999933470975728,-0.1733968518616968
MOBOImprovedScalarizedEI,re37,1195,0.0846000000000751,0.4788999999999508,0.5004999999999137
MOBOImprovedScalarizedEI,re37,1196,0.3002999999999987,0.7173999999998912,-0.4314999999998826
MOBOImprovedScalarizedEI,re37,1197,0.3255096999778346,0.5033415786158503,-0.1777550692198936
MOBOImprovedScalarizedEI,re37,1198,0.9561994267845528,0.0098362406183117,0.1396150994782157
MOBOImprovedScalarizedEI,re37,1199,0.3202615559877205,0.5248848627925929,-0.2054978733382269
MOBOImprovedScalarizedEI,re37,1200,0.0845999999993473,0.4789000000037228,0.5004999999989738
MOBOImprovedScalarizedEI,re37,1201,0.8546691503760027,0.0921842062259651,0.0719801391587717
MOBOImprovedScalarizedEI,re37,1202,0.2687044658822546,0.7601578718198835,-0.0970977905446692
MOBOImprovedScalarizedEI,re37,1203,0.3485889952271518,0.4289886259123949,-0.0779655132681111
MOBOImprovedScalarizedEI,re37,1204,0.0536879719187364,0.7837061914358977,0.4307805329079161
MOBOImprovedScalarizedEI,re37,1205,0.3002999999999983,0.717399999999722,-0.4314999999996993
MOBOImprovedScalarizedEI,re37,1206,1.002,0.0059999999999999,0.03
MOBOImprovedScalarizedEI,re37,1207,0.9282514747611972,0.0188334332631518,0.1843993539729884
MOBOImprovedScalarizedEI,re37,1208,0.3002999999999931,0.7173999999995592,-0.4314999999995246
MOBOImprovedScalarizedEI,re37,1209,0.3024890844430891,0.6423746359779333,-0.3479719667833061
MOBOImprovedScalarizedEI,re37,1210,0.3003000000000001,0.7173999999999987,-0.4314999999999983
MOBOImprovedScalarizedEI,re37,1211,0.3003000000000003,0.7173999999999956,-0.431499999999995
MOBOImprovedScalarizedEI,re37,1212,0.2752333663902979,0.3707559438227598,0.2502769828635348
MOBOImprovedScalarizedEI,re37,1213,0.3002999999999992,0.7173999999999664,-0.4314999999999637
MOBOImprovedScalarizedEI,re37,1214,0.3004750670354068,0.6819111506772079,-0.3926891327847865
MOBOImprovedScalarizedEI,re37,1215,0.084599999999987,0.4789000000000742,0.5004999999999795
MOBOImprovedScalarizedEI,re37,1216,1.0019999999999496,0.0060000000000296,0.0300000000000177
MOBOImprovedScalarizedEI,re37,1217,0.0846000000003806,0.4788999999998155,0.5004999999998339
MOBOImprovedScalarizedEI,re37,1218,0.300299999999995,0.7173999999996914,-0.4314999999996655
MOBOImprovedScalarizedEI,re37,1219,0.0674811588976599,0.595714719688691,0.4703278726535351
MOBOImprovedScalarizedEI,re37,1220,0.3002265231597564,0.695604507745007,-0.4078115278320317
MOBOImprovedScalarizedEI,re37,1221,0.3002999999999903,0.7173999999994125,-0.4314999999993663
MOBOImprovedScalarizedEI,re37,1222,1.0019999999999998,0.0059999999999999,0.03
MOBOImprovedScalarizedEI,re37,1223,0.3002999999999995,0.7173999999999747,-0.4314999999999725
MOBOImprovedScalarizedEI,re37,1224,0.0525062488771647,0.5183346188133549,0.9676538322900397
MOBOImprovedScalarizedEI,re37,1225,0.3263165142015525,0.5002443420032715,-0.1737239946056052
MOBOImprovedScalarizedEI,re37,1226,0.3002999999999997,0.7174000000000001,-0.4314999999999996
MOBOImprovedScalarizedEI,re37,1227,0.0845999999999999,0.4789,0.5005
MOBOImprovedScalarizedEI,re37,1228,1.0019999999999958,0.0060000000000049,0.0300000000000011
MOBORandomForestLCBPBI_CD,re21,0,1461.7286622803929,0.0325782143236555,
MOBORandomForestLCBPBI_CD,re21,1,1492.3603715567676,0.0274730155033675,
MOBORandomForestLCBPBI_CD,re21,2,1546.9218883003932,0.026153445893713,
MOBORandomForestLCBPBI_CD,re21,3,1557.2508955434666,0.0255031090535855,
MOBORandomForestLCBPBI_CD,re21,4,1559.409098362534,0.0248945426050165,
MOBORandomForestLCBPBI_CD,re21,5,1571.7891062904807,0.0245728484386134,
MOBORandomForestLCBPBI_CD,re21,6,1583.1803994520749,0.0241735866438711,
MOBORandomForestLCBPBI_CD,re21,7,1592.8288707418465,0.0239267554540199,
MOBORandomForestLCBPBI_CD,re21,8,1605.3184104273062,0.0235413828220074,
MOBORandomForestLCBPBI_CD,re21,9,1617.3138776906883,0.02263350572803,
MOBORandomForestLCBPBI_CD,re21,10,1632.5958420478455,0.0221378227774463,
MOBORandomForestLCBPBI_CD,re21,11,1642.7275204831808,0.0218830886238731,
MOBORandomForestLCBPBI_CD,re21,12,1654.2270712736008,0.0218561377887318,
MOBORandomForestLCBPBI_CD,re21,13,1663.304103529525,0.0213447567032389,
MOBORandomForestLCBPBI_CD,re21,14,1669.4353279207503,0.0212263604102234,
MOBORandomForestLCBPBI_CD,re21,15,1677.0987460818149,0.021210675327203,
MOBORandomForestLCBPBI_CD,re21,16,1678.715218613987,0.0211827586716432,
MOBORandomForestLCBPBI_CD,re21,17,1681.5662158819105,0.0210126976824357,
MOBORandomForestLCBPBI_CD,re21,18,1682.291173647288,0.0209732941995946,
MOBORandomForestLCBPBI_CD,re21,19,1694.8278330033745,0.0207149441798631,
MOBORandomForestLCBPBI_CD,re21,20,1703.612839595083,0.0201916755179542,
MOBORandomForestLCBPBI_CD,re21,21,1714.2262162555348,0.0200029973372305,
MOBORandomForestLCBPBI_CD,re21,22,1746.3792344474648,0.0193058198282319,
MOBORandomForestLCBPBI_CD,re21,23,1748.2087371359994,0.0190105285474003,
MOBORandomForestLCBPBI_CD,re21,24,1753.201597881382,0.0188737313364173,
MOBORandomForestLCBPBI_CD,re21,25,1773.1070734073955,0.0184397111187905,
MOBORandomForestLCBPBI_CD,re21,26,1778.0901905501285,0.0182876617420916,
MOBORandomForestLCBPBI_CD,re21,27,1784.2172210003944,0.0182200561518604,
MOBORandomForestLCBPBI_CD,re21,28,1788.274600856658,0.0180132853065264,
MOBORandomForestLCBPBI_CD,re21,29,1795.9152894932988,0.0179623769766064,
MOBORandomForestLCBPBI_CD,re21,30,1796.9791478441184,0.0178927627832612,
MOBORandomForestLCBPBI_CD,re21,31,1798.104615761511,0.0178038208381647,
MOBORandomForestLCBPBI_CD,re21,32,1804.495493484904,0.017511836205102,
MOBORandomForestLCBPBI_CD,re21,33,1821.7915463728616,0.0173846675027293,
MOBORandomForestLCBPBI_CD,re21,34,1824.504766517432,0.017209568166071,
MOBORandomForestLCBPBI_CD,re21,35,1827.705347169104,0.0172084735274112,
MOBORandomForestLCBPBI_CD,re21,36,1834.3178311022684,0.0171764222219356,
MOBORandomForestLCBPBI_CD,re21,37,1836.1853789458407,0.0170843984075226,
MOBORandomForestLCBPBI_CD,re21,38,1839.6043009540329,0.0169928685993042,
MOBORandomForestLCBPBI_CD,re21,39,1842.024164971873,0.016927247345105,
MOBORandomForestLCBPBI_CD,re21,40,1843.2303086902912,0.0166553830780066,
MOBORandomForestLCBPBI_CD,re21,41,1847.403601245296,0.0166202591560922,
MOBORandomForestLCBPBI_CD,re21,42,1853.236342043035,0.0164214127680817,
MOBORandomForestLCBPBI_CD,re21,43,1858.5777187159104,0.0163713392734675,
MOBORandomForestLCBPBI_CD,re21,44,1862.637166822412,0.0163279734177389,
MOBORandomForestLCBPBI_CD,re21,45,1873.503599284428,0.0162881377124877,
MOBORandomForestLCBPBI_CD,re21,46,1874.2002090546257,0.0162727910613528,
MOBORandomForestLCBPBI_CD,re21,47,1874.590221092369,0.0160891303181055,
MOBORandomForestLCBPBI_CD,re21,48,1877.428264052228,0.0158613775337654,
MOBORandomForestLCBPBI_CD,re21,49,1888.574246135645,0.0157513595707173,
MOBORandomForestLCBPBI_CD,re21,50,1888.8154385196867,0.0156644139459158,
MOBORandomForestLCBPBI_CD,re21,51,1898.1271940440824,0.0155206599715812,
MOBORandomForestLCBPBI_CD,re21,52,1913.2606569994075,0.0152264935136617,
MOBORandomForestLCBPBI_CD,re21,53,1918.8763380939697,0.0151622412303994,
MOBORandomForestLCBPBI_CD,re21,54,1926.88689967838,0.0150454775144731,
MOBORandomForestLCBPBI_CD,re21,55,1929.7140949469267,0.0150091834363225,
MOBORandomForestLCBPBI_CD,re21,56,1932.9397600381487,0.0148631527883164,
MOBORandomForestLCBPBI_CD,re21,57,1943.7529264187017,0.0147516146517344,
MOBORandomForestLCBPBI_CD,re21,58,1944.738120609844,0.0144247686347437,
MOBORandomForestLCBPBI_CD,re21,59,1963.6925696109547,0.0142770915716155,
MOBORandomForestLCBPBI_CD,re21,60,1974.8451587634247,0.0139468632300484,
MOBORandomForestLCBPBI_CD,re21,61,1990.739327976232,0.0139183884521781,
MOBORandomForestLCBPBI_CD,re21,62,2011.1028501689343,0.01328126457324,
MOBORandomForestLCBPBI_CD,re21,63,2020.1460427590337,0.0132586065890705,
MOBORandomForestLCBPBI_CD,re21,64,2022.1390778196792,0.0132110085248815,
MOBORandomForestLCBPBI_CD,re21,65,2028.5922379341444,0.013108766207826,
MOBORandomForestLCBPBI_CD,re21,66,2039.1073295495328,0.0126070321822378,
MOBORandomForestLCBPBI_CD,re21,67,2052.517846243008,0.0125284025817395,
MOBORandomForestLCBPBI_CD,re21,68,2070.869812100608,0.0124305107448893,
MOBORandomForestLCBPBI_CD,re21,69,2073.3892232511607,0.0119900949878498,
MOBORandomForestLCBPBI_CD,re21,70,2092.7551456356787,0.0117767625444492,
MOBORandomForestLCBPBI_CD,re21,71,2112.9012618644374,0.0115618694238878,
MOBORandomForestLCBPBI_CD,re21,72,2133.750875671192,0.0115308949952039,
MOBORandomForestLCBPBI_CD,re21,73,2135.414988979456,0.0114558530655216,
MOBORandomForestLCBPBI_CD,re21,74,2141.600135694084,0.0114368095707018,
MOBORandomForestLCBPBI_CD,re21,75,2144.0670847828733,0.0112358785128954,
MOBORandomForestLCBPBI_CD,re21,76,2151.067775663777,0.0108979845190607,
MOBORandomForestLCBPBI_CD,re21,77,2161.036425189947,0.0108623650945347,
MOBORandomForestLCBPBI_CD,re21,78,2171.8059287011906,0.0107263328654989,
MOBORandomForestLCBPBI_CD,re21,79,2172.223889152681,0.010373285980755,
MOBORandomForestLCBPBI_CD,re21,80,2187.0421188387218,0.0103435555051034,
MOBORandomForestLCBPBI_CD,re21,81,2189.885850806088,0.0102574132848897,
MOBORandomForestLCBPBI_CD,re21,82,2207.918096878459,0.0097723018017681,
MOBORandomForestLCBPBI_CD,re21,83,2230.7132768345573,0.009756745802593,
MOBORandomForestLCBPBI_CD,re21,84,2232.062583536212,0.0096060890853267,
MOBORandomForestLCBPBI_CD,re21,85,2277.980741084455,0.0091157892626061,
MOBORandomForestLCBPBI_CD,re21,86,2411.9087030254905,0.0077120810438977,
MOBORandomForestLCBPBI_CD,re21,87,2426.0046085533168,0.007597822751512,
MOBORandomForestLCBPBI_CD,re21,88,2614.561472268756,0.0058186059712036,
MOBORandomForestLCBPBI_CD,re34,0,1663.8852964989949,8.355310936130582,0.0795956790135762
MOBORandomForestLCBPBI_CD,re34,1,1663.9206647786689,8.184936797544019,0.0947527343061789
MOBORandomForestLCBPBI_CD,re34,2,1664.1262803169034,8.093838671245503,0.0939127533085418
MOBORandomForestLCBPBI_CD,re34,3,1664.4477499950135,8.282403955981874,0.0936024199970752
MOBORandomForestLCBPBI_CD,re34,4,1664.5419145041767,8.592768273875725,0.0737662763288223
MOBORandomForestLCBPBI_CD,re34,5,1664.617718940135,8.335159073572001,0.0880174081122748
MOBORandomForestLCBPBI_CD,re34,6,1664.965296137803,8.061373797341535,0.1031871454044246
MOBORandomForestLCBPBI_CD,re34,7,1664.9783396373002,8.493727411184583,0.079578496985649
MOBORandomForestLCBPBI_CD,re34,8,1665.115542266126,8.288261320583022,0.0908632621396056
MOBORandomForestLCBPBI_CD,re34,9,1665.375444976562,7.641358956154941,0.116122901465003
MOBORandomForestLCBPBI_CD,re34,10,1665.4179551432612,8.03452498296014,0.109552545314048
MOBORandomForestLCBPBI_CD,re34,11,1666.0983688966471,8.041148470395264,0.1065029618522961
MOBORandomForestLCBPBI_CD,re34,12,1666.3107770583856,7.515398546046958,0.107176211343305
MOBORandomForestLCBPBI_CD,re34,13,1666.322144241114,8.450845947272278,0.0720639127422319
MOBORandomForestLCBPBI_CD,re34,14,1666.3463354312955,8.01703485695548,0.1040655452114206
MOBORandomForestLCBPBI_CD,re34,15,1666.427683155547,7.469764287600976,0.1183570789646651
MOBORandomForestLCBPBI_CD,re34,16,1666.7005823351442,8.080481003783124,0.1031122716229585
MOBORandomForestLCBPBI_CD,re34,17,1666.7927271146386,8.72149598514891,0.0716968255437246
MOBORandomForestLCBPBI_CD,re34,18,1666.820598565237,8.299021096007962,0.081513684989413
MOBORandomForestLCBPBI_CD,re34,19,1666.8764591218514,7.268129591125191,0.1038834657633317
MOBORandomForestLCBPBI_CD,re34,20,1666.9445475740097,8.165636936709905,0.0906198508059203
MOBORandomForestLCBPBI_CD,re34,21,1666.9452312755018,8.036372086859645,0.0929483105113019
MOBORandomForestLCBPBI_CD,re34,22,1667.2720486453063,7.633585779202789,0.1033256114191213
MOBORandomForestLCBPBI_CD,re34,23,1667.3216371001292,7.546169245624656,0.1017631919229023
MOBORandomForestLCBPBI_CD,re34,24,1667.3617138339505,7.514532392969173,0.0978927552573933
MOBORandomForestLCBPBI_CD,re34,25,1667.6919568169046,8.586708241225091,0.0667410366777608
MOBORandomForestLCBPBI_CD,re34,26,1667.8180074357626,7.973109261000574,0.0970034058193149
MOBORandomForestLCBPBI_CD,re34,27,1667.8542253814624,7.251161652960262,0.1168417117928631
MOBORandomForestLCBPBI_CD,re34,28,1667.960754898831,7.266244475313101,0.0957588268100589
MOBORandomForestLCBPBI_CD,re34,29,1668.0242653494645,7.179785880112714,0.0934219401332843
MOBORandomForestLCBPBI_CD,re34,30,1668.0323721139948,8.501448421888055,0.0636706813487967
MOBORandomForestLCBPBI_CD,re34,31,1668.2952269525515,7.210570449902018,0.0916836279226707
MOBORandomForestLCBPBI_CD,re34,32,1668.5150057429053,7.5373238008382835,0.0901255100936133
MOBORandomForestLCBPBI_CD,re34,33,1668.523000499753,8.53466498208782,0.063669976076547
MOBORandomForestLCBPBI_CD,re34,34,1668.7695435443868,7.51834700873423,0.0908442250604504
MOBORandomForestLCBPBI_CD,re34,35,1669.6266877276455,7.722296919812671,0.0887309540643812
MOBORandomForestLCBPBI_CD,re34,36,1669.805664674365,7.154263434218018,0.1030496244053548
MOBORandomForestLCBPBI_CD,re34,37,1670.046055862258,7.842144243360351,0.0876233757837454
MOBORandomForestLCBPBI_CD,re34,38,1670.2386203942172,7.640266267110973,0.0858214601329745
MOBORandomForestLCBPBI_CD,re34,39,1670.267110214923,7.84739912047773,0.0833292541656829
MOBORandomForestLCBPBI_CD,re34,40,1670.3079909495432,7.334111690789876,0.0872602256137757
MOBORandomForestLCBPBI_CD,re34,41,1670.474909629084,7.298139781889951,0.0869355580019424
MOBORandomForestLCBPBI_CD,re34,42,1670.9834921000709,7.796718815207919,0.0840943075513755
MOBORandomForestLCBPBI_CD,re34,43,1671.241021808547,7.493133118288997,0.0847349230652594
MOBORandomForestLCBPBI_CD,re34,44,1672.0009769816113,8.383877153693634,0.0760027688380007
MOBORandomForestLCBPBI_CD,re34,45,1672.1547068016775,8.295076738019905,0.0811839870570535
MOBORandomForestLCBPBI_CD,re34,46,1672.3022200405323,7.234414055225118,0.0884543224032431
MOBORandomForestLCBPBI_CD,re34,47,1672.361832984667,7.839506528092113,0.0801325763021716
MOBORandomForestLCBPBI_CD,re34,48,1672.5174346771366,7.747665895832359,0.0835117038155067
MOBORandomForestLCBPBI_CD,re34,49,1672.6566841340648,7.560562857005106,0.0817446055095949
MOBORandomForestLCBPBI_CD,re34,50,1672.8958303031047,7.618046312599253,0.0807121012508498
MOBORandomForestLCBPBI_CD,re34,51,1673.1626963419048,7.40467692840743,0.0818858208880076
MOBORandomForestLCBPBI_CD,re34,52,1673.3517535432272,8.15658221666227,0.0792864056752318
MOBORandomForestLCBPBI_CD,re34,53,1673.419907877299,8.83395896427202,0.0634805402735022
MOBORandomForestLCBPBI_CD,re34,54,1673.6913569108854,8.136869955521163,0.0789378038480511
MOBORandomForestLCBPBI_CD,re34,55,1673.702224209278,8.164558381663388,0.0773325864620504
MOBORandomForestLCBPBI_CD,re34,56,1673.9081547260926,7.86074264385705,0.0763299392090731
MOBORandomForestLCBPBI_CD,re34,57,1674.8778257603522,8.245613884496604,0.0737575182373059
MOBORandomForestLCBPBI_CD,re34,58,1675.2969932174271,8.097926985371735,0.0755863688757383
MOBORandomForestLCBPBI_CD,re34,59,1676.3728384454384,7.823417114793801,0.0762291850977639
MOBORandomForestLCBPBI_CD,re34,60,1677.1556441138316,7.733168296628363,0.0746589744264287
MOBORandomForestLCBPBI_CD,re34,61,1678.219639554657,8.387551749522954,0.0676872790333535
MOBORandomForestLCBPBI_CD,re34,62,1679.3633983779894,9.450753281625271,0.0628676591754559
MOBORandomForestLCBPBI_CD,re34,63,1679.5545260982656,6.838304875123007,0.2152848791246103
MOBORandomForestLCBPBI_CD,re34,64,1682.0961754466016,6.971883846806831,0.2111114918565112
MOBORandomForestLCBPBI_CD,re34,65,1682.206633245515,6.751083211946824,0.2220271105549174
MOBORandomForestLCBPBI_CD,re34,66,1683.1775073726888,6.84357216138099,0.2050451470966637
MOBORandomForestLCBPBI_CD,re37,0,0.0824358622804895,0.5389376490647457,0.9864374665185108
MOBORandomForestLCBPBI_CD,re37,1,0.094456925727591,0.5646866711214443,0.5667276772965308
MOBORandomForestLCBPBI_CD,re37,2,0.1018280824029034,0.8633889021224481,0.4070470680576242
MOBORandomForestLCBPBI_CD,re37,3,0.1047976436378229,0.6326033828519219,0.510654097296561
MOBORandomForestLCBPBI_CD,re37,4,0.1106653035518479,0.5670339554911842,0.449782419905926
MOBORandomForestLCBPBI_CD,re37,5,0.1201899359317077,0.5209034294053668,0.5297016052776672
MOBORandomForestLCBPBI_CD,re37,6,0.1217651467553777,0.491905053880153,0.5530272228986034
MOBORandomForestLCBPBI_CD,re37,7,0.1253761585067862,0.4668897884449804,0.6690496811293293
MOBORandomForestLCBPBI_CD,re37,8,0.14401365256778,0.5353434381390801,0.4204297022078518
MOBORandomForestLCBPBI_CD,re37,9,0.1481933114127406,0.5118178399268422,0.457505212674444
MOBORandomForestLCBPBI_CD,re37,10,0.1534758423158881,0.5206515671466407,0.456999904763478
MOBORandomForestLCBPBI_CD,re37,11,0.1563220521091854,0.6752216030245092,0.382433530307005
MOBORandomForestLCBPBI_CD,re37,12,0.1571105633181398,0.6549899025980954,0.4031900077206938
MOBORandomForestLCBPBI_CD,re37,13,0.1584141488632925,0.5241616251175247,0.4213077297449186
MOBORandomForestLCBPBI_CD,re37,14,0.1653729971974532,0.4471746301539888,0.5885853099657988
MOBORandomForestLCBPBI_CD,re37,15,0.1668935538776127,0.4366328520549746,0.4748888635002008
MOBORandomForestLCBPBI_CD,re37,16,0.1737087023127066,0.5014008732906996,0.3977949083524099
MOBORandomForestLCBPBI_CD,re37,17,0.1804798523002088,0.542529313431585,0.3535997943582456
MOBORandomForestLCBPBI_CD,re37,18,0.1812444427456451,0.4253164866420617,0.4962690201677979
MOBORandomForestLCBPBI_CD,re37,19,0.1833585657600484,0.4322431972448771,0.4879829159467072
MOBORandomForestLCBPBI_CD,re37,20,0.1854854164868027,0.4386701891279174,0.4686297734466467
MOBORandomForestLCBPBI_CD,re37,21,0.1865791438233554,0.4485357033277343,0.437132877701979
MOBORandomForestLCBPBI_CD,re37,22,0.1931620325460566,0.7604346302967446,0.2764742975499908
MOBORandomForestLCBPBI_CD,re37,23,0.197285413785108,0.4732799242886401,0.4063029824830252
MOBORandomForestLCBPBI_CD,re37,24,0.204334279484121,0.4228095031206136,0.5785245704195942
MOBORandomForestLCBPBI_CD,re37,25,0.2046615733598901,0.4471319858087435,0.3340314613046279
MOBORandomForestLCBPBI_CD,re37,26,0.2063465589727877,0.4166311240493527,0.6040454774615952
MOBORandomForestLCBPBI_CD,re37,27,0.2076349689112291,0.422692340695197,0.4676164651193775
MOBORandomForestLCBPBI_CD,re37,28,0.2169076401502775,0.4191428034867385,0.3988024465919196
MOBORandomForestLCBPBI_CD,re37,29,0.2177219680415534,0.700253503780068,0.3294232025060982
MOBORandomForestLCBPBI_CD,re37,30,0.2187775229449677,0.6756739713811288,0.2948644923588026
MOBORandomForestLCBPBI_CD,re37,31,0.2273207002111389,0.4154309059449848,0.4246353932369241
MOBORandomForestLCBPBI_CD,re37,32,0.2283881373088831,0.6064615193500787,0.2504034924210103
MOBORandomForestLCBPBI_CD,re37,33,0.2286168956641904,0.4856430057132446,0.3140144267571502
MOBORandomForestLCBPBI_CD,re37,34,0.2293825551282966,0.4453898694337398,0.3878738547788176
MOBORandomForestLCBPBI_CD,re37,35,0.2329672327318081,0.4317681661666518,0.3495186040643129
MOBORandomForestLCBPBI_CD,re37,36,0.2370943906631659,0.4051405298023398,0.4160911790529714
MOBORandomForestLCBPBI_CD,re37,37,0.2378101078813229,0.5506917765451561,0.2605703681060307
MOBORandomForestLCBPBI_CD,re37,38,0.2412725346411631,0.6780959427004267,0.2215829402935382
MOBORandomForestLCBPBI_CD,re37,39,0.242832877603516,0.3917170556117134,0.4844535397160665
MOBORandomForestLCBPBI_CD,re37,40,0.2438421876480516,0.4147306638770025,0.3471801464501474
MOBORandomForestLCBPBI_CD,re37,41,0.2440957221011715,0.4851312009061121,0.2844887750995243
MOBORandomForestLCBPBI_CD,re37,42,0.2499018383697037,0.6197424988003855,0.1335548417597085
MOBORandomForestLCBPBI_CD,re37,43,0.2519665893666945,0.4077838888965386,0.3056883040442369
MOBORandomForestLCBPBI_CD,re37,44,0.2522365536292989,0.5969254813081809,0.187357143696811
MOBORandomForestLCBPBI_CD,re37,45,0.2536114693502062,0.7984275812632605,0.085043778465018
MOBORandomForestLCBPBI_CD,re37,46,0.2543893559773633,0.3985192338928027,0.3762071192677773
MOBORandomForestLCBPBI_CD,re37,47,0.2545767735174205,0.5093684319988373,0.2790861515546419
MOBORandomForestLCBPBI_CD,re37,48,0.2552333822599106,0.3942417630408351,0.444100069153269
MOBORandomForestLCBPBI_CD,re37,49,0.256249060082292,0.4626491619974715,0.2247261032528633
MOBORandomForestLCBPBI_CD,re37,50,0.2578549499923606,0.3927891409675542,0.4817702838768891
MOBORandomForestLCBPBI_CD,re37,51,0.2594745744998105,0.584333893747172,0.1124631095859319
MOBORandomForestLCBPBI_CD,re37,52,0.2614003436774011,0.694299031902158,0.0545643032980631
MOBORandomForestLCBPBI_CD,re37,53,0.2614871925164326,0.4606035947041816,0.249436164533556
MOBORandomForestLCBPBI_CD,re37,54,0.2620165034089498,0.3852112002394435,0.4750738169203634
MOBORandomForestLCBPBI_CD,re37,55,0.2627221457165979,0.401184521756587,0.3522542541457406
MOBORandomForestLCBPBI_CD,re37,56,0.2629691311206889,0.7068140648388389,0.0507569395495324
MOBORandomForestLCBPBI_CD,re37,57,0.2634901929617324,0.4511895008392254,0.2963644235292488
MOBORandomForestLCBPBI_CD,re37,58,0.2663604249043785,0.3848767065906928,0.5059069395740806
MOBORandomForestLCBPBI_CD,re37,59,0.2668698492350847,0.4436159753776738,0.2294172023313939
MOBORandomForestLCBPBI_CD,re37,60,0.2670712688160007,0.4072594919179403,0.344956176393896
MOBORandomForestLCBPBI_CD,re37,61,0.2692366837690954,0.5621605506691923,0.0876127545076669
MOBORandomForestLCBPBI_CD,re37,62,0.2705574139426561,0.381872103757825,0.378938980924341
MOBORandomForestLCBPBI_CD,re37,63,0.2778959953735612,0.5915893255034049,0.0397688086304512
MOBORandomForestLCBPBI_CD,re37,64,0.2801034191274389,0.6864706563475774,-0.0871731600564037
MOBORandomForestLCBPBI_CD,re37,65,0.2810140821652313,0.3812442382447333,0.3957843071727014
MOBORandomForestLCBPBI_CD,re37,66,0.281148634490022,0.3756664020605009,0.3358464752610365
MOBORandomForestLCBPBI_CD,re37,67,0.2817090227235981,0.3713367582404903,0.3356114529022146
MOBORandomForestLCBPBI_CD,re37,68,0.2835141748428018,0.3760499374771882,0.3261104907461101
MOBORandomForestLCBPBI_CD,re37,69,0.2851062044951042,0.4218328145433207,0.2284105254098767
MOBORandomForestLCBPBI_CD,re37,70,0.2855801389264447,0.403832792044354,0.200953847130558
MOBORandomForestLCBPBI_CD,re37,71,0.2874594524775433,0.4028472883194393,0.2797150015854031
MOBORandomForestLCBPBI_CD,re37,72,0.2886393248885802,0.388211140070602,0.3206029592801177
MOBORandomForestLCBPBI_CD,re37,73,0.2887410840806604,0.5270185528667823,0.0463476427305142
MOBORandomForestLCBPBI_CD,re37,74,0.2889880382549443,0.635875408468457,0.0113086731155643
MOBORandomForestLCBPBI_CD,re37,75,0.2903716525092669,0.4621593873744139,0.1204430833804038
MOBORandomForestLCBPBI_CD,re37,76,0.2942687835664472,0.3675217402841629,0.3035862093084561
MOBORandomForestLCBPBI_CD,re37,77,0.2991170443464325,0.6240097624972452,-0.1447076507429833
MOBORandomForestLCBPBI_CD,re37,78,0.3000726510793587,0.5225467127084407,0.0063261249542715
MOBORandomForestLCBPBI_CD,re37,79,0.3001280790311397,0.3904024669934899,0.2811634881815231
MOBORandomForestLCBPBI_CD,re37,80,0.3007855760680809,0.5110297265094264,0.1021662524503689
MOBORandomForestLCBPBI_CD,re37,81,0.3008194544097454,0.4570361770669648,0.1698505553076576
MOBORandomForestLCBPBI_CD,re37,82,0.3014171544791927,0.5572006159414816,-0.072443765607071
MOBORandomForestLCBPBI_CD,re37,83,0.30148001110695,0.4253843950943555,0.1425333813700762
MOBORandomForestLCBPBI_CD,re37,84,0.3039919677329277,0.4877670721605109,0.067065865122283
MOBORandomForestLCBPBI_CD,re37,85,0.3048634128934365,0.5876831120231784,-0.0874947247895624
MOBORandomForestLCBPBI_CD,re37,86,0.3055837378806153,0.3672742412306866,0.2780519323759632
MOBORandomForestLCBPBI_CD,re37,87,0.3058023779083491,0.3988468430604623,0.268368574697733
MOBORandomForestLCBPBI_CD,re37,88,0.3059123340467641,0.5000325826721996,-0.0302319184390586
MOBORandomForestLCBPBI_CD,re37,89,0.3060408853344197,0.4214457103569263,0.1900792713143081
MOBORandomForestLCBPBI_CD,re37,90,0.3063809083256165,0.4247613494362446,0.1545215761952187
MOBORandomForestLCBPBI_CD,re37,91,0.3064992494242458,0.4200102557771594,0.1749966150895876
MOBORandomForestLCBPBI_CD,re37,92,0.3065697443046659,0.3615493405954361,0.3509024196594112
MOBORandomForestLCBPBI_CD,re37,93,0.306901859754249,0.6196934795967632,-0.1202825835202763
MOBORandomForestLCBPBI_CD,re37,94,0.3073435241051714,0.3645569466233682,0.2973797983786435
MOBORandomForestLCBPBI_CD,re37,95,0.3103265377268995,0.4557061288443337,0.1159678473475654
MOBORandomForestLCBPBI_CD,re37,96,0.3113852359969173,0.4008926132041506,0.2363268601848103
MOBORandomForestLCBPBI_CD,re37,97,0.3118686087692083,0.3682585582697974,0.2692683232996783
MOBORandomForestLCBPBI_CD,re37,98,0.3129371195492322,0.3894424311942924,0.1534268892469383
MOBORandomForestLCBPBI_CD,re37,99,0.3131024903765204,0.5750135104201447,-0.1631952435071417
MOBORandomForestLCBPBI_CD,re37,100,0.3144667304305182,0.3634485058869462,0.2529042418642184
MOBORandomForestLCBPBI_CD,re37,101,0.3146707970451579,0.3726646543501897,0.2146376699658486
MOBORandomForestLCBPBI_CD,re37,102,0.315513552917555,0.3544598696450154,0.4038968691737898
MOBORandomForestLCBPBI_CD,re37,103,0.3155152026533446,0.4402081818938261,0.1424558213242745
MOBORandomForestLCBPBI_CD,re37,104,0.3158734905148534,0.471323806422096,0.1114381907339449
MOBORandomForestLCBPBI_CD,re37,105,0.3159859819031835,0.4550666423828743,0.0205155212021425
MOBORandomForestLCBPBI_CD,re37,106,0.317475287388266,0.5093743281995697,-0.0370934327531948
MOBORandomForestLCBPBI_CD,re37,107,0.3182767009642333,0.4504867849037646,0.1021641761106609
MOBORandomForestLCBPBI_CD,re37,108,0.319056917655112,0.3850511929036643,0.1869429463654067
MOBORandomForestLCBPBI_CD,re37,109,0.3192381154799373,0.3666856813691724,0.2352679408915186
MOBORandomForestLCBPBI_CD,re37,110,0.3197271851483709,0.4399851785577954,0.1265018429625256
MOBORandomForestLCBPBI_CD,re37,111,0.3204894231354523,0.3495671135100382,0.3057796171579265
MOBORandomForestLCBPBI_CD,re37,112,0.323731819710492,0.3591179856285008,0.2635051078260387
MOBORandomForestLCBPBI_CD,re37,113,0.3249454339705503,0.3520456531065212,0.299371802169346
MOBORandomForestLCBPBI_CD,re37,114,0.3253113659025234,0.4823493853527625,-0.0377218385274201
MOBORandomForestLCBPBI_CD,re37,115,0.3256866655028734,0.543415941570676,-0.0621802730721204
MOBORandomForestLCBPBI_CD,re37,116,0.3262462491783838,0.50732880504757,-0.0519327816064333
MOBORandomForestLCBPBI_CD,re37,117,0.3278929325020869,0.4345856755584672,0.0802677893800199
MOBORandomForestLCBPBI_CD,re37,118,0.3280839253241798,0.4202138682145344,0.1275550343495758
MOBORandomForestLCBPBI_CD,re37,119,0.3284427863680302,0.3484946625740546,0.2904272695859773
MOBORandomForestLCBPBI_CD,re37,120,0.3288388190379572,0.3598320195593729,0.2361949596485892
MOBORandomForestLCBPBI_CD,re37,121,0.3291691355685339,0.3521925818012864,0.2801676820940131
MOBORandomForestLCBPBI_CD,re37,122,0.3302476229810662,0.4686911557298356,0.0128770258244141
MOBORandomForestLCBPBI_CD,re37,123,0.3308328396624571,0.3594296628140088,0.211847588983689
MOBORandomForestLCBPBI_CD,re37,124,0.3319460094891754,0.4786550899698,-0.1047006383170565
MOBORandomForestLCBPBI_CD,re37,125,0.3321718915932539,0.3450202313157139,0.3463350963806385
MOBORandomForestLCBPBI_CD,re37,126,0.3324889062042794,0.3891135919956129,0.1785631484358355
MOBORandomForestLCBPBI_CD,re37,127,0.3334296386316535,0.3865071754348849,0.1549009486026765
MOBORandomForestLCBPBI_CD,re37,128,0.3335037641101634,0.3493420070982901,0.2218517160206733
MOBORandomForestLCBPBI_CD,re37,129,0.333976764265857,0.4506675003096461,0.0214502647327131
MOBORandomForestLCBPBI_CD,re37,130,0.3351829020898624,0.3736288331034992,0.1577079841458002
MOBORandomForestLCBPBI_CD,re37,131,0.3352622571979358,0.3751372219818839,0.1518091170246787
MOBORandomForestLCBPBI_CD,re37,132,0.3353503442778912,0.4375754181899672,0.0694360366324391
MOBORandomForestLCBPBI_CD,re37,133,0.3361466263057601,0.4279177825111557,0.0588021102377083
MOBORandomForestLCBPBI_CD,re37,134,0.3372913787806443,0.446658659959533,0.0300766533702989
MOBORandomForestLCBPBI_CD,re37,135,0.3382412850258965,0.427600501602854,0.1049279986461484
MOBORandomForestLCBPBI_CD,re37,136,0.3399505532271356,0.3531015972776331,0.1893543138031614
MOBORandomForestLCBPBI_CD,re37,137,0.3408691653112614,0.365957720590456,0.1813748482442288
MOBORandomForestLCBPBI_CD,re37,138,0.3416410064875355,0.3368156950216652,0.3754431388968162
MOBORandomForestLCBPBI_CD,re37,139,0.3416972841475332,0.3874819852746072,0.0652067270727324
MOBORandomForestLCBPBI_CD,re37,140,0.3418915635487086,0.4417310469737176,0.0054877807009416
MOBORandomForestLCBPBI_CD,re37,141,0.3419745273939835,0.3692397449976706,0.137790435470834
MOBORandomForestLCBPBI_CD,re37,142,0.3420991702845919,0.4527882625505763,-0.0369998043269175
MOBORandomForestLCBPBI_CD,re37,143,0.3468892384031973,0.3738491754078931,0.1270877604495251
MOBORandomForestLCBPBI_CD,re37,144,0.3469919578771257,0.3505636922246879,0.1917837708018398
MOBORandomForestLCBPBI_CD,re37,145,0.3475111573274979,0.3474322995784023,0.3206054751504901
MOBORandomForestLCBPBI_CD,re37,146,0.3476821846251544,0.4543954610626717,-0.0596523290026806
MOBORandomForestLCBPBI_CD,re37,147,0.3480909298667482,0.4933921477515403,-0.1559661570952872
MOBORandomForestLCBPBI_CD,re37,148,0.3483431048545655,0.3990095121857888,0.0438331931210691
MOBORandomForestLCBPBI_CD,re37,149,0.3493310754706464,0.3422406575390193,0.2805023023995804
MOBORandomForestLCBPBI_CD,re37,150,0.3498318153600527,0.3723579250988571,0.1284204621827368
MOBORandomForestLCBPBI_CD,re37,151,0.3505721166562993,0.3486086901978838,0.2793339384761444
MOBORandomForestLCBPBI_CD,re37,152,0.3507211565052723,0.3379978727221386,0.3636227170451733
MOBORandomForestLCBPBI_CD,re37,153,0.3514876465168092,0.3689647374997377,0.1079516760764487
MOBORandomForestLCBPBI_CD,re37,154,0.3515501567126808,0.341857539004239,0.3340061130526083
MOBORandomForestLCBPBI_CD,re37,155,0.3517934910011748,0.4432018353867347,-0.0675878196120681
MOBORandomForestLCBPBI_CD,re37,156,0.3532750266972623,0.3357390007364388,0.3060331042508198
MOBORandomForestLCBPBI_CD,re37,157,0.3535395141509954,0.3419409140293664,0.1937051959858096
MOBORandomForestLCBPBI_CD,re37,158,0.3539628222436425,0.4360369240822179,0.0195943571029119
MOBORandomForestLCBPBI_CD,re37,159,0.3541422570653834,0.4023668280387516,0.0393879405102438
MOBORandomForestLCBPBI_CD,re37,160,0.3571312511415728,0.3613350313534352,0.1747838949960057
MOBORandomForestLCBPBI_CD,re37,161,0.3574971816350835,0.4073932716168831,0.0211806375873755
MOBORandomForestLCBPBI_CD,re37,162,0.359857728171564,0.3610230143633843,0.1205264604529892
MOBORandomForestLCBPBI_CD,re37,163,0.361999346796159,0.3332873774626375,0.3269365125783346
MOBORandomForestLCBPBI_CD,re37,164,0.3630986421387427,0.3517005045639528,0.1291432146883157
MOBORandomForestLCBPBI_CD,re37,165,0.3633478293418551,0.384989591554758,0.0091789333960586
MOBORandomForestLCBPBI_CD,re37,166,0.3642144947430826,0.3340112882825658,0.242493048814795
MOBORandomForestLCBPBI_CD,re37,167,0.364900587630842,0.3329573178235512,0.262473781363575
MOBORandomForestLCBPBI_CD,re37,168,0.3666505692129149,0.3776864563644699,0.0586647578022688
MOBORandomForestLCBPBI_CD,re37,169,0.3687213374848782,0.330232700780207,0.3622555781677355
MOBORandomForestLCBPBI_CD,re37,170,0.3703195558575569,0.4038783911711281,-0.0207907952513863
MOBORandomForestLCBPBI_CD,re37,171,0.370858056512097,0.3676070660428652,0.1128120854434698
MOBORandomForestLCBPBI_CD,re37,172,0.3718952678605651,0.3603707580656293,0.1252924471694168
MOBORandomForestLCBPBI_CD,re37,173,0.3719572528600907,0.3626505026802548,0.0659143786351962
MOBORandomForestLCBPBI_CD,re37,174,0.372773625427753,0.446429287477384,-0.0819497276309174
MOBORandomForestLCBPBI_CD,re37,175,0.3734925770300704,0.3236119742105496,0.2578241391441421
MOBORandomForestLCBPBI_CD,re37,176,0.3746412836765656,0.3472651200140267,0.1247288381600213
MOBORandomForestLCBPBI_CD,re37,177,0.3799814301129283,0.3568581041782266,0.1051217678332987
MOBORandomForestLCBPBI_CD,re37,178,0.3805762713196104,0.4602024488008095,-0.0913852556057059
MOBORandomForestLCBPBI_CD,re37,179,0.3817551613465021,0.433208246330597,-0.0364795514144317
MOBORandomForestLCBPBI_CD,re37,180,0.3858136589425018,0.3345664811998693,0.2130659099820538
MOBORandomForestLCBPBI_CD,re37,181,0.3864521026273216,0.389050274998752,0.0044630004347485
MOBORandomForestLCBPBI_CD,re37,182,0.3869953987703435,0.3388653619992708,0.1418401672869511
MOBORandomForestLCBPBI_CD,re37,183,0.3879005274997246,0.3392683833620079,0.0915652278440425
MOBORandomForestLCBPBI_CD,re37,184,0.3884823969085221,0.3142656081786487,0.3142599917797876
MOBORandomForestLCBPBI_CD,re37,185,0.391924381022425,0.3287199150659361,0.2220955354313027
MOBORandomForestLCBPBI_CD,re37,186,0.3973529689176824,0.3208784511865006,0.2095850323085609
MOBORandomForestLCBPBI_CD,re37,187,0.3997419313483726,0.351668383141261,0.047586409978327
MOBORandomForestLCBPBI_CD,re37,188,0.4011095784739967,0.3358502287622563,0.18322621782038
MOBORandomForestLCBPBI_CD,re37,189,0.4036382197652163,0.3277323591472001,0.1877954898959833
MOBORandomForestLCBPBI_CD,re37,190,0.4038495054988215,0.3126292319793301,0.3292646020899241
MOBORandomForestLCBPBI_CD,re37,191,0.403887546024427,0.336748674302585,0.1372086238662434
MOBORandomForestLCBPBI_CD,re37,192,0.4043048098091424,0.3108827661106855,0.367460264331877
MOBORandomForestLCBPBI_CD,re37,193,0.4045017899436043,0.3087089343087994,0.3228614463846739
MOBORandomForestLCBPBI_CD,re37,194,0.4055484298103215,0.3293174057637709,0.1183274794548426
MOBORandomForestLCBPBI_CD,re37,195,0.4068851351397832,0.373866104372911,0.0346009558720899
MOBORandomForestLCBPBI_CD,re37,196,0.4089731829751329,0.3354055257754477,0.0657319688315943
MOBORandomForestLCBPBI_CD,re37,197,0.4097548975983084,0.3649923506317674,0.0295619871432867
MOBORandomForestLCBPBI_CD,re37,198,0.4112943623143806,0.3021828119374564,0.2672528345757592
MOBORandomForestLCBPBI_CD,re37,199,0.4118860099677645,0.3251611639892592,0.108927231180117
MOBORandomForestLCBPBI_CD,re37,200,0.4185489257996561,0.3012589638533974,0.3662515056893794
MOBORandomForestLCBPBI_CD,re37,201,0.4217518142093949,0.3085722973968927,0.2620833949902404
MOBORandomForestLCBPBI_CD,re37,202,0.421918972414588,0.3112383102509706,0.1890664294755505
MOBORandomForestLCBPBI_CD,re37,203,0.4235128043084513,0.3103769926748624,0.2476164941539387
MOBORandomForestLCBPBI_CD,re37,204,0.4245137646069575,0.3706002108746096,0.0257748993972241
MOBORandomForestLCBPBI_CD,re37,205,0.4252598220425583,0.3440380191164305,0.0639186308754949
MOBORandomForestLCBPBI_CD,re37,206,0.4264937301028051,0.3146600568098396,0.1822663127776272
MOBORandomForestLCBPBI_CD,re37,207,0.4282085883246934,0.3029375870349761,0.238785091513052
MOBORandomForestLCBPBI_CD,re37,208,0.4308428205706039,0.3983989949443445,-0.0202309650398876
MOBORandomForestLCBPBI_CD,re37,209,0.4320646329890132,0.4243103982166454,-0.0382463130324443
MOBORandomForestLCBPBI_CD,re37,210,0.4376049199187147,0.299943593615269,0.327098957729167
MOBORandomForestLCBPBI_CD,re37,211,0.4389676021984811,0.3003413153304687,0.2412261181429899
MOBORandomForestLCBPBI_CD,re37,212,0.4402188917338132,0.2971717429944101,0.3301350300244928
MOBORandomForestLCBPBI_CD,re37,213,0.4407600654392138,0.3273814776785715,0.0553207706830151
MOBORandomForestLCBPBI_CD,re37,214,0.4414546913586216,0.3567379482003737,0.0356756338186645
MOBORandomForestLCBPBI_CD,re37,215,0.4420800740094774,0.3179997082238332,0.1819997651815788
MOBORandomForestLCBPBI_CD,re37,216,0.4455044869771282,0.3183736967687826,0.1422978814721401
MOBORandomForestLCBPBI_CD,re37,217,0.4473980817581642,0.3057190252342501,0.1992346336886325
MOBORandomForestLCBPBI_CD,re37,218,0.4484834758723403,0.289579434224501,0.3140843936626425
MOBORandomForestLCBPBI_CD,re37,219,0.4484973316902632,0.2950892258328532,0.2539637646314639
MOBORandomForestLCBPBI_CD,re37,220,0.4511881694885444,0.3126401006062748,0.10324380707765
MOBORandomForestLCBPBI_CD,re37,221,0.452223723520105,0.3001315717593579,0.2342909977761521
MOBORandomForestLCBPBI_CD,re37,222,0.4524983478204098,0.3739612076794377,0.0240982562827134
MOBORandomForestLCBPBI_CD,re37,223,0.4530090064107349,0.3012805434662927,0.1551105400288485
MOBORandomForestLCBPBI_CD,re37,224,0.4581677727018663,0.286003506026364,0.4711023895049613
MOBORandomForestLCBPBI_CD,re37,225,0.4590235831492664,0.3100883314358924,0.1309645711296891
MOBORandomForestLCBPBI_CD,re37,226,0.4601625504815777,0.2966681979132972,0.1656112874722181
MOBORandomForestLCBPBI_CD,re37,227,0.4613137711161067,0.2806901508501797,0.3482396171330862
MOBORandomForestLCBPBI_CD,re37,228,0.4615842284357485,0.2975321777021075,0.1530513775414278
MOBORandomForestLCBPBI_CD,re37,229,0.4672925366624064,0.2916735800670522,0.1831977387850224
MOBORandomForestLCBPBI_CD,re37,230,0.4690849647301193,0.2812351697571758,0.2263198904367929
MOBORandomForestLCBPBI_CD,re37,231,0.4710337672113478,0.2757548356103365,0.3259709363596869
MOBORandomForestLCBPBI_CD,re37,232,0.473755729290772,0.289220451018247,0.2108641253540142
MOBORandomForestLCBPBI_CD,re37,233,0.4743782042443387,0.3256523034751413,0.0723696012210344
MOBORandomForestLCBPBI_CD,re37,234,0.4744975419968624,0.296351221255925,0.1649594764908822
MOBORandomForestLCBPBI_CD,re37,235,0.4806916330952395,0.3692155081733201,-0.0017817509453574
MOBORandomForestLCBPBI_CD,re37,236,0.4817467831391309,0.2729556582361337,0.317000214704095
MOBORandomForestLCBPBI_CD,re37,237,0.4823211576717263,0.2981749246928247,0.1372134205133434
MOBORandomForestLCBPBI_CD,re37,238,0.4829005833998955,0.2968419421533151,0.0864935526033697
MOBORandomForestLCBPBI_CD,re37,239,0.4853169886988036,0.2934270287510068,0.1465092700426266
MOBORandomForestLCBPBI_CD,re37,240,0.4884105724421514,0.2737195578344649,0.244791123581387
MOBORandomForestLCBPBI_CD,re37,241,0.4905814178372764,0.3590201662282147,0.0194145041318725
MOBORandomForestLCBPBI_CD,re37,242,0.4912050791690247,0.344280821940631,0.0239457479964451
MOBORandomForestLCBPBI_CD,re37,243,0.4993014894549431,0.3341847108751458,0.0400166013759086
MOBORandomForestLCBPBI_CD,re37,244,0.5013714694032271,0.289745107863491,0.1955833606613345
MOBORandomForestLCBPBI_CD,re37,245,0.5047083851659268,0.2728377269016577,0.2826693884157134
MOBORandomForestLCBPBI_CD,re37,246,0.5055619451657293,0.2595443012297163,0.3584139643599141
MOBORandomForestLCBPBI_CD,re37,247,0.5056476528505728,0.2642593009671796,0.2507054147387502
MOBORandomForestLCBPBI_CD,re37,248,0.5084628123318407,0.283863883755975,0.1667103937923912
MOBORandomForestLCBPBI_CD,re37,249,0.5112384681110708,0.2790940189785916,0.2387678076783516
MOBORandomForestLCBPBI_CD,re37,250,0.5151052425872554,0.2552700916070613,0.4012593752439535
MOBORandomForestLCBPBI_CD,re37,251,0.5213012010445606,0.2483037497397422,0.3228053824147658
MOBORandomForestLCBPBI_CD,re37,252,0.5213429461921509,0.2619045290610886,0.2000819741260564
MOBORandomForestLCBPBI_CD,re37,253,0.522164828798291,0.3068863702352602,0.0780159795284974
MOBORandomForestLCBPBI_CD,re37,254,0.5227392198579682,0.2737806493570283,0.1781318130919425
MOBORandomForestLCBPBI_CD,re37,255,0.5248375905125808,0.2605495488053147,0.172673556947985
MOBORandomForestLCBPBI_CD,re37,256,0.5258946170354959,0.2675865091694942,0.1448511738354468
MOBORandomForestLCBPBI_CD,re37,257,0.5276834787524944,0.2826505852787198,0.1423919298911521
MOBORandomForestLCBPBI_CD,re37,258,0.5302977043089345,0.2880825619328998,0.1323258779933123
MOBORandomForestLCBPBI_CD,re37,259,0.5400703635819019,0.278315594479704,0.1060691140637099
MOBORandomForestLCBPBI_CD,re37,260,0.5426235052534316,0.2464098624455283,0.2746713407019985
MOBORandomForestLCBPBI_CD,re37,261,0.5469163461943382,0.2738699148834509,0.1074292824559639
MOBORandomForestLCBPBI_CD,re37,262,0.5601541162591901,0.2714854352422396,0.1359759208070788
MOBORandomForestLCBPBI_CD,re37,263,0.5653276437559089,0.2276994947172488,0.3065740085428687
MOBORandomForestLCBPBI_CD,re37,264,0.5659262920500382,0.2608856161533242,0.1598047884881977
MOBORandomForestLCBPBI_CD,re37,265,0.5687561917514999,0.2488513937784608,0.1932026290646604
MOBORandomForestLCBPBI_CD,re37,266,0.5706412402621109,0.2437365596806563,0.1994865085132866
MOBORandomForestLCBPBI_CD,re37,267,0.5715734995677157,0.2548927659526439,0.189061560406043
MOBORandomForestLCBPBI_CD,re37,268,0.5722310321532527,0.2424514798866929,0.2232450499581527
MOBORandomForestLCBPBI_CD,re37,269,0.572480737746782,0.3021382955990918,0.0746092396921042
MOBORandomForestLCBPBI_CD,re37,270,0.5725592669880345,0.2335104800805456,0.1993231161458093
MOBORandomForestLCBPBI_CD,re37,271,0.5745992326338107,0.2602259203373102,0.1843592062360295
MOBORandomForestLCBPBI_CD,re37,272,0.578005330588147,0.2499878344917713,0.0935850943858619
MOBORandomForestLCBPBI_CD,re37,273,0.5917954116098192,0.2345265817915244,0.1658691216251471
MOBORandomForestLCBPBI_CD,re37,274,0.5982959083959647,0.2942989395633901,0.0786241390424896
MOBORandomForestLCBPBI_CD,re37,275,0.5997032020088121,0.2312657951842639,0.2180326899498128
MOBORandomForestLCBPBI_CD,re37,276,0.6107696299899243,0.2209658657577667,0.1846926976162261
MOBORandomForestLCBPBI_CD,re37,277,0.6174150855686507,0.2302026039754976,0.1500875044592439
MOBORandomForestLCBPBI_CD,re37,278,0.6203668907646576,0.1975435478524415,0.3353060069291598
MOBORandomForestLCBPBI_CD,re37,279,0.6219958711277548,0.247347813122254,0.1423314415644918
MOBORandomForestLCBPBI_CD,re37,280,0.6319292756445051,0.1825099132514886,0.4034112565582846
MOBORandomForestLCBPBI_CD,re37,281,0.6353914158621938,0.1931846331284335,0.4009608176851264
MOBORandomForestLCBPBI_CD,re37,282,0.6460884691515905,0.2115085630132113,0.2234178846556491
MOBORandomForestLCBPBI_CD,re37,283,0.6516662382035541,0.2093159925650918,0.14806086311089
MOBORandomForestLCBPBI_CD,re37,284,0.6617046595326169,0.238820778871747,0.1031974733963428
MOBORandomForestLCBPBI_CD,re37,285,0.6654632728611944,0.1935514699588388,0.1788608697678886
MOBORandomForestLCBPBI_CD,re37,286,0.6713309824842396,0.1746042623363492,0.26167856418018
MOBORandomForestLCBPBI_CD,re37,287,0.7044720815473927,0.1971160249843914,0.0877172317027867
MOBORandomForestLCBPBI_CD,re37,288,0.7070467579043528,0.2578776880189837,0.0641243652709505
MOBORandomForestLCBPBI_CD,re37,289,0.7398389166692619,0.1861467785392712,0.1391052736855143
MOBORandomForestLCBPBI_CD,re37,290,0.7409073562523443,0.1522124781296343,0.6107291303894908
MOBORandomForestLCBPBI_CD,re37,291,0.7606956680627989,0.1071956849108393,0.3887241964206965
MOBORandomForestLCBPBI_CD,re37,292,0.7618912533816536,0.1201718566924144,0.3587400447737589
MOBORandomForestLCBPBI_CD,re37,293,0.7645383276799262,0.1768074563061682,0.1903023995566777
MOBORandomForestLCBPBI_CD,re37,294,0.7806663261454075,0.1256171433261675,0.2147456365068128
MOBORandomForestLCBPBI_CD,re37,295,0.8412807936741631,0.1128525407794627,0.3140318385724733
MOBORandomForestLCBPBI_CD,re37,296,0.8445987200528856,0.1077041953648649,0.1853208699010817
MOBORandomForestLCBPBI_CD,re37,297,0.8736779692105213,0.065487845354772,0.2382218803832703
MOBORandomForestLCBPBI_CD,re37,298,0.8773835950352962,0.0926313377512874,0.2182868682175618
MOBORandomForestLCBPBI_CD,re37,299,0.8795848574816719,0.0700891512897906,0.1795675500526614
MOBORandomForestLCBPBI_CD,re37,300,0.8889936629256211,0.0821618249585419,0.1656535038678571
MOBORandomForestLCBPBI_CD,re37,301,0.8927178744261586,0.095322713770519,0.1594239270555232
MOBORandomForestLCBPBI_CD,re37,302,0.9064468783487386,0.0480435837383918,0.2895669522847807
MOBORandomForestLCBPBI_CD,re37,303,0.912259815001816,0.0753449946851918,0.1216978910322487
MOBORandomForestLCBPBI_CD,re37,304,0.9170117349948302,0.196115142373449,0.017629740886854
MOBORandomForestParEGO_Batch_Refined,re21,0,1288.883696985863,0.0374980276108008,
MOBORandomForestParEGO_Batch_Refined,re21,1,1315.2673333608448,0.0361397672602131,
MOBORandomForestParEGO_Batch_Refined,re21,2,1339.8171029259568,0.0352126900405889,
MOBORandomForestParEGO_Batch_Refined,re21,3,1349.2356276280643,0.0352082080588741,
MOBORandomForestParEGO_Batch_Refined,re21,4,1352.5045418691882,0.0335892256517534,
MOBORandomForestParEGO_Batch_Refined,re21,5,1384.4378612952603,0.0327824357363186,
MOBORandomForestParEGO_Batch_Refined,re21,6,1396.2654045273562,0.0314186471365654,
MOBORandomForestParEGO_Batch_Refined,re21,7,1415.0005551598786,0.0300899397996371,
MOBORandomForestParEGO_Batch_Refined,re21,8,1432.9005477195035,0.0295516128614708,
MOBORandomForestParEGO_Batch_Refined,re21,9,1433.2376879280655,0.029162464755985,
MOBORandomForestParEGO_Batch_Refined,re21,10,1487.340520016778,0.0278550813034873,
MOBORandomForestParEGO_Batch_Refined,re21,11,1503.1880668905137,0.0275778624478015,
MOBORandomForestParEGO_Batch_Refined,re21,12,1511.3919375694431,0.0267032107822047,
MOBORandomForestParEGO_Batch_Refined,re21,13,1525.5630507861342,0.0265242031148137,
MOBORandomForestParEGO_Batch_Refined,re21,14,1525.9151727245523,0.0260291845457906,
MOBORandomForestParEGO_Batch_Refined,re21,15,1533.0783525094866,0.0259432676648667,
MOBORandomForestParEGO_Batch_Refined,re21,16,1546.9450090841922,0.0251853671446891,
MOBORandomForestParEGO_Batch_Refined,re21,17,1550.7912237540622,0.025145396666955,
MOBORandomForestParEGO_Batch_Refined,re21,18,1568.1331463135707,0.024908709112951,
MOBORandomForestParEGO_Batch_Refined,re21,19,1576.4512792610362,0.024412775080086,
MOBORandomForestParEGO_Batch_Refined,re21,20,1594.6656290197784,0.0237525452260466,
MOBORandomForestParEGO_Batch_Refined,re21,21,1609.1908095503643,0.0234739763377623,
MOBORandomForestParEGO_Batch_Refined,re21,22,1612.6784551914984,0.0231013108255788,
MOBORandomForestParEGO_Batch_Refined,re21,23,1633.550424341309,0.0227364219091207,
MOBORandomForestParEGO_Batch_Refined,re21,24,1650.6294878611052,0.0223167770978866,
MOBORandomForestParEGO_Batch_Refined,re21,25,1653.5131702234526,0.02162024975257,
MOBORandomForestParEGO_Batch_Refined,re21,26,1686.889309338006,0.0209635569340403,
MOBORandomForestParEGO_Batch_Refined,re21,27,1704.786218895767,0.020793535356491,
MOBORandomForestParEGO_Batch_Refined,re21,28,1744.2380473600494,0.0204896636189582,
MOBORandomForestParEGO_Batch_Refined,re21,29,1747.0392097557055,0.0201480118092377,
MOBORandomForestParEGO_Batch_Refined,re21,30,1747.258056729824,0.0196887776475759,
MOBORandomForestParEGO_Batch_Refined,re21,31,1761.777488901125,0.0194478991536221,
MOBORandomForestParEGO_Batch_Refined,re21,32,1777.3579083904267,0.0189416900326221,
MOBORandomForestParEGO_Batch_Refined,re21,33,1782.435486120096,0.0181754081707303,
MOBORandomForestParEGO_Batch_Refined,re21,34,1801.559767712532,0.0178411695697311,
MOBORandomForestParEGO_Batch_Refined,re21,35,1829.4232343130168,0.0173685264693583,
MOBORandomForestParEGO_Batch_Refined,re21,36,1841.2970478348432,0.0170866176062274,
MOBORandomForestParEGO_Batch_Refined,re21,37,1867.8554612987407,0.0164135686764072,
MOBORandomForestParEGO_Batch_Refined,re21,38,1879.1691639426604,0.0160367666993893,
MOBORandomForestParEGO_Batch_Refined,re21,39,1911.5955932246984,0.0159763567459941,
MOBORandomForestParEGO_Batch_Refined,re21,40,1915.3679923559089,0.0155337090882808,
MOBORandomForestParEGO_Batch_Refined,re21,41,1950.513434519456,0.0147311626940038,
MOBORandomForestParEGO_Batch_Refined,re21,42,1969.6179301896373,0.0146062065536595,
MOBORandomForestParEGO_Batch_Refined,re21,43,1993.2300790060744,0.0138622328654971,
MOBORandomForestParEGO_Batch_Refined,re21,44,2001.6058095649369,0.0134497987374115,
MOBORandomForestParEGO_Batch_Refined,re21,45,2017.253454295629,0.0131987353483319,
MOBORandomForestParEGO_Batch_Refined,re21,46,2027.470253021401,0.0130310883323937,
MOBORandomForestParEGO_Batch_Refined,re21,47,2057.483261056901,0.0128424063119743,
MOBORandomForestParEGO_Batch_Refined,re21,48,2062.387837434157,0.0126773941589893,
MOBORandomForestParEGO_Batch_Refined,re21,49,2113.113972565093,0.0125877622914745,
MOBORandomForestParEGO_Batch_Refined,re21,50,2120.4896086222384,0.012019204349057,
MOBORandomForestParEGO_Batch_Refined,re21,51,2129.213794805723,0.0117194462981008,
MOBORandomForestParEGO_Batch_Refined,re21,52,2134.4804026808324,0.0115729373443847,
MOBORandomForestParEGO_Batch_Refined,re21,53,2160.5367570722706,0.0114810022596988,
MOBORandomForestParEGO_Batch_Refined,re21,54,2172.973512140851,0.0114146670150836,
MOBORandomForestParEGO_Batch_Refined,re21,55,2176.4284342259493,0.0108520822441602,
MOBORandomForestParEGO_Batch_Refined,re21,56,2185.274741627518,0.0108051249374287,
MOBORandomForestParEGO_Batch_Refined,re21,57,2187.6419153623274,0.0107230069645745,
MOBORandomForestParEGO_Batch_Refined,re21,58,2203.443430893755,0.0107145052463985,
MOBORandomForestParEGO_Batch_Refined,re21,59,2209.9778222121863,0.0107104013797778,
MOBORandomForestParEGO_Batch_Refined,re21,60,2220.5335988174206,0.0105312930580245,
MOBORandomForestParEGO_Batch_Refined,re21,61,2223.28716059846,0.0099844170319038,
MOBORandomForestParEGO_Batch_Refined,re21,62,2239.7466788416223,0.0098056986206346,
MOBORandomForestParEGO_Batch_Refined,re21,63,2255.4961585573087,0.0097179157578592,
MOBORandomForestParEGO_Batch_Refined,re21,64,2263.3015430016967,0.0094101309447028,
MOBORandomForestParEGO_Batch_Refined,re21,65,2293.639439891559,0.0088174768602354,
MOBORandomForestParEGO_Batch_Refined,re21,66,2305.8391667864457,0.0086557702029407,
MOBORandomForestParEGO_Batch_Refined,re21,67,2333.643971950191,0.0083512434685617,
MOBORandomForestParEGO_Batch_Refined,re21,68,2342.6542581602043,0.0083489108461839,
MOBORandomForestParEGO_Batch_Refined,re21,69,2351.391221909976,0.0082212373749187,
MOBORandomForestParEGO_Batch_Refined,re21,70,2400.543603988806,0.0077833463045272,
MOBORandomForestParEGO_Batch_Refined,re21,71,2420.1354202788693,0.0073590253548106,
MOBORandomForestParEGO_Batch_Refined,re21,72,2420.40328620045,0.0069937269522873,
MOBORandomForestParEGO_Batch_Refined,re21,73,2448.808738380143,0.0066587471549573,
MOBORandomForestParEGO_Batch_Refined,re21,74,2467.862919605808,0.0064219629357625,
MOBORandomForestParEGO_Batch_Refined,re21,75,2535.156157826193,0.006146145156039,
MOBORandomForestParEGO_Batch_Refined,re21,76,2544.0263645519403,0.0055836431679218,
MOBORandomForestParEGO_Batch_Refined,re21,77,2572.0787570982657,0.0054362972481942,
MOBORandomForestParEGO_Batch_Refined,re21,78,2624.478454728203,0.0054144097496594,
MOBORandomForestParEGO_Batch_Refined,re21,79,2625.9196514086498,0.005091899092341,
MOBORandomForestParEGO_Batch_Refined,re21,80,2685.526585710996,0.0049271326179015,
MOBORandomForestParEGO_Batch_Refined,re21,81,2690.27031225932,0.0049192632876818,
MOBORandomForestParEGO_Batch_Refined,re21,82,2712.320862780945,0.0047964170516706,
MOBORandomForestParEGO_Batch_Refined,re21,83,2803.910876304971,0.0037769310935224,
MOBORandomForestParEGO_Batch_Refined,re34,0,1664.0534689109038,8.400753329127404,0.0766929144858201
MOBORandomForestParEGO_Batch_Refined,re34,1,1664.9380531219606,8.300548890443562,0.0977960551769494
MOBORandomForestParEGO_Batch_Refined,re34,2,1665.0539065495404,8.090734954885907,0.1086047579448611
MOBORandomForestParEGO_Batch_Refined,re34,3,1665.2154871834668,8.178689329097152,0.1021724879576533
MOBORandomForestParEGO_Batch_Refined,re34,4,1665.7447274667786,8.333626491556146,0.09301295279112
MOBORandomForestParEGO_Batch_Refined,re34,5,1665.989232521553,7.510919473944163,0.1120775332870121
MOBORandomForestParEGO_Batch_Refined,re34,6,1666.1434714581192,8.093316638708865,0.1033350723051722
MOBORandomForestParEGO_Batch_Refined,re34,7,1666.1643072887375,8.513245917554379,0.0754407664794692
MOBORandomForestParEGO_Batch_Refined,re34,8,1666.2606906123565,8.395778041305897,0.0734653705486994
MOBORandomForestParEGO_Batch_Refined,re34,9,1666.6901137403884,7.683333739506401,0.1073989432497659
MOBORandomForestParEGO_Batch_Refined,re34,10,1666.7163217346997,8.358475475383068,0.0848330174469833
MOBORandomForestParEGO_Batch_Refined,re34,11,1666.7547147594155,7.51553837517587,0.107311036385121
MOBORandomForestParEGO_Batch_Refined,re34,12,1667.0659654353192,8.516594474008564,0.0688861720140814
MOBORandomForestParEGO_Batch_Refined,re34,13,1667.1114102131537,7.624623646571838,0.1062774624711443
MOBORandomForestParEGO_Batch_Refined,re34,14,1667.4833338678727,7.402687921385819,0.1143915174633607
MOBORandomForestParEGO_Batch_Refined,re34,15,1667.5239236643256,7.507648718649692,0.1059064801436379
MOBORandomForestParEGO_Batch_Refined,re34,16,1667.584112103759,7.717749613760427,0.1025474039877694
MOBORandomForestParEGO_Batch_Refined,re34,17,1667.6085143275686,8.278308783352252,0.099872546224797
MOBORandomForestParEGO_Batch_Refined,re34,18,1667.6691234804143,7.846339575732398,0.1012037876203963
MOBORandomForestParEGO_Batch_Refined,re34,19,1667.8345756623676,7.509346594927325,0.0969194243027073
MOBORandomForestParEGO_Batch_Refined,re34,20,1667.8402046408987,7.288698810775974,0.1018008969649111
MOBORandomForestParEGO_Batch_Refined,re34,21,1668.3673030485895,7.083487442857701,0.1045853726882321
MOBORandomForestParEGO_Batch_Refined,re34,22,1668.4919697984728,7.370910270647593,0.1005254004332783
MOBORandomForestParEGO_Batch_Refined,re34,23,1668.537419012,7.432535352711312,0.0922324690236113
MOBORandomForestParEGO_Batch_Refined,re34,24,1669.3460047968842,8.093591237242201,0.09196933181374
MOBORandomForestParEGO_Batch_Refined,re34,25,1669.7277099441146,8.245121291393692,0.0899569059656436
MOBORandomForestParEGO_Batch_Refined,re34,26,1670.0865894033534,7.739047850624733,0.0901126857688598
MOBORandomForestParEGO_Batch_Refined,re34,27,1670.125657784328,8.695690283879419,0.0671634723247159
MOBORandomForestParEGO_Batch_Refined,re34,28,1670.3481281591803,7.366941901343513,0.100357343125464
MOBORandomForestParEGO_Batch_Refined,re34,29,1670.4013675664612,8.253837652546228,0.0891673091270414
MOBORandomForestParEGO_Batch_Refined,re34,30,1670.6907528086583,7.224451477082805,0.0972823626970044
MOBORandomForestParEGO_Batch_Refined,re34,31,1670.7238334740955,7.783818403066155,0.0895322532354767
MOBORandomForestParEGO_Batch_Refined,re34,32,1670.749593377922,7.600690667744877,0.091678064496304
MOBORandomForestParEGO_Batch_Refined,re34,33,1670.920531002597,8.134069208324032,0.0880675328735321
MOBORandomForestParEGO_Batch_Refined,re34,34,1670.9257981002984,7.730364429895189,0.0870140733578932
MOBORandomForestParEGO_Batch_Refined,re34,35,1671.0602551975394,7.427985976817202,0.0961224926281011
MOBORandomForestParEGO_Batch_Refined,re34,36,1671.2495235188571,9.2079923331704,0.0646210187259545
MOBORandomForestParEGO_Batch_Refined,re34,37,1671.351177134807,7.541441415152576,0.0904419253060753
MOBORandomForestParEGO_Batch_Refined,re34,38,1671.47857036922,9.173936965836557,0.0671326337151357
MOBORandomForestParEGO_Batch_Refined,re34,39,1671.52675487712,7.127949275138171,0.0951759200682637
MOBORandomForestParEGO_Batch_Refined,re34,40,1672.05956712466,8.22235412835359,0.0862549868468413
MOBORandomForestParEGO_Batch_Refined,re34,41,1672.39292924297,7.044791603611412,0.2045601716840882
MOBORandomForestParEGO_Batch_Refined,re34,42,1672.4305182174696,8.818325805986428,0.0667402499589567
MOBORandomForestParEGO_Batch_Refined,re34,43,1672.7242119596262,7.614639991677204,0.0895403091844975
MOBORandomForestParEGO_Batch_Refined,re34,44,1672.8214204505057,7.507400918851673,0.0879710679795103
MOBORandomForestParEGO_Batch_Refined,re34,45,1672.8284772042991,8.360368306576925,0.0800026438841132
MOBORandomForestParEGO_Batch_Refined,re34,46,1673.0638956482642,8.153907622973337,0.082066378468697
MOBORandomForestParEGO_Batch_Refined,re34,47,1673.1110409457997,8.324263297381362,0.0803230581165637
MOBORandomForestParEGO_Batch_Refined,re34,48,1673.853723901462,6.998733094592894,0.1874864961991265
MOBORandomForestParEGO_Batch_Refined,re34,49,1673.9363763832416,8.00447628122383,0.0840592300467554
MOBORandomForestParEGO_Batch_Refined,re34,50,1674.6630002395432,7.943195267966433,0.0860685986770202
MOBORandomForestParEGO_Batch_Refined,re34,51,1674.847325720507,7.777994190580901,0.0817580692235388
MOBORandomForestParEGO_Batch_Refined,re34,52,1674.9254554671577,7.52277990306903,0.0860710133255857
MOBORandomForestParEGO_Batch_Refined,re34,53,1674.944264976091,8.065868556313756,0.0740642398063033
MOBORandomForestParEGO_Batch_Refined,re34,54,1675.0178132650672,7.7554620265782495,0.083521067038676
MOBORandomForestParEGO_Batch_Refined,re34,55,1675.6148685767996,7.56382036269169,0.0804943346851158
MOBORandomForestParEGO_Batch_Refined,re34,56,1675.771128564881,6.975002764443749,0.2337538919594422
MOBORandomForestParEGO_Batch_Refined,re34,57,1675.9430443088406,6.605360272115939,0.2447249095203625
MOBORandomForestParEGO_Batch_Refined,re34,58,1676.398714734361,7.901664083388114,0.078506820669974
MOBORandomForestParEGO_Batch_Refined,re34,59,1676.6318945296446,9.490008139198093,0.0624985750649016
MOBORandomForestParEGO_Batch_Refined,re34,60,1676.743468176402,8.472676345873596,0.0716337990902887
MOBORandomForestParEGO_Batch_Refined,re34,61,1676.7640709904178,6.7546616305423575,0.243347247909486
MOBORandomForestParEGO_Batch_Refined,re34,62,1677.157280816248,6.907239306570539,0.2257730560378155
MOBORandomForestParEGO_Batch_Refined,re34,63,1677.2117221542308,6.809856012236248,0.2359030090715636
MOBORandomForestParEGO_Batch_Refined,re34,64,1677.3929070362465,6.922032025082128,0.2040000436060747
MOBORandomForestParEGO_Batch_Refined,re34,65,1677.470901097144,8.59475269563845,0.0685180527089758
MOBORandomForestParEGO_Batch_Refined,re34,66,1678.0417728023228,8.583727269355386,0.0682437952686178
MOBORandomForestParEGO_Batch_Refined,re34,67,1678.2827182971805,6.713802953274721,0.2396573306846353
MOBORandomForestParEGO_Batch_Refined,re34,68,1678.5677674142726,9.603329916614586,0.0601060654707627
MOBORandomForestParEGO_Batch_Refined,re34,69,1678.7005694700977,6.646208623656402,0.2255418123552807
MOBORandomForestParEGO_Batch_Refined,re34,70,1679.018023332753,8.606658307471307,0.0669205419889384
MOBORandomForestParEGO_Batch_Refined,re34,71,1679.9794688044174,6.816400779861279,0.2193471794533407
MOBORandomForestParEGO_Batch_Refined,re34,72,1680.2942852073045,6.91619375647754,0.2032292452314709
MOBORandomForestParEGO_Batch_Refined,re34,73,1680.367594553317,6.853833823805887,0.2112858717355739
MOBORandomForestParEGO_Batch_Refined,re34,74,1680.6868624789142,8.794901703629234,0.0651550019032193
MOBORandomForestParEGO_Batch_Refined,re34,75,1682.051753219741,6.856912231775275,0.2040579275787232
MOBORandomForestParEGO_Batch_Refined,re34,76,1682.2346920449563,6.9703134762186245,0.1986238817235658
MOBORandomForestParEGO_Batch_Refined,re34,77,1683.317997565584,6.744648833674376,0.2158472289607438
MOBORandomForestParEGO_Batch_Refined,re34,78,1683.389930343963,9.391646455749129,0.057842048463228
MOBORandomForestParEGO_Batch_Refined,re34,79,1684.181287630522,9.330064979316624,0.0600134384144051
MOBORandomForestParEGO_Batch_Refined,re34,80,1685.861027089061,9.545845050557917,0.0550044600930285
MOBORandomForestParEGO_Batch_Refined,re34,81,1689.0565823999482,10.342761379838688,0.0515435344866712
MOBORandomForestParEGO_Batch_Refined,re34,82,1689.9703082990238,10.318485615754271,0.0504954425110636
MOBORandomForestParEGO_Batch_Refined,re37,0,0.0360761537931312,1.04255450358701,0.9291609491011268
MOBORandomForestParEGO_Batch_Refined,re37,1,0.0403273017094294,0.6997725566767905,0.9918200190730982
MOBORandomForestParEGO_Batch_Refined,re37,2,0.0431408403109029,0.6147939858212322,1.0393629805829407
MOBORandomForestParEGO_Batch_Refined,re37,3,0.045210340175981,0.6726944111812214,1.0100298350025885
MOBORandomForestParEGO_Batch_Refined,re37,4,0.0466861204263556,1.0523006151463783,0.7511274872319954
MOBORandomForestParEGO_Batch_Refined,re37,5,0.0515062456622188,0.6346698917727822,0.8485097843481159
MOBORandomForestParEGO_Batch_Refined,re37,6,0.0598652893708526,0.6135866222209935,1.043202504032358
MOBORandomForestParEGO_Batch_Refined,re37,7,0.061711286992367,0.6152610904042064,0.675138833779523
MOBORandomForestParEGO_Batch_Refined,re37,8,0.0670416794030351,0.9116964884214904,0.5323892721180491
MOBORandomForestParEGO_Batch_Refined,re37,9,0.0700995103617754,0.6799485193972595,0.5431809765720045
MOBORandomForestParEGO_Batch_Refined,re37,10,0.0734225837544017,0.612283443744497,0.5345903641280545
MOBORandomForestParEGO_Batch_Refined,re37,11,0.0780586881414275,0.5154856315869558,0.9141378872319555
MOBORandomForestParEGO_Batch_Refined,re37,12,0.0786227931446627,0.7357886518784715,0.5295333853425327
MOBORandomForestParEGO_Batch_Refined,re37,13,0.0847058017064363,0.5889434977521232,0.6673563573659334
MOBORandomForestParEGO_Batch_Refined,re37,14,0.0856163331738655,0.8712800132100089,0.4487710247645893
MOBORandomForestParEGO_Batch_Refined,re37,15,0.0859302136893212,0.7968581673264216,0.4768970645458562
MOBORandomForestParEGO_Batch_Refined,re37,16,0.0892209536590223,0.5168463428760817,0.912251767351366
MOBORandomForestParEGO_Batch_Refined,re37,17,0.090672738860073,0.5768576707105606,0.8320624826849975
MOBORandomForestParEGO_Batch_Refined,re37,18,0.0923831898970556,0.8916955076144373,0.3853054757123923
MOBORandomForestParEGO_Batch_Refined,re37,19,0.092526845987125,0.610473977812818,0.6393953634217697
MOBORandomForestParEGO_Batch_Refined,re37,20,0.0965223222359472,0.8484977128572379,0.4452713632042875
MOBORandomForestParEGO_Batch_Refined,re37,21,0.0995028117789845,0.5280754122826543,0.6507615418373686
MOBORandomForestParEGO_Batch_Refined,re37,22,0.1044337581845944,0.5139381542343079,0.7479972222021343
MOBORandomForestParEGO_Batch_Refined,re37,23,0.1052190311213114,0.508842299417797,0.6169480666253315
MOBORandomForestParEGO_Batch_Refined,re37,24,0.1060044578115613,0.8835354678396692,0.3798818279550399
MOBORandomForestParEGO_Batch_Refined,re37,25,0.1088591976765913,0.4730631583459766,0.7195143398121089
MOBORandomForestParEGO_Batch_Refined,re37,26,0.1095159746899421,0.6703630556060138,0.4910569625646417
MOBORandomForestParEGO_Batch_Refined,re37,27,0.1120588567558654,0.8006777257059733,0.3387893219409641
MOBORandomForestParEGO_Batch_Refined,re37,28,0.1150568094916831,0.4684204595926053,0.7830800104206869
MOBORandomForestParEGO_Batch_Refined,re37,29,0.1186124306007491,0.544543347888558,0.5004956408449198
MOBORandomForestParEGO_Batch_Refined,re37,30,0.1194198049401158,0.5889739673735186,0.4803923092430229
MOBORandomForestParEGO_Batch_Refined,re37,31,0.1206919556523231,0.7239692008844034,0.4570963426065856
MOBORandomForestParEGO_Batch_Refined,re37,32,0.1270312843903005,0.5071089178510236,0.4987086400957228
MOBORandomForestParEGO_Batch_Refined,re37,33,0.13090191779695,0.4792412730236747,0.6564559858091549
MOBORandomForestParEGO_Batch_Refined,re37,34,0.1312999459048215,0.8993255165224381,0.2937378778897062
MOBORandomForestParEGO_Batch_Refined,re37,35,0.131595217833109,0.4674038193184454,0.7766087527564707
MOBORandomForestParEGO_Batch_Refined,re37,36,0.1321560923323416,0.7418718100492736,0.4274851632978425
MOBORandomForestParEGO_Batch_Refined,re37,37,0.1327624722234076,0.4634417589627466,0.5398294858660415
MOBORandomForestParEGO_Batch_Refined,re37,38,0.1363667916995418,0.6514395959377139,0.4731035761749462
MOBORandomForestParEGO_Batch_Refined,re37,39,0.1370254185840312,0.564584723506777,0.4094580735400487
MOBORandomForestParEGO_Batch_Refined,re37,40,0.1384928062679702,0.6329027284658525,0.3808505999625826
MOBORandomForestParEGO_Batch_Refined,re37,41,0.1484074019840572,0.7293921219666364,0.3504795004015538
MOBORandomForestParEGO_Batch_Refined,re37,42,0.1502299284814138,0.6952364674744316,0.3120551577014825
MOBORandomForestParEGO_Batch_Refined,re37,43,0.1520427583143108,0.6897223621367138,0.3731269073516274
MOBORandomForestParEGO_Batch_Refined,re37,44,0.154093722584428,0.502407148525305,0.5275565905374363
MOBORandomForestParEGO_Batch_Refined,re37,45,0.1596897923591815,0.4908728447874133,0.5343142350243605
MOBORandomForestParEGO_Batch_Refined,re37,46,0.1604103005837196,0.5719638660726396,0.4035599928178153
MOBORandomForestParEGO_Batch_Refined,re37,47,0.1618327889174353,0.6767098459671,0.3268323178024949
MOBORandomForestParEGO_Batch_Refined,re37,48,0.1714686969301261,0.877715407176349,0.2675297876127686
MOBORandomForestParEGO_Batch_Refined,re37,49,0.1728429821881369,0.5676804289511508,0.3755960106863916
MOBORandomForestParEGO_Batch_Refined,re37,50,0.1732150451485654,0.4503809287746753,0.6350473615000579
MOBORandomForestParEGO_Batch_Refined,re37,51,0.1739265125282113,0.4405033219169498,0.5353929330172769
MOBORandomForestParEGO_Batch_Refined,re37,52,0.1750389419925226,0.5188977584930808,0.4675024969147083
MOBORandomForestParEGO_Batch_Refined,re37,53,0.1757218301636786,0.4289505508619179,0.5997246994377007
MOBORandomForestParEGO_Batch_Refined,re37,54,0.1783418256129841,0.4388433280661529,0.5598897474730422
MOBORandomForestParEGO_Batch_Refined,re37,55,0.1794297171718237,0.5028343444115879,0.3861156580768097
MOBORandomForestParEGO_Batch_Refined,re37,56,0.1841710165323058,0.4750553905888653,0.4633508722658269
MOBORandomForestParEGO_Batch_Refined,re37,57,0.1849246842540305,0.8563587142489036,0.2156925226897745
MOBORandomForestParEGO_Batch_Refined,re37,58,0.1867439562226328,0.8261302287516824,0.272908605721756
MOBORandomForestParEGO_Batch_Refined,re37,59,0.187569372024838,0.42428435310828,0.5331771215882058
MOBORandomForestParEGO_Batch_Refined,re37,60,0.1900248393626827,0.7494360520413074,0.2491523335497243
MOBORandomForestParEGO_Batch_Refined,re37,61,0.1906707612887319,0.4677412037054505,0.4737459655229935
MOBORandomForestParEGO_Batch_Refined,re37,62,0.1909694043034026,0.7170431488764304,0.2613550104174309
MOBORandomForestParEGO_Batch_Refined,re37,63,0.1956201286400347,0.4751765345711122,0.3811954899030664
MOBORandomForestParEGO_Batch_Refined,re37,64,0.1977115561707777,0.5112592781837726,0.3380922020376001
MOBORandomForestParEGO_Batch_Refined,re37,65,0.1997693322991692,0.6057778059793897,0.2613928725063991
MOBORandomForestParEGO_Batch_Refined,re37,66,0.2017442079329644,0.4415380542456999,0.4133478365745824
MOBORandomForestParEGO_Batch_Refined,re37,67,0.2020415950729678,0.4194472270675432,0.6150180312701929
MOBORandomForestParEGO_Batch_Refined,re37,68,0.2045142350820175,0.4654172193081499,0.4109702717519656
MOBORandomForestParEGO_Batch_Refined,re37,69,0.2062060837175494,0.5594041893011498,0.3153905276240853
MOBORandomForestParEGO_Batch_Refined,re37,70,0.2135750336767313,0.4385036205488945,0.3890438727044829
MOBORandomForestParEGO_Batch_Refined,re37,71,0.2166724142645791,0.462830257493423,0.3809129561751591
MOBORandomForestParEGO_Batch_Refined,re37,72,0.2169620650184881,0.7521476613687648,0.2341998766093143
MOBORandomForestParEGO_Batch_Refined,re37,73,0.2180997981107484,0.6613784507002791,0.2259400697162473
MOBORandomForestParEGO_Batch_Refined,re37,74,0.2252318283518267,0.6870429460650732,0.1381508748326335
MOBORandomForestParEGO_Batch_Refined,re37,75,0.2267704705953487,0.4078980676900888,0.6649578088271286
MOBORandomForestParEGO_Batch_Refined,re37,76,0.2269457181587234,0.8125610169645906,0.0975754661460269
MOBORandomForestParEGO_Batch_Refined,re37,77,0.2276322775210785,0.4432640089306325,0.3295952936722667
MOBORandomForestParEGO_Batch_Refined,re37,78,0.2295295071363934,0.4085717349480446,0.493329112003673
MOBORandomForestParEGO_Batch_Refined,re37,79,0.2327210775585814,0.405870930240832,0.7199932471455256
MOBORandomForestParEGO_Batch_Refined,re37,80,0.232871302447054,0.4047091376587835,0.4711556858504508
MOBORandomForestParEGO_Batch_Refined,re37,81,0.2373985626558721,0.4584836491227191,0.3002572604940468
MOBORandomForestParEGO_Batch_Refined,re37,82,0.2382680091349949,0.4025068480930074,0.3628690942065182
MOBORandomForestParEGO_Batch_Refined,re37,83,0.2411890765239542,0.654159270023188,0.2104968324437415
MOBORandomForestParEGO_Batch_Refined,re37,84,0.2415530151915851,0.6974120525061019,0.0385449868340555
MOBORandomForestParEGO_Batch_Refined,re37,85,0.2450209911340549,0.5127759034713393,0.2229095295602789
MOBORandomForestParEGO_Batch_Refined,re37,86,0.2455755826526711,0.3892881137680745,0.3990757235733614
MOBORandomForestParEGO_Batch_Refined,re37,87,0.2494197800865532,0.5653295998836184,0.1875300023385674
MOBORandomForestParEGO_Batch_Refined,re37,88,0.2496345324528081,0.584165461092985,0.1502733291384165
MOBORandomForestParEGO_Batch_Refined,re37,89,0.2511750478041087,0.3876893253447602,0.5068002571962887
MOBORandomForestParEGO_Batch_Refined,re37,90,0.2556893732606929,0.661228902441434,0.1337181366111401
MOBORandomForestParEGO_Batch_Refined,re37,91,0.2561142125718437,0.3891725878117887,0.3184440152911343
MOBORandomForestParEGO_Batch_Refined,re37,92,0.2596999504176583,0.6763572066326912,-0.0174634341273887
MOBORandomForestParEGO_Batch_Refined,re37,93,0.2632492594376972,0.7872910659397143,-0.0174674923195968
MOBORandomForestParEGO_Batch_Refined,re37,94,0.2632626255591098,0.5817992002193767,0.1481219600728088
MOBORandomForestParEGO_Batch_Refined,re37,95,0.2636516078900447,0.504917182792517,0.2682755924542192
MOBORandomForestParEGO_Batch_Refined,re37,96,0.2655773924579654,0.6221855155892487,0.0262860737013439
MOBORandomForestParEGO_Batch_Refined,re37,97,0.2655795694800859,0.6156381584763374,0.0576284961370774
MOBORandomForestParEGO_Batch_Refined,re37,98,0.2708247803456139,0.6916595553034753,-0.060469285525144
MOBORandomForestParEGO_Batch_Refined,re37,99,0.2729141981572062,0.3740165941894312,0.3844176110051208
MOBORandomForestParEGO_Batch_Refined,re37,100,0.2734436004270772,0.5433899427731109,0.1982958797341475
MOBORandomForestParEGO_Batch_Refined,re37,101,0.2740197696313701,0.6821716269324786,-0.0436443830215964
MOBORandomForestParEGO_Batch_Refined,re37,102,0.2759047727588493,0.618519571250641,-0.0074484286521935
MOBORandomForestParEGO_Batch_Refined,re37,103,0.2762355453217721,0.379727409931349,0.3232501329510898
MOBORandomForestParEGO_Batch_Refined,re37,104,0.2769456836248287,0.7034455167548933,-0.1418947883703342
MOBORandomForestParEGO_Batch_Refined,re37,105,0.2786454088774217,0.4907352522353225,0.2756505613360777
MOBORandomForestParEGO_Batch_Refined,re37,106,0.2790902229239711,0.3692338050529685,0.3696062320266056
MOBORandomForestParEGO_Batch_Refined,re37,107,0.2803209356893838,0.5687124777501037,0.1006781786891093
MOBORandomForestParEGO_Batch_Refined,re37,108,0.2803210606522776,0.4325973570840157,0.2704818190073963
MOBORandomForestParEGO_Batch_Refined,re37,109,0.2805303566516041,0.6174942647220547,0.0054501845815993
MOBORandomForestParEGO_Batch_Refined,re37,110,0.2876046819576739,0.7176458376496769,-0.2302465812318602
MOBORandomForestParEGO_Batch_Refined,re37,111,0.2899291443439481,0.624607172938443,-0.1321761641497064
MOBORandomForestParEGO_Batch_Refined,re37,112,0.2903530936277071,0.6010842270192696,-0.002052444383723
MOBORandomForestParEGO_Batch_Refined,re37,113,0.2911653383817382,0.576960080155465,-0.0453754597756573
MOBORandomForestParEGO_Batch_Refined,re37,114,0.2922247258178345,0.6700746814271568,-0.1634465984037907
MOBORandomForestParEGO_Batch_Refined,re37,115,0.2933491200863904,0.492132075615243,0.2072750912172734
MOBORandomForestParEGO_Batch_Refined,re37,116,0.2944886408570812,0.6226737661657283,-0.1507348595139314
MOBORandomForestParEGO_Batch_Refined,re37,117,0.2965444668207108,0.5570084808799215,0.1361464540255776
MOBORandomForestParEGO_Batch_Refined,re37,118,0.2978455916992139,0.4887867635167084,0.2629905572223718
MOBORandomForestParEGO_Batch_Refined,re37,119,0.2980438441448974,0.6213977322657062,-0.1447934449381005
MOBORandomForestParEGO_Batch_Refined,re37,120,0.2992503138937719,0.6190241597536768,-0.1666746275236905
MOBORandomForestParEGO_Batch_Refined,re37,121,0.2992969968120594,0.4013450076768986,0.2091780174475352
MOBORandomForestParEGO_Batch_Refined,re37,122,0.2999145368842846,0.5206890394469167,0.1843133529571669
MOBORandomForestParEGO_Batch_Refined,re37,123,0.30025254487384,0.6603016226685882,-0.2196936258166874
MOBORandomForestParEGO_Batch_Refined,re37,124,0.3005780805043621,0.707344982713687,-0.3157862521078424
MOBORandomForestParEGO_Batch_Refined,re37,125,0.3008367070768395,0.3886883726963739,0.2361615516569048
MOBORandomForestParEGO_Batch_Refined,re37,126,0.3008434633935375,0.6449178942841445,-0.1672560712231071
MOBORandomForestParEGO_Batch_Refined,re37,127,0.3025560293650858,0.6045012327746151,-0.2006879647291401
MOBORandomForestParEGO_Batch_Refined,re37,128,0.3026691407972523,0.593998291054771,-0.1996437557046876
MOBORandomForestParEGO_Batch_Refined,re37,129,0.3033939351005614,0.518195742062492,0.0125920037077498
MOBORandomForestParEGO_Batch_Refined,re37,130,0.3049297241861004,0.4798861469452382,0.1457167806367205
MOBORandomForestParEGO_Batch_Refined,re37,131,0.3068799051797063,0.4390575294206442,0.119555030572457
MOBORandomForestParEGO_Batch_Refined,re37,132,0.3078845013699352,0.3574444700077651,0.4284835660750735
MOBORandomForestParEGO_Batch_Refined,re37,133,0.3090318823936325,0.6614406473502603,-0.3218011131371168
MOBORandomForestParEGO_Batch_Refined,re37,134,0.3090756760815455,0.5547976193562895,-0.1630184860965371
MOBORandomForestParEGO_Batch_Refined,re37,135,0.3103563636151498,0.532268178843674,-0.0014747699183864
MOBORandomForestParEGO_Batch_Refined,re37,136,0.3108951522789037,0.5117984395717812,0.1023406237724996
MOBORandomForestParEGO_Batch_Refined,re37,137,0.3117106401297097,0.4830492118946656,0.1107229183247251
MOBORandomForestParEGO_Batch_Refined,re37,138,0.3132825188880536,0.6354946794284636,-0.2289177606567629
MOBORandomForestParEGO_Batch_Refined,re37,139,0.3183317705636358,0.603162463802437,-0.2610717855275344
MOBORandomForestParEGO_Batch_Refined,re37,140,0.318750642438915,0.5531919438594165,-0.0666926598871988
MOBORandomForestParEGO_Batch_Refined,re37,141,0.3193137234677786,0.6548284579863726,-0.3426674037897627
MOBORandomForestParEGO_Batch_Refined,re37,142,0.3200942672786686,0.3500875182239455,0.254221231887646
MOBORandomForestParEGO_Batch_Refined,re37,143,0.3236414275760114,0.5274984153334242,-0.0155337191913147
MOBORandomForestParEGO_Batch_Refined,re37,144,0.3243504674467207,0.5118947490416118,0.0418553422419569
MOBORandomForestParEGO_Batch_Refined,re37,145,0.3249028411625539,0.5179197956714341,0.0185202359113281
MOBORandomForestParEGO_Batch_Refined,re37,146,0.3259763577123002,0.521248278834459,-0.0062552674021156
MOBORandomForestParEGO_Batch_Refined,re37,147,0.3262029824180887,0.4841918448171006,-0.0187913635779236
MOBORandomForestParEGO_Batch_Refined,re37,148,0.3310568657756269,0.5400625866784048,-0.029500700582207
MOBORandomForestParEGO_Batch_Refined,re37,149,0.3317464134935094,0.5484069736260286,-0.0937160753925718
MOBORandomForestParEGO_Batch_Refined,re37,150,0.3331608071509795,0.4693816414893426,-0.0627744796253752
MOBORandomForestParEGO_Batch_Refined,re37,151,0.3363556489914881,0.3711403669060181,0.2527234537334814
MOBORandomForestParEGO_Batch_Refined,re37,152,0.337330983026093,0.4429540209905245,0.0941800131916075
MOBORandomForestParEGO_Batch_Refined,re37,153,0.3382061857552141,0.4250454847723534,0.1469420598777643
MOBORandomForestParEGO_Batch_Refined,re37,154,0.3389951891146966,0.4357836863571517,0.0440176719068599
MOBORandomForestParEGO_Batch_Refined,re37,155,0.34055313295566,0.5064903480628152,-0.0658941937751959
MOBORandomForestParEGO_Batch_Refined,re37,156,0.3448703256855627,0.3487141230965707,0.6577161747111616
MOBORandomForestParEGO_Batch_Refined,re37,157,0.3457792281931415,0.3840713466139363,0.1651019179155147
MOBORandomForestParEGO_Batch_Refined,re37,158,0.3462384686682833,0.3522227033855226,0.2392962131074881
MOBORandomForestParEGO_Batch_Refined,re37,159,0.3464674934513609,0.5068078679901763,-0.1461840442494624
MOBORandomForestParEGO_Batch_Refined,re37,160,0.3472668518318942,0.3475988584537889,0.7397159825494528
MOBORandomForestParEGO_Batch_Refined,re37,161,0.3477719807271613,0.5909524662866573,-0.1664592882839833
MOBORandomForestParEGO_Batch_Refined,re37,162,0.3520080621918039,0.3414589048754035,0.4183107977431978
MOBORandomForestParEGO_Batch_Refined,re37,163,0.3534816310432104,0.369529428813089,0.2076949568366517
MOBORandomForestParEGO_Batch_Refined,re37,164,0.3543217357339153,0.420151941088688,0.1179784511705731
MOBORandomForestParEGO_Batch_Refined,re37,165,0.3557727601403904,0.4141352450387953,0.0830186504273867
MOBORandomForestParEGO_Batch_Refined,re37,166,0.3564387033529057,0.3397623595710742,0.7107106259807422
MOBORandomForestParEGO_Batch_Refined,re37,167,0.3641895996148321,0.4175824642632318,0.0585180703161506
MOBORandomForestParEGO_Batch_Refined,re37,168,0.3643037227503043,0.3754452695915442,0.1743388919169969
MOBORandomForestParEGO_Batch_Refined,re37,169,0.3649756333285622,0.3487034800961218,0.2412931872602698
MOBORandomForestParEGO_Batch_Refined,re37,170,0.3671220244118787,0.4520104649150934,-0.0133165038258963
MOBORandomForestParEGO_Batch_Refined,re37,171,0.3685874805257044,0.3602722335703986,0.1888298737740364
MOBORandomForestParEGO_Batch_Refined,re37,172,0.3695903081291022,0.3845132785830426,0.0806527624748632
MOBORandomForestParEGO_Batch_Refined,re37,173,0.3711113300300551,0.3648909743528246,0.0775881048477261
MOBORandomForestParEGO_Batch_Refined,re37,174,0.3724302214682001,0.457062829333597,-0.0155438550476047
MOBORandomForestParEGO_Batch_Refined,re37,175,0.3741235095501574,0.339328470549868,0.4930422664433381
MOBORandomForestParEGO_Batch_Refined,re37,176,0.3749130332615874,0.3757065632920039,0.0404436967377038
MOBORandomForestParEGO_Batch_Refined,re37,177,0.3762559402773622,0.3332201972031754,0.1951708223164659
MOBORandomForestParEGO_Batch_Refined,re37,178,0.3817376145424924,0.3599848577288071,0.0996620571689006
MOBORandomForestParEGO_Batch_Refined,re37,179,0.3833672780570861,0.3543521387445445,0.1491851087424953
MOBORandomForestParEGO_Batch_Refined,re37,180,0.390828759036604,0.3458754383537517,0.1538398360234797
MOBORandomForestParEGO_Batch_Refined,re37,181,0.3931571116318978,0.4542522599768601,-0.0488468761554424
MOBORandomForestParEGO_Batch_Refined,re37,182,0.3950623311028003,0.3329454352036757,0.9014967740911124
MOBORandomForestParEGO_Batch_Refined,re37,183,0.401949299911025,0.320104761561736,0.5789464961034663
MOBORandomForestParEGO_Batch_Refined,re37,184,0.4032620450709931,0.3295974555803291,0.2556469725460373
MOBORandomForestParEGO_Batch_Refined,re37,185,0.4070381168560327,0.4425958371203825,0.018259357827758
MOBORandomForestParEGO_Batch_Refined,re37,186,0.408140229018767,0.3374489573263308,0.1280572867064066
MOBORandomForestParEGO_Batch_Refined,re37,187,0.4129231971412825,0.49920186289246,-0.0868265196668676
MOBORandomForestParEGO_Batch_Refined,re37,188,0.4137699480825985,0.3090717492025748,0.7783227361431702
MOBORandomForestParEGO_Batch_Refined,re37,189,0.4144483526808272,0.3024665843875514,0.4852423534080772
MOBORandomForestParEGO_Batch_Refined,re37,190,0.4206635356175315,0.3135879370629136,0.401175825998863
MOBORandomForestParEGO_Batch_Refined,re37,191,0.4216501982908325,0.3236685052710008,0.2238156225511672
MOBORandomForestParEGO_Batch_Refined,re37,192,0.4284451755250011,0.3614387528650561,0.083087834571991
MOBORandomForestParEGO_Batch_Refined,re37,193,0.4365954573787917,0.4020891812520479,-0.0204261333723839
MOBORandomForestParEGO_Batch_Refined,re37,194,0.4383709958047452,0.3029707017731596,0.1513487948410016
MOBORandomForestParEGO_Batch_Refined,re37,195,0.4389203323617097,0.3431965872921824,0.1061872725209877
MOBORandomForestParEGO_Batch_Refined,re37,196,0.4515023504910913,0.3212170308638615,0.0870058061994562
MOBORandomForestParEGO_Batch_Refined,re37,197,0.4553593418622448,0.3025739901106019,0.3437853267626319
MOBORandomForestParEGO_Batch_Refined,re37,198,0.4584979993696249,0.2868311549341801,0.6073480422602376
MOBORandomForestParEGO_Batch_Refined,re37,199,0.4632124707939116,0.2981363562521548,0.5857041620685066
MOBORandomForestParEGO_Batch_Refined,re37,200,0.472654882291817,0.3196147843713436,0.081977671675891
MOBORandomForestParEGO_Batch_Refined,re37,201,0.4751443011953993,0.2862765006750704,0.2174901228999364
MOBORandomForestParEGO_Batch_Refined,re37,202,0.4798159446584552,0.3679187228463821,0.0116435463605281
MOBORandomForestParEGO_Batch_Refined,re37,203,0.4812008579423367,0.2818477028967457,0.7540875109201286
MOBORandomForestParEGO_Batch_Refined,re37,204,0.4836897087127118,0.4598785025603255,-0.0696888647515076
MOBORandomForestParEGO_Batch_Refined,re37,205,0.4873244877633561,0.2695051774693013,0.4377997845452718
MOBORandomForestParEGO_Batch_Refined,re37,206,0.487483192705181,0.3036997860867478,0.1417548062153936
MOBORandomForestParEGO_Batch_Refined,re37,207,0.4922231501918317,0.2747208212508601,0.3984448361524569
MOBORandomForestParEGO_Batch_Refined,re37,208,0.493483542509175,0.5401232533329176,-0.182027498779424
MOBORandomForestParEGO_Batch_Refined,re37,209,0.4962030427411413,0.2597496471259001,0.6320805527997329
MOBORandomForestParEGO_Batch_Refined,re37,210,0.4965069583691903,0.2958711276499766,0.2061024953794963
MOBORandomForestParEGO_Batch_Refined,re37,211,0.497854518682749,0.2686749186528455,0.2742032358599415
MOBORandomForestParEGO_Batch_Refined,re37,212,0.4988841266537557,0.4342247054933728,-0.06465600541106
MOBORandomForestParEGO_Batch_Refined,re37,213,0.507192080344799,0.2886687837998962,0.1237106563538441
MOBORandomForestParEGO_Batch_Refined,re37,214,0.508122736656571,0.2748178106604574,0.18675749163827
MOBORandomForestParEGO_Batch_Refined,re37,215,0.5101174501441756,0.3891669379073921,0.0083355018598162
MOBORandomForestParEGO_Batch_Refined,re37,216,0.5159420284683158,0.2791906569581601,0.1713379258848305
MOBORandomForestParEGO_Batch_Refined,re37,217,0.5176275638572853,0.2728007496304583,0.2098308003895531
MOBORandomForestParEGO_Batch_Refined,re37,218,0.5215790449422981,0.3418471185604383,0.0409772288515494
MOBORandomForestParEGO_Batch_Refined,re37,219,0.5237517788617985,0.2676466377092293,0.274285163189899
MOBORandomForestParEGO_Batch_Refined,re37,220,0.5242814563797511,0.2610848168814279,0.442353460047302
MOBORandomForestParEGO_Batch_Refined,re37,221,0.5508468663997668,0.3721354406069041,-0.0103400859532235
MOBORandomForestParEGO_Batch_Refined,re37,222,0.5508666323718655,0.4248280423345489,-0.0376570196448066
MOBORandomForestParEGO_Batch_Refined,re37,223,0.5517570751222726,0.2366206755179031,0.6214451455847674
MOBORandomForestParEGO_Batch_Refined,re37,224,0.5536285946156886,0.2612515776122486,0.1708080522828105
MOBORandomForestParEGO_Batch_Refined,re37,225,0.5539486480132473,0.2714035490785225,0.1650676842860255
MOBORandomForestParEGO_Batch_Refined,re37,226,0.5560118353393706,0.2423919781440839,0.3496470696695122
MOBORandomForestParEGO_Batch_Refined,re37,227,0.5566922475284809,0.258270381545974,0.1797999143753382
MOBORandomForestParEGO_Batch_Refined,re37,228,0.5670596783099539,0.5048167451022054,-0.1087248908030162
MOBORandomForestParEGO_Batch_Refined,re37,229,0.5683261110693661,0.2532151917215728,0.1929921963638744
MOBORandomForestParEGO_Batch_Refined,re37,230,0.5745558500461206,0.2536084882751194,0.0956295711825266
MOBORandomForestParEGO_Batch_Refined,re37,231,0.5788444047352942,0.2221236960459455,0.8409006907975984
MOBORandomForestParEGO_Batch_Refined,re37,232,0.5805767512336927,0.228686639880774,0.6135086996948949
MOBORandomForestParEGO_Batch_Refined,re37,233,0.5810534747269507,0.2309022360071229,0.5363535076796073
MOBORandomForestParEGO_Batch_Refined,re37,234,0.5839037033166313,0.3326375307597323,0.0403782747409022
MOBORandomForestParEGO_Batch_Refined,re37,235,0.5864016004823288,0.3510052535422151,0.0002682315791668
MOBORandomForestParEGO_Batch_Refined,re37,236,0.5891589671412942,0.3176640141676144,0.082431222445033
MOBORandomForestParEGO_Batch_Refined,re37,237,0.5930949933866307,0.2228568266137243,0.1966684707371188
MOBORandomForestParEGO_Batch_Refined,re37,238,0.5940074348157749,0.4650526228163333,-0.0960667244245289
MOBORandomForestParEGO_Batch_Refined,re37,239,0.5967854855391476,0.2094482657503909,0.3871323497475054
MOBORandomForestParEGO_Batch_Refined,re37,240,0.6037344983390683,0.2591567660549229,0.0870951917996761
MOBORandomForestParEGO_Batch_Refined,re37,241,0.6049397644972015,0.20909387083434,0.5192575372066017
MOBORandomForestParEGO_Batch_Refined,re37,242,0.6057160592089856,0.2039590913770681,0.2863820890444125
MOBORandomForestParEGO_Batch_Refined,re37,243,0.6057412537011757,0.2964138794007814,0.0535963424074345
MOBORandomForestParEGO_Batch_Refined,re37,244,0.6066170167563303,0.4131476951407585,-0.0527069202702153
MOBORandomForestParEGO_Batch_Refined,re37,245,0.6085389099464878,0.2166291903109287,0.2304106231263896
MOBORandomForestParEGO_Batch_Refined,re37,246,0.6135656736743261,0.1935390653803597,0.5085737056913896
MOBORandomForestParEGO_Batch_Refined,re37,247,0.6211698432692822,0.2437498781948599,0.1902697188791777
MOBORandomForestParEGO_Batch_Refined,re37,248,0.6342366425168009,0.2016461825839943,0.304004240260636
MOBORandomForestParEGO_Batch_Refined,re37,249,0.63488547626415,0.1815443180133523,0.5063730663773301
MOBORandomForestParEGO_Batch_Refined,re37,250,0.6365564925686646,0.3502858798682029,0.000856482594997
MOBORandomForestParEGO_Batch_Refined,re37,251,0.6384824451124538,0.2001016900039402,0.3120990732106186
MOBORandomForestParEGO_Batch_Refined,re37,252,0.6419049376829908,0.1759195937521825,0.7457369094367696
MOBORandomForestParEGO_Batch_Refined,re37,253,0.6446919643354714,0.3850169662155583,-0.0566327226838617
MOBORandomForestParEGO_Batch_Refined,re37,254,0.6447942047478461,0.2152082855233589,0.2848204010561243
MOBORandomForestParEGO_Batch_Refined,re37,255,0.6497193340160037,0.1942773634059655,0.4691708932561612
MOBORandomForestParEGO_Batch_Refined,re37,256,0.6505104372502549,0.1812915510376021,0.4072822841443868
MOBORandomForestParEGO_Batch_Refined,re37,257,0.6519304803316359,0.2876119556167913,0.0535367251857096
MOBORandomForestParEGO_Batch_Refined,re37,258,0.6563995183359996,0.1793301845024771,0.294450621996927
MOBORandomForestParEGO_Batch_Refined,re37,259,0.6566355131971484,0.1727198467633504,0.2787752130270142
MOBORandomForestParEGO_Batch_Refined,re37,260,0.667358930018279,0.1788517279659576,0.2640575036801971
MOBORandomForestParEGO_Batch_Refined,re37,261,0.6691013696702566,0.2121109198350725,0.1868233381635614
MOBORandomForestParEGO_Batch_Refined,re37,262,0.6697202892590937,0.2313477219659029,0.1173579930261479
MOBORandomForestParEGO_Batch_Refined,re37,263,0.6709590804585287,0.1997549170850559,0.2497680231918397
MOBORandomForestParEGO_Batch_Refined,re37,264,0.6742020003225064,0.1555951381025223,0.4742931689850558
MOBORandomForestParEGO_Batch_Refined,re37,265,0.675986887379758,0.4130290212985804,-0.0756514472513766
MOBORandomForestParEGO_Batch_Refined,re37,266,0.6789344618553952,0.401059812137916,-0.058115141182457
MOBORandomForestParEGO_Batch_Refined,re37,267,0.6790357182109812,0.230329621219897,0.1208990445419811
MOBORandomForestParEGO_Batch_Refined,re37,268,0.6864818461617889,0.1671694372276186,0.2599632503250181
MOBORandomForestParEGO_Batch_Refined,re37,269,0.693961284975194,0.2016642742689865,0.2107507157727527
MOBORandomForestParEGO_Batch_Refined,re37,270,0.6944377295622194,0.1895475963324632,0.2217049902909412
MOBORandomForestParEGO_Batch_Refined,re37,271,0.6973561563073254,0.1578166344420791,0.366229025087162
MOBORandomForestParEGO_Batch_Refined,re37,272,0.6980383422258679,0.3117172986929259,-0.0273119875486098
MOBORandomForestParEGO_Batch_Refined,re37,273,0.7010390847333396,0.3103639681752075,0.0397692575165645
MOBORandomForestParEGO_Batch_Refined,re37,274,0.7044596846506246,0.1595641809487307,0.3037361118395187
MOBORandomForestParEGO_Batch_Refined,re37,275,0.7086824933432075,0.1623202254303452,0.2262177629313447
MOBORandomForestParEGO_Batch_Refined,re37,276,0.7098613435968076,0.1548722334497112,0.8253090652740355
MOBORandomForestParEGO_Batch_Refined,re37,277,0.7118425397899572,0.1541001292872003,0.4362089644564885
MOBORandomForestParEGO_Batch_Refined,re37,278,0.7123624835999542,0.1373346672936127,0.4999125679313742
MOBORandomForestParEGO_Batch_Refined,re37,279,0.7156290429376,0.1818170595253134,0.1910180928049412
MOBORandomForestParEGO_Batch_Refined,re37,280,0.7200413961691416,0.1431666172451993,0.2577293990032872
MOBORandomForestParEGO_Batch_Refined,re37,281,0.7293303061469337,0.2804919495506722,0.0813164283417579
MOBORandomForestParEGO_Batch_Refined,re37,282,0.7299485991697697,0.1467872133455435,0.1924382602990499
MOBORandomForestParEGO_Batch_Refined,re37,283,0.7300913619591743,0.3663520730960588,-0.0917826232637893
MOBORandomForestParEGO_Batch_Refined,re37,284,0.7318796650110526,0.1327453011103758,0.5036828337368008
MOBORandomForestParEGO_Batch_Refined,re37,285,0.7338377447270957,0.303894408129169,-0.0149937544231224
MOBORandomForestParEGO_Batch_Refined,re37,286,0.7368883753462406,0.1247889129948092,0.5277847966172944
MOBORandomForestParEGO_Batch_Refined,re37,287,0.7370367310476125,0.307519636584941,-0.04016755023052
MOBORandomForestParEGO_Batch_Refined,re37,288,0.7427601108213422,0.1358384564907196,0.4605550565009003
MOBORandomForestParEGO_Batch_Refined,re37,289,0.7437032873923249,0.1663704685871525,0.1851712650959661
MOBORandomForestParEGO_Batch_Refined,re37,290,0.7454598138613767,0.1721883698406662,0.1122831020463921
MOBORandomForestParEGO_Batch_Refined,re37,291,0.74857496725882,0.1201868817466549,0.7900516883723726
MOBORandomForestParEGO_Batch_Refined,re37,292,0.7501536893406463,0.3535837284037892,-0.0759434791049305
MOBORandomForestParEGO_Batch_Refined,re37,293,0.7620782453113568,0.1275268337231236,0.2115818036944104
MOBORandomForestParEGO_Batch_Refined,re37,294,0.7623690187602405,0.1187347708849131,0.3387530968683148
MOBORandomForestParEGO_Batch_Refined,re37,295,0.7627095869848236,0.1121048114131383,0.667584818935057
MOBORandomForestParEGO_Batch_Refined,re37,296,0.7651088324158845,0.2319265587153592,0.1109243164048677
MOBORandomForestParEGO_Batch_Refined,re37,297,0.7654903915526123,0.1372766090210634,0.2021354468049577
MOBORandomForestParEGO_Batch_Refined,re37,298,0.7670502402021004,0.2779703125928534,0.0821545006394354
MOBORandomForestParEGO_Batch_Refined,re37,299,0.7713514981106588,0.2679436061974244,0.036285117100171
MOBORandomForestParEGO_Batch_Refined,re37,300,0.7745680992622851,0.2080605494561588,0.0591588280840546
MOBORandomForestParEGO_Batch_Refined,re37,301,0.7776066985414682,0.1960060734370051,0.1040594525556615
MOBORandomForestParEGO_Batch_Refined,re37,302,0.7785104486372139,0.1227631380461598,0.3214983141955471
MOBORandomForestParEGO_Batch_Refined,re37,303,0.7807323598670489,0.1565149155329389,0.1253256501661441
MOBORandomForestParEGO_Batch_Refined,re37,304,0.7828036262213895,0.1951826457989069,0.0769753196532748
MOBORandomForestParEGO_Batch_Refined,re37,305,0.785206420629893,0.117120489753904,0.4948737243738907
MOBORandomForestParEGO_Batch_Refined,re37,306,0.7857515992019243,0.3112852570789922,-0.0626119436520327
MOBORandomForestParEGO_Batch_Refined,re37,307,0.7865048067667628,0.1031060633310675,0.346172515452214
MOBORandomForestParEGO_Batch_Refined,re37,308,0.7872089048885751,0.1768538532465572,0.0803507067613514
MOBORandomForestParEGO_Batch_Refined,re37,309,0.7881565885222621,0.2303685769556673,0.0356896541221524
MOBORandomForestParEGO_Batch_Refined,re37,310,0.7894117207138202,0.2942192156894602,-0.0103345597092395
MOBORandomForestParEGO_Batch_Refined,re37,311,0.7895941336630926,0.1312125351391319,0.1790415505238342
MOBORandomForestParEGO_Batch_Refined,re37,312,0.7917318016406664,0.1306395719372539,0.0976574770131684
MOBORandomForestParEGO_Batch_Refined,re37,313,0.793469307586371,0.1242327604303191,0.3173761952147789
MOBORandomForestParEGO_Batch_Refined,re37,314,0.7968263005241188,0.1210695840584616,0.1288329890693508
MOBORandomForestParEGO_Batch_Refined,re37,315,0.7971020545969496,0.1923813664887598,0.0670250669758348
MOBORandomForestParEGO_Batch_Refined,re37,316,0.8011985362887825,0.1078296589088383,0.3351435373581896
MOBORandomForestParEGO_Batch_Refined,re37,317,0.8040381856261203,0.1145493542794583,0.1931629055806542
MOBORandomForestParEGO_Batch_Refined,re37,318,0.8101535376284806,0.2205473808246178,0.0423453895592971
MOBORandomForestParEGO_Batch_Refined,re37,319,0.8133379860286467,0.0843624183260517,0.5683834381956997
MOBORandomForestParEGO_Batch_Refined,re37,320,0.8172825187155326,0.2908615267676703,-0.0647038450123748
MOBORandomForestParEGO_Batch_Refined,re37,321,0.8229634757861504,0.289339149765052,-0.1168718090180419
MOBORandomForestParEGO_Batch_Refined,re37,322,0.8240284855366371,0.1866178785472467,0.0678392955302159
MOBORandomForestParEGO_Batch_Refined,re37,323,0.8252329933613813,0.1928984782205572,0.034346064872934
MOBORandomForestParEGO_Batch_Refined,re37,324,0.8291266141965231,0.0976423437952479,0.3930522581469777
MOBORandomForestParEGO_Batch_Refined,re37,325,0.8333169470431592,0.0800810440661637,0.2477230493150244
MOBORandomForestParEGO_Batch_Refined,re37,326,0.8378183836193409,0.128656670557907,0.1263690900360995
MOBORandomForestParEGO_Batch_Refined,re37,327,0.8417179671854144,0.075541912708266,0.6520173901893006
MOBORandomForestParEGO_Batch_Refined,re37,328,0.8424042606427405,0.0752679077383817,0.4119654716188237
MOBORandomForestParEGO_Batch_Refined,re37,329,0.8481351494078506,0.0794721548940609,0.3151250632808464
MOBORandomForestParEGO_Batch_Refined,re37,330,0.8532341611781171,0.0822660204232871,0.2012305569647076
MOBORandomForestParEGO_Batch_Refined,re37,331,0.8567714418637852,0.1264280898225387,0.067566879371807
MOBORandomForestParEGO_Batch_Refined,re37,332,0.8575621280820891,0.0909075747608102,0.143263437852475
MOBORandomForestParEGO_Batch_Refined,re37,333,0.8619790786559224,0.0720491478804088,0.7892931988411854
MOBORandomForestParEGO_Batch_Refined,re37,334,0.8673080948021,0.17167457685716,0.0646648694789678
MOBORandomForestParEGO_Batch_Refined,re37,335,0.8690206762064734,0.200504602612176,0.0309113208353243
MOBORandomForestParEGO_Batch_Refined,re37,336,0.8725720565639804,0.0751939300939753,0.3085214640204966
MOBORandomForestParEGO_Batch_Refined,re37,337,0.8731182622951914,0.2419969913037486,0.0289009111814578
MOBORandomForestParEGO_Batch_Refined,re37,338,0.8734932676587778,0.1956573221516462,0.0024645246036888
MOBORandomForestParEGO_Batch_Refined,re37,339,0.876691856856681,0.0732589129098432,0.6684198700610027
MOBORandomForestParEGO_Batch_Refined,re37,340,0.8785392472042141,0.0780068806607088,0.1433147853156621
MOBORandomForestParEGO_Batch_Refined,re37,341,0.8795807101268335,0.0777898926842715,0.1883841178250792
MOBORandomForestParEGO_Batch_Refined,re37,342,0.8815572700860737,0.0641327257714237,0.3346918479592802
MOBORandomForestParEGO_Batch_Refined,re37,343,0.8833520682587324,0.0408315327549582,0.4506954396892675
MOBORandomForestParEGO_Batch_Refined,re37,344,0.8837467200050999,0.2055257505305283,-0.0474484575969504
MOBORandomForestParEGO_Batch_Refined,re37,345,0.8859401977476671,0.0607916342226777,0.3873559795629341
MOBORandomForestParEGO_Batch_Refined,re37,346,0.8864060380409283,0.1135399545238646,0.1141872340611309
MOBORandomForestParEGO_Batch_Refined,re37,347,0.8892667632496327,0.2429832624793057,-0.0487577458302947
MOBORandomForestParEGO_Batch_Refined,re37,348,0.9002903227126967,0.186931176056206,-0.0314043324245196
MOBORandomForestParEGO_Batch_Refined,re37,349,0.9014905098169456,0.0545039253766075,0.3190750758348599
MOBORandomForestParEGO_Batch_Refined,re37,350,0.901728305696594,0.0693446142979807,0.0886677132670308
MOBORandomForestParEGO_Batch_Refined,re37,351,0.9045176362124135,0.1406275993151172,0.0633129628688017
MOBORandomForestParEGO_Batch_Refined,re37,352,0.910679022504164,0.1866367889020223,-0.0551637352106899
MOBORandomForestParEGO_Batch_Refined,re37,353,0.9115128812531244,0.1405576473596667,0.064664688157772
MOBORandomForestParEGO_Batch_Refined,re37,354,0.9157806694751752,0.0341996901438187,0.3638927774618979
MOBORandomForestParEGO_Batch_Refined,re37,355,0.9166755581417444,0.0403922583829252,0.1283079399676466
MOBORandomForestParEGO_Batch_Refined,re37,356,0.9171404528299708,0.1764642364487258,0.0548214260152452
MOBORandomForestParEGO_Batch_Refined,re37,357,0.9268361110087828,0.0402833616176197,0.151503401500757
MOBORandomForestParEGO_Batch_Refined,re37,358,0.9307063997177496,0.1691246206631988,0.0104071791180103
MOBORandomForestParEGO_Batch_Refined,re37,359,0.9318692477120554,0.0326086301379801,0.1715175839020753
MOBORandomForestParEGO_Batch_Refined,re37,360,0.9345580968630918,0.175498896925927,-0.019358258361903
MOBORandomForestParEGO_Batch_Refined,re37,361,0.9369283727242832,0.0318161293338501,0.147268618304227
MOBORandomForestParEGO_Batch_Refined,re37,362,0.9394808645844984,0.0442902525381852,0.0743257885833457
MOBORandomForestParEGO_Batch_Refined,re37,363,0.9405536164758352,0.1162784378611463,0.0228655272803169
MOBORandomForestParEGO_Batch_Refined,re37,364,0.9488129085590508,0.0288717841334079,0.1540015102647832
MOBO_MOEAD_EI_Hybrid_Fixed,re21,0,1237.8414230005442,0.04,
MOBO_MOEAD_EI_Hybrid_Fixed,re21,1,1237.8414230005442,0.04,
MOBO_MOEAD_EI_Hybrid_Fixed,re21,2,1238.233305079859,0.0399804250736913,
MOBO_MOEAD_EI_Hybrid_Fixed,re21,3,1238.2839564691776,0.0399778977789996,
MOBO_MOEAD_EI_Hybrid_Fixed,re21,4,1238.8107306642228,0.0399516517775723,
MOBO_MOEAD_EI_Hybrid_Fixed,re21,5,1246.1768143652114,0.0392646643825877,
MOBO_MOEAD_EI_Hybrid_Fixed,re21,6,1262.5189192910727,0.0378032961290775,
MOBO_MOEAD_EI_Hybrid_Fixed,re21,7,1269.9921509792634,0.0372301850389487,
MOBO_MOEAD_EI_Hybrid_Fixed,re21,8,1277.4163640811507,0.0367535042330962,
MOBO_MOEAD_EI_Hybrid_Fixed,re21,9,1287.810135007765,0.0361247474093707,
MOBO_MOEAD_EI_Hybrid_Fixed,re21,10,1290.3806050404012,0.0358391262998891,
MOBO_MOEAD_EI_Hybrid_Fixed,re21,11,1335.1258342928386,0.0354847326577269,
MOBO_MOEAD_EI_Hybrid_Fixed,re21,12,1335.3031355326418,0.0354637370772438,
MOBO_MOEAD_EI_Hybrid_Fixed,re21,13,1336.745065677556,0.0333965465383065,
MOBO_MOEAD_EI_Hybrid_Fixed,re21,14,1340.9268546028666,0.0331593193259975,
MOBO_MOEAD_EI_Hybrid_Fixed,re21,15,1350.1956246717286,0.0327590090817791,
MOBO_MOEAD_EI_Hybrid_Fixed,re21,16,1362.6519260476489,0.0322020920415699,
MOBO_MOEAD_EI_Hybrid_Fixed,re21,17,1363.0123001233212,0.032174856807459,
MOBO_MOEAD_EI_Hybrid_Fixed,re21,18,1366.7556501504455,0.0320553444868752,
MOBO_MOEAD_EI_Hybrid_Fixed,re21,19,1367.7577177843852,0.0320306391136929,
MOBO_MOEAD_EI_Hybrid_Fixed,re21,20,1368.8093610582382,0.0319436032102292,
MOBO_MOEAD_EI_Hybrid_Fixed,re21,21,1374.782673214601,0.0316783091806099,
MOBO_MOEAD_EI_Hybrid_Fixed,re21,22,1376.581698246779,0.0315111853813281,
MOBO_MOEAD_EI_Hybrid_Fixed,re21,23,1380.1214818204362,0.0314518469518994,
MOBO_MOEAD_EI_Hybrid_Fixed,re21,24,1380.297871811704,0.0313906479386235,
MOBO_MOEAD_EI_Hybrid_Fixed,re21,25,1380.7192579106695,0.0313850398311376,
MOBO_MOEAD_EI_Hybrid_Fixed,re21,26,1381.4123971879956,0.0313059113692808,
MOBO_MOEAD_EI_Hybrid_Fixed,re21,27,1383.1384874992714,0.031190116449566,
MOBO_MOEAD_EI_Hybrid_Fixed,re21,28,1386.6023111041254,0.0310814218470376,
MOBO_MOEAD_EI_Hybrid_Fixed,re21,29,1387.006287853369,0.0310609571444508,
MOBO_MOEAD_EI_Hybrid_Fixed,re21,30,1390.4345364779383,0.0308856722550628,
MOBO_MOEAD_EI_Hybrid_Fixed,re21,31,1392.012848256673,0.0308728914971119,
MOBO_MOEAD_EI_Hybrid_Fixed,re21,32,1393.5626478728818,0.0307314656929366,
MOBO_MOEAD_EI_Hybrid_Fixed,re21,33,1395.176321779595,0.03071273884386,
MOBO_MOEAD_EI_Hybrid_Fixed,re21,34,1396.2222008874023,0.0307110243655126,
MOBO_MOEAD_EI_Hybrid_Fixed,re21,35,1396.3178523120898,0.0306629199162212,
MOBO_MOEAD_EI_Hybrid_Fixed,re21,36,1396.403271051665,0.0306297709500139,
MOBO_MOEAD_EI_Hybrid_Fixed,re21,37,1396.995057579572,0.0306251308518267,
MOBO_MOEAD_EI_Hybrid_Fixed,re21,38,1397.2121406884512,0.0306107341269135,
MOBO_MOEAD_EI_Hybrid_Fixed,re21,39,1398.4892779028537,0.0305361489843032,
MOBO_MOEAD_EI_Hybrid_Fixed,re21,40,1399.1007557112189,0.0305029939227636,
MOBO_MOEAD_EI_Hybrid_Fixed,re21,41,1399.2605621119992,0.0304898457375946,
MOBO_MOEAD_EI_Hybrid_Fixed,re21,42,1399.8568671759622,0.0304594913576576,
MOBO_MOEAD_EI_Hybrid_Fixed,re21,43,1401.2559628172112,0.0304227346186591,
MOBO_MOEAD_EI_Hybrid_Fixed,re21,44,1401.5112283903893,0.0304182553663044,
MOBO_MOEAD_EI_Hybrid_Fixed,re21,45,1401.9787520710636,0.0303823966010726,
MOBO_MOEAD_EI_Hybrid_Fixed,re21,46,1402.8616205653584,0.0303703443939924,
MOBO_MOEAD_EI_Hybrid_Fixed,re21,47,1402.9469520039563,0.0303299701091361,
MOBO_MOEAD_EI_Hybrid_Fixed,re21,48,1403.0247249036229,0.0303258723196453,
MOBO_MOEAD_EI_Hybrid_Fixed,re21,49,1403.0534553647335,0.0303207677691815,
MOBO_MOEAD_EI_Hybrid_Fixed,re21,50,1404.106840360079,0.0302864956323369,
MOBO_MOEAD_EI_Hybrid_Fixed,re21,51,1405.7638004849473,0.0302539866966944,
MOBO_MOEAD_EI_Hybrid_Fixed,re21,52,1406.5947601031742,0.0302398164157341,
MOBO_MOEAD_EI_Hybrid_Fixed,re21,53,1408.1346484128887,0.0301086605453572,
MOBO_MOEAD_EI_Hybrid_Fixed,re21,54,1408.6131660490184,0.0300825045213034,
MOBO_MOEAD_EI_Hybrid_Fixed,re21,55,1410.2465314259848,0.0300684130293247,
MOBO_MOEAD_EI_Hybrid_Fixed,re21,56,1410.4716941168615,0.0300561971125221,
MOBO_MOEAD_EI_Hybrid_Fixed,re21,57,1411.0929612280074,0.0299731092230734,
MOBO_MOEAD_EI_Hybrid_Fixed,re21,58,1412.071169376829,0.0299404456596673,
MOBO_MOEAD_EI_Hybrid_Fixed,re21,59,1414.9218631813735,0.0299204961036119,
MOBO_MOEAD_EI_Hybrid_Fixed,re21,60,1416.552356117535,0.0297929801092323,
MOBO_MOEAD_EI_Hybrid_Fixed,re21,61,1432.4104648593868,0.0294940726406696,
MOBO_MOEAD_EI_Hybrid_Fixed,re21,62,1434.292301748812,0.0290226993483429,
MOBO_MOEAD_EI_Hybrid_Fixed,re21,63,1440.1112215432458,0.0288979355328806,
MOBO_MOEAD_EI_Hybrid_Fixed,re21,64,1449.043051496598,0.028557982218386,
MOBO_MOEAD_EI_Hybrid_Fixed,re21,65,1484.9771237734974,0.0276936507575937,
MOBO_MOEAD_EI_Hybrid_Fixed,re21,66,1485.9000588994345,0.0271898231991705,
MOBO_MOEAD_EI_Hybrid_Fixed,re21,67,1498.0381732848005,0.0270694585640621,
MOBO_MOEAD_EI_Hybrid_Fixed,re21,68,1511.111580055635,0.0269569693852134,
MOBO_MOEAD_EI_Hybrid_Fixed,re21,69,1511.1852477364305,0.0269033364653684,
MOBO_MOEAD_EI_Hybrid_Fixed,re21,70,1513.3934137177005,0.026218526685817,
MOBO_MOEAD_EI_Hybrid_Fixed,re21,71,1514.832853253994,0.0259119133941359,
MOBO_MOEAD_EI_Hybrid_Fixed,re21,72,1519.3501710958994,0.0257622280212354,
MOBO_MOEAD_EI_Hybrid_Fixed,re21,73,1525.6592684621685,0.0255641329719423,
MOBO_MOEAD_EI_Hybrid_Fixed,re21,74,1530.5168343069815,0.0253809734667275,
MOBO_MOEAD_EI_Hybrid_Fixed,re21,75,1531.6714995675484,0.0253668755504414,
MOBO_MOEAD_EI_Hybrid_Fixed,re21,76,1533.6628012281976,0.0253086481779761,
MOBO_MOEAD_EI_Hybrid_Fixed,re21,77,1535.3523889720675,0.0252801434224171,
MOBO_MOEAD_EI_Hybrid_Fixed,re21,78,1535.5995612219797,0.0252113389974428,
MOBO_MOEAD_EI_Hybrid_Fixed,re21,79,1536.0130318991137,0.0252038745675583,
MOBO_MOEAD_EI_Hybrid_Fixed,re21,80,1536.4396257500357,0.0251771523067791,
MOBO_MOEAD_EI_Hybrid_Fixed,re21,81,1536.4994261473478,0.0251701408877445,
MOBO_MOEAD_EI_Hybrid_Fixed,re21,82,1538.296591208094,0.0251081238763633,
MOBO_MOEAD_EI_Hybrid_Fixed,re21,83,1538.5524479475907,0.0250851332512577,
MOBO_MOEAD_EI_Hybrid_Fixed,re21,84,1540.6094724273826,0.0250153362209463,
MOBO_MOEAD_EI_Hybrid_Fixed,re21,85,1542.6501909822357,0.0249769001425917,
MOBO_MOEAD_EI_Hybrid_Fixed,re21,86,1544.026348482103,0.0249610559272399,
MOBO_MOEAD_EI_Hybrid_Fixed,re21,87,1545.218967360414,0.024844757703901,
MOBO_MOEAD_EI_Hybrid_Fixed,re21,88,1546.2733375889409,0.0248142481038625,
MOBO_MOEAD_EI_Hybrid_Fixed,re21,89,1549.0055153118894,0.0247971088740885,
MOBO_MOEAD_EI_Hybrid_Fixed,re21,90,1549.4864516782563,0.0247213734685493,
MOBO_MOEAD_EI_Hybrid_Fixed,re21,91,1550.3871195447616,0.0246855240710292,
MOBO_MOEAD_EI_Hybrid_Fixed,re21,92,1551.4957438239244,0.0246705404044747,
MOBO_MOEAD_EI_Hybrid_Fixed,re21,93,1552.704906674088,0.024620846285462,
MOBO_MOEAD_EI_Hybrid_Fixed,re21,94,1552.9343340584912,0.0246079590400914,
MOBO_MOEAD_EI_Hybrid_Fixed,re21,95,1553.6302035649544,0.0245958275991174,
MOBO_MOEAD_EI_Hybrid_Fixed,re21,96,1554.11316896122,0.0245557584155292,
MOBO_MOEAD_EI_Hybrid_Fixed,re21,97,1554.4966584868605,0.0245409533425394,
MOBO_MOEAD_EI_Hybrid_Fixed,re21,98,1556.6147064800714,0.0245254353783242,
MOBO_MOEAD_EI_Hybrid_Fixed,re21,99,1557.2728995746431,0.024522458646074,
MOBO_MOEAD_EI_Hybrid_Fixed,re21,100,1557.3275343845562,0.0245158849937171,
MOBO_MOEAD_EI_Hybrid_Fixed,re21,101,1557.3366565302356,0.0244629620914237,
MOBO_MOEAD_EI_Hybrid_Fixed,re21,102,1558.5210029987702,0.0244227988787831,
MOBO_MOEAD_EI_Hybrid_Fixed,re21,103,1563.607132284763,0.024263163762771,
MOBO_MOEAD_EI_Hybrid_Fixed,re21,104,1564.386671506652,0.0242002454426483,
MOBO_MOEAD_EI_Hybrid_Fixed,re21,105,1566.8169879022194,0.0241427452075307,
MOBO_MOEAD_EI_Hybrid_Fixed,re21,106,1566.8295828384903,0.0241218414214879,
MOBO_MOEAD_EI_Hybrid_Fixed,re21,107,1575.4639050088583,0.0239651030606646,
MOBO_MOEAD_EI_Hybrid_Fixed,re21,108,1585.1094329278935,0.0236372281657105,
MOBO_MOEAD_EI_Hybrid_Fixed,re21,109,1603.6292442808865,0.0235582323967619,
MOBO_MOEAD_EI_Hybrid_Fixed,re21,110,1628.3124255302084,0.0225972117421375,
MOBO_MOEAD_EI_Hybrid_Fixed,re21,111,1638.1410692345285,0.022316518931154,
MOBO_MOEAD_EI_Hybrid_Fixed,re21,112,1651.1911700499518,0.0219708831267319,
MOBO_MOEAD_EI_Hybrid_Fixed,re21,113,1652.5665636888302,0.021863308409649,
MOBO_MOEAD_EI_Hybrid_Fixed,re21,114,1660.1751838098303,0.0213757445791424,
MOBO_MOEAD_EI_Hybrid_Fixed,re21,115,1665.5490727539614,0.0210836499171255,
MOBO_MOEAD_EI_Hybrid_Fixed,re21,116,1669.2496304481526,0.0209609098615818,
MOBO_MOEAD_EI_Hybrid_Fixed,re21,117,1669.86740304289,0.020958886815716,
MOBO_MOEAD_EI_Hybrid_Fixed,re21,118,1670.8317061282664,0.0209579315267713,
MOBO_MOEAD_EI_Hybrid_Fixed,re21,119,1672.7391431256383,0.0208823077439719,
MOBO_MOEAD_EI_Hybrid_Fixed,re21,120,1674.4773635940653,0.0208190130850301,
MOBO_MOEAD_EI_Hybrid_Fixed,re21,121,1675.9534044959487,0.0208090199589137,
MOBO_MOEAD_EI_Hybrid_Fixed,re21,122,1676.8738659575092,0.020790064697855,
MOBO_MOEAD_EI_Hybrid_Fixed,re21,123,1677.8588873449223,0.0207780244053936,
MOBO_MOEAD_EI_Hybrid_Fixed,re21,124,1679.6798581980506,0.0206683144137152,
MOBO_MOEAD_EI_Hybrid_Fixed,re21,125,1680.6574062548514,0.0206367246425296,
MOBO_MOEAD_EI_Hybrid_Fixed,re21,126,1681.227119760106,0.0206272876633784,
MOBO_MOEAD_EI_Hybrid_Fixed,re21,127,1681.505680088203,0.0206263450452952,
MOBO_MOEAD_EI_Hybrid_Fixed,re21,128,1682.7314140597978,0.0205830913486752,
MOBO_MOEAD_EI_Hybrid_Fixed,re21,129,1685.5837714037673,0.0205119562132873,
MOBO_MOEAD_EI_Hybrid_Fixed,re21,130,1688.3840923096122,0.0204841799829638,
MOBO_MOEAD_EI_Hybrid_Fixed,re21,131,1689.8281089372713,0.0204535260530166,
MOBO_MOEAD_EI_Hybrid_Fixed,re21,132,1691.2453424769285,0.0203539125905828,
MOBO_MOEAD_EI_Hybrid_Fixed,re21,133,1691.548604332606,0.0203413226275072,
MOBO_MOEAD_EI_Hybrid_Fixed,re21,134,1694.0213264335184,0.0203117455698719,
MOBO_MOEAD_EI_Hybrid_Fixed,re21,135,1694.0850932224223,0.0202905217786371,
MOBO_MOEAD_EI_Hybrid_Fixed,re21,136,1695.3772636215422,0.0202354133822565,
MOBO_MOEAD_EI_Hybrid_Fixed,re21,137,1697.9842681797495,0.0201932348776654,
MOBO_MOEAD_EI_Hybrid_Fixed,re21,138,1698.055600596072,0.0201737887819144,
MOBO_MOEAD_EI_Hybrid_Fixed,re21,139,1698.7661094341609,0.0201584598457058,
MOBO_MOEAD_EI_Hybrid_Fixed,re21,140,1699.5431725411556,0.0201518654856904,
MOBO_MOEAD_EI_Hybrid_Fixed,re21,141,1699.6242155281905,0.0201245444905534,
MOBO_MOEAD_EI_Hybrid_Fixed,re21,142,1701.2815391064162,0.0200803982431744,
MOBO_MOEAD_EI_Hybrid_Fixed,re21,143,1702.012017120645,0.0200676139848161,
MOBO_MOEAD_EI_Hybrid_Fixed,re21,144,1702.754594254294,0.0200323107544061,
MOBO_MOEAD_EI_Hybrid_Fixed,re21,145,1707.204413792207,0.0200074196358349,
MOBO_MOEAD_EI_Hybrid_Fixed,re21,146,1708.818745052654,0.0199963532671209,
MOBO_MOEAD_EI_Hybrid_Fixed,re21,147,1714.709647694049,0.0197150232992402,
MOBO_MOEAD_EI_Hybrid_Fixed,re21,148,1715.2385657143152,0.0196873657195418,
MOBO_MOEAD_EI_Hybrid_Fixed,re21,149,1721.3308644323454,0.0195965039545917,
MOBO_MOEAD_EI_Hybrid_Fixed,re21,150,1723.7148919661686,0.0195884993352043,
MOBO_MOEAD_EI_Hybrid_Fixed,re21,151,1727.52529654999,0.0194203934243591,
MOBO_MOEAD_EI_Hybrid_Fixed,re21,152,1736.825133492376,0.0192992641326459,
MOBO_MOEAD_EI_Hybrid_Fixed,re21,153,1743.496105973123,0.0190428644216677,
MOBO_MOEAD_EI_Hybrid_Fixed,re21,154,1759.9982939881234,0.0186618948097649,
MOBO_MOEAD_EI_Hybrid_Fixed,re21,155,1764.4129278718103,0.018524996967859,
MOBO_MOEAD_EI_Hybrid_Fixed,re21,156,1777.7034850282776,0.0184476731234955,
MOBO_MOEAD_EI_Hybrid_Fixed,re21,157,1779.149813868235,0.0183659190404273,
MOBO_MOEAD_EI_Hybrid_Fixed,re21,158,1779.1834461353385,0.0181085716472164,
MOBO_MOEAD_EI_Hybrid_Fixed,re21,159,1784.2412559666006,0.0180738582841424,
MOBO_MOEAD_EI_Hybrid_Fixed,re21,160,1792.7800982608226,0.0178390762661713,
MOBO_MOEAD_EI_Hybrid_Fixed,re21,161,1792.9471822046803,0.0177903702647805,
MOBO_MOEAD_EI_Hybrid_Fixed,re21,162,1804.655632290308,0.0175983227850549,
MOBO_MOEAD_EI_Hybrid_Fixed,re21,163,1806.4905355230433,0.0173855506425267,
MOBO_MOEAD_EI_Hybrid_Fixed,re21,164,1806.5874349556143,0.0173746688405117,
MOBO_MOEAD_EI_Hybrid_Fixed,re21,165,1807.4046848672592,0.0173542454570171,
MOBO_MOEAD_EI_Hybrid_Fixed,re21,166,1810.9421552284691,0.017332024378089,
MOBO_MOEAD_EI_Hybrid_Fixed,re21,167,1813.2364427221992,0.0172185425034622,
MOBO_MOEAD_EI_Hybrid_Fixed,re21,168,1813.9850115816212,0.0172013589334659,
MOBO_MOEAD_EI_Hybrid_Fixed,re21,169,1816.7921652364307,0.0171530807641165,
MOBO_MOEAD_EI_Hybrid_Fixed,re21,170,1818.1628999961265,0.0171238901080803,
MOBO_MOEAD_EI_Hybrid_Fixed,re21,171,1818.2569134303235,0.0171074602081924,
MOBO_MOEAD_EI_Hybrid_Fixed,re21,172,1819.4029751836576,0.0171069876523798,
MOBO_MOEAD_EI_Hybrid_Fixed,re21,173,1819.4162608936945,0.0170992528052438,
MOBO_MOEAD_EI_Hybrid_Fixed,re21,174,1819.6697041289888,0.0170879748570303,
MOBO_MOEAD_EI_Hybrid_Fixed,re21,175,1820.156733095726,0.0170613575211028,
MOBO_MOEAD_EI_Hybrid_Fixed,re21,176,1820.1969682835645,0.0170541602916578,
MOBO_MOEAD_EI_Hybrid_Fixed,re21,177,1820.6571437867265,0.0170494508062421,
MOBO_MOEAD_EI_Hybrid_Fixed,re21,178,1821.849507977763,0.0170371097761501,
MOBO_MOEAD_EI_Hybrid_Fixed,re21,179,1822.865554611324,0.0169906950073158,
MOBO_MOEAD_EI_Hybrid_Fixed,re21,180,1824.3098079408692,0.0169585570414183,
MOBO_MOEAD_EI_Hybrid_Fixed,re21,181,1826.2718921994085,0.0169206677731094,
MOBO_MOEAD_EI_Hybrid_Fixed,re21,182,1827.0946670064448,0.016908126629862,
MOBO_MOEAD_EI_Hybrid_Fixed,re21,183,1828.7098286306525,0.0168824386556345,
MOBO_MOEAD_EI_Hybrid_Fixed,re21,184,1830.1202860066992,0.0168382986575696,
MOBO_MOEAD_EI_Hybrid_Fixed,re21,185,1831.7789947976912,0.016791441331122,
MOBO_MOEAD_EI_Hybrid_Fixed,re21,186,1832.8331654377023,0.0167833308035197,
MOBO_MOEAD_EI_Hybrid_Fixed,re21,187,1832.9121579496032,0.0167697156722606,
MOBO_MOEAD_EI_Hybrid_Fixed,re21,188,1833.7681491384535,0.0167433945502263,
MOBO_MOEAD_EI_Hybrid_Fixed,re21,189,1835.9138401907296,0.0167317758364661,
MOBO_MOEAD_EI_Hybrid_Fixed,re21,190,1837.1207974741303,0.0167275688158486,
MOBO_MOEAD_EI_Hybrid_Fixed,re21,191,1837.4255207922415,0.0167162334032565,
MOBO_MOEAD_EI_Hybrid_Fixed,re21,192,1838.0439445448144,0.0166997052420863,
MOBO_MOEAD_EI_Hybrid_Fixed,re21,193,1838.9482324935216,0.0166660680252477,
MOBO_MOEAD_EI_Hybrid_Fixed,re21,194,1841.0173645550465,0.0165810855717825,
MOBO_MOEAD_EI_Hybrid_Fixed,re21,195,1841.8204309696496,0.0165797885026572,
MOBO_MOEAD_EI_Hybrid_Fixed,re21,196,1842.99875789273,0.0165787847883009,
MOBO_MOEAD_EI_Hybrid_Fixed,re21,197,1843.398102282436,0.0165729299222039,
MOBO_MOEAD_EI_Hybrid_Fixed,re21,198,1844.3199036285491,0.0165590344424607,
MOBO_MOEAD_EI_Hybrid_Fixed,re21,199,1844.8395389401987,0.0165456915274882,
MOBO_MOEAD_EI_Hybrid_Fixed,re21,200,1845.3946266142104,0.0164712471986722,
MOBO_MOEAD_EI_Hybrid_Fixed,re21,201,1850.0635359449589,0.0164700920439568,
MOBO_MOEAD_EI_Hybrid_Fixed,re21,202,1852.031791614813,0.0164612974963896,
MOBO_MOEAD_EI_Hybrid_Fixed,re21,203,1852.1704736626957,0.0164313152042019,
MOBO_MOEAD_EI_Hybrid_Fixed,re21,204,1852.7488538034904,0.0163630861380965,
MOBO_MOEAD_EI_Hybrid_Fixed,re21,205,1854.341342722678,0.0163556950551371,
MOBO_MOEAD_EI_Hybrid_Fixed,re21,206,1855.7153723782935,0.0163077411544466,
MOBO_MOEAD_EI_Hybrid_Fixed,re21,207,1859.4194601623103,0.0161802149202386,
MOBO_MOEAD_EI_Hybrid_Fixed,re21,208,1870.070782975604,0.0160507521653033,
MOBO_MOEAD_EI_Hybrid_Fixed,re21,209,1870.7628446495803,0.015969685048684,
MOBO_MOEAD_EI_Hybrid_Fixed,re21,210,1872.8591833919215,0.0158842372419141,
MOBO_MOEAD_EI_Hybrid_Fixed,re21,211,1884.8281432861147,0.0156228997641483,
MOBO_MOEAD_EI_Hybrid_Fixed,re21,212,1887.9524984778063,0.0155421464833604,
MOBO_MOEAD_EI_Hybrid_Fixed,re21,213,1892.6641781220085,0.0154295952571417,
MOBO_MOEAD_EI_Hybrid_Fixed,re21,214,1917.8437679896551,0.0149153173773045,
MOBO_MOEAD_EI_Hybrid_Fixed,re21,215,1938.259538606491,0.0147549919526998,
MOBO_MOEAD_EI_Hybrid_Fixed,re21,216,1940.388564764161,0.0147267406724562,
MOBO_MOEAD_EI_Hybrid_Fixed,re21,217,1944.3191620076427,0.0144690899652044,
MOBO_MOEAD_EI_Hybrid_Fixed,re21,218,1947.9653104143624,0.0143206536676785,
MOBO_MOEAD_EI_Hybrid_Fixed,re21,219,1957.7843881612307,0.0142172072563755,
MOBO_MOEAD_EI_Hybrid_Fixed,re21,220,1961.8271199586463,0.0140334836529521,
MOBO_MOEAD_EI_Hybrid_Fixed,re21,221,1966.4259871402148,0.0139743474899442,
MOBO_MOEAD_EI_Hybrid_Fixed,re21,222,1970.23135369157,0.0138781550520235,
MOBO_MOEAD_EI_Hybrid_Fixed,re21,223,1972.5285102252749,0.0138088978157487,
MOBO_MOEAD_EI_Hybrid_Fixed,re21,224,1973.68317640734,0.0137785550359169,
MOBO_MOEAD_EI_Hybrid_Fixed,re21,225,1974.7458729225193,0.0137634804157687,
MOBO_MOEAD_EI_Hybrid_Fixed,re21,226,1976.1391979781897,0.0137613152416134,
MOBO_MOEAD_EI_Hybrid_Fixed,re21,227,1976.571478480599,0.0137278172857175,
MOBO_MOEAD_EI_Hybrid_Fixed,re21,228,1977.1572467988317,0.0137112775594853,
MOBO_MOEAD_EI_Hybrid_Fixed,re21,229,1977.8366589827544,0.0136961154803184,
MOBO_MOEAD_EI_Hybrid_Fixed,re21,230,1978.268911104072,0.013688228362343,
MOBO_MOEAD_EI_Hybrid_Fixed,re21,231,1978.9383285751312,0.0136794875090207,
MOBO_MOEAD_EI_Hybrid_Fixed,re21,232,1979.2915187655844,0.0136790747204909,
MOBO_MOEAD_EI_Hybrid_Fixed,re21,233,1979.6879051094072,0.0136669465413834,
MOBO_MOEAD_EI_Hybrid_Fixed,re21,234,1979.7216310931976,0.0136617437991087,
MOBO_MOEAD_EI_Hybrid_Fixed,re21,235,1981.378147643449,0.013646839909018,
MOBO_MOEAD_EI_Hybrid_Fixed,re21,236,1981.643943490267,0.0136379735542894,
MOBO_MOEAD_EI_Hybrid_Fixed,re21,237,1982.606106688996,0.0136274620085685,
MOBO_MOEAD_EI_Hybrid_Fixed,re21,238,1982.840463611544,0.0136162694305236,
MOBO_MOEAD_EI_Hybrid_Fixed,re21,239,1983.7567080093152,0.0136028778546007,
MOBO_MOEAD_EI_Hybrid_Fixed,re21,240,1984.7953716982304,0.0135673477067911,
MOBO_MOEAD_EI_Hybrid_Fixed,re21,241,1985.5511912243535,0.0135658992136413,
MOBO_MOEAD_EI_Hybrid_Fixed,re21,242,1986.099614844688,0.0135389263254018,
MOBO_MOEAD_EI_Hybrid_Fixed,re21,243,1986.199681831851,0.0135334300912397,
MOBO_MOEAD_EI_Hybrid_Fixed,re21,244,1988.1100651891295,0.0135206778276612,
MOBO_MOEAD_EI_Hybrid_Fixed,re21,245,1988.8866384943708,0.0135086567473265,
MOBO_MOEAD_EI_Hybrid_Fixed,re21,246,1989.704857870482,0.0134871076898615,
MOBO_MOEAD_EI_Hybrid_Fixed,re21,247,1990.7019097531784,0.0134499367543405,
MOBO_MOEAD_EI_Hybrid_Fixed,re21,248,1991.9517553979351,0.0134329587481186,
MOBO_MOEAD_EI_Hybrid_Fixed,re21,249,1995.1264812631748,0.0133791874139553,
MOBO_MOEAD_EI_Hybrid_Fixed,re21,250,1996.6993649292683,0.0133715406768685,
MOBO_MOEAD_EI_Hybrid_Fixed,re21,251,1997.112694516763,0.0133664916082107,
MOBO_MOEAD_EI_Hybrid_Fixed,re21,252,1998.42024397636,0.0133304653873886,
MOBO_MOEAD_EI_Hybrid_Fixed,re21,253,1999.5944452080169,0.0132979636281286,
MOBO_MOEAD_EI_Hybrid_Fixed,re21,254,2000.9838896926367,0.013284268742935,
MOBO_MOEAD_EI_Hybrid_Fixed,re21,255,2001.0321784826565,0.0132787789626598,
MOBO_MOEAD_EI_Hybrid_Fixed,re21,256,2001.377816450787,0.0132722274795374,
MOBO_MOEAD_EI_Hybrid_Fixed,re21,257,2001.653225300508,0.0132497958089993,
MOBO_MOEAD_EI_Hybrid_Fixed,re21,258,2001.8745708327035,0.0132374760296243,
MOBO_MOEAD_EI_Hybrid_Fixed,re21,259,2002.3348642328735,0.013228498872121,
MOBO_MOEAD_EI_Hybrid_Fixed,re21,260,2004.5672299096432,0.013212499463923,
MOBO_MOEAD_EI_Hybrid_Fixed,re21,261,2004.6676725966936,0.0131953579313914,
MOBO_MOEAD_EI_Hybrid_Fixed,re21,262,2005.1287392849367,0.0131779087470611,
MOBO_MOEAD_EI_Hybrid_Fixed,re21,263,2006.3352642790364,0.0131544310686181,
MOBO_MOEAD_EI_Hybrid_Fixed,re21,264,2008.3322227019744,0.0131332467910694,
MOBO_MOEAD_EI_Hybrid_Fixed,re21,265,2009.2831826296635,0.0131110597942096,
MOBO_MOEAD_EI_Hybrid_Fixed,re21,266,2013.3105174809175,0.0130693573444106,
MOBO_MOEAD_EI_Hybrid_Fixed,re21,267,2015.0860063898408,0.0130648835896418,
MOBO_MOEAD_EI_Hybrid_Fixed,re21,268,2015.7494812058403,0.0130595626526752,
MOBO_MOEAD_EI_Hybrid_Fixed,re21,269,2017.120714423576,0.0130008814685212,
MOBO_MOEAD_EI_Hybrid_Fixed,re21,270,2019.49503830423,0.0129264063949555,
MOBO_MOEAD_EI_Hybrid_Fixed,re21,271,2025.687315260005,0.0128774621599427,
MOBO_MOEAD_EI_Hybrid_Fixed,re21,272,2033.735947596192,0.012823916395455,
MOBO_MOEAD_EI_Hybrid_Fixed,re21,273,2035.7035503009365,0.0127233516265245,
MOBO_MOEAD_EI_Hybrid_Fixed,re21,274,2036.0508756356228,0.0126786013575509,
MOBO_MOEAD_EI_Hybrid_Fixed,re21,275,2036.2957856288544,0.012654971033798,
MOBO_MOEAD_EI_Hybrid_Fixed,re21,276,2063.4328859703937,0.012279701491698,
MOBO_MOEAD_EI_Hybrid_Fixed,re21,277,2092.5338248022967,0.0117699281941418,
MOBO_MOEAD_EI_Hybrid_Fixed,re21,278,2106.177877808161,0.0117366552017383,
MOBO_MOEAD_EI_Hybrid_Fixed,re21,279,2113.76716936495,0.0115660511646437,
MOBO_MOEAD_EI_Hybrid_Fixed,re21,280,2130.4346639421456,0.0113309421322474,
MOBO_MOEAD_EI_Hybrid_Fixed,re21,281,2132.2195657262414,0.0109515713280813,
MOBO_MOEAD_EI_Hybrid_Fixed,re21,282,2139.4682282032504,0.0109420031235953,
MOBO_MOEAD_EI_Hybrid_Fixed,re21,283,2149.3286371986246,0.0108927757946672,
MOBO_MOEAD_EI_Hybrid_Fixed,re21,284,2151.096313195076,0.0106688799787716,
MOBO_MOEAD_EI_Hybrid_Fixed,re21,285,2160.7362368969843,0.0105008813072437,
MOBO_MOEAD_EI_Hybrid_Fixed,re21,286,2162.100384045971,0.0104983744606677,
MOBO_MOEAD_EI_Hybrid_Fixed,re21,287,2163.287044227461,0.0104808792529511,
MOBO_MOEAD_EI_Hybrid_Fixed,re21,288,2163.496102191229,0.0104704267496149,
MOBO_MOEAD_EI_Hybrid_Fixed,re21,289,2164.935689516583,0.0104522214969598,
MOBO_MOEAD_EI_Hybrid_Fixed,re21,290,2165.5501244489765,0.0104299890073985,
MOBO_MOEAD_EI_Hybrid_Fixed,re21,291,2168.901782592501,0.010410494910542,
MOBO_MOEAD_EI_Hybrid_Fixed,re21,292,2169.0718105519586,0.0103582662537947,
MOBO_MOEAD_EI_Hybrid_Fixed,re21,293,2171.726788882809,0.0103483290124705,
MOBO_MOEAD_EI_Hybrid_Fixed,re21,294,2173.360380173598,0.0103464178811291,
MOBO_MOEAD_EI_Hybrid_Fixed,re21,295,2173.403678168422,0.0102972239868546,
MOBO_MOEAD_EI_Hybrid_Fixed,re21,296,2175.578839922922,0.0102712261552212,
MOBO_MOEAD_EI_Hybrid_Fixed,re21,297,2177.4976834203344,0.0102450264731068,
MOBO_MOEAD_EI_Hybrid_Fixed,re21,298,2179.177597592538,0.0102349236046603,
MOBO_MOEAD_EI_Hybrid_Fixed,re21,299,2180.826412101064,0.0101983017838504,
MOBO_MOEAD_EI_Hybrid_Fixed,re21,300,2181.7743063823427,0.0101870510164955,
MOBO_MOEAD_EI_Hybrid_Fixed,re21,301,2182.716826462949,0.0101640959586074,
MOBO_MOEAD_EI_Hybrid_Fixed,re21,302,2182.9594703046746,0.0101413128762225,
MOBO_MOEAD_EI_Hybrid_Fixed,re21,303,2183.6672502177667,0.0101356195028359,
MOBO_MOEAD_EI_Hybrid_Fixed,re21,304,2183.7517814198854,0.0101300520581734,
MOBO_MOEAD_EI_Hybrid_Fixed,re21,305,2185.0637446796177,0.0101138841417148,
MOBO_MOEAD_EI_Hybrid_Fixed,re21,306,2185.668618573871,0.0101095701106905,
MOBO_MOEAD_EI_Hybrid_Fixed,re21,307,2186.51764454414,0.0101073941285334,
MOBO_MOEAD_EI_Hybrid_Fixed,re21,308,2188.354537740133,0.0100798709010478,
MOBO_MOEAD_EI_Hybrid_Fixed,re21,309,2189.3540752292683,0.0100743683554466,
MOBO_MOEAD_EI_Hybrid_Fixed,re21,310,2191.2082670799173,0.0100143893894954,
MOBO_MOEAD_EI_Hybrid_Fixed,re21,311,2192.289558352818,0.0100063510798968,
MOBO_MOEAD_EI_Hybrid_Fixed,re21,312,2196.5229213053744,0.0099559088456564,
MOBO_MOEAD_EI_Hybrid_Fixed,re21,313,2196.8434426904514,0.0099410166346319,
MOBO_MOEAD_EI_Hybrid_Fixed,re21,314,2197.8456041627805,0.0099349035210114,
MOBO_MOEAD_EI_Hybrid_Fixed,re21,315,2198.907792586518,0.0099209878922276,
MOBO_MOEAD_EI_Hybrid_Fixed,re21,316,2202.134912914158,0.0099060786713787,
MOBO_MOEAD_EI_Hybrid_Fixed,re21,317,2202.1933470392205,0.0098960852018863,
MOBO_MOEAD_EI_Hybrid_Fixed,re21,318,2203.0927361488352,0.0098498321364827,
MOBO_MOEAD_EI_Hybrid_Fixed,re21,319,2207.1540215378545,0.0098168701825782,
MOBO_MOEAD_EI_Hybrid_Fixed,re21,320,2208.9382102133677,0.0097644836188239,
MOBO_MOEAD_EI_Hybrid_Fixed,re21,321,2210.058902614016,0.0097495017494125,
MOBO_MOEAD_EI_Hybrid_Fixed,re21,322,2214.0743809471624,0.0097375478506751,
MOBO_MOEAD_EI_Hybrid_Fixed,re21,323,2218.271228698553,0.0096357292079609,
MOBO_MOEAD_EI_Hybrid_Fixed,re21,324,2218.7115755611103,0.0096145279436539,
MOBO_MOEAD_EI_Hybrid_Fixed,re21,325,2220.137270607804,0.0096129503551952,
MOBO_MOEAD_EI_Hybrid_Fixed,re21,326,2222.400553648175,0.0095583753210257,
MOBO_MOEAD_EI_Hybrid_Fixed,re21,327,2223.698878022191,0.0095263254685168,
MOBO_MOEAD_EI_Hybrid_Fixed,re21,328,2235.6395602390317,0.0094027429698151,
MOBO_MOEAD_EI_Hybrid_Fixed,re21,329,2243.7137995035114,0.0093663145958744,
MOBO_MOEAD_EI_Hybrid_Fixed,re21,330,2270.671830953553,0.0092191100276404,
MOBO_MOEAD_EI_Hybrid_Fixed,re21,331,2312.7674509114245,0.008976621776439,
MOBO_MOEAD_EI_Hybrid_Fixed,re21,332,2329.195778555976,0.0080834285604658,
MOBO_MOEAD_EI_Hybrid_Fixed,re21,333,2340.0182207344765,0.0079045079299562,
MOBO_MOEAD_EI_Hybrid_Fixed,re21,334,2354.5881151364433,0.0078235833822449,
MOBO_MOEAD_EI_Hybrid_Fixed,re21,335,2371.0399562169223,0.0075016700946749,
MOBO_MOEAD_EI_Hybrid_Fixed,re21,336,2377.802227610936,0.0074905982505757,
MOBO_MOEAD_EI_Hybrid_Fixed,re21,337,2383.5555903691816,0.0073691016573437,
MOBO_MOEAD_EI_Hybrid_Fixed,re21,338,2390.1588873322794,0.0072989552192515,
MOBO_MOEAD_EI_Hybrid_Fixed,re21,339,2395.9348592516344,0.0071717925418172,
MOBO_MOEAD_EI_Hybrid_Fixed,re21,340,2401.7817973236374,0.0071620407737458,
MOBO_MOEAD_EI_Hybrid_Fixed,re21,341,2405.598996727458,0.0070738068082038,
MOBO_MOEAD_EI_Hybrid_Fixed,re21,342,2411.108201436413,0.0070062155345202,
MOBO_MOEAD_EI_Hybrid_Fixed,re21,343,2411.564224481488,0.0069943665092359,
MOBO_MOEAD_EI_Hybrid_Fixed,re21,344,2413.81081082715,0.0069522871411062,
MOBO_MOEAD_EI_Hybrid_Fixed,re21,345,2415.426242436565,0.0069263925828276,
MOBO_MOEAD_EI_Hybrid_Fixed,re21,346,2417.1360591232506,0.0069180309989161,
MOBO_MOEAD_EI_Hybrid_Fixed,re21,347,2418.8039297806954,0.0069097500433721,
MOBO_MOEAD_EI_Hybrid_Fixed,re21,348,2419.424823842413,0.0068986838053628,
MOBO_MOEAD_EI_Hybrid_Fixed,re21,349,2420.190804479547,0.0068726502533997,
MOBO_MOEAD_EI_Hybrid_Fixed,re21,350,2421.87602582162,0.0068611561311017,
MOBO_MOEAD_EI_Hybrid_Fixed,re21,351,2422.096780661786,0.0068594515446933,
MOBO_MOEAD_EI_Hybrid_Fixed,re21,352,2422.456652777585,0.0068538699018411,
MOBO_MOEAD_EI_Hybrid_Fixed,re21,353,2423.8220247162185,0.0068258799288796,
MOBO_MOEAD_EI_Hybrid_Fixed,re21,354,2425.4153999886307,0.0068178883079864,
MOBO_MOEAD_EI_Hybrid_Fixed,re21,355,2427.68907974556,0.0068090456076075,
MOBO_MOEAD_EI_Hybrid_Fixed,re21,356,2427.789892860276,0.0067802094017483,
MOBO_MOEAD_EI_Hybrid_Fixed,re21,357,2427.7936506827823,0.0067724589939228,
MOBO_MOEAD_EI_Hybrid_Fixed,re21,358,2428.404934175181,0.0067661741243099,
MOBO_MOEAD_EI_Hybrid_Fixed,re21,359,2429.68164012211,0.0067541244318211,
MOBO_MOEAD_EI_Hybrid_Fixed,re21,360,2431.2093711898833,0.0067510116924899,
MOBO_MOEAD_EI_Hybrid_Fixed,re21,361,2433.5448050574023,0.0067188053269178,
MOBO_MOEAD_EI_Hybrid_Fixed,re21,362,2434.6025107801224,0.0067087987124048,
MOBO_MOEAD_EI_Hybrid_Fixed,re21,363,2434.6518862711328,0.0067064921060471,
MOBO_MOEAD_EI_Hybrid_Fixed,re21,364,2434.9145000128633,0.0066894745492203,
MOBO_MOEAD_EI_Hybrid_Fixed,re21,365,2435.485140522595,0.0066851592455811,
MOBO_MOEAD_EI_Hybrid_Fixed,re21,366,2437.135364961241,0.0066580342648091,
MOBO_MOEAD_EI_Hybrid_Fixed,re21,367,2438.864793740525,0.0066554124401895,
MOBO_MOEAD_EI_Hybrid_Fixed,re21,368,2438.959844360016,0.0066545688792073,
MOBO_MOEAD_EI_Hybrid_Fixed,re21,369,2439.922854686022,0.0066471710178357,
MOBO_MOEAD_EI_Hybrid_Fixed,re21,370,2440.05847096266,0.0066246120379415,
MOBO_MOEAD_EI_Hybrid_Fixed,re21,371,2441.100580643507,0.0066186229453254,
MOBO_MOEAD_EI_Hybrid_Fixed,re21,372,2442.8294439313418,0.0066111225354507,
MOBO_MOEAD_EI_Hybrid_Fixed,re21,373,2444.4193974009486,0.0066010405032288,
MOBO_MOEAD_EI_Hybrid_Fixed,re21,374,2444.430929043241,0.006588419877527,
MOBO_MOEAD_EI_Hybrid_Fixed,re21,375,2445.3157524053818,0.0065744269771784,
MOBO_MOEAD_EI_Hybrid_Fixed,re21,376,2446.760946148833,0.0065680607218034,
MOBO_MOEAD_EI_Hybrid_Fixed,re21,377,2447.310675398539,0.0065501089020772,
MOBO_MOEAD_EI_Hybrid_Fixed,re21,378,2447.4193007381155,0.0065371389483975,
MOBO_MOEAD_EI_Hybrid_Fixed,re21,379,2450.4724793746086,0.0065058358325874,
MOBO_MOEAD_EI_Hybrid_Fixed,re21,380,2452.7449610091376,0.0064819574473978,
MOBO_MOEAD_EI_Hybrid_Fixed,re21,381,2454.497138341106,0.0064498786057236,
MOBO_MOEAD_EI_Hybrid_Fixed,re21,382,2456.397124844138,0.0064291888011963,
MOBO_MOEAD_EI_Hybrid_Fixed,re21,383,2457.8015589216916,0.0064127187228509,
MOBO_MOEAD_EI_Hybrid_Fixed,re21,384,2461.5600041441176,0.0063962216331192,
MOBO_MOEAD_EI_Hybrid_Fixed,re21,385,2463.8830500717113,0.0063380002464915,
MOBO_MOEAD_EI_Hybrid_Fixed,re21,386,2464.824675735117,0.0063350725706769,
MOBO_MOEAD_EI_Hybrid_Fixed,re21,387,2468.2640867960376,0.0063328112022263,
MOBO_MOEAD_EI_Hybrid_Fixed,re21,388,2470.497847843515,0.0063076816480848,
MOBO_MOEAD_EI_Hybrid_Fixed,re21,389,2473.2228741800905,0.0062405525226648,
MOBO_MOEAD_EI_Hybrid_Fixed,re21,390,2478.78458254222,0.0061620669547948,
MOBO_MOEAD_EI_Hybrid_Fixed,re21,391,2482.31910360437,0.0061332751233926,
MOBO_MOEAD_EI_Hybrid_Fixed,re21,392,2485.585298896769,0.0061000129045263,
MOBO_MOEAD_EI_Hybrid_Fixed,re21,393,2487.5446817054126,0.0060988466856123,
MOBO_MOEAD_EI_Hybrid_Fixed,re21,394,2488.780286845288,0.0060877145115574,
MOBO_MOEAD_EI_Hybrid_Fixed,re21,395,2489.0262926765436,0.0060791392054781,
MOBO_MOEAD_EI_Hybrid_Fixed,re21,396,2506.325792335575,0.0058512975360007,
MOBO_MOEAD_EI_Hybrid_Fixed,re21,397,2512.384136130468,0.0057936137745255,
MOBO_MOEAD_EI_Hybrid_Fixed,re21,398,2520.983591155158,0.005735062394225,
MOBO_MOEAD_EI_Hybrid_Fixed,re21,399,2522.2952502586063,0.0057072276759889,
MOBO_MOEAD_EI_Hybrid_Fixed,re21,400,2546.681000808261,0.0055372227556161,
MOBO_MOEAD_EI_Hybrid_Fixed,re21,401,2550.9585759324827,0.0054943717586093,
MOBO_MOEAD_EI_Hybrid_Fixed,re21,402,2580.984119103522,0.0054026376104775,
MOBO_MOEAD_EI_Hybrid_Fixed,re21,403,2581.7801942231354,0.0052866860768807,
MOBO_MOEAD_EI_Hybrid_Fixed,re21,404,2612.014901453826,0.0050762795985951,
MOBO_MOEAD_EI_Hybrid_Fixed,re21,405,2625.2419796076947,0.0046325289946579,
MOBO_MOEAD_EI_Hybrid_Fixed,re21,406,2649.7731203072976,0.0044345365259729,
MOBO_MOEAD_EI_Hybrid_Fixed,re21,407,2701.3615703085543,0.0043935072153829,
MOBO_MOEAD_EI_Hybrid_Fixed,re21,408,2725.0575837774827,0.0039139487408329,
MOBO_MOEAD_EI_Hybrid_Fixed,re21,409,2729.8397281402044,0.0037614832118143,
MOBO_MOEAD_EI_Hybrid_Fixed,re21,410,2768.8128296507853,0.0034854446385359,
MOBO_MOEAD_EI_Hybrid_Fixed,re21,411,2805.4610626430667,0.0032434129199586,
MOBO_MOEAD_EI_Hybrid_Fixed,re21,412,2822.6614230610157,0.0031352017631673,
MOBO_MOEAD_EI_Hybrid_Fixed,re21,413,2824.3432826591165,0.0031269602360271,
MOBO_MOEAD_EI_Hybrid_Fixed,re21,414,2825.291613357637,0.0031189427845697,
MOBO_MOEAD_EI_Hybrid_Fixed,re21,415,2837.908113382604,0.0031102711815674,
MOBO_MOEAD_EI_Hybrid_Fixed,re21,416,2849.9590661598045,0.0029724154222822,
MOBO_MOEAD_EI_Hybrid_Fixed,re21,417,2853.885343863197,0.0029469128421609,
MOBO_MOEAD_EI_Hybrid_Fixed,re21,418,2865.299998367985,0.0028805688170239,
MOBO_MOEAD_EI_Hybrid_Fixed,re21,419,2868.676076586341,0.0028611919203582,
MOBO_MOEAD_EI_Hybrid_Fixed,re21,420,2873.6186590255693,0.0028358560687792,
MOBO_MOEAD_EI_Hybrid_Fixed,re21,421,2876.8034561416735,0.0028189529197646,
MOBO_MOEAD_EI_Hybrid_Fixed,re21,422,2886.0035454518015,0.002763457786075,
MOBO_MOEAD_EI_Hybrid_Fixed,re21,423,2886.3695604244012,0.0027614237491539,
MOBO_MOEAD_EI_Hybrid_Fixed,re21,424,2886.3695604244012,0.0027614237491539,
MOBO_MOEAD_EI_Hybrid_Fixed,re21,425,2886.3695604244012,0.0027614237491539,
MOBO_MOEAD_EI_Hybrid_Fixed,re21,426,2886.3695604244012,0.0027614237491539,
MOBO_MOEAD_EI_Hybrid_Fixed,re21,427,2886.3695604244012,0.0027614237491539,
MOBO_MOEAD_EI_Hybrid_Fixed,re34,0,1661.707825416305,8.304600446622045,0.0707999960719939
MOBO_MOEAD_EI_Hybrid_Fixed,re34,1,1661.7084445845412,8.304695271234177,0.0707991621773671
MOBO_MOEAD_EI_Hybrid_Fixed,re34,2,1661.7170552827547,8.304779657420124,0.070783715084642
MOBO_MOEAD_EI_Hybrid_Fixed,re34,3,1661.7195373654915,8.301169799723464,0.071097555176376
MOBO_MOEAD_EI_Hybrid_Fixed,re34,4,1661.7263075938636,8.30672323996625,0.0707756891796958
MOBO_MOEAD_EI_Hybrid_Fixed,re34,5,1661.7301411113813,8.29806494358071,0.0713658303085306
MOBO_MOEAD_EI_Hybrid_Fixed,re34,6,1661.7333312959388,8.301804639048704,0.071040756109408
MOBO_MOEAD_EI_Hybrid_Fixed,re34,7,1661.738572664462,8.29594783869296,0.071558412127229
MOBO_MOEAD_EI_Hybrid_Fixed,re34,8,1661.7562161101869,8.294645463495758,0.0717881930488067
MOBO_MOEAD_EI_Hybrid_Fixed,re34,9,1661.7616710343602,8.28886408866082,0.0721557527347433
MOBO_MOEAD_EI_Hybrid_Fixed,re34,10,1661.765041895461,8.29081626644432,0.0719868719743265
MOBO_MOEAD_EI_Hybrid_Fixed,re34,11,1661.7696137650887,8.313896457119155,0.0707204186603674
MOBO_MOEAD_EI_Hybrid_Fixed,re34,12,1661.7744868686652,8.286749165316428,0.0724161823676184
MOBO_MOEAD_EI_Hybrid_Fixed,re34,13,1661.79008473884,8.280791392567528,0.0728472583105796
MOBO_MOEAD_EI_Hybrid_Fixed,re34,14,1661.807712235748,8.27535303035412,0.0732977230004656
MOBO_MOEAD_EI_Hybrid_Fixed,re34,15,1661.8145581173883,8.273380382391462,0.0734642268144143
MOBO_MOEAD_EI_Hybrid_Fixed,re34,16,1661.8244507618429,8.270481994020264,0.0737062277205503
MOBO_MOEAD_EI_Hybrid_Fixed,re34,17,1661.8261587848515,8.269972253529271,0.0737480535082914
MOBO_MOEAD_EI_Hybrid_Fixed,re34,18,1661.8262552988494,8.272805075580425,0.0735097971464068
MOBO_MOEAD_EI_Hybrid_Fixed,re34,19,1661.843879631561,8.264888501862776,0.0741754252466554
MOBO_MOEAD_EI_Hybrid_Fixed,re34,20,1661.8529661041573,8.266511295091771,0.0740326299899196
MOBO_MOEAD_EI_Hybrid_Fixed,re34,21,1661.8651781401547,8.25891425110024,0.074662318588327
MOBO_MOEAD_EI_Hybrid_Fixed,re34,22,1661.8770379119412,8.330598538955012,0.0705774131887266
MOBO_MOEAD_EI_Hybrid_Fixed,re34,23,1661.8773531268582,8.30787584442039,0.0704956541763685
MOBO_MOEAD_EI_Hybrid_Fixed,re34,24,1661.879980865339,8.301940406662089,0.071011831776321
MOBO_MOEAD_EI_Hybrid_Fixed,re34,25,1661.9083657580438,8.308495430921536,0.0704404631387751
MOBO_MOEAD_EI_Hybrid_Fixed,re34,26,1661.90865974028,8.248425795656718,0.0755177893045789
MOBO_MOEAD_EI_Hybrid_Fixed,re34,27,1661.9263482014744,8.240614039413549,0.0761485005918022
MOBO_MOEAD_EI_Hybrid_Fixed,re34,28,1661.9469169151987,8.270380541597762,0.0737215029933056
MOBO_MOEAD_EI_Hybrid_Fixed,re34,29,1661.9541567742165,8.321520748441388,0.0703999163593903
MOBO_MOEAD_EI_Hybrid_Fixed,re34,30,1661.9881739795633,8.225143431401573,0.0773765790451122
MOBO_MOEAD_EI_Hybrid_Fixed,re34,31,1661.9910842151155,8.296158282128497,0.0714974141731546
MOBO_MOEAD_EI_Hybrid_Fixed,re34,32,1662.00313891952,8.218165570826283,0.07792519435757
MOBO_MOEAD_EI_Hybrid_Fixed,re34,33,1662.0170591119745,8.265609949905937,0.0740781273506548
MOBO_MOEAD_EI_Hybrid_Fixed,re34,34,1662.0232788234905,8.21387672091959,0.0783299571483932
MOBO_MOEAD_EI_Hybrid_Fixed,re34,35,1662.0290118834982,8.268330197235452,0.073859046801611
MOBO_MOEAD_EI_Hybrid_Fixed,re34,36,1662.0374555145825,8.208080986736391,0.0787041887936813
MOBO_MOEAD_EI_Hybrid_Fixed,re34,37,1662.0402576985414,8.308950000137642,0.0703839690301641
MOBO_MOEAD_EI_Hybrid_Fixed,re34,38,1662.0551182073486,8.332832822094746,0.0702547108962665
MOBO_MOEAD_EI_Hybrid_Fixed,re34,39,1662.0627192771583,8.207484042669176,0.0790174040275026
MOBO_MOEAD_EI_Hybrid_Fixed,re34,40,1662.0802624315004,8.20137575991807,0.0794419631130608
MOBO_MOEAD_EI_Hybrid_Fixed,re34,41,1662.08722763173,8.283639201038472,0.0725592440713867
MOBO_MOEAD_EI_Hybrid_Fixed,re34,42,1662.1027001930256,8.190242753605254,0.0801078642347475
MOBO_MOEAD_EI_Hybrid_Fixed,re34,43,1662.1153652092296,8.312489970568318,0.0700686941979568
MOBO_MOEAD_EI_Hybrid_Fixed,re34,44,1662.1292586339707,8.225251853182556,0.0773297706525977
MOBO_MOEAD_EI_Hybrid_Fixed,re34,45,1662.1341579566988,8.184056589279669,0.0806876773025117
MOBO_MOEAD_EI_Hybrid_Fixed,re34,46,1662.1468962645365,8.187371347135626,0.0802607765410361
MOBO_MOEAD_EI_Hybrid_Fixed,re34,47,1662.1626000007711,8.173763984298898,0.081328629181918
MOBO_MOEAD_EI_Hybrid_Fixed,re34,48,1662.1626486546984,8.309761176288855,0.0703062701779383
MOBO_MOEAD_EI_Hybrid_Fixed,re34,49,1662.1877668319244,8.256558452410294,0.0749059929957457
MOBO_MOEAD_EI_Hybrid_Fixed,re34,50,1662.189982009367,8.166324169157194,0.0819403532192716
MOBO_MOEAD_EI_Hybrid_Fixed,re34,51,1662.234669337116,8.150411627943303,0.0829663688644028
MOBO_MOEAD_EI_Hybrid_Fixed,re34,52,1662.263679508741,8.208999683269822,0.0785676050075076
MOBO_MOEAD_EI_Hybrid_Fixed,re34,53,1662.2770068187738,8.330456768066556,0.0698300260261082
MOBO_MOEAD_EI_Hybrid_Fixed,re34,54,1662.286451730119,8.297413787545613,0.0713587973226627
MOBO_MOEAD_EI_Hybrid_Fixed,re34,55,1662.3030863811134,8.13651190558239,0.0841043993075548
MOBO_MOEAD_EI_Hybrid_Fixed,re34,56,1662.3041073394904,8.130003728511136,0.0843874501573906
MOBO_MOEAD_EI_Hybrid_Fixed,re34,57,1662.3168139535128,8.12628274542075,0.0846424170832417
MOBO_MOEAD_EI_Hybrid_Fixed,re34,58,1662.3324514169583,8.302498815007418,0.0709063832710101
MOBO_MOEAD_EI_Hybrid_Fixed,re34,59,1662.3331136862705,8.13185676917941,0.0843837369219051
MOBO_MOEAD_EI_Hybrid_Fixed,re34,60,1662.3412850933091,8.176419456606952,0.0811377726711548
MOBO_MOEAD_EI_Hybrid_Fixed,re34,61,1662.3548145766408,8.326329769886957,0.0696701647866571
MOBO_MOEAD_EI_Hybrid_Fixed,re34,62,1662.3573922328649,8.317151296351877,0.0696337936026129
MOBO_MOEAD_EI_Hybrid_Fixed,re34,63,1662.359650142425,8.131053290898551,0.0842908531359828
MOBO_MOEAD_EI_Hybrid_Fixed,re34,64,1662.3651860676707,8.169430439879973,0.081648332409309
MOBO_MOEAD_EI_Hybrid_Fixed,re34,65,1662.3662774903462,8.128675666816608,0.0844546050620934
MOBO_MOEAD_EI_Hybrid_Fixed,re34,66,1662.3751844993913,8.268759176718,0.0737473105766411
MOBO_MOEAD_EI_Hybrid_Fixed,re34,67,1662.3784776182913,8.125597788077929,0.0846626240508114
MOBO_MOEAD_EI_Hybrid_Fixed,re34,68,1662.3790544021135,8.11519522199473,0.0855967027905577
MOBO_MOEAD_EI_Hybrid_Fixed,re34,69,1662.3860965067524,8.165311722375307,0.0818530880160132
MOBO_MOEAD_EI_Hybrid_Fixed,re34,70,1662.3968613541138,8.264505587414206,0.0740943664114742
MOBO_MOEAD_EI_Hybrid_Fixed,re34,71,1662.3980752673178,8.11987088624405,0.085052651982453
MOBO_MOEAD_EI_Hybrid_Fixed,re34,72,1662.40089824751,8.10881787363205,0.0860211850766983
MOBO_MOEAD_EI_Hybrid_Fixed,re34,73,1662.412994411283,8.116737809468493,0.0853009520777586
MOBO_MOEAD_EI_Hybrid_Fixed,re34,74,1662.4192441972991,8.122484529155672,0.084861314073833
MOBO_MOEAD_EI_Hybrid_Fixed,re34,75,1662.433976665731,8.099641996536679,0.0866475383926721
MOBO_MOEAD_EI_Hybrid_Fixed,re34,76,1662.4536335493542,8.103554784356692,0.0861410151363694
MOBO_MOEAD_EI_Hybrid_Fixed,re34,77,1662.4660446426124,8.343443918803214,0.0695254189437896
MOBO_MOEAD_EI_Hybrid_Fixed,re34,78,1662.4868571791037,8.13541509700667,0.0841298440357454
MOBO_MOEAD_EI_Hybrid_Fixed,re34,79,1662.4932296014051,8.0746341299065,0.0880328356813895
MOBO_MOEAD_EI_Hybrid_Fixed,re34,80,1662.505366559937,8.07380906404155,0.0881908471662639
MOBO_MOEAD_EI_Hybrid_Fixed,re34,81,1662.513350736837,8.207840899610659,0.078580311324581
MOBO_MOEAD_EI_Hybrid_Fixed,re34,82,1662.515469430543,8.128721516923695,0.0844200358897382
MOBO_MOEAD_EI_Hybrid_Fixed,re34,83,1662.5332749332542,8.12600297115333,0.084600534231595
MOBO_MOEAD_EI_Hybrid_Fixed,re34,84,1662.6136429629134,8.039431994017994,0.0901860057859365
MOBO_MOEAD_EI_Hybrid_Fixed,re34,85,1662.6148433214332,8.114586046261389,0.0855263514026072
MOBO_MOEAD_EI_Hybrid_Fixed,re34,86,1662.621546296114,8.160072104992144,0.0822286217098754
MOBO_MOEAD_EI_Hybrid_Fixed,re34,87,1662.6260085832132,8.11908152036566,0.0850029233854675
MOBO_MOEAD_EI_Hybrid_Fixed,re34,88,1662.6367578871664,8.03650763533773,0.0905106204078465
MOBO_MOEAD_EI_Hybrid_Fixed,re34,89,1662.64469272814,8.105502116177961,0.0861276384941909
MOBO_MOEAD_EI_Hybrid_Fixed,re34,90,1662.6720638481831,8.025076419439557,0.0911093075228211
MOBO_MOEAD_EI_Hybrid_Fixed,re34,91,1662.6785225103552,8.108368067186193,0.0857056584285365
MOBO_MOEAD_EI_Hybrid_Fixed,re34,92,1662.6862702954386,8.29389411668816,0.0715975597272771
MOBO_MOEAD_EI_Hybrid_Fixed,re34,93,1662.7119150783014,8.196040630947438,0.0794620850082118
MOBO_MOEAD_EI_Hybrid_Fixed,re34,94,1662.7140458915571,8.17908796454299,0.0807361214313337
MOBO_MOEAD_EI_Hybrid_Fixed,re34,95,1662.7450280579512,8.325798534246578,0.0690479694804977
MOBO_MOEAD_EI_Hybrid_Fixed,re34,96,1662.7451596207072,8.030548144008328,0.0906425832811483
MOBO_MOEAD_EI_Hybrid_Fixed,re34,97,1662.7715077956586,7.993543027141228,0.0928098723483904
MOBO_MOEAD_EI_Hybrid_Fixed,re34,98,1662.7744035167364,8.261359136347803,0.0742718674392824
MOBO_MOEAD_EI_Hybrid_Fixed,re34,99,1662.7848941524674,7.992104852436564,0.0928654994776189
MOBO_MOEAD_EI_Hybrid_Fixed,re34,100,1662.8003744670175,7.990902250039858,0.0931044026581591
MOBO_MOEAD_EI_Hybrid_Fixed,re34,101,1662.8122334007755,7.981418829843393,0.0934466236006222
MOBO_MOEAD_EI_Hybrid_Fixed,re34,102,1662.8187838055712,8.054871341064816,0.0893185532879411
MOBO_MOEAD_EI_Hybrid_Fixed,re34,103,1662.8653266718193,8.326965847966719,0.0687218724305022
MOBO_MOEAD_EI_Hybrid_Fixed,re34,104,1662.871538912138,8.098303478768305,0.0873077320384383
MOBO_MOEAD_EI_Hybrid_Fixed,re34,105,1662.879352678528,7.962768616701223,0.0944691011940536
MOBO_MOEAD_EI_Hybrid_Fixed,re34,106,1662.8805909446055,7.969678290442048,0.0940583611643553
MOBO_MOEAD_EI_Hybrid_Fixed,re34,107,1662.9000856534817,8.00335086113687,0.0922028362848277
MOBO_MOEAD_EI_Hybrid_Fixed,re34,108,1662.9111750623017,7.955105860735628,0.0949079400942584
MOBO_MOEAD_EI_Hybrid_Fixed,re34,109,1662.9379997075189,8.002899432095031,0.0922511499115514
MOBO_MOEAD_EI_Hybrid_Fixed,re34,110,1662.941399380383,7.9925882755016255,0.0927888040142918
MOBO_MOEAD_EI_Hybrid_Fixed,re34,111,1662.969492508049,8.306469114454602,0.0705646472097646
MOBO_MOEAD_EI_Hybrid_Fixed,re34,112,1662.9725920376166,7.936870682559835,0.0958023207763388
MOBO_MOEAD_EI_Hybrid_Fixed,re34,113,1662.984092391659,7.978753059588882,0.0935295475510831
MOBO_MOEAD_EI_Hybrid_Fixed,re34,114,1662.9940722260092,7.928093460382887,0.0961414494512289
MOBO_MOEAD_EI_Hybrid_Fixed,re34,115,1663.0172124790952,7.9235937344187315,0.096431669308481
MOBO_MOEAD_EI_Hybrid_Fixed,re34,116,1663.0319789502348,7.923147158593059,0.0964051121769466
MOBO_MOEAD_EI_Hybrid_Fixed,re34,117,1663.0405944906877,8.293117135526138,0.0715940664997945
MOBO_MOEAD_EI_Hybrid_Fixed,re34,118,1663.0422967977493,7.992803463933862,0.0927033973400881
MOBO_MOEAD_EI_Hybrid_Fixed,re34,119,1663.050935481573,7.912539442417632,0.0969141756497812
MOBO_MOEAD_EI_Hybrid_Fixed,re34,120,1663.0574100108363,7.948224093273494,0.0951022312827018
MOBO_MOEAD_EI_Hybrid_Fixed,re34,121,1663.0756836893956,8.325206283634213,0.0693512647464541
MOBO_MOEAD_EI_Hybrid_Fixed,re34,122,1663.0898907130063,7.95870999317902,0.0944751903276927
MOBO_MOEAD_EI_Hybrid_Fixed,re34,123,1663.1017035948391,7.9781168139598355,0.0934186035448796
MOBO_MOEAD_EI_Hybrid_Fixed,re34,124,1663.1120636086373,7.947753700564828,0.0951390182702649
MOBO_MOEAD_EI_Hybrid_Fixed,re34,125,1663.1235290583877,8.267178688053137,0.073720469144656
MOBO_MOEAD_EI_Hybrid_Fixed,re34,126,1663.141340442284,8.263617967032054,0.0740054600761228
MOBO_MOEAD_EI_Hybrid_Fixed,re34,127,1663.208078229054,8.297607051866795,0.0711881435789275
MOBO_MOEAD_EI_Hybrid_Fixed,re34,128,1663.2611794604911,8.441184001397309,0.0684742760126722
MOBO_MOEAD_EI_Hybrid_Fixed,re34,129,1663.3097859691427,8.168603027557788,0.081225703804009
MOBO_MOEAD_EI_Hybrid_Fixed,re34,130,1663.3209119392943,8.215307972116438,0.0777561111639298
MOBO_MOEAD_EI_Hybrid_Fixed,re34,131,1663.3316289326574,7.878392492573438,0.0982878760008622
MOBO_MOEAD_EI_Hybrid_Fixed,re34,132,1663.3757784641737,8.399932304859268,0.0680545539175696
MOBO_MOEAD_EI_Hybrid_Fixed,re34,133,1663.3873916586265,8.30794516270039,0.0703001725179926
MOBO_MOEAD_EI_Hybrid_Fixed,re34,134,1663.3974653984765,8.29411165501412,0.071446737433523
MOBO_MOEAD_EI_Hybrid_Fixed,re34,135,1663.409320001396,7.984735336962872,0.0928899744786668
MOBO_MOEAD_EI_Hybrid_Fixed,re34,136,1663.4125404390288,7.807585631474153,0.1011783149171327
MOBO_MOEAD_EI_Hybrid_Fixed,re34,137,1663.4132017219497,8.17655598107026,0.0806795116491522
MOBO_MOEAD_EI_Hybrid_Fixed,re34,138,1663.4390843170652,7.967362518142954,0.0937964098016214
MOBO_MOEAD_EI_Hybrid_Fixed,re34,139,1663.503971182522,7.946355986508654,0.0948598386300155
MOBO_MOEAD_EI_Hybrid_Fixed,re34,140,1663.5607166065142,7.7683719758719105,0.1024107429451424
MOBO_MOEAD_EI_Hybrid_Fixed,re34,141,1663.5635454674743,7.761230429029944,0.1026393555647262
MOBO_MOEAD_EI_Hybrid_Fixed,re34,142,1663.6230784553,7.984345477340922,0.0927539880856739
MOBO_MOEAD_EI_Hybrid_Fixed,re34,143,1663.6494040183452,8.204478107347782,0.0785082472396401
MOBO_MOEAD_EI_Hybrid_Fixed,re34,144,1663.6553288469609,7.796553176017745,0.1013360455235657
MOBO_MOEAD_EI_Hybrid_Fixed,re34,145,1663.65553638619,8.27457661399867,0.0729993844534135
MOBO_MOEAD_EI_Hybrid_Fixed,re34,146,1663.6645883457493,8.156866093956761,0.0821119753622793
MOBO_MOEAD_EI_Hybrid_Fixed,re34,147,1663.666074207221,7.731241724334637,0.1035003329495349
MOBO_MOEAD_EI_Hybrid_Fixed,re34,148,1663.696876017063,7.786646050656119,0.1023384101242102
MOBO_MOEAD_EI_Hybrid_Fixed,re34,149,1663.7556976719616,7.866080421928745,0.0984789850901819
MOBO_MOEAD_EI_Hybrid_Fixed,re34,150,1663.774228023969,8.172971936095877,0.0807584949192102
MOBO_MOEAD_EI_Hybrid_Fixed,re34,151,1663.797967011128,7.695648688235349,0.1043869769558438
MOBO_MOEAD_EI_Hybrid_Fixed,re34,152,1663.8230497406369,7.685832005825694,0.1046467087802261
MOBO_MOEAD_EI_Hybrid_Fixed,re34,153,1663.8240924213762,7.841292056984781,0.0993518636171319
MOBO_MOEAD_EI_Hybrid_Fixed,re34,154,1663.8524305401766,8.171335963038604,0.0808481905025314
MOBO_MOEAD_EI_Hybrid_Fixed,re34,155,1663.8871298217964,7.66648250875184,0.1050391368243437
MOBO_MOEAD_EI_Hybrid_Fixed,re34,156,1663.8891834991953,7.6735471865401745,0.1050352889323025
MOBO_MOEAD_EI_Hybrid_Fixed,re34,157,1663.9229422991789,7.657526839488744,0.1052798575170556
MOBO_MOEAD_EI_Hybrid_Fixed,re34,158,1663.92760752445,8.355112534232358,0.0668408005697379
MOBO_MOEAD_EI_Hybrid_Fixed,re34,159,1663.9393559483103,7.970574690168613,0.0932912129510955
MOBO_MOEAD_EI_Hybrid_Fixed,re34,160,1663.9475188910776,7.6565922340244255,0.1053740164719162
MOBO_MOEAD_EI_Hybrid_Fixed,re34,161,1663.9986638713765,7.641618330199328,0.1056467958254317
MOBO_MOEAD_EI_Hybrid_Fixed,re34,162,1664.0044328041474,8.348976200234878,0.0666767758202202
MOBO_MOEAD_EI_Hybrid_Fixed,re34,163,1664.0071433997048,7.632948180040109,0.1057274066646496
MOBO_MOEAD_EI_Hybrid_Fixed,re34,164,1664.0228514351686,7.628354697589167,0.1058041327614014
MOBO_MOEAD_EI_Hybrid_Fixed,re34,165,1664.031701222763,8.332910786719776,0.0680636469728669
MOBO_MOEAD_EI_Hybrid_Fixed,re34,166,1664.0517253280177,7.622017211887003,0.1059936333236919
MOBO_MOEAD_EI_Hybrid_Fixed,re34,167,1664.070452837176,7.629274528964532,0.1057185907763348
MOBO_MOEAD_EI_Hybrid_Fixed,re34,168,1664.0748201931588,8.332064611935435,0.0681392516146618
MOBO_MOEAD_EI_Hybrid_Fixed,re34,169,1664.0936702578026,7.642526145758047,0.1056017916510718
MOBO_MOEAD_EI_Hybrid_Fixed,re34,170,1664.1082581254093,7.6618014850522895,0.105038254349648
MOBO_MOEAD_EI_Hybrid_Fixed,re34,171,1664.1139861916172,8.228309429504618,0.0765068601230326
MOBO_MOEAD_EI_Hybrid_Fixed,re34,172,1664.1215036854762,7.604767359881803,0.1062823501940114
MOBO_MOEAD_EI_Hybrid_Fixed,re34,173,1664.1559768390653,7.589480023950102,0.1063141953490687
MOBO_MOEAD_EI_Hybrid_Fixed,re34,174,1664.167245855472,8.28929740607198,0.0716885018635827
MOBO_MOEAD_EI_Hybrid_Fixed,re34,175,1664.2060377996504,8.304458349657677,0.0704335521852011
MOBO_MOEAD_EI_Hybrid_Fixed,re34,176,1664.215312557203,7.570392073454982,0.1065170495283479
MOBO_MOEAD_EI_Hybrid_Fixed,re34,177,1664.228163818817,7.9466402135940974,0.0942467762887251
MOBO_MOEAD_EI_Hybrid_Fixed,re34,178,1664.2342937807632,7.684894898192909,0.1041183877526563
MOBO_MOEAD_EI_Hybrid_Fixed,re34,179,1664.2880102539737,8.301384737523533,0.0706874117878829
MOBO_MOEAD_EI_Hybrid_Fixed,re34,180,1664.2987729052388,7.864172434011019,0.0980121366201072
MOBO_MOEAD_EI_Hybrid_Fixed,re34,181,1664.3190159650387,7.698202005769031,0.1036833765725763
MOBO_MOEAD_EI_Hybrid_Fixed,re34,182,1664.3262326194747,7.646597910979808,0.1055306074227975
MOBO_MOEAD_EI_Hybrid_Fixed,re34,183,1664.3455238736517,7.533791898867619,0.1068895143231652
MOBO_MOEAD_EI_Hybrid_Fixed,re34,184,1664.4307333548647,8.117066291487964,0.0842292430550303
MOBO_MOEAD_EI_Hybrid_Fixed,re34,185,1664.4386598032218,7.507234015026683,0.1069897159607664
MOBO_MOEAD_EI_Hybrid_Fixed,re34,186,1664.4655890630918,7.89432501565959,0.0965175975931693
MOBO_MOEAD_EI_Hybrid_Fixed,re34,187,1664.4841972428833,7.49952119342267,0.1070723513301105
MOBO_MOEAD_EI_Hybrid_Fixed,re34,188,1664.4868266797955,7.492386438725591,0.1070703933147173
MOBO_MOEAD_EI_Hybrid_Fixed,re34,189,1664.492432888132,7.489257877225012,0.1070150191242511
MOBO_MOEAD_EI_Hybrid_Fixed,re34,190,1664.5170729215854,7.490285993045437,0.1069683802518102
MOBO_MOEAD_EI_Hybrid_Fixed,re34,191,1664.533576547204,7.484941046688803,0.1070987624074439
MOBO_MOEAD_EI_Hybrid_Fixed,re34,192,1664.5382073264375,8.228137794369232,0.0763782786601699
MOBO_MOEAD_EI_Hybrid_Fixed,re34,193,1664.5598779283548,8.330434089280269,0.0681957825432622
MOBO_MOEAD_EI_Hybrid_Fixed,re34,194,1664.5626197456131,8.359761754683648,0.0656746337111592
MOBO_MOEAD_EI_Hybrid_Fixed,re34,195,1664.5742901340936,7.506426235349746,0.1067559716767837
MOBO_MOEAD_EI_Hybrid_Fixed,re34,196,1664.5792957498363,7.472201784397508,0.1071051791144337
MOBO_MOEAD_EI_Hybrid_Fixed,re34,197,1664.5815595109705,8.204192332256788,0.0781374690496217
MOBO_MOEAD_EI_Hybrid_Fixed,re34,198,1664.6157657766337,7.519558450067978,0.1065964766496406
MOBO_MOEAD_EI_Hybrid_Fixed,re34,199,1664.6372748357965,8.295140622460826,0.0714248810196373
MOBO_MOEAD_EI_Hybrid_Fixed,re34,200,1664.6449091167192,7.501546750283651,0.1067382189678838
MOBO_MOEAD_EI_Hybrid_Fixed,re34,201,1664.651912229382,8.294217167338555,0.0712577322350067
MOBO_MOEAD_EI_Hybrid_Fixed,re34,202,1664.665158874681,7.445678888113442,0.1071591771408042
MOBO_MOEAD_EI_Hybrid_Fixed,re34,203,1664.6906233475715,8.292849235162295,0.0712814030215341
MOBO_MOEAD_EI_Hybrid_Fixed,re34,204,1664.7207390110864,7.425311057142214,0.1069855942333431
MOBO_MOEAD_EI_Hybrid_Fixed,re34,205,1664.723185059409,7.554332701220052,0.1062059488949935
MOBO_MOEAD_EI_Hybrid_Fixed,re34,206,1664.7486948559092,8.251855686891767,0.0745041303829169
MOBO_MOEAD_EI_Hybrid_Fixed,re34,207,1664.7642561356588,7.413335485143843,0.1069226924083313
MOBO_MOEAD_EI_Hybrid_Fixed,re34,208,1664.7822360523985,7.408373527206247,0.1068873053747022
MOBO_MOEAD_EI_Hybrid_Fixed,re34,209,1664.784756451906,8.364053986125855,0.0652758201044499
MOBO_MOEAD_EI_Hybrid_Fixed,re34,210,1664.800462114542,7.401137588154881,0.1067727131237576
MOBO_MOEAD_EI_Hybrid_Fixed,re34,211,1664.812593948983,8.211430736403017,0.0775307420970807
MOBO_MOEAD_EI_Hybrid_Fixed,re34,212,1664.8152919818235,7.396762203615872,0.106739433515606
MOBO_MOEAD_EI_Hybrid_Fixed,re34,213,1664.8384567068922,7.419844032418961,0.106691343220673
MOBO_MOEAD_EI_Hybrid_Fixed,re34,214,1664.8429149282556,7.390223442460756,0.1067532702114603
MOBO_MOEAD_EI_Hybrid_Fixed,re34,215,1664.867625745917,7.381352370445518,0.1066790964682565
MOBO_MOEAD_EI_Hybrid_Fixed,re34,216,1664.9013292891302,7.421625162217223,0.106675983317643
MOBO_MOEAD_EI_Hybrid_Fixed,re34,217,1664.9077202999872,7.530971364959525,0.1059932852219991
MOBO_MOEAD_EI_Hybrid_Fixed,re34,218,1664.909762534863,7.388795304575046,0.106671928827053
MOBO_MOEAD_EI_Hybrid_Fixed,re34,219,1664.9231230161638,7.368577356307692,0.1065272626780019
MOBO_MOEAD_EI_Hybrid_Fixed,re34,220,1664.9876515077829,8.325735070113977,0.0689520404551086
MOBO_MOEAD_EI_Hybrid_Fixed,re34,221,1664.9911873159067,8.3680667176536,0.0649100468384644
MOBO_MOEAD_EI_Hybrid_Fixed,re34,222,1664.9931191012406,7.984114204111835,0.0917579334194476
MOBO_MOEAD_EI_Hybrid_Fixed,re34,223,1665.0003875306634,8.368203754429482,0.0648901492994734
MOBO_MOEAD_EI_Hybrid_Fixed,re34,224,1665.002136682672,7.401428216189696,0.106230576290621
MOBO_MOEAD_EI_Hybrid_Fixed,re34,225,1665.0055742730367,7.338993604278482,0.1061247194202131
MOBO_MOEAD_EI_Hybrid_Fixed,re34,226,1665.0198099499637,8.329621647408434,0.068555275252009
MOBO_MOEAD_EI_Hybrid_Fixed,re34,227,1665.083131238235,8.402272093188229,0.0648591101540958
MOBO_MOEAD_EI_Hybrid_Fixed,re34,228,1665.0922096083725,8.278208950456039,0.0726155754659086
MOBO_MOEAD_EI_Hybrid_Fixed,re34,229,1665.1256150414213,8.240528178313934,0.0752453379994348
MOBO_MOEAD_EI_Hybrid_Fixed,re34,230,1665.1561190439386,7.389915798767747,0.1059169348738521
MOBO_MOEAD_EI_Hybrid_Fixed,re34,231,1665.1835698943312,8.376275993083226,0.0646114475786265
MOBO_MOEAD_EI_Hybrid_Fixed,re34,232,1665.2089736332075,8.187759820281553,0.0790578198542886
MOBO_MOEAD_EI_Hybrid_Fixed,re34,233,1665.228803100808,7.288576558349001,0.1050856230531351
MOBO_MOEAD_EI_Hybrid_Fixed,re34,234,1665.258345392137,8.345217500392328,0.0668327949733819
MOBO_MOEAD_EI_Hybrid_Fixed,re34,235,1665.266583806513,8.373364084198688,0.0644107703415853
MOBO_MOEAD_EI_Hybrid_Fixed,re34,236,1665.303969212438,8.365896212892368,0.0650556309448879
MOBO_MOEAD_EI_Hybrid_Fixed,re34,237,1665.3355436572083,7.24237609948218,0.1043087164871952
MOBO_MOEAD_EI_Hybrid_Fixed,re34,238,1665.3530912913077,8.145109706108238,0.081901462275016
MOBO_MOEAD_EI_Hybrid_Fixed,re34,239,1665.3761960242527,7.672042857223218,0.1030448869593287
MOBO_MOEAD_EI_Hybrid_Fixed,re34,240,1665.3777284434136,7.990014544601421,0.0910452638995494
MOBO_MOEAD_EI_Hybrid_Fixed,re34,241,1665.397938995623,7.243050487480445,0.1039880824514067
MOBO_MOEAD_EI_Hybrid_Fixed,re34,242,1665.4267274984588,7.2239403705155985,0.103716813541258
MOBO_MOEAD_EI_Hybrid_Fixed,re34,243,1665.4660321395688,7.209809364550255,0.1033821909855846
MOBO_MOEAD_EI_Hybrid_Fixed,re34,244,1665.474256720493,8.307901817915468,0.0698817092732498
MOBO_MOEAD_EI_Hybrid_Fixed,re34,245,1665.5020055453456,8.265385119356868,0.0732378158835408
MOBO_MOEAD_EI_Hybrid_Fixed,re34,246,1665.5096030608522,7.954974499127196,0.0927257740518736
MOBO_MOEAD_EI_Hybrid_Fixed,re34,247,1665.5562463808708,8.37878209688865,0.0639063471917443
MOBO_MOEAD_EI_Hybrid_Fixed,re34,248,1665.5571367109765,7.186339261578061,0.1026733111592732
MOBO_MOEAD_EI_Hybrid_Fixed,re34,249,1665.5783188532346,8.225877354285632,0.0761708453676977
MOBO_MOEAD_EI_Hybrid_Fixed,re34,250,1665.5813364127478,8.388865087977951,0.0638942536100368
MOBO_MOEAD_EI_Hybrid_Fixed,re34,251,1665.619191443789,7.162677062135074,0.1020221582352186
MOBO_MOEAD_EI_Hybrid_Fixed,re34,252,1665.6229492271752,8.37075040886191,0.0646435460494625
MOBO_MOEAD_EI_Hybrid_Fixed,re34,253,1665.643202372603,8.38269543662091,0.0637415314931055
MOBO_MOEAD_EI_Hybrid_Fixed,re34,254,1665.644102483467,7.152027766254775,0.1017298854056162
MOBO_MOEAD_EI_Hybrid_Fixed,re34,255,1665.6489856730825,7.150949755586792,0.1017088962280444
MOBO_MOEAD_EI_Hybrid_Fixed,re34,256,1665.704548809656,8.292531914880604,0.0711020392869
MOBO_MOEAD_EI_Hybrid_Fixed,re34,257,1665.7537003951552,8.4056863318867,0.063618024590878
MOBO_MOEAD_EI_Hybrid_Fixed,re34,258,1665.754134852048,8.252672738023342,0.0741169236245769
MOBO_MOEAD_EI_Hybrid_Fixed,re34,259,1665.7590767937452,8.390284983145252,0.0635904553804978
MOBO_MOEAD_EI_Hybrid_Fixed,re34,260,1665.7701319765697,8.22117990726124,0.0769931552909187
MOBO_MOEAD_EI_Hybrid_Fixed,re34,261,1665.8220510465264,8.007432035276283,0.0897853865776805
MOBO_MOEAD_EI_Hybrid_Fixed,re34,262,1665.8391183845022,8.22406673610729,0.0762017950257168
MOBO_MOEAD_EI_Hybrid_Fixed,re34,263,1665.8595980801958,8.433498363322999,0.0635317270907126
MOBO_MOEAD_EI_Hybrid_Fixed,re34,264,1665.870530552688,8.311710425386133,0.0694806054975885
MOBO_MOEAD_EI_Hybrid_Fixed,re34,265,1665.886845994484,8.26894108896853,0.0728449455230383
MOBO_MOEAD_EI_Hybrid_Fixed,re34,266,1665.8899688384977,7.218139031282963,0.1015656126436902
MOBO_MOEAD_EI_Hybrid_Fixed,re34,267,1665.9493631136645,7.101137177304446,0.0996050073332841
MOBO_MOEAD_EI_Hybrid_Fixed,re34,268,1665.954833108089,8.188747485205692,0.0789333760395501
MOBO_MOEAD_EI_Hybrid_Fixed,re34,269,1666.0347522596585,8.38820700161891,0.0630316374802404
MOBO_MOEAD_EI_Hybrid_Fixed,re34,270,1666.043120834621,8.371195393483797,0.0645516427422371
MOBO_MOEAD_EI_Hybrid_Fixed,re34,271,1666.0478833108634,7.040192784716349,0.0973220480579385
MOBO_MOEAD_EI_Hybrid_Fixed,re34,272,1666.1006081924754,8.345036122863029,0.066786511161728
MOBO_MOEAD_EI_Hybrid_Fixed,re34,273,1666.117094335108,7.92104115261539,0.0937228449023555
MOBO_MOEAD_EI_Hybrid_Fixed,re34,274,1666.1204454642275,8.209051397189283,0.0772023377686256
MOBO_MOEAD_EI_Hybrid_Fixed,re34,275,1666.1320154957248,8.222400035664217,0.0763476499974021
MOBO_MOEAD_EI_Hybrid_Fixed,re34,276,1666.1734035680022,7.03790043991892,0.0965890691778654
MOBO_MOEAD_EI_Hybrid_Fixed,re34,277,1666.1749269338493,8.407235131313639,0.0628509153536702
MOBO_MOEAD_EI_Hybrid_Fixed,re34,278,1666.2033108432386,8.359282013268176,0.065490835792347
MOBO_MOEAD_EI_Hybrid_Fixed,re34,279,1666.2086618087435,7.95890201185458,0.092176716716872
MOBO_MOEAD_EI_Hybrid_Fixed,re34,280,1666.211456696256,7.043857469092494,0.0962291792659566
MOBO_MOEAD_EI_Hybrid_Fixed,re34,281,1666.2829603711891,8.163077080201498,0.080232019850555
MOBO_MOEAD_EI_Hybrid_Fixed,re34,282,1666.3039215094752,8.379654058800275,0.0638730531863079
MOBO_MOEAD_EI_Hybrid_Fixed,re34,283,1666.3045177092145,6.958978699634829,0.093381386934556
MOBO_MOEAD_EI_Hybrid_Fixed,re34,284,1666.3367487440134,6.954493482066101,0.0929818472778809
MOBO_MOEAD_EI_Hybrid_Fixed,re34,285,1666.3533303713357,6.94502003416425,0.0926159970575448
MOBO_MOEAD_EI_Hybrid_Fixed,re34,286,1666.354891650524,8.29497354099943,0.070682242078544
MOBO_MOEAD_EI_Hybrid_Fixed,re34,287,1666.4008886677157,6.956155496186659,0.0924315122172776
MOBO_MOEAD_EI_Hybrid_Fixed,re34,288,1666.444406815025,8.213466621533819,0.0770892818341207
MOBO_MOEAD_EI_Hybrid_Fixed,re34,289,1666.4724067820314,8.16601748393481,0.0799407668648184
MOBO_MOEAD_EI_Hybrid_Fixed,re34,290,1666.4729935938674,6.949203001852375,0.0923795254433817
MOBO_MOEAD_EI_Hybrid_Fixed,re34,291,1666.501153155195,8.533663816465102,0.0628235813364796
MOBO_MOEAD_EI_Hybrid_Fixed,re34,292,1666.5355011866868,8.203000745342415,0.0786895506314591
MOBO_MOEAD_EI_Hybrid_Fixed,re34,293,1666.5396358214016,8.301075338661473,0.0701523272332936
MOBO_MOEAD_EI_Hybrid_Fixed,re34,294,1666.5399461032048,8.362488100862958,0.0651781483283521
MOBO_MOEAD_EI_Hybrid_Fixed,re34,295,1666.547595451802,8.209903725041574,0.0769549837939057
MOBO_MOEAD_EI_Hybrid_Fixed,re34,296,1666.5830577632848,8.399491848515833,0.0620495535544905
MOBO_MOEAD_EI_Hybrid_Fixed,re34,297,1666.6057957463013,7.981232807108836,0.0904800095424941
MOBO_MOEAD_EI_Hybrid_Fixed,re34,298,1666.6120149384387,8.369431773327952,0.064615341424626
MOBO_MOEAD_EI_Hybrid_Fixed,re34,299,1666.6314540461071,8.211590532490296,0.0768003408646576
MOBO_MOEAD_EI_Hybrid_Fixed,re34,300,1666.640872758948,6.9580991704639965,0.0920131992240965
MOBO_MOEAD_EI_Hybrid_Fixed,re34,301,1666.6441057141851,8.269869179713988,0.0725191125499525
MOBO_MOEAD_EI_Hybrid_Fixed,re34,302,1666.64876181347,8.401197414946653,0.0619346281156353
MOBO_MOEAD_EI_Hybrid_Fixed,re34,303,1666.6495451843632,6.95406364771359,0.0921105549551965
MOBO_MOEAD_EI_Hybrid_Fixed,re34,304,1666.6747405050414,8.20834048912819,0.0771707859635285
MOBO_MOEAD_EI_Hybrid_Fixed,re34,305,1666.7057033386611,6.953700666776751,0.0919616476520987
MOBO_MOEAD_EI_Hybrid_Fixed,re34,306,1666.742772313935,8.201857097746348,0.0776583728505232
MOBO_MOEAD_EI_Hybrid_Fixed,re34,307,1666.7513042964092,7.043990201224943,0.0908701411071109
MOBO_MOEAD_EI_Hybrid_Fixed,re34,308,1666.752548072771,8.323288087667088,0.0683360115704297
MOBO_MOEAD_EI_Hybrid_Fixed,re34,309,1666.7527037506354,8.21966589050067,0.0761399045026802
MOBO_MOEAD_EI_Hybrid_Fixed,re34,310,1666.7598096625893,8.39865581995223,0.0620401888201915
MOBO_MOEAD_EI_Hybrid_Fixed,re34,311,1666.7773755344524,8.19173002839849,0.0783342294042976
MOBO_MOEAD_EI_Hybrid_Fixed,re34,312,1666.810717081614,7.035236920993742,0.091875505405098
MOBO_MOEAD_EI_Hybrid_Fixed,re34,313,1666.8347317585622,8.174944005294277,0.0794309128196104
MOBO_MOEAD_EI_Hybrid_Fixed,re34,314,1666.863817967126,7.016734937003285,0.0910057631691614
MOBO_MOEAD_EI_Hybrid_Fixed,re34,315,1666.893020335745,6.955298087438904,0.0916475827650888
MOBO_MOEAD_EI_Hybrid_Fixed,re34,316,1666.9273868375474,8.368751641935976,0.0646322754011465
MOBO_MOEAD_EI_Hybrid_Fixed,re34,317,1666.9546241848834,8.178768007016462,0.0788462338967078
MOBO_MOEAD_EI_Hybrid_Fixed,re34,318,1666.9721739265524,8.367342413385035,0.0649693209055818
MOBO_MOEAD_EI_Hybrid_Fixed,re34,319,1667.0088557123397,8.385284175963761,0.0632360618480568
MOBO_MOEAD_EI_Hybrid_Fixed,re34,320,1667.0141714753545,7.0916003342199,0.0902042092746779
MOBO_MOEAD_EI_Hybrid_Fixed,re34,321,1667.017821641913,8.413558705147215,0.0612922396553591
MOBO_MOEAD_EI_Hybrid_Fixed,re34,322,1667.0636755754308,6.977456175769394,0.0912346142345564
MOBO_MOEAD_EI_Hybrid_Fixed,re34,323,1667.0903846152326,6.95911142445542,0.0912930636896514
MOBO_MOEAD_EI_Hybrid_Fixed,re34,324,1667.0938809251277,8.408671991107322,0.0611301285846853
MOBO_MOEAD_EI_Hybrid_Fixed,re34,325,1667.1353824230523,8.302061995820514,0.0699888735821903
MOBO_MOEAD_EI_Hybrid_Fixed,re34,326,1667.1453293790053,8.158739557441486,0.0807814048785425
MOBO_MOEAD_EI_Hybrid_Fixed,re34,327,1667.1651541844517,8.428849963769443,0.0610685605394855
MOBO_MOEAD_EI_Hybrid_Fixed,re34,328,1667.1926841148363,6.964149089554778,0.0911798365367264
MOBO_MOEAD_EI_Hybrid_Fixed,re34,329,1667.1934398486594,6.9611027068534606,0.0911080052254708
MOBO_MOEAD_EI_Hybrid_Fixed,re34,330,1667.272530511167,8.086155892656334,0.0843899482043142
MOBO_MOEAD_EI_Hybrid_Fixed,re34,331,1667.2780751425644,7.184821736107354,0.0889002471586937
MOBO_MOEAD_EI_Hybrid_Fixed,re34,332,1667.2996510897644,7.181677126264581,0.0885916177589554
MOBO_MOEAD_EI_Hybrid_Fixed,re34,333,1667.3397230595394,7.166438997589686,0.0891010091844526
MOBO_MOEAD_EI_Hybrid_Fixed,re34,334,1667.3599979404248,7.1638066738795185,0.0889281975422557
MOBO_MOEAD_EI_Hybrid_Fixed,re34,335,1667.3887928217332,8.511306419588138,0.0610134172234711
MOBO_MOEAD_EI_Hybrid_Fixed,re34,336,1667.3945588882882,8.414481834194476,0.0605903057659022
MOBO_MOEAD_EI_Hybrid_Fixed,re34,337,1667.400269532066,7.177323905375564,0.0885571440505928
MOBO_MOEAD_EI_Hybrid_Fixed,re34,338,1667.4080923892552,7.161526512748429,0.0886994253024786
MOBO_MOEAD_EI_Hybrid_Fixed,re34,339,1667.4120623957017,7.180288255912666,0.088509480852231
MOBO_MOEAD_EI_Hybrid_Fixed,re34,340,1667.4198248541663,7.05709511882122,0.0897844770068482
MOBO_MOEAD_EI_Hybrid_Fixed,re34,341,1667.4402152111938,8.415369527902751,0.0605111460599755
MOBO_MOEAD_EI_Hybrid_Fixed,re34,342,1667.5441088739522,7.1235431372816755,0.0889364110113466
MOBO_MOEAD_EI_Hybrid_Fixed,re34,343,1667.5506367676544,8.417508249806243,0.0603101265500808
MOBO_MOEAD_EI_Hybrid_Fixed,re34,344,1667.5527403321769,8.385210826960979,0.0630804061230851
MOBO_MOEAD_EI_Hybrid_Fixed,re34,345,1667.584647321425,8.417804246764655,0.0602796273292995
MOBO_MOEAD_EI_Hybrid_Fixed,re34,346,1667.6139278160836,8.230592158081969,0.0750353449586832
MOBO_MOEAD_EI_Hybrid_Fixed,re34,347,1667.627466537689,8.418982186939294,0.0601721545236426
MOBO_MOEAD_EI_Hybrid_Fixed,re34,348,1667.6785684512704,8.404019164254823,0.0614611359561926
MOBO_MOEAD_EI_Hybrid_Fixed,re34,349,1667.6854304118583,7.058347058889623,0.089232611252535
MOBO_MOEAD_EI_Hybrid_Fixed,re34,350,1667.6869094249414,8.42055664470328,0.0600743848627088
MOBO_MOEAD_EI_Hybrid_Fixed,re34,351,1667.6870645492083,6.970640732088813,0.0902215805206643
MOBO_MOEAD_EI_Hybrid_Fixed,re34,352,1667.7223374425976,8.379182660867562,0.063582953413932
MOBO_MOEAD_EI_Hybrid_Fixed,re34,353,1667.7379352056666,8.33957315934221,0.0667871316824362
MOBO_MOEAD_EI_Hybrid_Fixed,re34,354,1667.751899278141,8.418501980570548,0.0602001805903753
MOBO_MOEAD_EI_Hybrid_Fixed,re34,355,1667.7763885493164,8.154498833081423,0.0815234544661545
MOBO_MOEAD_EI_Hybrid_Fixed,re34,356,1667.7918031931615,7.105804810992698,0.0891707576356932
MOBO_MOEAD_EI_Hybrid_Fixed,re34,357,1667.820258809917,7.15937208548104,0.088768794144175
MOBO_MOEAD_EI_Hybrid_Fixed,re34,358,1667.837070567162,6.992407324558558,0.0898460935008491
MOBO_MOEAD_EI_Hybrid_Fixed,re34,359,1667.8371066610405,7.118253696273227,0.0890501371759611
MOBO_MOEAD_EI_Hybrid_Fixed,re34,360,1667.8442824667416,7.072119469782948,0.0890021655182811
MOBO_MOEAD_EI_Hybrid_Fixed,re34,361,1667.8556936062855,8.343569600842649,0.0666258804791602
MOBO_MOEAD_EI_Hybrid_Fixed,re34,362,1667.864169692821,7.12128503175306,0.0884071511733936
MOBO_MOEAD_EI_Hybrid_Fixed,re34,363,1667.8958998388362,8.340382907717768,0.0666822810772665
MOBO_MOEAD_EI_Hybrid_Fixed,re34,364,1667.896891711392,8.366169832793663,0.0646008068382159
MOBO_MOEAD_EI_Hybrid_Fixed,re34,365,1667.917212122173,8.465115534947612,0.0598034446213807
MOBO_MOEAD_EI_Hybrid_Fixed,re34,366,1667.936914826974,8.31465768517559,0.0686873863015663
MOBO_MOEAD_EI_Hybrid_Fixed,re34,367,1667.9486624975002,6.984583230479231,0.0900862693848038
MOBO_MOEAD_EI_Hybrid_Fixed,re34,368,1667.9771882646187,6.984709651968646,0.0895995626877811
MOBO_MOEAD_EI_Hybrid_Fixed,re34,369,1667.9934865160697,8.295604560831363,0.070121963987665
MOBO_MOEAD_EI_Hybrid_Fixed,re34,370,1667.9954301402845,8.366136991700461,0.0646777911919647
MOBO_MOEAD_EI_Hybrid_Fixed,re34,371,1667.9964127966743,8.242117327985602,0.0740183819235253
MOBO_MOEAD_EI_Hybrid_Fixed,re34,372,1668.0185143218766,8.426566424544303,0.0594785986426911
MOBO_MOEAD_EI_Hybrid_Fixed,re34,373,1668.0443466138818,6.981946037807388,0.0897635059665951
MOBO_MOEAD_EI_Hybrid_Fixed,re34,374,1668.106091892766,6.997931144300627,0.0895549796893569
MOBO_MOEAD_EI_Hybrid_Fixed,re34,375,1668.115286865506,8.204673731270027,0.076530723421254
MOBO_MOEAD_EI_Hybrid_Fixed,re34,376,1668.1164657015977,8.2810241284091,0.0713272861068697
MOBO_MOEAD_EI_Hybrid_Fixed,re34,377,1668.14751418965,8.178326071904513,0.0782401862686671
MOBO_MOEAD_EI_Hybrid_Fixed,re34,378,1668.1542640319055,8.43929947512314,0.0594364950612857
MOBO_MOEAD_EI_Hybrid_Fixed,re34,379,1668.1561120261592,8.369266326767262,0.0643904435782606
MOBO_MOEAD_EI_Hybrid_Fixed,re34,380,1668.164363262283,8.430361667441346,0.0592289130896977
MOBO_MOEAD_EI_Hybrid_Fixed,re34,381,1668.1748869435369,7.369959110892252,0.0862178677403936
MOBO_MOEAD_EI_Hybrid_Fixed,re34,382,1668.1956767316717,8.44061655002898,0.0591977506454471
MOBO_MOEAD_EI_Hybrid_Fixed,re34,383,1668.24283425021,7.204774420536763,0.0883340794671955
MOBO_MOEAD_EI_Hybrid_Fixed,re34,384,1668.28465739211,7.226339725455222,0.0881247349030419
MOBO_MOEAD_EI_Hybrid_Fixed,re34,385,1668.3036805660915,8.148812186243596,0.0800027318084792
MOBO_MOEAD_EI_Hybrid_Fixed,re34,386,1668.3814744207084,8.365121946377453,0.0646782681984237
MOBO_MOEAD_EI_Hybrid_Fixed,re34,387,1668.4229138771057,8.486002974526867,0.0589503656577692
MOBO_MOEAD_EI_Hybrid_Fixed,re34,388,1668.4313952300563,7.440749111230761,0.0845490240633579
MOBO_MOEAD_EI_Hybrid_Fixed,re34,389,1668.536710707923,8.122982395528648,0.0814017084002888
MOBO_MOEAD_EI_Hybrid_Fixed,re34,390,1668.6009615600906,8.323161988854002,0.0681522071231673
MOBO_MOEAD_EI_Hybrid_Fixed,re34,391,1668.69440606607,7.034593487299533,0.0894516643799307
MOBO_MOEAD_EI_Hybrid_Fixed,re34,392,1668.7044491004017,8.095241020360119,0.0833730969852529
MOBO_MOEAD_EI_Hybrid_Fixed,re34,393,1668.7306543571472,7.525152996492574,0.0839887821399013
MOBO_MOEAD_EI_Hybrid_Fixed,re34,394,1668.7477946275192,8.460371461333185,0.0582588381004964
MOBO_MOEAD_EI_Hybrid_Fixed,re34,395,1668.7676010961284,7.528177262362527,0.0833298721031498
MOBO_MOEAD_EI_Hybrid_Fixed,re34,396,1668.775386204925,7.458727366529232,0.0845218797538708
MOBO_MOEAD_EI_Hybrid_Fixed,re34,397,1668.7782715860076,8.374872445381277,0.0637748171489398
MOBO_MOEAD_EI_Hybrid_Fixed,re34,398,1668.803500006051,7.0089089347897655,0.0880119346990039
MOBO_MOEAD_EI_Hybrid_Fixed,re34,399,1668.8603443540485,8.444716040258918,0.0580613652468545
MOBO_MOEAD_EI_Hybrid_Fixed,re34,400,1668.9343155230176,7.475795082491244,0.0840520036291768
MOBO_MOEAD_EI_Hybrid_Fixed,re34,401,1669.0720941333434,8.457996041814873,0.0576245212325074
MOBO_MOEAD_EI_Hybrid_Fixed,re34,402,1669.101921432787,8.414127970031618,0.0603867121298103
MOBO_MOEAD_EI_Hybrid_Fixed,re34,403,1669.135291413867,8.404003894740667,0.0613880031343743
MOBO_MOEAD_EI_Hybrid_Fixed,re34,404,1669.1375011011055,7.203589695181246,0.0855128948552152
MOBO_MOEAD_EI_Hybrid_Fixed,re34,405,1669.152793363122,7.529740561829666,0.0832492261531953
MOBO_MOEAD_EI_Hybrid_Fixed,re34,406,1669.1891294057982,7.458682758727369,0.0831663690396458
MOBO_MOEAD_EI_Hybrid_Fixed,re34,407,1669.2228060446132,8.356455430588097,0.0650582682406349
MOBO_MOEAD_EI_Hybrid_Fixed,re34,408,1669.2600072081816,7.332384334264336,0.0847334859828956
MOBO_MOEAD_EI_Hybrid_Fixed,re34,409,1669.2831075853926,8.452008262650835,0.0572203730967755
MOBO_MOEAD_EI_Hybrid_Fixed,re34,410,1669.3157719537408,7.002710663161466,0.0872713546165362
MOBO_MOEAD_EI_Hybrid_Fixed,re34,411,1669.3346903124416,8.337515233691004,0.0668167525404846
MOBO_MOEAD_EI_Hybrid_Fixed,re34,412,1669.3684537430167,7.025957223076309,0.0869274095986857
MOBO_MOEAD_EI_Hybrid_Fixed,re34,413,1669.4404942976396,7.488466779199944,0.0829392514828195
MOBO_MOEAD_EI_Hybrid_Fixed,re34,414,1669.4549497169685,8.235090306730894,0.0738221016540151
MOBO_MOEAD_EI_Hybrid_Fixed,re34,415,1669.5016049880082,8.475425804011504,0.0569834296625954
MOBO_MOEAD_EI_Hybrid_Fixed,re34,416,1669.5459086287285,7.390186934703555,0.0831100529358292
MOBO_MOEAD_EI_Hybrid_Fixed,re34,417,1669.5605284816152,7.461896714891089,0.082451660019291
MOBO_MOEAD_EI_Hybrid_Fixed,re34,418,1669.6135762563283,8.51500299841456,0.0569223611036576
MOBO_MOEAD_EI_Hybrid_Fixed,re34,419,1669.6171787412463,8.315945494760568,0.0684383737362918
MOBO_MOEAD_EI_Hybrid_Fixed,re34,420,1669.6403159675283,8.361877571862964,0.0646173576096815
MOBO_MOEAD_EI_Hybrid_Fixed,re34,421,1669.6684456021735,7.5261143038254925,0.08178737147685
MOBO_MOEAD_EI_Hybrid_Fixed,re34,422,1669.6722219730514,7.4425228442218705,0.0824420326927768
MOBO_MOEAD_EI_Hybrid_Fixed,re34,423,1669.707609321341,8.455072366344195,0.0569124877466199
MOBO_MOEAD_EI_Hybrid_Fixed,re34,424,1669.7270803850563,7.463012043278312,0.0821693119316489
MOBO_MOEAD_EI_Hybrid_Fixed,re34,425,1669.7658862869368,7.457657727389409,0.0821482150233563
MOBO_MOEAD_EI_Hybrid_Fixed,re34,426,1669.7770786487883,7.455180578743121,0.0824329726506887
MOBO_MOEAD_EI_Hybrid_Fixed,re34,427,1669.79425156915,7.464372105460375,0.0821302591913351
MOBO_MOEAD_EI_Hybrid_Fixed,re34,428,1669.8100572878895,8.33900364439094,0.0666945116159783
MOBO_MOEAD_EI_Hybrid_Fixed,re34,429,1669.8169182390775,7.473675713684265,0.0820679536501774
MOBO_MOEAD_EI_Hybrid_Fixed,re34,430,1669.8192740052857,7.042473765172017,0.0860715482825264
MOBO_MOEAD_EI_Hybrid_Fixed,re34,431,1669.8357797623833,8.481012892734688,0.0563675517154077
MOBO_MOEAD_EI_Hybrid_Fixed,re34,432,1669.8393833488483,8.141252729204261,0.0794646041342218
MOBO_MOEAD_EI_Hybrid_Fixed,re34,433,1669.8680669368966,8.512218214105403,0.0563481446841062
MOBO_MOEAD_EI_Hybrid_Fixed,re34,434,1669.886836884078,7.430023200908965,0.0829679294657426
MOBO_MOEAD_EI_Hybrid_Fixed,re34,435,1669.8937039320813,7.025884154845311,0.086096968752009
MOBO_MOEAD_EI_Hybrid_Fixed,re34,436,1669.8964681568511,8.461707196989407,0.0562063536323477
MOBO_MOEAD_EI_Hybrid_Fixed,re34,437,1669.8966051650784,7.61818279459584,0.0811225050136295
MOBO_MOEAD_EI_Hybrid_Fixed,re34,438,1669.898474592441,8.412211396350434,0.060516484736939
MOBO_MOEAD_EI_Hybrid_Fixed,re34,439,1669.9557338723916,7.255182924367027,0.0854856894544187
MOBO_MOEAD_EI_Hybrid_Fixed,re34,440,1669.9889959996883,8.465130887042312,0.0559423368633281
MOBO_MOEAD_EI_Hybrid_Fixed,re34,441,1670.0913584782168,7.579550181035514,0.0810769862087137
MOBO_MOEAD_EI_Hybrid_Fixed,re34,442,1670.1030106893836,7.43870794366972,0.0829329843308592
MOBO_MOEAD_EI_Hybrid_Fixed,re34,443,1670.1031289755315,8.332944454034672,0.0667644962448191
MOBO_MOEAD_EI_Hybrid_Fixed,re34,444,1670.1133636942343,7.574162545147604,0.0806913301300169
MOBO_MOEAD_EI_Hybrid_Fixed,re34,445,1670.1437475483465,7.258528840209313,0.0832935349333733
MOBO_MOEAD_EI_Hybrid_Fixed,re34,446,1670.1521438219906,7.47122532184623,0.0814061733887528
MOBO_MOEAD_EI_Hybrid_Fixed,re34,447,1670.16277041903,8.412644324624784,0.0603610686799777
MOBO_MOEAD_EI_Hybrid_Fixed,re34,448,1670.1709125517425,8.453560296486458,0.0569818812164134
MOBO_MOEAD_EI_Hybrid_Fixed,re34,449,1670.1795059450606,7.019017486127536,0.0857281380411851
MOBO_MOEAD_EI_Hybrid_Fixed,re34,450,1670.194553688887,7.593278057597288,0.080560452325044
MOBO_MOEAD_EI_Hybrid_Fixed,re34,451,1670.2453449123564,8.470506856102832,0.0554910340302193
MOBO_MOEAD_EI_Hybrid_Fixed,re34,452,1670.2494907536095,8.44248113811133,0.0579015007032145
MOBO_MOEAD_EI_Hybrid_Fixed,re34,453,1670.2793331491227,7.304035372225467,0.0826371923881195
MOBO_MOEAD_EI_Hybrid_Fixed,re34,454,1670.323456286989,8.471661436095916,0.0553432276761097
MOBO_MOEAD_EI_Hybrid_Fixed,re34,455,1670.3357848102492,8.455151423494373,0.0567187191827547
MOBO_MOEAD_EI_Hybrid_Fixed,re34,456,1670.3953343561848,7.647998127747412,0.0797107555308492
MOBO_MOEAD_EI_Hybrid_Fixed,re34,457,1670.3963119169632,8.472511364357135,0.0552087111860006
MOBO_MOEAD_EI_Hybrid_Fixed,re34,458,1670.403525506432,8.452621233571541,0.0570868617894648
MOBO_MOEAD_EI_Hybrid_Fixed,re34,459,1670.4105015874372,8.47330511515922,0.0551863502415858
MOBO_MOEAD_EI_Hybrid_Fixed,re34,460,1670.5201235255872,8.441043230010921,0.0578816536936087
MOBO_MOEAD_EI_Hybrid_Fixed,re34,461,1670.5252270291442,8.356674812015205,0.064742251343868
MOBO_MOEAD_EI_Hybrid_Fixed,re34,462,1670.547873294328,7.568993726005054,0.0800188739474867
MOBO_MOEAD_EI_Hybrid_Fixed,re34,463,1670.5609457105174,8.410055958755768,0.060607057615626
MOBO_MOEAD_EI_Hybrid_Fixed,re34,464,1670.5856760726624,8.445546517961036,0.0575876059984274
MOBO_MOEAD_EI_Hybrid_Fixed,re34,465,1670.6526460141524,8.469079043996116,0.0555694099457266
MOBO_MOEAD_EI_Hybrid_Fixed,re34,466,1670.655483766326,7.715368868767958,0.0788396358275966
MOBO_MOEAD_EI_Hybrid_Fixed,re34,467,1670.6577172820964,7.482539288503056,0.0804939618282761
MOBO_MOEAD_EI_Hybrid_Fixed,re34,468,1670.660148940044,8.443610186810888,0.0577381143621052
MOBO_MOEAD_EI_Hybrid_Fixed,re34,469,1670.6738064266776,8.461310217424737,0.0561438815241289
MOBO_MOEAD_EI_Hybrid_Fixed,re34,470,1670.7312319713374,8.446069863304244,0.0575206649230933
MOBO_MOEAD_EI_Hybrid_Fixed,re34,471,1670.7372061650192,8.444409885368234,0.0576638620526231
MOBO_MOEAD_EI_Hybrid_Fixed,re34,472,1670.769922441423,7.238102167659425,0.0841898341301305
MOBO_MOEAD_EI_Hybrid_Fixed,re34,473,1670.7751763838285,7.041224183755623,0.084543403743633
MOBO_MOEAD_EI_Hybrid_Fixed,re34,474,1670.7972510305422,7.270550480085504,0.0822444435472403
MOBO_MOEAD_EI_Hybrid_Fixed,re34,475,1670.801142111054,8.504589207904585,0.0545676065547211
MOBO_MOEAD_EI_Hybrid_Fixed,re34,476,1670.8172302673956,7.52210691989646,0.080222990789346
MOBO_MOEAD_EI_Hybrid_Fixed,re34,477,1670.8648801599015,7.549232383286246,0.0796393501564547
MOBO_MOEAD_EI_Hybrid_Fixed,re34,478,1670.8716649784294,8.362279161321077,0.0642065917082051
MOBO_MOEAD_EI_Hybrid_Fixed,re34,479,1670.8718062718835,7.484386002614799,0.0801200396249147
MOBO_MOEAD_EI_Hybrid_Fixed,re34,480,1670.882107534978,7.353213303960005,0.0816005070027371
MOBO_MOEAD_EI_Hybrid_Fixed,re34,481,1670.9298866725128,7.2114669514600465,0.082606706356226
MOBO_MOEAD_EI_Hybrid_Fixed,re34,482,1670.9395845650588,7.690110689191249,0.078532295141827
MOBO_MOEAD_EI_Hybrid_Fixed,re34,483,1670.9909434117078,8.361393773469915,0.0642352935404607
MOBO_MOEAD_EI_Hybrid_Fixed,re34,484,1671.0003249498009,8.359026022848086,0.0644210011795054
MOBO_MOEAD_EI_Hybrid_Fixed,re34,485,1671.0006043904357,8.536150478937234,0.0543321230216389
MOBO_MOEAD_EI_Hybrid_Fixed,re34,486,1671.048964813137,7.038354589833185,0.0841350751222736
MOBO_MOEAD_EI_Hybrid_Fixed,re34,487,1671.052996238195,8.543616353054409,0.0542564464496659
MOBO_MOEAD_EI_Hybrid_Fixed,re34,488,1671.1074068919802,7.608182482670569,0.0792485399889445
MOBO_MOEAD_EI_Hybrid_Fixed,re34,489,1671.1239052588496,7.223278222813349,0.082041762314515
MOBO_MOEAD_EI_Hybrid_Fixed,re34,490,1671.149475146488,7.58991490084035,0.0791826942718527
MOBO_MOEAD_EI_Hybrid_Fixed,re34,491,1671.177578127801,8.563401657926471,0.0541144185596166
MOBO_MOEAD_EI_Hybrid_Fixed,re34,492,1671.2152161497702,7.328533450212629,0.0809797116339641
MOBO_MOEAD_EI_Hybrid_Fixed,re34,493,1671.266451363155,7.59737607309188,0.0790038226269567
MOBO_MOEAD_EI_Hybrid_Fixed,re34,494,1671.2759253166769,7.638664152649826,0.0783153294322633
MOBO_MOEAD_EI_Hybrid_Fixed,re34,495,1671.2885060155054,7.591967265724788,0.0786176076619388
MOBO_MOEAD_EI_Hybrid_Fixed,re34,496,1671.2920684402768,7.523939604116776,0.0791374533975007
MOBO_MOEAD_EI_Hybrid_Fixed,re34,497,1671.306433252241,8.583630855119456,0.0539699490786562
MOBO_MOEAD_EI_Hybrid_Fixed,re34,498,1671.3142781460756,7.382557365353712,0.0803304450084235
MOBO_MOEAD_EI_Hybrid_Fixed,re34,499,1671.3163300004678,7.155752283065473,0.083835546405722
MOBO_MOEAD_EI_Hybrid_Fixed,re34,500,1671.347208253299,8.332490010577079,0.0677858958637806
MOBO_MOEAD_EI_Hybrid_Fixed,re34,501,1671.3481703186335,7.168505098159735,0.0825294527878477
MOBO_MOEAD_EI_Hybrid_Fixed,re34,502,1671.365179829894,8.592513100544068,0.0539029433003233
MOBO_MOEAD_EI_Hybrid_Fixed,re34,503,1671.400766100698,7.218579883013969,0.0822415387566412
MOBO_MOEAD_EI_Hybrid_Fixed,re34,504,1671.4055808345847,7.419392734923393,0.0797803530193994
MOBO_MOEAD_EI_Hybrid_Fixed,re34,505,1671.4151725358497,7.38759653414102,0.0800384477022715
MOBO_MOEAD_EI_Hybrid_Fixed,re34,506,1671.4300856170048,7.511211668116855,0.0797725929212724
MOBO_MOEAD_EI_Hybrid_Fixed,re34,507,1671.4456279474598,7.0643183815195885,0.0834679845625155
MOBO_MOEAD_EI_Hybrid_Fixed,re34,508,1671.4468244044665,8.604765658964045,0.0538778037137204
MOBO_MOEAD_EI_Hybrid_Fixed,re34,509,1671.4606313836232,7.0435147079060725,0.0834279017044299
MOBO_MOEAD_EI_Hybrid_Fixed,re34,510,1671.51454490155,7.154073669307081,0.0824460675579318
MOBO_MOEAD_EI_Hybrid_Fixed,re34,511,1671.623218267329,7.326950607332744,0.0802485109630946
MOBO_MOEAD_EI_Hybrid_Fixed,re34,512,1671.6488972368757,7.073800984933437,0.0829099228650426
MOBO_MOEAD_EI_Hybrid_Fixed,re34,513,1671.6497492291762,8.637938603886065,0.053615095443416
MOBO_MOEAD_EI_Hybrid_Fixed,re34,514,1671.6660896583949,7.055598649710189,0.0830042770618042
MOBO_MOEAD_EI_Hybrid_Fixed,re34,515,1671.681769859019,7.553736561209566,0.0784967286513872
MOBO_MOEAD_EI_Hybrid_Fixed,re34,516,1671.7644661067457,7.176223366597954,0.0817169631335466
MOBO_MOEAD_EI_Hybrid_Fixed,re34,517,1671.7811203377028,7.220708525248311,0.0813294811528037
MOBO_MOEAD_EI_Hybrid_Fixed,re34,518,1671.786125665327,7.158852939995377,0.0816446044276381
MOBO_MOEAD_EI_Hybrid_Fixed,re34,519,1671.8139471454583,8.672026341451977,0.0535177333151428
MOBO_MOEAD_EI_Hybrid_Fixed,re34,520,1671.8770488761872,8.673293536674445,0.053460273680586
MOBO_MOEAD_EI_Hybrid_Fixed,re34,521,1671.8808091772885,7.183900035836654,0.0814555709826983
MOBO_MOEAD_EI_Hybrid_Fixed,re34,522,1671.89845891201,7.1796692268003115,0.0815355200809525
MOBO_MOEAD_EI_Hybrid_Fixed,re34,523,1671.9001911713738,7.421698178881353,0.0797329437893017
MOBO_MOEAD_EI_Hybrid_Fixed,re34,524,1671.9048056352412,7.178820859877395,0.0815817844209765
MOBO_MOEAD_EI_Hybrid_Fixed,re34,525,1671.911737891607,7.39847414065373,0.0795673891035928
MOBO_MOEAD_EI_Hybrid_Fixed,re34,526,1671.919637225055,7.172788042757546,0.0816017323209359
MOBO_MOEAD_EI_Hybrid_Fixed,re34,527,1671.9383394707436,7.160133329279149,0.0813913332106454
MOBO_MOEAD_EI_Hybrid_Fixed,re34,528,1671.9583342913938,7.174428722092739,0.0813440121172675
MOBO_MOEAD_EI_Hybrid_Fixed,re34,529,1671.9641795330876,7.27446711170272,0.0810369111564049
MOBO_MOEAD_EI_Hybrid_Fixed,re34,530,1671.9865744734618,7.424110820898148,0.0788023300985405
MOBO_MOEAD_EI_Hybrid_Fixed,re34,531,1672.006940193872,7.1540971864266,0.081343209585636
MOBO_MOEAD_EI_Hybrid_Fixed,re34,532,1672.021384665454,8.701165709227608,0.0533043602541653
MOBO_MOEAD_EI_Hybrid_Fixed,re34,533,1672.0597616975751,7.22276193503185,0.0806769836043825
MOBO_MOEAD_EI_Hybrid_Fixed,re34,534,1672.0993470706558,7.17288909332829,0.0811797092692468
MOBO_MOEAD_EI_Hybrid_Fixed,re34,535,1672.100838494241,7.456097412682389,0.0786230422414829
MOBO_MOEAD_EI_Hybrid_Fixed,re34,536,1672.1260169790469,7.192245474652233,0.0808631381230799
MOBO_MOEAD_EI_Hybrid_Fixed,re34,537,1672.140093892476,8.716666492480098,0.0531845242362182
MOBO_MOEAD_EI_Hybrid_Fixed,re34,538,1672.1501452881555,7.130670347023642,0.0815975998449261
MOBO_MOEAD_EI_Hybrid_Fixed,re34,539,1672.174145980199,7.163275155741138,0.0811235507050193
MOBO_MOEAD_EI_Hybrid_Fixed,re34,540,1672.1861744584296,7.057533997425284,0.0821252964064777
MOBO_MOEAD_EI_Hybrid_Fixed,re34,541,1672.2024811532856,7.416169573716995,0.0791572373157376
MOBO_MOEAD_EI_Hybrid_Fixed,re34,542,1672.2085408955677,7.691027013838597,0.076400019552971
MOBO_MOEAD_EI_Hybrid_Fixed,re34,543,1672.2298260794837,7.303237501042949,0.0794874179023935
MOBO_MOEAD_EI_Hybrid_Fixed,re34,544,1672.2412558265034,7.409123832231506,0.0787653883169319
MOBO_MOEAD_EI_Hybrid_Fixed,re34,545,1672.254821360863,7.413770333448806,0.0784537586245409
MOBO_MOEAD_EI_Hybrid_Fixed,re34,546,1672.2725572756433,7.296527467262107,0.0794946673279957
MOBO_MOEAD_EI_Hybrid_Fixed,re34,547,1672.2762173096555,7.317000518164797,0.0792899450196765
MOBO_MOEAD_EI_Hybrid_Fixed,re34,548,1672.3011571543025,7.234412016972905,0.0802329353870889
MOBO_MOEAD_EI_Hybrid_Fixed,re34,549,1672.3299499216955,7.310586361723693,0.0792563348940727
MOBO_MOEAD_EI_Hybrid_Fixed,re34,550,1672.3410512497833,7.60718790822085,0.0783695115819254
MOBO_MOEAD_EI_Hybrid_Fixed,re34,551,1672.363266011121,7.1692111480262355,0.0807596575237576
MOBO_MOEAD_EI_Hybrid_Fixed,re34,552,1672.3884764353995,7.069479855178323,0.0816797824809559
MOBO_MOEAD_EI_Hybrid_Fixed,re34,553,1672.402708016578,7.295327103338714,0.0792969012345441
MOBO_MOEAD_EI_Hybrid_Fixed,re34,554,1672.4332403736291,7.089180430709921,0.0815017507511815
MOBO_MOEAD_EI_Hybrid_Fixed,re34,555,1672.4554991508865,8.768136287343918,0.0529515385204787
MOBO_MOEAD_EI_Hybrid_Fixed,re34,556,1672.511550768052,7.152066983095163,0.0806960192830219
MOBO_MOEAD_EI_Hybrid_Fixed,re34,557,1672.5126442182493,7.294763836718727,0.0792205283860345
MOBO_MOEAD_EI_Hybrid_Fixed,re34,558,1672.5395287786348,7.28479181476539,0.0791687866997822
MOBO_MOEAD_EI_Hybrid_Fixed,re34,559,1672.556662590967,7.26064696020933,0.0793769348512872
MOBO_MOEAD_EI_Hybrid_Fixed,re34,560,1672.6379761508133,7.173188462044416,0.0802587540986239
MOBO_MOEAD_EI_Hybrid_Fixed,re34,561,1672.6427855050804,7.3470973255748735,0.0784135310348023
MOBO_MOEAD_EI_Hybrid_Fixed,re34,562,1672.648996124192,7.233690763391491,0.0794954302524372
MOBO_MOEAD_EI_Hybrid_Fixed,re34,563,1672.7460080346395,8.815047244734407,0.0528231968106572
MOBO_MOEAD_EI_Hybrid_Fixed,re34,564,1672.7740868620429,7.152352753800136,0.0801596602637441
MOBO_MOEAD_EI_Hybrid_Fixed,re34,565,1672.7909951366453,7.1967371482331615,0.079933919979597
MOBO_MOEAD_EI_Hybrid_Fixed,re34,566,1672.8093870480818,7.24317465032008,0.0792661970771564
MOBO_MOEAD_EI_Hybrid_Fixed,re34,567,1672.881390435252,7.699345353210205,0.0756787840152556
MOBO_MOEAD_EI_Hybrid_Fixed,re34,568,1672.8996715441451,7.664079241983798,0.0754431153653725
MOBO_MOEAD_EI_Hybrid_Fixed,re34,569,1672.933329703288,7.0719708876075185,0.0807838896531923
MOBO_MOEAD_EI_Hybrid_Fixed,re34,570,1672.9705028161875,7.518798577333976,0.0774314548987999
MOBO_MOEAD_EI_Hybrid_Fixed,re34,571,1672.9989744015818,7.295472632707464,0.0783228953260685
MOBO_MOEAD_EI_Hybrid_Fixed,re34,572,1673.004599148392,8.243929253275587,0.0724417320133015
MOBO_MOEAD_EI_Hybrid_Fixed,re34,573,1673.022936632501,7.685791086681824,0.0753839946753616
MOBO_MOEAD_EI_Hybrid_Fixed,re34,574,1673.1156789064328,7.163728387601229,0.0794785182584287
MOBO_MOEAD_EI_Hybrid_Fixed,re34,575,1673.1240494953763,7.092914606330388,0.0802451314117061
MOBO_MOEAD_EI_Hybrid_Fixed,re34,576,1673.1372641803096,7.378112917929783,0.0774182127129733
MOBO_MOEAD_EI_Hybrid_Fixed,re34,577,1673.1616449637484,8.885405773167559,0.0525664181667427
MOBO_MOEAD_EI_Hybrid_Fixed,re34,578,1673.180388233621,7.080829519002734,0.0803029741676662
MOBO_MOEAD_EI_Hybrid_Fixed,re34,579,1673.1986274265732,7.463438153793689,0.0765656759893601
MOBO_MOEAD_EI_Hybrid_Fixed,re34,580,1673.3175711569645,7.434746386786861,0.0768210595768046
MOBO_MOEAD_EI_Hybrid_Fixed,re34,581,1673.319931973257,7.340836680613498,0.0776833541818515
MOBO_MOEAD_EI_Hybrid_Fixed,re34,582,1673.3472587821138,7.584226984520888,0.0760100417687432
MOBO_MOEAD_EI_Hybrid_Fixed,re34,583,1673.3497608104226,7.663367403708406,0.0747941884454967
MOBO_MOEAD_EI_Hybrid_Fixed,re34,584,1673.3629073737363,7.234196493900336,0.0791221803404998
MOBO_MOEAD_EI_Hybrid_Fixed,re34,585,1673.3650683963758,7.084349629465328,0.0799719605024027
MOBO_MOEAD_EI_Hybrid_Fixed,re34,586,1673.3902291320776,7.659658381937804,0.0748223606229454
MOBO_MOEAD_EI_Hybrid_Fixed,re34,587,1673.4037950989946,7.256835831404993,0.0784109915101688
MOBO_MOEAD_EI_Hybrid_Fixed,re34,588,1673.4117132534768,7.59251606628009,0.0759369279920921
MOBO_MOEAD_EI_Hybrid_Fixed,re34,589,1673.4473084358428,7.505195780993387,0.0761501275331853
MOBO_MOEAD_EI_Hybrid_Fixed,re34,590,1673.4574777998205,7.595455883082775,0.0750059746234643
MOBO_MOEAD_EI_Hybrid_Fixed,re34,591,1673.472789384405,7.546159742368112,0.0761120557139422
MOBO_MOEAD_EI_Hybrid_Fixed,re34,592,1673.5217039535376,7.088634201248178,0.0798070817495242
MOBO_MOEAD_EI_Hybrid_Fixed,re34,593,1673.5218252500515,7.083342079391068,0.0797273329253363
MOBO_MOEAD_EI_Hybrid_Fixed,re34,594,1673.5377431061738,8.949056939216247,0.0524338492375916
MOBO_MOEAD_EI_Hybrid_Fixed,re34,595,1673.5962427149825,7.16890663196114,0.0786598488878372
MOBO_MOEAD_EI_Hybrid_Fixed,re34,596,1673.6105098610035,7.418004066044674,0.0763203580134637
MOBO_MOEAD_EI_Hybrid_Fixed,re34,597,1673.6327897661456,7.640587241763009,0.0747222307967592
MOBO_MOEAD_EI_Hybrid_Fixed,re34,598,1673.643132309405,7.431692822794933,0.0761466647270096
MOBO_MOEAD_EI_Hybrid_Fixed,re34,599,1673.6604091427478,7.646884670260226,0.0744712848695848
MOBO_MOEAD_EI_Hybrid_Fixed,re34,600,1673.670835626841,7.0862213289988585,0.0794598068293744
MOBO_MOEAD_EI_Hybrid_Fixed,re34,601,1673.7316725091218,7.66819439504692,0.074362743157677
MOBO_MOEAD_EI_Hybrid_Fixed,re34,602,1673.7374258478706,7.087508017026322,0.0793402539348365
MOBO_MOEAD_EI_Hybrid_Fixed,re34,603,1673.7684080117583,7.59977401187343,0.0744695288878399
MOBO_MOEAD_EI_Hybrid_Fixed,re34,604,1673.7764997963195,7.1055215623932755,0.0790737533803112
MOBO_MOEAD_EI_Hybrid_Fixed,re34,605,1673.802971909398,7.53688081335816,0.0759386316832311
MOBO_MOEAD_EI_Hybrid_Fixed,re34,606,1673.844674012974,9.000498721357037,0.0524058597167097
MOBO_MOEAD_EI_Hybrid_Fixed,re34,607,1673.8520022958876,7.116999596876689,0.0789545735254057
MOBO_MOEAD_EI_Hybrid_Fixed,re34,608,1673.8775801023255,7.090216144412249,0.0790886276968874
MOBO_MOEAD_EI_Hybrid_Fixed,re34,609,1673.973996150968,7.121238690350034,0.0789181099463874
MOBO_MOEAD_EI_Hybrid_Fixed,re34,610,1673.975296855749,7.348063093122777,0.0763722120063807
MOBO_MOEAD_EI_Hybrid_Fixed,re34,611,1673.9814974414169,7.179045468632888,0.0779425650388023
MOBO_MOEAD_EI_Hybrid_Fixed,re34,612,1674.1151729440094,7.1111028017886175,0.0784766038580058
MOBO_MOEAD_EI_Hybrid_Fixed,re34,613,1674.2252829008237,7.386620774554737,0.0756020992597184
MOBO_MOEAD_EI_Hybrid_Fixed,re34,614,1674.2882043676716,7.1316348203174424,0.0783564580996933
MOBO_MOEAD_EI_Hybrid_Fixed,re34,615,1674.3314770313432,7.437697594057559,0.07499107728827
MOBO_MOEAD_EI_Hybrid_Fixed,re34,616,1674.543536864083,7.118846414455333,0.0777185147685692
MOBO_MOEAD_EI_Hybrid_Fixed,re34,617,1674.7058114556617,7.93206085323467,0.0707546299806496
MOBO_MOEAD_EI_Hybrid_Fixed,re34,618,1674.7236538182046,7.909960682670588,0.0708453006786207
MOBO_MOEAD_EI_Hybrid_Fixed,re34,619,1674.7315374741147,7.949488963691239,0.0707195710120447
MOBO_MOEAD_EI_Hybrid_Fixed,re34,620,1674.7522176800212,7.851578313442971,0.0715217542464779
MOBO_MOEAD_EI_Hybrid_Fixed,re34,621,1674.792199733121,7.7109291077825795,0.0719648489013048
MOBO_MOEAD_EI_Hybrid_Fixed,re34,622,1674.8561502117354,7.942222359232264,0.070631717253393
MOBO_MOEAD_EI_Hybrid_Fixed,re34,623,1674.8651634967082,7.905089771993091,0.0706335612113537
MOBO_MOEAD_EI_Hybrid_Fixed,re34,624,1674.8738586574502,7.123736707742686,0.0771374308233098
MOBO_MOEAD_EI_Hybrid_Fixed,re34,625,1674.9169228753776,7.986863999224304,0.0701158288901264
MOBO_MOEAD_EI_Hybrid_Fixed,re34,626,1675.0170519999735,7.139747211251449,0.0768621596050438
MOBO_MOEAD_EI_Hybrid_Fixed,re34,627,1675.022553789866,8.042300341693265,0.0696641362049206
MOBO_MOEAD_EI_Hybrid_Fixed,re34,628,1675.1268095620978,7.95973205614093,0.0699005323114345
MOBO_MOEAD_EI_Hybrid_Fixed,re34,629,1675.2351502136564,7.126560816936307,0.0771065432291102
MOBO_MOEAD_EI_Hybrid_Fixed,re34,630,1675.2637741535214,7.1170152098228545,0.0765999293083753
MOBO_MOEAD_EI_Hybrid_Fixed,re34,631,1675.2782005152335,7.929748021892084,0.0698001124768468
MOBO_MOEAD_EI_Hybrid_Fixed,re34,632,1675.3224398440425,7.65410762333994,0.0714897953776992
MOBO_MOEAD_EI_Hybrid_Fixed,re34,633,1675.351808862227,7.683286546292088,0.0712317915203847
MOBO_MOEAD_EI_Hybrid_Fixed,re34,634,1675.3589093111027,7.308211629573728,0.0745343249190308
MOBO_MOEAD_EI_Hybrid_Fixed,re34,635,1675.3720762885876,7.229785786935779,0.075227367160658
MOBO_MOEAD_EI_Hybrid_Fixed,re34,636,1675.4255243540536,7.312859097083952,0.0743599998972918
MOBO_MOEAD_EI_Hybrid_Fixed,re34,637,1675.50602810985,8.113287087653353,0.0695111824355594
MOBO_MOEAD_EI_Hybrid_Fixed,re34,638,1675.579971205154,7.394851074917676,0.0732373329166628
MOBO_MOEAD_EI_Hybrid_Fixed,re34,639,1675.590312109834,7.228146693432541,0.0760735519986419
MOBO_MOEAD_EI_Hybrid_Fixed,re34,640,1675.592288488711,7.198512559439143,0.0751729737397538
MOBO_MOEAD_EI_Hybrid_Fixed,re34,641,1675.614620548944,7.273041473725871,0.0744886850825885
MOBO_MOEAD_EI_Hybrid_Fixed,re34,642,1675.635814097292,8.159485360452805,0.0688622827674693
MOBO_MOEAD_EI_Hybrid_Fixed,re34,643,1675.665163330368,7.303313519880959,0.0739938587623199
MOBO_MOEAD_EI_Hybrid_Fixed,re34,644,1675.6698903421357,7.2222251967472735,0.0750765465838864
MOBO_MOEAD_EI_Hybrid_Fixed,re34,645,1675.6821564286574,7.228867141514255,0.0750264786539365
MOBO_MOEAD_EI_Hybrid_Fixed,re34,646,1675.7221652638625,8.105574215845706,0.0687530719503319
MOBO_MOEAD_EI_Hybrid_Fixed,re34,647,1675.7302496642928,7.322926539258537,0.073856699285975
MOBO_MOEAD_EI_Hybrid_Fixed,re34,648,1675.8080017382983,7.356772229192107,0.0732385817185669
MOBO_MOEAD_EI_Hybrid_Fixed,re34,649,1675.8180989765738,7.316877317845848,0.0737127492144768
MOBO_MOEAD_EI_Hybrid_Fixed,re34,650,1675.8321295017963,7.259152806013235,0.0741785716750956
MOBO_MOEAD_EI_Hybrid_Fixed,re34,651,1675.8875467467917,7.286219004166834,0.073911612892158
MOBO_MOEAD_EI_Hybrid_Fixed,re34,652,1675.8912188275883,7.273764278585934,0.0739034324279596
MOBO_MOEAD_EI_Hybrid_Fixed,re34,653,1675.9086051360146,7.422231217716605,0.0725379777978528
MOBO_MOEAD_EI_Hybrid_Fixed,re34,654,1675.9092207606866,8.171422360680022,0.0675757373230335
MOBO_MOEAD_EI_Hybrid_Fixed,re34,655,1675.9239915624742,7.282793236171344,0.0738138128347453
MOBO_MOEAD_EI_Hybrid_Fixed,re34,656,1675.9727856507693,7.666308358607995,0.0703248811375744
MOBO_MOEAD_EI_Hybrid_Fixed,re34,657,1675.97714880229,7.864585873422123,0.0692983482545767
MOBO_MOEAD_EI_Hybrid_Fixed,re34,658,1675.9886223440992,7.471849117601981,0.0723099865298943
MOBO_MOEAD_EI_Hybrid_Fixed,re34,659,1676.015744377161,7.3920236254908,0.0725597848957496
MOBO_MOEAD_EI_Hybrid_Fixed,re34,660,1676.0169962958198,7.683680399893152,0.0701253604869518
MOBO_MOEAD_EI_Hybrid_Fixed,re34,661,1676.0178111780058,7.305619200547829,0.0733874070735043
MOBO_MOEAD_EI_Hybrid_Fixed,re34,662,1676.1275197510658,7.335723693253119,0.0729161455031448
MOBO_MOEAD_EI_Hybrid_Fixed,re34,663,1676.293895865527,7.375356803707445,0.0722791783428166
MOBO_MOEAD_EI_Hybrid_Fixed,re34,664,1676.3203760796214,7.381233259792657,0.0721697292978386
MOBO_MOEAD_EI_Hybrid_Fixed,re34,665,1676.363268236228,7.529413317486854,0.0707708762873625
MOBO_MOEAD_EI_Hybrid_Fixed,re34,666,1676.3984815610668,7.401040619946718,0.0718570220194355
MOBO_MOEAD_EI_Hybrid_Fixed,re34,667,1676.523074019887,7.446374078641589,0.0718429813825567
MOBO_MOEAD_EI_Hybrid_Fixed,re34,668,1676.526877532816,7.437250175122646,0.0713152894859594
MOBO_MOEAD_EI_Hybrid_Fixed,re34,669,1678.0289878920046,7.939877650147366,0.0659140832346082
MOBO_MOEAD_EI_Hybrid_Fixed,re34,670,1678.7980353575942,8.30137174603428,0.0622068552656577
MOBO_MOEAD_EI_Hybrid_Fixed,re37,0,0.0735351247605193,0.5826115840363197,0.5974400087902352
MOBO_MOEAD_EI_Hybrid_Fixed,re37,1,0.0749406465552761,0.5214938893966514,0.5389730273675593
MOBO_MOEAD_EI_Hybrid_Fixed,re37,2,0.0806227404471545,0.5843989791059566,0.4558229291999298
MOBO_MOEAD_EI_Hybrid_Fixed,re37,3,0.0836180792227667,0.4797162501033529,0.5162412147103558
MOBO_MOEAD_EI_Hybrid_Fixed,re37,4,0.0845976573981901,0.4789019275974947,0.5005376276831486
MOBO_MOEAD_EI_Hybrid_Fixed,re37,5,0.0857116476040107,0.4954924566350519,0.4899660932601837
MOBO_MOEAD_EI_Hybrid_Fixed,re37,6,0.0900028085071963,0.4813979866444151,0.4909943481760268
MOBO_MOEAD_EI_Hybrid_Fixed,re37,7,0.0907916248191612,0.4769806306111207,0.5453501318389201
MOBO_MOEAD_EI_Hybrid_Fixed,re37,8,0.0912615948037993,0.474557320765113,0.4928248915190385
MOBO_MOEAD_EI_Hybrid_Fixed,re37,9,0.0936223435837357,0.4741259365656265,0.5671486398791241
MOBO_MOEAD_EI_Hybrid_Fixed,re37,10,0.0944419596614083,0.4741191626512921,0.4962520818613329
MOBO_MOEAD_EI_Hybrid_Fixed,re37,11,0.0979169376387426,0.4703497574867229,0.4940605885947104
MOBO_MOEAD_EI_Hybrid_Fixed,re37,12,0.0985282187392291,0.4698521577516109,0.4843921479030559
MOBO_MOEAD_EI_Hybrid_Fixed,re37,13,0.1032061132369803,0.4674007528979196,0.4816838042027619
MOBO_MOEAD_EI_Hybrid_Fixed,re37,14,0.1052027996508589,0.4661564940383624,0.5228344554793423
MOBO_MOEAD_EI_Hybrid_Fixed,re37,15,0.1079257830507116,0.4643414164175987,0.5146771823078945
MOBO_MOEAD_EI_Hybrid_Fixed,re37,16,0.1096181498541485,0.5244612958418418,0.4466791967014943
MOBO_MOEAD_EI_Hybrid_Fixed,re37,17,0.1104853993103957,0.4622491071493153,0.4748672711290243
MOBO_MOEAD_EI_Hybrid_Fixed,re37,18,0.1124381479879172,0.5226036253831706,0.4405659734391667
MOBO_MOEAD_EI_Hybrid_Fixed,re37,19,0.1124756068852983,0.4747770365835804,0.4733439551318715
MOBO_MOEAD_EI_Hybrid_Fixed,re37,20,0.1141601597419883,0.5070403169838179,0.4487194267058552
MOBO_MOEAD_EI_Hybrid_Fixed,re37,21,0.1145527299900212,0.4619928142528604,0.5411178318852772
MOBO_MOEAD_EI_Hybrid_Fixed,re37,22,0.1148996319000553,0.4729833572241393,0.4572275631771917
MOBO_MOEAD_EI_Hybrid_Fixed,re37,23,0.1195623133922811,0.4887082748798441,0.4539013142573262
MOBO_MOEAD_EI_Hybrid_Fixed,re37,24,0.1196180991757009,0.4579760705086135,0.4950616755514976
MOBO_MOEAD_EI_Hybrid_Fixed,re37,25,0.1201709507848229,0.4573530708479962,0.4703934378736407
MOBO_MOEAD_EI_Hybrid_Fixed,re37,26,0.1216456625952308,0.4660617258850652,0.4636246753092147
MOBO_MOEAD_EI_Hybrid_Fixed,re37,27,0.1414386875895553,0.4429345257695179,0.4340697866861565
MOBO_MOEAD_EI_Hybrid_Fixed,re37,28,0.1444447661906718,0.7373795088045092,0.280791997891664
MOBO_MOEAD_EI_Hybrid_Fixed,re37,29,0.1513882847569649,0.4464384077166682,0.4156488380781494
MOBO_MOEAD_EI_Hybrid_Fixed,re37,30,0.1545853286017166,0.4355768789724628,0.4653837366569749
MOBO_MOEAD_EI_Hybrid_Fixed,re37,31,0.157195702311824,0.43324705916495,0.4136887011917566
MOBO_MOEAD_EI_Hybrid_Fixed,re37,32,0.1626849844719962,0.4330735082796644,0.5477150842123317
MOBO_MOEAD_EI_Hybrid_Fixed,re37,33,0.1647403761111115,0.428929682054651,0.4198058417364225
MOBO_MOEAD_EI_Hybrid_Fixed,re37,34,0.1665801406311299,0.8177909231853852,0.2101369801574793
MOBO_MOEAD_EI_Hybrid_Fixed,re37,35,0.1703373840153336,0.4264214404516279,0.407080275343312
MOBO_MOEAD_EI_Hybrid_Fixed,re37,36,0.1706285758366451,0.641425156270561,0.2623048018948685
MOBO_MOEAD_EI_Hybrid_Fixed,re37,37,0.1739903800129465,0.7986291385059021,0.1959043864063387
MOBO_MOEAD_EI_Hybrid_Fixed,re37,38,0.1752322393764854,0.4247384065223234,0.4124814335653551
MOBO_MOEAD_EI_Hybrid_Fixed,re37,39,0.1754859769665093,0.7857439251676374,0.1952466950324682
MOBO_MOEAD_EI_Hybrid_Fixed,re37,40,0.1768252637026979,0.8041315484109871,0.1874661745121534
MOBO_MOEAD_EI_Hybrid_Fixed,re37,41,0.1780907404235965,0.669027789231772,0.2315002278419888
MOBO_MOEAD_EI_Hybrid_Fixed,re37,42,0.1797318126758773,0.7507353460000893,0.1945304473276394
MOBO_MOEAD_EI_Hybrid_Fixed,re37,43,0.1802348536681105,0.7294687396492324,0.200657386427138
MOBO_MOEAD_EI_Hybrid_Fixed,re37,44,0.1815643000178621,0.6922650968382384,0.2123183018769524
MOBO_MOEAD_EI_Hybrid_Fixed,re37,45,0.1834177636278923,0.8017692374859987,0.1754422285849475
MOBO_MOEAD_EI_Hybrid_Fixed,re37,46,0.1837252729096069,0.5400249712155145,0.3512012989320065
MOBO_MOEAD_EI_Hybrid_Fixed,re37,47,0.183991657207442,0.8415043132100731,0.1649582601977662
MOBO_MOEAD_EI_Hybrid_Fixed,re37,48,0.1848441573050765,0.6904337476858726,0.2048387327746553
MOBO_MOEAD_EI_Hybrid_Fixed,re37,49,0.1867679925150098,0.6598261683119946,0.214668490327991
MOBO_MOEAD_EI_Hybrid_Fixed,re37,50,0.1887870370128472,0.6095122160257062,0.2375773270875157
MOBO_MOEAD_EI_Hybrid_Fixed,re37,51,0.1896132378277205,0.6915299635066866,0.1919765535351019
MOBO_MOEAD_EI_Hybrid_Fixed,re37,52,0.1896639865295579,0.6245485856779794,0.229103827634344
MOBO_MOEAD_EI_Hybrid_Fixed,re37,53,0.1902822800699635,0.7769100079646952,0.1760985797632394
MOBO_MOEAD_EI_Hybrid_Fixed,re37,54,0.1905571604376309,0.5587352453871623,0.2811311644817912
MOBO_MOEAD_EI_Hybrid_Fixed,re37,55,0.1907981121510352,0.6154230932223056,0.2292098061472597
MOBO_MOEAD_EI_Hybrid_Fixed,re37,56,0.1909485073602132,0.6369357793125339,0.2164246233834925
MOBO_MOEAD_EI_Hybrid_Fixed,re37,57,0.1910960313382898,0.575042324368047,0.256326397561823
MOBO_MOEAD_EI_Hybrid_Fixed,re37,58,0.1917790405567393,0.7457249301410734,0.168377471441241
MOBO_MOEAD_EI_Hybrid_Fixed,re37,59,0.1925717023737759,0.7289923799786644,0.1680813511464389
MOBO_MOEAD_EI_Hybrid_Fixed,re37,60,0.1928878337106934,0.4124340568527267,0.3679115817038926
MOBO_MOEAD_EI_Hybrid_Fixed,re37,61,0.1930246672811359,0.7512993741186847,0.1675860839019248
MOBO_MOEAD_EI_Hybrid_Fixed,re37,62,0.1941204681137643,0.7117782710697433,0.1754341004362402
MOBO_MOEAD_EI_Hybrid_Fixed,re37,63,0.1946630260939717,0.7726081324194946,0.1514392301020614
MOBO_MOEAD_EI_Hybrid_Fixed,re37,64,0.1948188918411585,0.411984538992539,0.4114267367111651
MOBO_MOEAD_EI_Hybrid_Fixed,re37,65,0.1950964669747209,0.7022146111075076,0.1723478863379944
MOBO_MOEAD_EI_Hybrid_Fixed,re37,66,0.195604350849652,0.4825217181021303,0.3285766628938708
MOBO_MOEAD_EI_Hybrid_Fixed,re37,67,0.1956952029793554,0.7666785293899397,0.1538120364955208
MOBO_MOEAD_EI_Hybrid_Fixed,re37,68,0.1974803367054467,0.6167170679526297,0.2118001531548797
MOBO_MOEAD_EI_Hybrid_Fixed,re37,69,0.200255883409887,0.4276942203219949,0.3426417535640681
MOBO_MOEAD_EI_Hybrid_Fixed,re37,70,0.2003098891790289,0.4082764781004904,0.3581166220519564
MOBO_MOEAD_EI_Hybrid_Fixed,re37,71,0.200678944296322,0.5531750974102615,0.2462442954477458
MOBO_MOEAD_EI_Hybrid_Fixed,re37,72,0.2007744721417847,0.6541415295626892,0.2103761960964152
MOBO_MOEAD_EI_Hybrid_Fixed,re37,73,0.2010783460731414,0.5745430784382877,0.2303379866567426
MOBO_MOEAD_EI_Hybrid_Fixed,re37,74,0.2025582837551559,0.8043213547217071,0.126005579282004
MOBO_MOEAD_EI_Hybrid_Fixed,re37,75,0.2026626196401437,0.4994336098672073,0.3215798718772901
MOBO_MOEAD_EI_Hybrid_Fixed,re37,76,0.2032399928071949,0.4069719018504201,0.3602694520832029
MOBO_MOEAD_EI_Hybrid_Fixed,re37,77,0.2045822171280042,0.5348014217535464,0.2660176127251999
MOBO_MOEAD_EI_Hybrid_Fixed,re37,78,0.2067093477555076,0.5298623425672628,0.2493611828830854
MOBO_MOEAD_EI_Hybrid_Fixed,re37,79,0.2076584459791936,0.5070527461555405,0.2805855432572782
MOBO_MOEAD_EI_Hybrid_Fixed,re37,80,0.2076688406533068,0.5595848282143334,0.2273654186279204
MOBO_MOEAD_EI_Hybrid_Fixed,re37,81,0.2094372446910243,0.4066571005204669,0.5184773843587219
MOBO_MOEAD_EI_Hybrid_Fixed,re37,82,0.20954918749073,0.4045324920973921,0.4297055276234374
MOBO_MOEAD_EI_Hybrid_Fixed,re37,83,0.2103447494367361,0.466504036153453,0.3077056762844363
MOBO_MOEAD_EI_Hybrid_Fixed,re37,84,0.21165831473882,0.5003596983083543,0.2612217503542532
MOBO_MOEAD_EI_Hybrid_Fixed,re37,85,0.2125527762840379,0.4059199076752638,0.401731905597417
MOBO_MOEAD_EI_Hybrid_Fixed,re37,86,0.212898556130833,0.4019944509154924,0.3836133925190736
MOBO_MOEAD_EI_Hybrid_Fixed,re37,87,0.2129804183186488,0.4710041775862912,0.3027905737236185
MOBO_MOEAD_EI_Hybrid_Fixed,re37,88,0.2136507785680848,0.4011030795236062,0.3500211603551429
MOBO_MOEAD_EI_Hybrid_Fixed,re37,89,0.2158236110099285,0.4455012864029395,0.2991306565866294
MOBO_MOEAD_EI_Hybrid_Fixed,re37,90,0.2158718238279723,0.40524645044462,0.3336681106187395
MOBO_MOEAD_EI_Hybrid_Fixed,re37,91,0.2172073121214743,0.3991008884019733,0.3364398883080036
MOBO_MOEAD_EI_Hybrid_Fixed,re37,92,0.2176383314551443,0.5203888882183444,0.2320479922045327
MOBO_MOEAD_EI_Hybrid_Fixed,re37,93,0.2186048077244693,0.4969378760224585,0.2817187950856017
MOBO_MOEAD_EI_Hybrid_Fixed,re37,94,0.2188471373892693,0.5709842095992165,0.2212431927808575
MOBO_MOEAD_EI_Hybrid_Fixed,re37,95,0.218967510878398,0.5846336387155272,0.1868804099835516
MOBO_MOEAD_EI_Hybrid_Fixed,re37,96,0.2201080045432454,0.3979096321125097,0.3497231888192857
MOBO_MOEAD_EI_Hybrid_Fixed,re37,97,0.220214687676698,0.5382653960637017,0.2099618734454426
MOBO_MOEAD_EI_Hybrid_Fixed,re37,98,0.2238030269916271,0.691183746066091,0.0933309363975512
MOBO_MOEAD_EI_Hybrid_Fixed,re37,99,0.2238784525638534,0.3955969433248797,0.3306260609825162
MOBO_MOEAD_EI_Hybrid_Fixed,re37,100,0.2245177947585005,0.5270380781737255,0.2136655275187585
MOBO_MOEAD_EI_Hybrid_Fixed,re37,101,0.2249264035072921,0.6115626752249458,0.1411941549932063
MOBO_MOEAD_EI_Hybrid_Fixed,re37,102,0.2252818705492525,0.614252207686887,0.137041654323353
MOBO_MOEAD_EI_Hybrid_Fixed,re37,103,0.2264000802081139,0.5230715154343986,0.218391130805752
MOBO_MOEAD_EI_Hybrid_Fixed,re37,104,0.2269768487706277,0.7621926426545932,0.0698723892524885
MOBO_MOEAD_EI_Hybrid_Fixed,re37,105,0.2270254946380668,0.5348987068692711,0.1951368563855814
MOBO_MOEAD_EI_Hybrid_Fixed,re37,106,0.2270799723777492,0.5182346037596458,0.2149113924308792
MOBO_MOEAD_EI_Hybrid_Fixed,re37,107,0.2270931674502159,0.4787640772630316,0.2445409091628926
MOBO_MOEAD_EI_Hybrid_Fixed,re37,108,0.2271392668686907,0.5489087527881976,0.1919142808713479
MOBO_MOEAD_EI_Hybrid_Fixed,re37,109,0.2274400703502074,0.5252275103088805,0.2103273845859882
MOBO_MOEAD_EI_Hybrid_Fixed,re37,110,0.2275139334985812,0.5768562355903225,0.1750891703534237
MOBO_MOEAD_EI_Hybrid_Fixed,re37,111,0.2293492320566265,0.5269630825924622,0.1988337903202504
MOBO_MOEAD_EI_Hybrid_Fixed,re37,112,0.2300742322450934,0.6073429155397738,0.1261548176323159
MOBO_MOEAD_EI_Hybrid_Fixed,re37,113,0.2304656546982578,0.5660708664326998,0.1611550096473494
MOBO_MOEAD_EI_Hybrid_Fixed,re37,114,0.2307511140037392,0.6773049998445081,0.074042775032596
MOBO_MOEAD_EI_Hybrid_Fixed,re37,115,0.2311998605443458,0.3944175839468307,0.4467787438056166
MOBO_MOEAD_EI_Hybrid_Fixed,re37,116,0.2316626819866924,0.5735325662963892,0.1580631536482081
MOBO_MOEAD_EI_Hybrid_Fixed,re37,117,0.2318287577449932,0.5422670238154889,0.1905145265733116
MOBO_MOEAD_EI_Hybrid_Fixed,re37,118,0.2321957795216396,0.5570216633357038,0.1616430221606289
MOBO_MOEAD_EI_Hybrid_Fixed,re37,119,0.2324017324558978,0.5874437561796428,0.1525001427594043
MOBO_MOEAD_EI_Hybrid_Fixed,re37,120,0.2325734336110768,0.5491533481653452,0.1698064061292136
MOBO_MOEAD_EI_Hybrid_Fixed,re37,121,0.2329913526879933,0.5535219874370306,0.1670576838883117
MOBO_MOEAD_EI_Hybrid_Fixed,re37,122,0.2330170901153687,0.5670417258093308,0.1505057622043605
MOBO_MOEAD_EI_Hybrid_Fixed,re37,123,0.2330206528495406,0.3946098675709913,0.3989031785238613
MOBO_MOEAD_EI_Hybrid_Fixed,re37,124,0.2330432730612139,0.6248292931889683,0.113186333017444
MOBO_MOEAD_EI_Hybrid_Fixed,re37,125,0.233212948750919,0.6374890606431379,0.1116659215667418
MOBO_MOEAD_EI_Hybrid_Fixed,re37,126,0.2332175781596385,0.5300539515253808,0.1838326726348838
MOBO_MOEAD_EI_Hybrid_Fixed,re37,127,0.2336170618907516,0.5752309151019226,0.1416189822571123
MOBO_MOEAD_EI_Hybrid_Fixed,re37,128,0.2336978683769843,0.5406853802303572,0.1747021614747895
MOBO_MOEAD_EI_Hybrid_Fixed,re37,129,0.2346625070954449,0.5599093632892322,0.1518894434553725
MOBO_MOEAD_EI_Hybrid_Fixed,re37,130,0.2348844581944506,0.5083373716848897,0.1994143314074357
MOBO_MOEAD_EI_Hybrid_Fixed,re37,131,0.2361794158592189,0.527958408236396,0.1766394691667895
MOBO_MOEAD_EI_Hybrid_Fixed,re37,132,0.2365298441789028,0.3946327687540338,0.3034070452763996
MOBO_MOEAD_EI_Hybrid_Fixed,re37,133,0.236557732855964,0.5964442637723301,0.1141810607224174
MOBO_MOEAD_EI_Hybrid_Fixed,re37,134,0.2371889728874192,0.620829951903629,0.1036744608617286
MOBO_MOEAD_EI_Hybrid_Fixed,re37,135,0.2439193495454634,0.8296858706377264,0.0521401058520621
MOBO_MOEAD_EI_Hybrid_Fixed,re37,136,0.2441275547196273,0.51638692129837,0.1655564005819568
MOBO_MOEAD_EI_Hybrid_Fixed,re37,137,0.2455891850382245,0.674761920048094,0.0185439521280434
MOBO_MOEAD_EI_Hybrid_Fixed,re37,138,0.2464173348050439,0.3889723389044914,0.3330815187549785
MOBO_MOEAD_EI_Hybrid_Fixed,re37,139,0.2476549931017388,0.3865320878153926,0.4684119833215583
MOBO_MOEAD_EI_Hybrid_Fixed,re37,140,0.2478692159537297,0.7787233461467535,-0.0130095075682295
MOBO_MOEAD_EI_Hybrid_Fixed,re37,141,0.2490936182336626,0.591680277275452,0.0751939231420781
MOBO_MOEAD_EI_Hybrid_Fixed,re37,142,0.2496131462292808,0.6350488805718162,0.0593377469348173
MOBO_MOEAD_EI_Hybrid_Fixed,re37,143,0.2512646241200315,0.4505315269462918,0.2219006642874725
MOBO_MOEAD_EI_Hybrid_Fixed,re37,144,0.2512783482471118,0.395354034800731,0.2860219904608185
MOBO_MOEAD_EI_Hybrid_Fixed,re37,145,0.2529866591179996,0.3808553904048759,0.3076178330477407
MOBO_MOEAD_EI_Hybrid_Fixed,re37,146,0.2534434681706986,0.7701246395202834,-0.0348378903701696
MOBO_MOEAD_EI_Hybrid_Fixed,re37,147,0.2539269242144807,0.6647583475603118,-0.0101710776670185
MOBO_MOEAD_EI_Hybrid_Fixed,re37,148,0.2550531554879133,0.658200843580082,0.020481186265953
MOBO_MOEAD_EI_Hybrid_Fixed,re37,149,0.2555641468558539,0.3796868600943516,0.2814220906392486
MOBO_MOEAD_EI_Hybrid_Fixed,re37,150,0.2564541430352229,0.3794322250897431,0.3235863438793132
MOBO_MOEAD_EI_Hybrid_Fixed,re37,151,0.257017167016677,0.7974736178943056,-0.0959738941952983
MOBO_MOEAD_EI_Hybrid_Fixed,re37,152,0.2572639605323329,0.6721504590099473,-0.031766507172859
MOBO_MOEAD_EI_Hybrid_Fixed,re37,153,0.2590663159986364,0.3788040232142948,0.3504540632549736
MOBO_MOEAD_EI_Hybrid_Fixed,re37,154,0.259420079675545,0.4175060696214132,0.2345654753662069
MOBO_MOEAD_EI_Hybrid_Fixed,re37,155,0.2595071913508687,0.6366557683307267,-0.0095115334512367
MOBO_MOEAD_EI_Hybrid_Fixed,re37,156,0.259627045554384,0.4060222303187547,0.2569804485917472
MOBO_MOEAD_EI_Hybrid_Fixed,re37,157,0.2601199840595781,0.5622376482199912,0.0867725156555508
MOBO_MOEAD_EI_Hybrid_Fixed,re37,158,0.2601975424481593,0.3775204214099655,0.3158102060594105
MOBO_MOEAD_EI_Hybrid_Fixed,re37,159,0.2608030843163929,0.6184063697856418,0.0156414249894488
MOBO_MOEAD_EI_Hybrid_Fixed,re37,160,0.2611393032613744,0.6198263827748748,-0.0016209482272995
MOBO_MOEAD_EI_Hybrid_Fixed,re37,161,0.2616169378796234,0.3766354041899662,0.2885059102597543
MOBO_MOEAD_EI_Hybrid_Fixed,re37,162,0.2618699153846268,0.3768265942108122,0.2767283332077074
MOBO_MOEAD_EI_Hybrid_Fixed,re37,163,0.2624756657400621,0.591825770172241,0.0224684502630242
MOBO_MOEAD_EI_Hybrid_Fixed,re37,164,0.2625412033671214,0.6354083080567969,-0.0147381428252494
MOBO_MOEAD_EI_Hybrid_Fixed,re37,165,0.2626795487518713,0.717418341923952,-0.0925696459043353
MOBO_MOEAD_EI_Hybrid_Fixed,re37,166,0.2627728340648859,0.6295163248150721,-0.0191186669512775
MOBO_MOEAD_EI_Hybrid_Fixed,re37,167,0.2628149437748611,0.375980830719349,0.2953163552616906
MOBO_MOEAD_EI_Hybrid_Fixed,re37,168,0.2631645167644385,0.6527990675770244,-0.0409314829740061
MOBO_MOEAD_EI_Hybrid_Fixed,re37,169,0.2636379739053935,0.6342819138602107,-0.0281684471801291
MOBO_MOEAD_EI_Hybrid_Fixed,re37,170,0.2638310817239821,0.642556041284056,-0.0373625337634261
MOBO_MOEAD_EI_Hybrid_Fixed,re37,171,0.2641108289614413,0.3753928265236699,0.2885139568847358
MOBO_MOEAD_EI_Hybrid_Fixed,re37,172,0.2641157722124723,0.3762008650231154,0.2784802359013032
MOBO_MOEAD_EI_Hybrid_Fixed,re37,173,0.264706743927652,0.7271747081653475,-0.110278935415641
MOBO_MOEAD_EI_Hybrid_Fixed,re37,174,0.2651900723887571,0.6327005816858347,-0.0341264472167551
MOBO_MOEAD_EI_Hybrid_Fixed,re37,175,0.265446551630661,0.6265211967815122,-0.0288963726301684
MOBO_MOEAD_EI_Hybrid_Fixed,re37,176,0.2654657187514035,0.6294744950272343,-0.0321141052233502
MOBO_MOEAD_EI_Hybrid_Fixed,re37,177,0.2659632601456194,0.3748739265703975,0.3378551892021426
MOBO_MOEAD_EI_Hybrid_Fixed,re37,178,0.2661288877650827,0.6669545440827123,-0.0726683509976632
MOBO_MOEAD_EI_Hybrid_Fixed,re37,179,0.2664885927756644,0.3743266349251976,0.323045851569289
MOBO_MOEAD_EI_Hybrid_Fixed,re37,180,0.2669620676708662,0.6117985125136709,-0.0201663088657951
MOBO_MOEAD_EI_Hybrid_Fixed,re37,181,0.267386295996922,0.3736815358410093,0.3012526863918043
MOBO_MOEAD_EI_Hybrid_Fixed,re37,182,0.2676077433092572,0.5789464809798694,0.0152723494403755
MOBO_MOEAD_EI_Hybrid_Fixed,re37,183,0.2678158198940583,0.6304118519260271,-0.0329641962478923
MOBO_MOEAD_EI_Hybrid_Fixed,re37,184,0.2679319378925001,0.7136181199727125,-0.1206169068395925
MOBO_MOEAD_EI_Hybrid_Fixed,re37,185,0.2679655521368624,0.6664474835027858,-0.0823165817169315
MOBO_MOEAD_EI_Hybrid_Fixed,re37,186,0.2688529333560239,0.3737541206843812,0.2707870630277915
MOBO_MOEAD_EI_Hybrid_Fixed,re37,187,0.2700202801110795,0.7296253706480023,-0.1438441801782876
MOBO_MOEAD_EI_Hybrid_Fixed,re37,188,0.2707833112465057,0.3722721234084472,0.3269831060804647
MOBO_MOEAD_EI_Hybrid_Fixed,re37,189,0.2708169120371398,0.7075272059468505,-0.1341103038804757
MOBO_MOEAD_EI_Hybrid_Fixed,re37,190,0.2709412932085842,0.7478954943861379,-0.1596186561666817
MOBO_MOEAD_EI_Hybrid_Fixed,re37,191,0.2710727901897759,0.6619204930919979,-0.0958182812162341
MOBO_MOEAD_EI_Hybrid_Fixed,re37,192,0.2713017856877878,0.3727231567240301,0.256125465756136
MOBO_MOEAD_EI_Hybrid_Fixed,re37,193,0.2713309303989062,0.7049431703090008,-0.1287379331320256
MOBO_MOEAD_EI_Hybrid_Fixed,re37,194,0.2713887601130544,0.7757929792149387,-0.173432723261327
MOBO_MOEAD_EI_Hybrid_Fixed,re37,195,0.2714503410622193,0.7507617228871426,-0.1642905870212172
MOBO_MOEAD_EI_Hybrid_Fixed,re37,196,0.2718000269412813,0.3845609693784313,0.2512456212683624
MOBO_MOEAD_EI_Hybrid_Fixed,re37,197,0.2720727642839195,0.699342978453966,-0.1357911905542457
MOBO_MOEAD_EI_Hybrid_Fixed,re37,198,0.2726024650699097,0.6970053956706532,-0.1372628747119069
MOBO_MOEAD_EI_Hybrid_Fixed,re37,199,0.2727540040834167,0.4154324410247091,0.2190987795916706
MOBO_MOEAD_EI_Hybrid_Fixed,re37,200,0.2730434016178205,0.6946243128956687,-0.1381391179397791
MOBO_MOEAD_EI_Hybrid_Fixed,re37,201,0.2730777204028544,0.6613252200766871,-0.067058635449937
MOBO_MOEAD_EI_Hybrid_Fixed,re37,202,0.2732960626139102,0.6939369582549878,-0.1273751044312986
MOBO_MOEAD_EI_Hybrid_Fixed,re37,203,0.2736209008736168,0.7035925095964968,-0.1492515002786429
MOBO_MOEAD_EI_Hybrid_Fixed,re37,204,0.2741827281040047,0.6802042227593804,-0.1327438439962065
MOBO_MOEAD_EI_Hybrid_Fixed,re37,205,0.2747095965732273,0.6562999707731808,-0.1018935931103588
MOBO_MOEAD_EI_Hybrid_Fixed,re37,206,0.2750245487654739,0.7726771976502192,-0.1895700688661467
MOBO_MOEAD_EI_Hybrid_Fixed,re37,207,0.2750300901628468,0.7176780389249584,-0.1692893918978832
MOBO_MOEAD_EI_Hybrid_Fixed,re37,208,0.2751607907508159,0.6730089958833424,-0.1321033948902619
MOBO_MOEAD_EI_Hybrid_Fixed,re37,209,0.2752948597720245,0.7742303478184603,-0.1992987450662727
MOBO_MOEAD_EI_Hybrid_Fixed,re37,210,0.2753085837533816,0.7706805845858831,-0.1948370167826492
MOBO_MOEAD_EI_Hybrid_Fixed,re37,211,0.2755698039599513,0.7686866252484369,-0.1995041407453668
MOBO_MOEAD_EI_Hybrid_Fixed,re37,212,0.2756209872461219,0.5562633525398957,0.0131308242587188
MOBO_MOEAD_EI_Hybrid_Fixed,re37,213,0.2756367354775679,0.3710131931607859,0.2885568580174829
MOBO_MOEAD_EI_Hybrid_Fixed,re37,214,0.2758174700681616,0.7555319941949457,-0.1962045976307657
MOBO_MOEAD_EI_Hybrid_Fixed,re37,215,0.2759994111981252,0.7611745582088242,-0.1998053660910687
MOBO_MOEAD_EI_Hybrid_Fixed,re37,216,0.2760171112727639,0.5583312593858963,0.0047072925231696
MOBO_MOEAD_EI_Hybrid_Fixed,re37,217,0.276188163737334,0.7735629863427963,-0.2054063404913033
MOBO_MOEAD_EI_Hybrid_Fixed,re37,218,0.2768948226376466,0.752982389323689,-0.1951056722477815
MOBO_MOEAD_EI_Hybrid_Fixed,re37,219,0.2769842278636967,0.3995065230674335,0.2286339402864325
MOBO_MOEAD_EI_Hybrid_Fixed,re37,220,0.2771978454036747,0.369766340374539,0.3779108974789923
MOBO_MOEAD_EI_Hybrid_Fixed,re37,221,0.278567577942559,0.5474442456664221,0.0310707812249129
MOBO_MOEAD_EI_Hybrid_Fixed,re37,222,0.2789781598847073,0.369369284732064,0.3560616162258178
MOBO_MOEAD_EI_Hybrid_Fixed,re37,223,0.2798610970025498,0.7456607425155092,-0.1925956395726678
MOBO_MOEAD_EI_Hybrid_Fixed,re37,224,0.2803159032623646,0.3684997481117649,0.2758688253119981
MOBO_MOEAD_EI_Hybrid_Fixed,re37,225,0.2807054397513805,0.7464727560578068,-0.1981971315938736
MOBO_MOEAD_EI_Hybrid_Fixed,re37,226,0.2807256822547695,0.3847469082338503,0.2215880225765743
MOBO_MOEAD_EI_Hybrid_Fixed,re37,227,0.2808306275850408,0.3679311478681186,0.2519783547715661
MOBO_MOEAD_EI_Hybrid_Fixed,re37,228,0.2810232597907345,0.6970660841772309,-0.1967579105885606
MOBO_MOEAD_EI_Hybrid_Fixed,re37,229,0.2812837914384217,0.7417219733689936,-0.2208965863079388
MOBO_MOEAD_EI_Hybrid_Fixed,re37,230,0.2821267832938955,0.7614650279553257,-0.2466497965687637
MOBO_MOEAD_EI_Hybrid_Fixed,re37,231,0.2829216433912065,0.6610542506753018,-0.1226330308350089
MOBO_MOEAD_EI_Hybrid_Fixed,re37,232,0.2829777913062665,0.595959280624416,0.0033854271453564
MOBO_MOEAD_EI_Hybrid_Fixed,re37,233,0.2842196702290638,0.4838988181518358,0.0780770322058604
MOBO_MOEAD_EI_Hybrid_Fixed,re37,234,0.2842268148436541,0.6160231704333958,-0.0234883005393966
MOBO_MOEAD_EI_Hybrid_Fixed,re37,235,0.2842303209690916,0.5252993634915714,0.0608412043971442
MOBO_MOEAD_EI_Hybrid_Fixed,re37,236,0.2842774367421051,0.5179724960162341,0.0727256615653218
MOBO_MOEAD_EI_Hybrid_Fixed,re37,237,0.2844366167987459,0.7482027761729935,-0.260690549896604
MOBO_MOEAD_EI_Hybrid_Fixed,re37,238,0.2848802091493192,0.3717538557893202,0.2305189019488329
MOBO_MOEAD_EI_Hybrid_Fixed,re37,239,0.2850288204539475,0.3672116309066195,0.260579583101345
MOBO_MOEAD_EI_Hybrid_Fixed,re37,240,0.2850482008440148,0.3669378049371704,0.2487330224437427
MOBO_MOEAD_EI_Hybrid_Fixed,re37,241,0.2851900512596731,0.7437704123719058,-0.2501381082554406
MOBO_MOEAD_EI_Hybrid_Fixed,re37,242,0.2853849014738796,0.5206578093302173,0.0390076138974688
MOBO_MOEAD_EI_Hybrid_Fixed,re37,243,0.285579891551155,0.3645458690915204,0.307714284020949
MOBO_MOEAD_EI_Hybrid_Fixed,re37,244,0.2857423973129207,0.3658159118321036,0.2503161486954057
MOBO_MOEAD_EI_Hybrid_Fixed,re37,245,0.2857882457280898,0.487523754321944,0.0678112312099139
MOBO_MOEAD_EI_Hybrid_Fixed,re37,246,0.2858165876280342,0.4762015823195173,0.0838051704657711
MOBO_MOEAD_EI_Hybrid_Fixed,re37,247,0.285928066681736,0.66649824183154,-0.1678503738401036
MOBO_MOEAD_EI_Hybrid_Fixed,re37,248,0.2862672596528083,0.366140782270846,0.2326760726810068
MOBO_MOEAD_EI_Hybrid_Fixed,re37,249,0.2862833691070081,0.5688798247934359,-0.0623412431231525
MOBO_MOEAD_EI_Hybrid_Fixed,re37,250,0.286424586236044,0.3659797972157808,0.2342790944967783
MOBO_MOEAD_EI_Hybrid_Fixed,re37,251,0.2864669754762656,0.3657309163258544,0.2388086016163806
MOBO_MOEAD_EI_Hybrid_Fixed,re37,252,0.2882270979706556,0.3649054956331388,0.2570385057016003
MOBO_MOEAD_EI_Hybrid_Fixed,re37,253,0.2883278805188805,0.3655408675041577,0.240010249994635
MOBO_MOEAD_EI_Hybrid_Fixed,re37,254,0.2883943306028848,0.4744651120142451,0.0907490711331791
MOBO_MOEAD_EI_Hybrid_Fixed,re37,255,0.2889099653685315,0.6281165364520724,-0.1229578430775978
MOBO_MOEAD_EI_Hybrid_Fixed,re37,256,0.2890637748577729,0.7317565572888189,-0.3046382095665931
MOBO_MOEAD_EI_Hybrid_Fixed,re37,257,0.2892825842772627,0.4987168811236069,0.0528694886179891
MOBO_MOEAD_EI_Hybrid_Fixed,re37,258,0.2894049060460001,0.4911963534281605,0.0479554635730072
MOBO_MOEAD_EI_Hybrid_Fixed,re37,259,0.289592949132704,0.3648114675988698,0.2272539894870565
MOBO_MOEAD_EI_Hybrid_Fixed,re37,260,0.2902555124818627,0.4583015107291422,0.0955312681892312
MOBO_MOEAD_EI_Hybrid_Fixed,re37,261,0.2905616051379291,0.4037382475461777,0.1771238868653061
MOBO_MOEAD_EI_Hybrid_Fixed,re37,262,0.2906573926181879,0.3624369041503296,0.2706728582140634
MOBO_MOEAD_EI_Hybrid_Fixed,re37,263,0.2908564982209436,0.3831927040529058,0.2004571959139049
MOBO_MOEAD_EI_Hybrid_Fixed,re37,264,0.2912973120153951,0.5536782278599736,-0.0412215124697153
MOBO_MOEAD_EI_Hybrid_Fixed,re37,265,0.2914400947261586,0.6935262212687942,-0.2908626439824221
MOBO_MOEAD_EI_Hybrid_Fixed,re37,266,0.2914426684014161,0.4774280650454703,0.0812796585202066
MOBO_MOEAD_EI_Hybrid_Fixed,re37,267,0.2918325759010753,0.5539918568920608,-0.0686442605027394
MOBO_MOEAD_EI_Hybrid_Fixed,re37,268,0.2919443024869952,0.717704377502572,-0.3261869038248072
MOBO_MOEAD_EI_Hybrid_Fixed,re37,269,0.2932907270806207,0.5454817773156811,-0.0388001768431646
MOBO_MOEAD_EI_Hybrid_Fixed,re37,270,0.2943002980070024,0.361578027073309,0.2528684176880354
MOBO_MOEAD_EI_Hybrid_Fixed,re37,271,0.2946470761256262,0.3810885182925984,0.1944271649407029
MOBO_MOEAD_EI_Hybrid_Fixed,re37,272,0.29488346393944,0.661623481032809,-0.2831721759560092
MOBO_MOEAD_EI_Hybrid_Fixed,re37,273,0.2952054653162005,0.6901873261043864,-0.2963810898050949
MOBO_MOEAD_EI_Hybrid_Fixed,re37,274,0.2959180094402318,0.3740966722996474,0.2010056940488394
MOBO_MOEAD_EI_Hybrid_Fixed,re37,275,0.2964703044458732,0.3609030797866606,0.4244228151092719
MOBO_MOEAD_EI_Hybrid_Fixed,re37,276,0.2966039259959518,0.6618486397053265,-0.3039171347947113
MOBO_MOEAD_EI_Hybrid_Fixed,re37,277,0.2966079545198073,0.3602427358624198,0.2865602176575847
MOBO_MOEAD_EI_Hybrid_Fixed,re37,278,0.2968319384592616,0.7090901065733888,-0.3722007564103134
MOBO_MOEAD_EI_Hybrid_Fixed,re37,279,0.2969916414597381,0.6590265773452475,-0.3037349312072796
MOBO_MOEAD_EI_Hybrid_Fixed,re37,280,0.29722057659764,0.707238669605637,-0.3731026407279449
MOBO_MOEAD_EI_Hybrid_Fixed,re37,281,0.2972797302804898,0.673622447472292,-0.3316108743698525
MOBO_MOEAD_EI_Hybrid_Fixed,re37,282,0.2978869713393555,0.6599649255629078,-0.316968643826545
MOBO_MOEAD_EI_Hybrid_Fixed,re37,283,0.2981687302530752,0.5904262877307541,-0.1061765066971211
MOBO_MOEAD_EI_Hybrid_Fixed,re37,284,0.2981813127349264,0.6511114353805784,-0.304282055022445
MOBO_MOEAD_EI_Hybrid_Fixed,re37,285,0.2985712555600798,0.723912484527821,-0.3960565497808586
MOBO_MOEAD_EI_Hybrid_Fixed,re37,286,0.2988093030819357,0.3588074886962054,0.2572668214554428
MOBO_MOEAD_EI_Hybrid_Fixed,re37,287,0.2990277831570805,0.684750005904011,-0.3737539290168659
MOBO_MOEAD_EI_Hybrid_Fixed,re37,288,0.299065686014156,0.6897923631682888,-0.380791182409738
MOBO_MOEAD_EI_Hybrid_Fixed,re37,289,0.2991987590686769,0.3584254340502711,0.3496597267516014
MOBO_MOEAD_EI_Hybrid_Fixed,re37,290,0.2993235406787096,0.6836088074697775,-0.3797905419995717
MOBO_MOEAD_EI_Hybrid_Fixed,re37,291,0.2993345900664906,0.3586702946476442,0.288717300246454
MOBO_MOEAD_EI_Hybrid_Fixed,re37,292,0.2995176423229212,0.6816717574043475,-0.3763663811935041
MOBO_MOEAD_EI_Hybrid_Fixed,re37,293,0.2995801958322777,0.3659926149472063,0.2038017190154442
MOBO_MOEAD_EI_Hybrid_Fixed,re37,294,0.2999541155773992,0.7065751990792751,-0.416722080827436
MOBO_MOEAD_EI_Hybrid_Fixed,re37,295,0.3001192576680851,0.6872385232000888,-0.3955135477906503
MOBO_MOEAD_EI_Hybrid_Fixed,re37,296,0.3001462933135596,0.717869490270519,-0.4291321451174216
MOBO_MOEAD_EI_Hybrid_Fixed,re37,297,0.3001871245893489,0.7030353794943588,-0.4159402145404341
MOBO_MOEAD_EI_Hybrid_Fixed,re37,298,0.3001876078205284,0.3578852385126829,0.2638164242594299
MOBO_MOEAD_EI_Hybrid_Fixed,re37,299,0.3002049339755493,0.7091704571814902,-0.4226104726899536
MOBO_MOEAD_EI_Hybrid_Fixed,re37,300,0.3002200992628653,0.7111204298127604,-0.424722814926088
MOBO_MOEAD_EI_Hybrid_Fixed,re37,301,0.3002476942017537,0.6936763382446702,-0.4056933535334031
MOBO_MOEAD_EI_Hybrid_Fixed,re37,302,0.3002537544432502,0.7147159758064238,-0.4285275554747958
MOBO_MOEAD_EI_Hybrid_Fixed,re37,303,0.3002977702072181,0.7172641257958604,-0.4313537661683391
MOBO_MOEAD_EI_Hybrid_Fixed,re37,304,0.3002999999999999,0.7173999999999999,-0.4315
MOBO_MOEAD_EI_Hybrid_Fixed,re37,305,0.3003203860217222,0.6888564037092366,-0.4003819410914224
MOBO_MOEAD_EI_Hybrid_Fixed,re37,306,0.3003256303680452,0.5835846143011946,-0.1461243430507146
MOBO_MOEAD_EI_Hybrid_Fixed,re37,307,0.3004229696172348,0.6838968350334733,-0.3948612677412262
MOBO_MOEAD_EI_Hybrid_Fixed,re37,308,0.3004283989629959,0.3573047898020916,0.279987438989622
MOBO_MOEAD_EI_Hybrid_Fixed,re37,309,0.3006012801583261,0.677584270565651,-0.3878719142703702
MOBO_MOEAD_EI_Hybrid_Fixed,re37,310,0.3006134975436124,0.6772031845501293,-0.3874467462570665
MOBO_MOEAD_EI_Hybrid_Fixed,re37,311,0.3006948160704088,0.6747954429595389,-0.3847571319974755
MOBO_MOEAD_EI_Hybrid_Fixed,re37,312,0.300774376831981,0.6726204769996053,-0.3823220480543616
MOBO_MOEAD_EI_Hybrid_Fixed,re37,313,0.3007930818480087,0.672132034242676,-0.3817751576958643
MOBO_MOEAD_EI_Hybrid_Fixed,re37,314,0.300797083457652,0.6929208344221014,-0.4046164946354897
MOBO_MOEAD_EI_Hybrid_Fixed,re37,315,0.3013715353240429,0.6325153978058928,-0.3090775919433002
MOBO_MOEAD_EI_Hybrid_Fixed,re37,316,0.3014187673274301,0.6587627114401212,-0.3666990240119606
MOBO_MOEAD_EI_Hybrid_Fixed,re37,317,0.301523326282517,0.6569036838014818,-0.3645883793032757
MOBO_MOEAD_EI_Hybrid_Fixed,re37,318,0.3015736030343083,0.6522650885052346,-0.3560822277732367
MOBO_MOEAD_EI_Hybrid_Fixed,re37,319,0.3017716948453868,0.6974925348718003,-0.4091684549503503
MOBO_MOEAD_EI_Hybrid_Fixed,re37,320,0.3018445500342128,0.6516115099119826,-0.3585607410578679
MOBO_MOEAD_EI_Hybrid_Fixed,re37,321,0.302304457431974,0.3589630433891804,0.2277666777978838
MOBO_MOEAD_EI_Hybrid_Fixed,re37,322,0.3023314456307171,0.609237603490397,-0.2599372784856586
MOBO_MOEAD_EI_Hybrid_Fixed,re37,323,0.3027462330383462,0.6389922915769541,-0.3439926227991947
MOBO_MOEAD_EI_Hybrid_Fixed,re37,324,0.3028171971599233,0.6294155803355509,-0.3204886816598108
MOBO_MOEAD_EI_Hybrid_Fixed,re37,325,0.3028195554510015,0.6451814487689832,-0.3508936731638494
MOBO_MOEAD_EI_Hybrid_Fixed,re37,326,0.3028706313380986,0.636835147474882,-0.3406882690584657
MOBO_MOEAD_EI_Hybrid_Fixed,re37,327,0.3029072739049288,0.6359110283374454,-0.320687057032967
MOBO_MOEAD_EI_Hybrid_Fixed,re37,328,0.3030265547738894,0.5522516972475368,-0.0624365491890081
MOBO_MOEAD_EI_Hybrid_Fixed,re37,329,0.3032227564669281,0.6333450382833983,-0.3375365245564048
MOBO_MOEAD_EI_Hybrid_Fixed,re37,330,0.3032655149376089,0.6158691623508394,-0.2935986426871442
MOBO_MOEAD_EI_Hybrid_Fixed,re37,331,0.303563999557187,0.674395335068897,-0.383057137830248
MOBO_MOEAD_EI_Hybrid_Fixed,re37,332,0.3035747723868587,0.629348909624731,-0.3328119712200871
MOBO_MOEAD_EI_Hybrid_Fixed,re37,333,0.3036056318690794,0.3595647272982045,0.2037363954585526
MOBO_MOEAD_EI_Hybrid_Fixed,re37,334,0.3036899362987104,0.628148948371573,-0.3314675780159559
MOBO_MOEAD_EI_Hybrid_Fixed,re37,335,0.3038904304990871,0.6266416344303581,-0.3296305071699854
MOBO_MOEAD_EI_Hybrid_Fixed,re37,336,0.3041223551564251,0.6230568711514256,-0.324646023189129
MOBO_MOEAD_EI_Hybrid_Fixed,re37,337,0.3042800917660614,0.6221044579992492,-0.3244287113188764
MOBO_MOEAD_EI_Hybrid_Fixed,re37,338,0.3043192866059013,0.605161924531189,-0.2791894022740856
MOBO_MOEAD_EI_Hybrid_Fixed,re37,339,0.30450942956127,0.6198696861256426,-0.321807150271679
MOBO_MOEAD_EI_Hybrid_Fixed,re37,340,0.305137604916698,0.6140405704899643,-0.3149447583163643
MOBO_MOEAD_EI_Hybrid_Fixed,re37,341,0.3052368002974578,0.5493536729889744,-0.0908358636690974
MOBO_MOEAD_EI_Hybrid_Fixed,re37,342,0.305383793404654,0.3569872731879176,0.2425690595967039
MOBO_MOEAD_EI_Hybrid_Fixed,re37,343,0.30604159557274,0.6012905020529093,-0.2911555869800172
MOBO_MOEAD_EI_Hybrid_Fixed,re37,344,0.3060607681477814,0.6061207393133683,-0.3055643619676249
MOBO_MOEAD_EI_Hybrid_Fixed,re37,345,0.3063713833107555,0.6356379628720382,-0.3387714808212828
MOBO_MOEAD_EI_Hybrid_Fixed,re37,346,0.3064404958937079,0.5886614894049556,-0.2597581389571405
MOBO_MOEAD_EI_Hybrid_Fixed,re37,347,0.3066362797978199,0.6164417715674447,-0.3171084630314208
MOBO_MOEAD_EI_Hybrid_Fixed,re37,348,0.3066931034026132,0.3589269932106044,0.2146190654143048
MOBO_MOEAD_EI_Hybrid_Fixed,re37,349,0.3069035407599317,0.3541390232503246,0.3311334567832893
MOBO_MOEAD_EI_Hybrid_Fixed,re37,350,0.3072239275240941,0.5686193453757956,-0.2080695383900559
MOBO_MOEAD_EI_Hybrid_Fixed,re37,351,0.3079938218724103,0.6246019672125439,-0.3258203792013749
MOBO_MOEAD_EI_Hybrid_Fixed,re37,352,0.3083860585289809,0.6414001584306027,-0.3444163094120206
MOBO_MOEAD_EI_Hybrid_Fixed,re37,353,0.3087382341390116,0.6825768472768567,-0.3897249572648865
MOBO_MOEAD_EI_Hybrid_Fixed,re37,354,0.3089110461552041,0.5460051948094207,-0.0631652526240224
MOBO_MOEAD_EI_Hybrid_Fixed,re37,355,0.3099482960346165,0.6329574860553808,-0.3343643715374611
MOBO_MOEAD_EI_Hybrid_Fixed,re37,356,0.3101523160870933,0.5769289708465091,-0.270280440896516
MOBO_MOEAD_EI_Hybrid_Fixed,re37,357,0.3106041090571302,0.5687049238679289,-0.2490021745959175
MOBO_MOEAD_EI_Hybrid_Fixed,re37,358,0.3109303919038445,0.5708873608206748,-0.2596246267848425
MOBO_MOEAD_EI_Hybrid_Fixed,re37,359,0.3112506777191018,0.5307173342438192,-0.1453433719500684
MOBO_MOEAD_EI_Hybrid_Fixed,re37,360,0.3116007615674658,0.5896093489283092,-0.2830867895186168
MOBO_MOEAD_EI_Hybrid_Fixed,re37,361,0.3120747506423355,0.3557148684741881,0.2005523080378801
MOBO_MOEAD_EI_Hybrid_Fixed,re37,362,0.312260228190319,0.5265947235703167,-0.1368516603267323
MOBO_MOEAD_EI_Hybrid_Fixed,re37,363,0.3124106774410148,0.563016740964968,-0.2518043818475659
MOBO_MOEAD_EI_Hybrid_Fixed,re37,364,0.3125690601142541,0.542350700751957,-0.187110431406473
MOBO_MOEAD_EI_Hybrid_Fixed,re37,365,0.3131086861868477,0.5260781179917853,-0.1296315472634851
MOBO_MOEAD_EI_Hybrid_Fixed,re37,366,0.3142660404684599,0.5556252662555732,-0.242567865730851
MOBO_MOEAD_EI_Hybrid_Fixed,re37,367,0.3149497600198985,0.5223896870664614,-0.1509952872675391
MOBO_MOEAD_EI_Hybrid_Fixed,re37,368,0.3153881229506084,0.5168165574405725,-0.139252193343654
MOBO_MOEAD_EI_Hybrid_Fixed,re37,369,0.3157218014537558,0.5188978906262758,-0.147048047527391
MOBO_MOEAD_EI_Hybrid_Fixed,re37,370,0.3157653372556425,0.5236750867006196,-0.1609879501557113
MOBO_MOEAD_EI_Hybrid_Fixed,re37,371,0.3158689538864067,0.5273985979456848,-0.1711616048392115
MOBO_MOEAD_EI_Hybrid_Fixed,re37,372,0.3168332228604503,0.350903820509401,0.4659772905367818
MOBO_MOEAD_EI_Hybrid_Fixed,re37,373,0.3173252149868895,0.5610005180240807,-0.2478269938991318
MOBO_MOEAD_EI_Hybrid_Fixed,re37,374,0.3175199680148955,0.3595058676373336,0.1721948424841343
MOBO_MOEAD_EI_Hybrid_Fixed,re37,375,0.3176545985685424,0.5213118682630902,-0.1694711103110042
MOBO_MOEAD_EI_Hybrid_Fixed,re37,376,0.3183103033736678,0.3488426408273304,0.2623169635699947
MOBO_MOEAD_EI_Hybrid_Fixed,re37,377,0.3185127088781437,0.5311618573422647,-0.2082174911045355
MOBO_MOEAD_EI_Hybrid_Fixed,re37,378,0.3188621988099009,0.5051987712833699,-0.1312155199198147
MOBO_MOEAD_EI_Hybrid_Fixed,re37,379,0.3189097095543611,0.5169239106375929,-0.1497319657172212
MOBO_MOEAD_EI_Hybrid_Fixed,re37,380,0.3193643161606699,0.5175512228235178,-0.1536420921496314
MOBO_MOEAD_EI_Hybrid_Fixed,re37,381,0.3194021515271112,0.5209456308515652,-0.1834119538424835
MOBO_MOEAD_EI_Hybrid_Fixed,re37,382,0.3197653259917924,0.3475664033102854,0.3158710155406057
MOBO_MOEAD_EI_Hybrid_Fixed,re37,383,0.3199785900088771,0.347435331646068,0.2934183902547852
MOBO_MOEAD_EI_Hybrid_Fixed,re37,384,0.3206630735911347,0.576205039475407,-0.2628490604415254
MOBO_MOEAD_EI_Hybrid_Fixed,re37,385,0.3213301724845351,0.5444027053157225,-0.2276059756194654
MOBO_MOEAD_EI_Hybrid_Fixed,re37,386,0.3226099483684737,0.3535390346208395,0.1697742372578207
MOBO_MOEAD_EI_Hybrid_Fixed,re37,387,0.3227082057046856,0.5160265569054093,-0.1940834997701827
MOBO_MOEAD_EI_Hybrid_Fixed,re37,388,0.3228084933099384,0.34677397212897,0.4115090828388457
MOBO_MOEAD_EI_Hybrid_Fixed,re37,389,0.3228300380782336,0.3481712487211544,0.2731824730964374
MOBO_MOEAD_EI_Hybrid_Fixed,re37,390,0.3232525398974999,0.3457051644740213,0.3270518686149376
MOBO_MOEAD_EI_Hybrid_Fixed,re37,391,0.3233399647764212,0.3453902161500751,0.3079950843162791
MOBO_MOEAD_EI_Hybrid_Fixed,re37,392,0.3240797629524076,0.5270277365377145,-0.2073065852679532
MOBO_MOEAD_EI_Hybrid_Fixed,re37,393,0.3246608726730391,0.5602302136228994,-0.2450909392586192
MOBO_MOEAD_EI_Hybrid_Fixed,re37,394,0.3248982726609121,0.5057232298842551,-0.1808474989035414
MOBO_MOEAD_EI_Hybrid_Fixed,re37,395,0.3251261071123996,0.4889705535053355,-0.1063313372427793
MOBO_MOEAD_EI_Hybrid_Fixed,re37,396,0.3253669698514945,0.3447636480612901,0.3502092586202721
MOBO_MOEAD_EI_Hybrid_Fixed,re37,397,0.3255460645123142,0.3527427120740394,0.1642718745477498
MOBO_MOEAD_EI_Hybrid_Fixed,re37,398,0.3255509726632227,0.3467272060915213,0.2467908487459137
MOBO_MOEAD_EI_Hybrid_Fixed,re37,399,0.3257709951417377,0.344370348925073,0.3320995880763382
MOBO_MOEAD_EI_Hybrid_Fixed,re37,400,0.3259876431498395,0.3442632205666163,0.3278792990262545
MOBO_MOEAD_EI_Hybrid_Fixed,re37,401,0.3265496393148994,0.5385374442777119,-0.2190994402959628
MOBO_MOEAD_EI_Hybrid_Fixed,re37,402,0.3268038526129387,0.5659770558985074,-0.2527501418058446
MOBO_MOEAD_EI_Hybrid_Fixed,re37,403,0.3268399644080327,0.3489321787092147,0.1961420239981197
MOBO_MOEAD_EI_Hybrid_Fixed,re37,404,0.3269837118884176,0.4977206186726133,-0.170431394829481
MOBO_MOEAD_EI_Hybrid_Fixed,re37,405,0.3270477722342887,0.3438357282639515,0.2932109509258429
MOBO_MOEAD_EI_Hybrid_Fixed,re37,406,0.3271727918597248,0.3446060079980664,0.2910187739477345
MOBO_MOEAD_EI_Hybrid_Fixed,re37,407,0.3272577739690192,0.5694579552926812,-0.2565724003168056
MOBO_MOEAD_EI_Hybrid_Fixed,re37,408,0.3274251841333268,0.3433518616672037,0.2983623394244416
MOBO_MOEAD_EI_Hybrid_Fixed,re37,409,0.327914356075164,0.3431510066324787,0.2922773128836604
MOBO_MOEAD_EI_Hybrid_Fixed,re37,410,0.3286105565069416,0.3436710785466506,0.2617926817003939
MOBO_MOEAD_EI_Hybrid_Fixed,re37,411,0.3287560928463289,0.3428650381179273,0.3268320910572089
MOBO_MOEAD_EI_Hybrid_Fixed,re37,412,0.3292225698499956,0.3425932483121681,0.2860486192324674
MOBO_MOEAD_EI_Hybrid_Fixed,re37,413,0.3292306644387678,0.3447991772884536,0.2383570672315668
MOBO_MOEAD_EI_Hybrid_Fixed,re37,414,0.3294927005494699,0.3449029017914842,0.2310005826965793
MOBO_MOEAD_EI_Hybrid_Fixed,re37,415,0.3297376420057117,0.4197690847669744,0.0561263767123122
MOBO_MOEAD_EI_Hybrid_Fixed,re37,416,0.330503013259843,0.4800774173598574,-0.0941597551066656
MOBO_MOEAD_EI_Hybrid_Fixed,re37,417,0.3308304024450949,0.3417570978899326,0.3249585739940668
MOBO_MOEAD_EI_Hybrid_Fixed,re37,418,0.332580165295787,0.4791766799096205,-0.1057578679876818
MOBO_MOEAD_EI_Hybrid_Fixed,re37,419,0.3339037579885442,0.3401918804805947,0.3318589567646582
MOBO_MOEAD_EI_Hybrid_Fixed,re37,420,0.3349321022445291,0.4692326756155566,-0.1294309951679354
MOBO_MOEAD_EI_Hybrid_Fixed,re37,421,0.3353387658504191,0.3392877018781886,0.3154393279260158
MOBO_MOEAD_EI_Hybrid_Fixed,re37,422,0.3354754398732728,0.520555901635832,-0.1972085000134397
MOBO_MOEAD_EI_Hybrid_Fixed,re37,423,0.3355896349984799,0.3407273053624577,0.2713051429877837
MOBO_MOEAD_EI_Hybrid_Fixed,re37,424,0.3358320320662588,0.4601068012679322,-0.0840373049625119
MOBO_MOEAD_EI_Hybrid_Fixed,re37,425,0.3366555127469809,0.3405295529908907,0.3058467492912497
MOBO_MOEAD_EI_Hybrid_Fixed,re37,426,0.3367653984594688,0.3513116604722964,0.1759371992122016
MOBO_MOEAD_EI_Hybrid_Fixed,re37,427,0.3382898820144361,0.4584786527715647,-0.1147272150295474
MOBO_MOEAD_EI_Hybrid_Fixed,re37,428,0.3386842372701691,0.4483293531231673,-0.0533099305083967
MOBO_MOEAD_EI_Hybrid_Fixed,re37,429,0.3387595393618068,0.3392537847022878,0.2474829155538596
MOBO_MOEAD_EI_Hybrid_Fixed,re37,430,0.3395099645402067,0.4503947050117425,-0.0937072936730449
MOBO_MOEAD_EI_Hybrid_Fixed,re37,431,0.339743795194147,0.3379389946569121,0.3277613681894951
MOBO_MOEAD_EI_Hybrid_Fixed,re37,432,0.3410687571845113,0.4484181176857024,-0.0923742679138321
MOBO_MOEAD_EI_Hybrid_Fixed,re37,433,0.3422711500566864,0.4323138920992876,0.0052060409288593
MOBO_MOEAD_EI_Hybrid_Fixed,re37,434,0.3427046781456917,0.3363760067026652,0.2653723086998544
MOBO_MOEAD_EI_Hybrid_Fixed,re37,435,0.3428543601451907,0.445300230413811,-0.1004036690495088
MOBO_MOEAD_EI_Hybrid_Fixed,re37,436,0.3428571280236773,0.3359060115543411,0.3258853936205013
MOBO_MOEAD_EI_Hybrid_Fixed,re37,437,0.3430875770642711,0.3438984241808384,0.1688523020004082
MOBO_MOEAD_EI_Hybrid_Fixed,re37,438,0.3433105343151802,0.520017371438068,-0.1951422816766059
MOBO_MOEAD_EI_Hybrid_Fixed,re37,439,0.3440965813141493,0.3350992812626832,0.3546926853415895
MOBO_MOEAD_EI_Hybrid_Fixed,re37,440,0.3441173367886417,0.3347963767774977,0.3177084899139487
MOBO_MOEAD_EI_Hybrid_Fixed,re37,441,0.3446131526553394,0.3466255580662349,0.141225873044195
MOBO_MOEAD_EI_Hybrid_Fixed,re37,442,0.3446245814831866,0.4281823036862558,-0.047729244636468
MOBO_MOEAD_EI_Hybrid_Fixed,re37,443,0.3452502252365163,0.4358060102532517,-0.0827632352731091
MOBO_MOEAD_EI_Hybrid_Fixed,re37,444,0.3470952962587743,0.3343438740450608,0.3815997810209702
MOBO_MOEAD_EI_Hybrid_Fixed,re37,445,0.3492458775323102,0.333085703126883,0.3833716067931091
MOBO_MOEAD_EI_Hybrid_Fixed,re37,446,0.3495998019805781,0.454959271796314,-0.1134141795569557
MOBO_MOEAD_EI_Hybrid_Fixed,re37,447,0.3497439567541316,0.425823502623865,-0.0735644137919607
MOBO_MOEAD_EI_Hybrid_Fixed,re37,448,0.3528910955996965,0.41721311550458,-0.0602331272213008
MOBO_MOEAD_EI_Hybrid_Fixed,re37,449,0.3529687660074813,0.43598620912894,-0.0833923879470461
MOBO_MOEAD_EI_Hybrid_Fixed,re37,450,0.3534375285364186,0.3304912863753901,0.339896885815408
MOBO_MOEAD_EI_Hybrid_Fixed,re37,451,0.3537268805437661,0.3300955261747453,0.3488523352992642
MOBO_MOEAD_EI_Hybrid_Fixed,re37,452,0.3544606931867169,0.3294552376415361,0.2976336159565643
MOBO_MOEAD_EI_Hybrid_Fixed,re37,453,0.3548868357298782,0.3317161409045639,0.2393023392435534
MOBO_MOEAD_EI_Hybrid_Fixed,re37,454,0.3557415331110791,0.4281037397076865,-0.0772726281078004
MOBO_MOEAD_EI_Hybrid_Fixed,re37,455,0.3562235652196491,0.3436518034458513,0.153685659598443
MOBO_MOEAD_EI_Hybrid_Fixed,re37,456,0.3564358631645885,0.3328374180047218,0.2301548708727275
MOBO_MOEAD_EI_Hybrid_Fixed,re37,457,0.3568977398246407,0.406734205120998,-0.0450470611444295
MOBO_MOEAD_EI_Hybrid_Fixed,re37,458,0.3569817838399547,0.3284457833477021,0.3304620737515372
MOBO_MOEAD_EI_Hybrid_Fixed,re37,459,0.3570913151721963,0.3281343557067667,0.2949179999354221
MOBO_MOEAD_EI_Hybrid_Fixed,re37,460,0.3575140496308616,0.3279070643205105,0.3011571410625682
MOBO_MOEAD_EI_Hybrid_Fixed,re37,461,0.3576211740757809,0.3279464130660241,0.290149267282492
MOBO_MOEAD_EI_Hybrid_Fixed,re37,462,0.3576671477481898,0.3282231596193832,0.2870902550230417
MOBO_MOEAD_EI_Hybrid_Fixed,re37,463,0.3582070610748277,0.3276460591945666,0.3098202831619088
MOBO_MOEAD_EI_Hybrid_Fixed,re37,464,0.3589253733310923,0.4366105494087933,-0.0891183829854722
MOBO_MOEAD_EI_Hybrid_Fixed,re37,465,0.3598252960302841,0.3272366620524531,0.3338187830786753
MOBO_MOEAD_EI_Hybrid_Fixed,re37,466,0.3600442600116107,0.4323570875004697,-0.083413189642195
MOBO_MOEAD_EI_Hybrid_Fixed,re37,467,0.3600594196098586,0.3590834299257545,0.0879721544913736
MOBO_MOEAD_EI_Hybrid_Fixed,re37,468,0.3601739930807712,0.3265285222631902,0.3199990142992215
MOBO_MOEAD_EI_Hybrid_Fixed,re37,469,0.3607038776381396,0.3473143964189311,0.0905969686600198
MOBO_MOEAD_EI_Hybrid_Fixed,re37,470,0.3608347964925011,0.3266934369780658,0.3088531871011719
MOBO_MOEAD_EI_Hybrid_Fixed,re37,471,0.3614285154058411,0.3262976160266008,0.3275069161364434
MOBO_MOEAD_EI_Hybrid_Fixed,re37,472,0.3618473469833742,0.4699685942315949,-0.1321986629171004
MOBO_MOEAD_EI_Hybrid_Fixed,re37,473,0.3624713155450284,0.3255488484589431,0.3000232054926741
MOBO_MOEAD_EI_Hybrid_Fixed,re37,474,0.3636373482483931,0.332748708406217,0.1858529024993462
MOBO_MOEAD_EI_Hybrid_Fixed,re37,475,0.3647152101820035,0.3243835148207976,0.3489520320854379
MOBO_MOEAD_EI_Hybrid_Fixed,re37,476,0.365252042048225,0.3263910493451151,0.2392528009540467
MOBO_MOEAD_EI_Hybrid_Fixed,re37,477,0.3654563887528548,0.3823033151601662,-0.0025672280934339
MOBO_MOEAD_EI_Hybrid_Fixed,re37,478,0.3677830207797441,0.4793457334772299,-0.1433287568613297
MOBO_MOEAD_EI_Hybrid_Fixed,re37,479,0.3692647549937431,0.4374647418633747,-0.0906931635594661
MOBO_MOEAD_EI_Hybrid_Fixed,re37,480,0.3698444958092246,0.4660902655028197,-0.1203821194060993
MOBO_MOEAD_EI_Hybrid_Fixed,re37,481,0.3715409423262331,0.4293710055282114,-0.0801396303529742
MOBO_MOEAD_EI_Hybrid_Fixed,re37,482,0.3720388996692431,0.4635444917210561,-0.1238131798869447
MOBO_MOEAD_EI_Hybrid_Fixed,re37,483,0.3723868592251405,0.3704224395545545,0.0052074263286756
MOBO_MOEAD_EI_Hybrid_Fixed,re37,484,0.3732982060477528,0.3982750546573808,-0.0358158504696414
MOBO_MOEAD_EI_Hybrid_Fixed,re37,485,0.3734226468223212,0.3497162321047697,0.0856990428339174
MOBO_MOEAD_EI_Hybrid_Fixed,re37,486,0.3734978378083702,0.3960497720163241,-0.0173480029426828
MOBO_MOEAD_EI_Hybrid_Fixed,re37,487,0.373876689629856,0.3722789441039906,0.0027164581470844
MOBO_MOEAD_EI_Hybrid_Fixed,re37,488,0.3740693763262617,0.4648082584622061,-0.1252833886896572
MOBO_MOEAD_EI_Hybrid_Fixed,re37,489,0.3748945053550846,0.348587340893299,0.0550024130192289
MOBO_MOEAD_EI_Hybrid_Fixed,re37,490,0.3751060724782466,0.3644391728122864,0.0139388389677889
MOBO_MOEAD_EI_Hybrid_Fixed,re37,491,0.3754937883170334,0.3526678811499215,0.0453012004441961
MOBO_MOEAD_EI_Hybrid_Fixed,re37,492,0.3762080659855104,0.3612112150539299,0.0196280318579027
MOBO_MOEAD_EI_Hybrid_Fixed,re37,493,0.3765427300796146,0.456081946384245,-0.114479988097339
MOBO_MOEAD_EI_Hybrid_Fixed,re37,494,0.377289171669995,0.3178075095539335,0.3083694556966864
MOBO_MOEAD_EI_Hybrid_Fixed,re37,495,0.3790433135417083,0.3473113516881139,0.0521999460821617
MOBO_MOEAD_EI_Hybrid_Fixed,re37,496,0.379553198529174,0.3549010677310964,0.0279492398111833
MOBO_MOEAD_EI_Hybrid_Fixed,re37,497,0.3802345801536256,0.4695052169415875,-0.1305727394231223
MOBO_MOEAD_EI_Hybrid_Fixed,re37,498,0.3822551000669567,0.4281998859971139,-0.0793447012268138
MOBO_MOEAD_EI_Hybrid_Fixed,re37,499,0.3839072231926106,0.372886913540669,-0.000646238213417
MOBO_MOEAD_EI_Hybrid_Fixed,re37,500,0.3841135975123586,0.4231122580938741,-0.0728494291026888
MOBO_MOEAD_EI_Hybrid_Fixed,re37,501,0.38618818464497,0.4293383295548895,-0.0810646207304618
MOBO_MOEAD_EI_Hybrid_Fixed,re37,502,0.3877281062615965,0.4353167096513167,-0.088758923564798
MOBO_MOEAD_EI_Hybrid_Fixed,re37,503,0.3884026502891854,0.3188313441736603,0.2978955561751663
MOBO_MOEAD_EI_Hybrid_Fixed,re37,504,0.3886100983118424,0.3157989741612422,0.3180279332672245
MOBO_MOEAD_EI_Hybrid_Fixed,re37,505,0.3888492394758835,0.3162262024115044,0.2179116693888799
MOBO_MOEAD_EI_Hybrid_Fixed,re37,506,0.3888524301845054,0.361675069599034,0.0136335874168953
MOBO_MOEAD_EI_Hybrid_Fixed,re37,507,0.3906718796569758,0.4578528334250265,-0.1149969755203011
MOBO_MOEAD_EI_Hybrid_Fixed,re37,508,0.392849166874131,0.4272296534649554,-0.0788292600267817
MOBO_MOEAD_EI_Hybrid_Fixed,re37,509,0.3944631571645236,0.3108418659087201,0.248384254665171
MOBO_MOEAD_EI_Hybrid_Fixed,re37,510,0.3955444161403451,0.3670638308996682,0.0047202518820874
MOBO_MOEAD_EI_Hybrid_Fixed,re37,511,0.3955518092956357,0.3091948651253615,0.4268058236795353
MOBO_MOEAD_EI_Hybrid_Fixed,re37,512,0.3969635379253626,0.4164123576173359,-0.06531865045877
MOBO_MOEAD_EI_Hybrid_Fixed,re37,513,0.3969898023900184,0.4276321253094792,-0.0796271179457539
MOBO_MOEAD_EI_Hybrid_Fixed,re37,514,0.3971665099714448,0.4521719281579239,-0.1096902299287064
MOBO_MOEAD_EI_Hybrid_Fixed,re37,515,0.3973178917014696,0.3990654987542099,-0.0411060251827145
MOBO_MOEAD_EI_Hybrid_Fixed,re37,516,0.3979249919435825,0.4251833384231597,-0.0766003844642394
MOBO_MOEAD_EI_Hybrid_Fixed,re37,517,0.3983353636904194,0.3430444229298542,0.0399724208134275
MOBO_MOEAD_EI_Hybrid_Fixed,re37,518,0.4006157017795234,0.4278680164850976,-0.0801728719033321
MOBO_MOEAD_EI_Hybrid_Fixed,re37,519,0.4022218643041865,0.469302255200109,-0.1298304708611762
MOBO_MOEAD_EI_Hybrid_Fixed,re37,520,0.4033260555005323,0.3354744413122557,0.0603233616697905
MOBO_MOEAD_EI_Hybrid_Fixed,re37,521,0.4034381121208342,0.4631786180146773,-0.1226890728024858
MOBO_MOEAD_EI_Hybrid_Fixed,re37,522,0.4063009476777278,0.4296111001069932,-0.0827042425001664
MOBO_MOEAD_EI_Hybrid_Fixed,re37,523,0.407674042467897,0.332760607929031,0.0756186264588572
MOBO_MOEAD_EI_Hybrid_Fixed,re37,524,0.4083765456825744,0.4421477557012484,-0.0975962956018439
MOBO_MOEAD_EI_Hybrid_Fixed,re37,525,0.4084624330017107,0.4447334183197961,-0.1010393763435902
MOBO_MOEAD_EI_Hybrid_Fixed,re37,526,0.4086659692379845,0.4495667138628782,-0.1067611549616888
MOBO_MOEAD_EI_Hybrid_Fixed,re37,527,0.4094404971650707,0.418201736872536,-0.0686832104728113
MOBO_MOEAD_EI_Hybrid_Fixed,re37,528,0.40969859345124,0.4666534861590065,-0.1266467940032972
MOBO_MOEAD_EI_Hybrid_Fixed,re37,529,0.4103826343816548,0.4146289865035736,-0.0501678609411852
MOBO_MOEAD_EI_Hybrid_Fixed,re37,530,0.4113299376537253,0.4548657639681911,-0.1102791664478385
MOBO_MOEAD_EI_Hybrid_Fixed,re37,531,0.4128410985156433,0.4421246083309516,-0.0980994707250009
MOBO_MOEAD_EI_Hybrid_Fixed,re37,532,0.4131012100685449,0.3419726516323321,0.0417764883603851
MOBO_MOEAD_EI_Hybrid_Fixed,re37,533,0.4136896893515689,0.4291121767449271,-0.082590127379869
MOBO_MOEAD_EI_Hybrid_Fixed,re37,534,0.4138655942905543,0.4685239296019741,-0.1287299888960295
MOBO_MOEAD_EI_Hybrid_Fixed,re37,535,0.415910594311237,0.4473163151279648,-0.10430678418836
MOBO_MOEAD_EI_Hybrid_Fixed,re37,536,0.4173062302913131,0.2993111112234514,0.2449173806267882
MOBO_MOEAD_EI_Hybrid_Fixed,re37,537,0.4181237518800728,0.4544136948708846,-0.1125994775306438
MOBO_MOEAD_EI_Hybrid_Fixed,re37,538,0.419321285512044,0.2969764024231015,0.4520392770642597
MOBO_MOEAD_EI_Hybrid_Fixed,re37,539,0.4194421673000051,0.4024832955542246,-0.0489075820636234
MOBO_MOEAD_EI_Hybrid_Fixed,re37,540,0.4198330611392526,0.3157904579563257,0.1649025459193062
MOBO_MOEAD_EI_Hybrid_Fixed,re37,541,0.4242857630257257,0.45944085372154,-0.1169610702767499
MOBO_MOEAD_EI_Hybrid_Fixed,re37,542,0.4259715398201496,0.4162250678105656,-0.06661294735845
MOBO_MOEAD_EI_Hybrid_Fixed,re37,543,0.4263558035479527,0.2971334571846167,0.2211007304345613
MOBO_MOEAD_EI_Hybrid_Fixed,re37,544,0.4276061210967403,0.2918822048604005,0.3892485129745108
MOBO_MOEAD_EI_Hybrid_Fixed,re37,545,0.4282886587169141,0.4390902227526822,-0.0952743363419568
MOBO_MOEAD_EI_Hybrid_Fixed,re37,546,0.428615554533004,0.3358224027514945,0.0399603436689574
MOBO_MOEAD_EI_Hybrid_Fixed,re37,547,0.4290083776628084,0.4183776487964394,-0.0709920942333601
MOBO_MOEAD_EI_Hybrid_Fixed,re37,548,0.4293151880803632,0.2903735080093286,0.2959480888377226
MOBO_MOEAD_EI_Hybrid_Fixed,re37,549,0.4305396780539104,0.4027053089248679,-0.0507416957044644
MOBO_MOEAD_EI_Hybrid_Fixed,re37,550,0.4305920880971786,0.2895559370998476,0.3052950682838224
MOBO_MOEAD_EI_Hybrid_Fixed,re37,551,0.4310858917319095,0.2893689722485553,0.3250415240519617
MOBO_MOEAD_EI_Hybrid_Fixed,re37,552,0.4314059487236539,0.42911271042699,-0.0838801747454385
MOBO_MOEAD_EI_Hybrid_Fixed,re37,553,0.4314758913904887,0.2895814752740365,0.284670359753747
MOBO_MOEAD_EI_Hybrid_Fixed,re37,554,0.4317254510044805,0.2892184242411005,0.3357875453344465
MOBO_MOEAD_EI_Hybrid_Fixed,re37,555,0.4318219810193589,0.3533268112482423,0.0118929049869289
MOBO_MOEAD_EI_Hybrid_Fixed,re37,556,0.4318371124761891,0.2892719971869571,0.2878869732429205
MOBO_MOEAD_EI_Hybrid_Fixed,re37,557,0.4318585162833403,0.3259241943153467,0.0539021050765326
MOBO_MOEAD_EI_Hybrid_Fixed,re37,558,0.432199523919927,0.2918983016332113,0.2679418289376726
MOBO_MOEAD_EI_Hybrid_Fixed,re37,559,0.4325563512770352,0.2889981278996977,0.3665699154225652
MOBO_MOEAD_EI_Hybrid_Fixed,re37,560,0.4339068227458358,0.3141709002704662,0.1842567192481754
MOBO_MOEAD_EI_Hybrid_Fixed,re37,561,0.434032422193276,0.2878556193427175,0.2954999266352561
MOBO_MOEAD_EI_Hybrid_Fixed,re37,562,0.4340784666667062,0.4030316548648089,-0.0531062005976296
MOBO_MOEAD_EI_Hybrid_Fixed,re37,563,0.4344509498058896,0.2875674966805976,0.3011137484419716
MOBO_MOEAD_EI_Hybrid_Fixed,re37,564,0.4346688576320912,0.2960691397783006,0.1922727115916818
MOBO_MOEAD_EI_Hybrid_Fixed,re37,565,0.4351747274933152,0.3108992456970995,0.1107401079817533
MOBO_MOEAD_EI_Hybrid_Fixed,re37,566,0.4351781022104051,0.2874243430335133,0.2890409663383911
MOBO_MOEAD_EI_Hybrid_Fixed,re37,567,0.4352372270175342,0.2884111104630638,0.2794836129105101
MOBO_MOEAD_EI_Hybrid_Fixed,re37,568,0.435899952611092,0.4266002457405499,-0.0813146695647975
MOBO_MOEAD_EI_Hybrid_Fixed,re37,569,0.4361487966807316,0.4151782289790633,-0.0664413855625298
MOBO_MOEAD_EI_Hybrid_Fixed,re37,570,0.436310599260697,0.2875562397936916,0.2720343894145227
MOBO_MOEAD_EI_Hybrid_Fixed,re37,571,0.4365178656321703,0.2947272328820133,0.2321261021534132
MOBO_MOEAD_EI_Hybrid_Fixed,re37,572,0.4365481219887219,0.2873260212233645,0.3274703376860263
MOBO_MOEAD_EI_Hybrid_Fixed,re37,573,0.4371245475954883,0.4180231993893082,-0.0698360014003566
MOBO_MOEAD_EI_Hybrid_Fixed,re37,574,0.4371310687270465,0.2860445922157887,0.3105866428156038
MOBO_MOEAD_EI_Hybrid_Fixed,re37,575,0.4376733774978397,0.4293840650261241,-0.0846869682549365
MOBO_MOEAD_EI_Hybrid_Fixed,re37,576,0.4382779016420732,0.323128652123329,0.0783219253927539
MOBO_MOEAD_EI_Hybrid_Fixed,re37,577,0.4385678462635111,0.3212561848714224,0.0691356741152233
MOBO_MOEAD_EI_Hybrid_Fixed,re37,578,0.4386634766789918,0.4056272314222122,-0.0553770596673769
MOBO_MOEAD_EI_Hybrid_Fixed,re37,579,0.4390467952020651,0.3199220759979734,0.060754364436219
MOBO_MOEAD_EI_Hybrid_Fixed,re37,580,0.4399706755059711,0.4232592326203991,-0.077795364342305
MOBO_MOEAD_EI_Hybrid_Fixed,re37,581,0.4400326459721928,0.3204722166633164,0.0571056688834159
MOBO_MOEAD_EI_Hybrid_Fixed,re37,582,0.4407706317887513,0.4547691633212978,-0.1137357669917415
MOBO_MOEAD_EI_Hybrid_Fixed,re37,583,0.4407828310861851,0.4280388954491469,-0.0833931735487302
MOBO_MOEAD_EI_Hybrid_Fixed,re37,584,0.4410476675742435,0.4304097851281906,-0.0861407155213846
MOBO_MOEAD_EI_Hybrid_Fixed,re37,585,0.4413620002984578,0.2927560454283115,0.1951497708491774
MOBO_MOEAD_EI_Hybrid_Fixed,re37,586,0.441632656763789,0.2924078007901419,0.2149870195886942
MOBO_MOEAD_EI_Hybrid_Fixed,re37,587,0.4417735317400476,0.2864581027996889,0.246408450330575
MOBO_MOEAD_EI_Hybrid_Fixed,re37,588,0.4421630150982872,0.4246869806092147,-0.0796507960312354
MOBO_MOEAD_EI_Hybrid_Fixed,re37,589,0.4426684013265623,0.2933889480714919,0.1859693330212137
MOBO_MOEAD_EI_Hybrid_Fixed,re37,590,0.4426981153280472,0.2912294492511839,0.2015409736324956
MOBO_MOEAD_EI_Hybrid_Fixed,re37,591,0.4427873456218727,0.3249902434828629,0.0525981724961947
MOBO_MOEAD_EI_Hybrid_Fixed,re37,592,0.4448302460295825,0.3302590080659534,0.043244077227776
MOBO_MOEAD_EI_Hybrid_Fixed,re37,593,0.4449298536346318,0.285881102000478,0.3238213455563495
MOBO_MOEAD_EI_Hybrid_Fixed,re37,594,0.4450414442738594,0.327619846815824,0.0440291364958199
MOBO_MOEAD_EI_Hybrid_Fixed,re37,595,0.4463705016957776,0.4042749938711861,-0.0548049452426752
MOBO_MOEAD_EI_Hybrid_Fixed,re37,596,0.447036813404543,0.2809404119200507,0.2956833648590095
MOBO_MOEAD_EI_Hybrid_Fixed,re37,597,0.4492484629117878,0.282851188530244,0.2429145154627266
MOBO_MOEAD_EI_Hybrid_Fixed,re37,598,0.4493738228983187,0.289131137760114,0.191964727571117
MOBO_MOEAD_EI_Hybrid_Fixed,re37,599,0.4496856219655872,0.3143254799134151,0.064431814872214
MOBO_MOEAD_EI_Hybrid_Fixed,re37,600,0.451782854247346,0.315462021204594,0.0592380273339483
MOBO_MOEAD_EI_Hybrid_Fixed,re37,601,0.4517874217116393,0.4008651852026502,-0.05305420201037
MOBO_MOEAD_EI_Hybrid_Fixed,re37,602,0.4530674133445989,0.2895806109435893,0.17654621625491
MOBO_MOEAD_EI_Hybrid_Fixed,re37,603,0.4541623507878208,0.4098344994656297,-0.0593373754854965
MOBO_MOEAD_EI_Hybrid_Fixed,re37,604,0.4547135800834758,0.3107717223196722,0.069467186847119
MOBO_MOEAD_EI_Hybrid_Fixed,re37,605,0.4592756014275593,0.2780840918321279,0.2422171884595663
MOBO_MOEAD_EI_Hybrid_Fixed,re37,606,0.4593848219712249,0.2749050592302253,0.2999649881173029
MOBO_MOEAD_EI_Hybrid_Fixed,re37,607,0.4610454629953353,0.3104350910193464,0.0793703420978485
MOBO_MOEAD_EI_Hybrid_Fixed,re37,608,0.4616764019055527,0.2928579089638816,0.1393415093799873
MOBO_MOEAD_EI_Hybrid_Fixed,re37,609,0.4629226178294847,0.3082720771848883,0.0653124760477524
MOBO_MOEAD_EI_Hybrid_Fixed,re37,610,0.4633094467398058,0.2907474620289167,0.1387879597774682
MOBO_MOEAD_EI_Hybrid_Fixed,re37,611,0.4638706718916429,0.3974120180184771,-0.0508584442414361
MOBO_MOEAD_EI_Hybrid_Fixed,re37,612,0.4673342422168073,0.3062447156310691,0.0655842317658132
MOBO_MOEAD_EI_Hybrid_Fixed,re37,613,0.4683046138445761,0.2709130270497797,0.2820343210828739
MOBO_MOEAD_EI_Hybrid_Fixed,re37,614,0.4715811837610466,0.309563399552743,0.0586560416121387
MOBO_MOEAD_EI_Hybrid_Fixed,re37,615,0.4717670869685322,0.2877847514888471,0.1761143122162441
MOBO_MOEAD_EI_Hybrid_Fixed,re37,616,0.4758991481958654,0.3035416437159642,0.0922758507370612
MOBO_MOEAD_EI_Hybrid_Fixed,re37,617,0.4761247005762979,0.4063812764037055,-0.062936599542028
MOBO_MOEAD_EI_Hybrid_Fixed,re37,618,0.4779867991295653,0.3304084533456426,0.0273673834778328
MOBO_MOEAD_EI_Hybrid_Fixed,re37,619,0.4820448260252305,0.2985233734296901,0.0696367422014057
MOBO_MOEAD_EI_Hybrid_Fixed,re37,620,0.4853635205408038,0.2762938829549106,0.1768988310535746
MOBO_MOEAD_EI_Hybrid_Fixed,re37,621,0.4889030989462039,0.2675047098966135,0.198380550635906
MOBO_MOEAD_EI_Hybrid_Fixed,re37,622,0.4897725249321212,0.2668372738778337,0.2619904790893732
MOBO_MOEAD_EI_Hybrid_Fixed,re37,623,0.4912738154533287,0.2976464729004872,0.0662993721455699
MOBO_MOEAD_EI_Hybrid_Fixed,re37,624,0.4940327844331765,0.2555251813505649,0.3111471949392619
MOBO_MOEAD_EI_Hybrid_Fixed,re37,625,0.4945608059532313,0.291924260035663,0.0728078345981306
MOBO_MOEAD_EI_Hybrid_Fixed,re37,626,0.495461016132293,0.2798899444851941,0.1698618077622077
MOBO_MOEAD_EI_Hybrid_Fixed,re37,627,0.4971071608552751,0.3908293194496736,-0.0423632150951602
MOBO_MOEAD_EI_Hybrid_Fixed,re37,628,0.5019001055019353,0.2880420970146854,0.07455094284784
MOBO_MOEAD_EI_Hybrid_Fixed,re37,629,0.5059610684330426,0.34762984071238,-0.0024224630341632
MOBO_MOEAD_EI_Hybrid_Fixed,re37,630,0.5083332982660168,0.2499535474187995,0.4544290675259917
MOBO_MOEAD_EI_Hybrid_Fixed,re37,631,0.5091685606665357,0.2868384117349808,0.1611008374893818
MOBO_MOEAD_EI_Hybrid_Fixed,re37,632,0.5104909157390604,0.2524217454278649,0.237219248165738
MOBO_MOEAD_EI_Hybrid_Fixed,re37,633,0.5116834781964088,0.2493988560997,0.41610231462086
MOBO_MOEAD_EI_Hybrid_Fixed,re37,634,0.5139182878727734,0.2452121144227872,0.3350420709175737
MOBO_MOEAD_EI_Hybrid_Fixed,re37,635,0.5151634409714246,0.245676390541741,0.2680448262253652
MOBO_MOEAD_EI_Hybrid_Fixed,re37,636,0.5160953067993564,0.2443149638925885,0.2856392199335394
MOBO_MOEAD_EI_Hybrid_Fixed,re37,637,0.516868222148715,0.2444524232451692,0.2723925203218947
MOBO_MOEAD_EI_Hybrid_Fixed,re37,638,0.5183328880869851,0.2433585689584468,0.2867583328414892
MOBO_MOEAD_EI_Hybrid_Fixed,re37,639,0.5185628729554281,0.2445403806733978,0.2591331319140962
MOBO_MOEAD_EI_Hybrid_Fixed,re37,640,0.5188318701298266,0.2429213961239103,0.3417848133979053
MOBO_MOEAD_EI_Hybrid_Fixed,re37,641,0.5189608028944095,0.2431076959234708,0.2756821718461638
MOBO_MOEAD_EI_Hybrid_Fixed,re37,642,0.5194419823004716,0.242847367619641,0.2756677347977305
MOBO_MOEAD_EI_Hybrid_Fixed,re37,643,0.5194914215762071,0.2424040847274998,0.2831611927978342
MOBO_MOEAD_EI_Hybrid_Fixed,re37,644,0.5198052018999966,0.3481492540654023,-0.0068144834829385
MOBO_MOEAD_EI_Hybrid_Fixed,re37,645,0.5203019173765837,0.2421769450302502,0.2791255157775787
MOBO_MOEAD_EI_Hybrid_Fixed,re37,646,0.5206162504211769,0.2777681935140471,0.079739665571823
MOBO_MOEAD_EI_Hybrid_Fixed,re37,647,0.520636583605858,0.2438853472626227,0.2670289354099625
MOBO_MOEAD_EI_Hybrid_Fixed,re37,648,0.5208413305698197,0.2442850092476263,0.2486169217038412
MOBO_MOEAD_EI_Hybrid_Fixed,re37,649,0.5210996541472394,0.2421200789670906,0.4134951945063806
MOBO_MOEAD_EI_Hybrid_Fixed,re37,650,0.5212438687073161,0.2416068601952339,0.3831343567478633
MOBO_MOEAD_EI_Hybrid_Fixed,re37,651,0.5215636531452286,0.241846351971557,0.3453845037154881
MOBO_MOEAD_EI_Hybrid_Fixed,re37,652,0.5219422762358781,0.2498684969953105,0.2008957362560172
MOBO_MOEAD_EI_Hybrid_Fixed,re37,653,0.5220977458229527,0.2820021002369053,0.072769910780425
MOBO_MOEAD_EI_Hybrid_Fixed,re37,654,0.5226363764698945,0.3108890049475557,0.0502566973556776
MOBO_MOEAD_EI_Hybrid_Fixed,re37,655,0.5227024828635107,0.2456360142240042,0.2311458685334287
MOBO_MOEAD_EI_Hybrid_Fixed,re37,656,0.5231274969049768,0.2439447813835458,0.2650413563385463
MOBO_MOEAD_EI_Hybrid_Fixed,re37,657,0.5232330669386465,0.2412054166381128,0.2694045375779502
MOBO_MOEAD_EI_Hybrid_Fixed,re37,658,0.5237640847538577,0.2923781958712618,0.0649797641512253
MOBO_MOEAD_EI_Hybrid_Fixed,re37,659,0.5237685819667369,0.2408355342209867,0.4387566282377556
MOBO_MOEAD_EI_Hybrid_Fixed,re37,660,0.5238690037620817,0.2435827856864044,0.239854821031703
MOBO_MOEAD_EI_Hybrid_Fixed,re37,661,0.5239041107832254,0.2398712763506396,0.2958621528985304
MOBO_MOEAD_EI_Hybrid_Fixed,re37,662,0.5240866835480207,0.2394312807835786,0.2974070407191156
MOBO_MOEAD_EI_Hybrid_Fixed,re37,663,0.5242080387277736,0.2419953475169935,0.2534970254807556
MOBO_MOEAD_EI_Hybrid_Fixed,re37,664,0.5243396788309324,0.2465784682245967,0.2310288770408042
MOBO_MOEAD_EI_Hybrid_Fixed,re37,665,0.5243458444387432,0.3830765452749089,-0.0464033567904004
MOBO_MOEAD_EI_Hybrid_Fixed,re37,666,0.5249522224562579,0.238851117086516,0.3201540399373884
MOBO_MOEAD_EI_Hybrid_Fixed,re37,667,0.5256655407086696,0.2420646664206076,0.2481401551237774
MOBO_MOEAD_EI_Hybrid_Fixed,re37,668,0.5282998381719413,0.2395885055332362,0.2555772368647496
MOBO_MOEAD_EI_Hybrid_Fixed,re37,669,0.5294692717134722,0.3310489083352959,0.0096519789882901
MOBO_MOEAD_EI_Hybrid_Fixed,re37,670,0.5306545282361322,0.2495362911266362,0.1776172320376936
MOBO_MOEAD_EI_Hybrid_Fixed,re37,671,0.5308498672946361,0.2363245325148819,0.3250928033881859
MOBO_MOEAD_EI_Hybrid_Fixed,re37,672,0.5326380760876918,0.2363420902504109,0.2660857159557833
MOBO_MOEAD_EI_Hybrid_Fixed,re37,673,0.5346781295207457,0.2357879045867215,0.3697928998150852
MOBO_MOEAD_EI_Hybrid_Fixed,re37,674,0.5362645269618238,0.2337749452759497,0.2743463359020154
MOBO_MOEAD_EI_Hybrid_Fixed,re37,675,0.5364095386657768,0.2388622563611247,0.2641264365394057
MOBO_MOEAD_EI_Hybrid_Fixed,re37,676,0.5367815698897079,0.343094797795175,-0.0059728470272337
MOBO_MOEAD_EI_Hybrid_Fixed,re37,677,0.5368421512742453,0.2454262344416399,0.2249772587559531
MOBO_MOEAD_EI_Hybrid_Fixed,re37,678,0.5377016905512745,0.2504305998133512,0.1677269028119217
MOBO_MOEAD_EI_Hybrid_Fixed,re37,679,0.5377248168413101,0.2323902061835159,0.4158817543626575
MOBO_MOEAD_EI_Hybrid_Fixed,re37,680,0.5380680936154822,0.2335282262937324,0.2643584940773489
MOBO_MOEAD_EI_Hybrid_Fixed,re37,681,0.5384260235264099,0.2410075066746263,0.2018181609074987
MOBO_MOEAD_EI_Hybrid_Fixed,re37,682,0.5392996420858981,0.2490318337200072,0.1960876091460683
MOBO_MOEAD_EI_Hybrid_Fixed,re37,683,0.5396976373124831,0.2322286624198522,0.2696257581676208
MOBO_MOEAD_EI_Hybrid_Fixed,re37,684,0.5413783728939319,0.2469206150357098,0.162719830889287
MOBO_MOEAD_EI_Hybrid_Fixed,re37,685,0.5414562501599136,0.2315655717788247,0.3107036070753852
MOBO_MOEAD_EI_Hybrid_Fixed,re37,686,0.5419186388814964,0.2300826654209805,0.2848834690494232
MOBO_MOEAD_EI_Hybrid_Fixed,re37,687,0.5419982452198991,0.2334006473551371,0.2434204148673036
MOBO_MOEAD_EI_Hybrid_Fixed,re37,688,0.5427134090612385,0.2295234775727729,0.3554422065448493
MOBO_MOEAD_EI_Hybrid_Fixed,re37,689,0.5427319669640641,0.2472812053312171,0.1577071861336446
MOBO_MOEAD_EI_Hybrid_Fixed,re37,690,0.5434646908186509,0.2288905811743768,0.2933061218656341
MOBO_MOEAD_EI_Hybrid_Fixed,re37,691,0.5435322289796735,0.2320137257117032,0.2486425864925515
MOBO_MOEAD_EI_Hybrid_Fixed,re37,692,0.5437229303908083,0.2310784734827114,0.2629756235513824
MOBO_MOEAD_EI_Hybrid_Fixed,re37,693,0.5448176867924902,0.2409318204071166,0.1827633438989161
MOBO_MOEAD_EI_Hybrid_Fixed,re37,694,0.5461996634374164,0.2462028327809941,0.1544260182860603
MOBO_MOEAD_EI_Hybrid_Fixed,re37,695,0.546269409635613,0.2466715854362562,0.150890088489195
MOBO_MOEAD_EI_Hybrid_Fixed,re37,696,0.5467099085835992,0.2355417021095121,0.2161006099745133
MOBO_MOEAD_EI_Hybrid_Fixed,re37,697,0.5475781223878476,0.2385267702813751,0.1879499943255058
MOBO_MOEAD_EI_Hybrid_Fixed,re37,698,0.5484463339631149,0.2265702649009021,0.3011988382697195
MOBO_MOEAD_EI_Hybrid_Fixed,re37,699,0.5490136888480068,0.227569861743742,0.2645237410624354
MOBO_MOEAD_EI_Hybrid_Fixed,re37,700,0.5511445865116527,0.2357919248840082,0.2024569582073014
MOBO_MOEAD_EI_Hybrid_Fixed,re37,701,0.5512742615595247,0.2412839647158745,0.1638195761252859
MOBO_MOEAD_EI_Hybrid_Fixed,re37,702,0.5514161075705245,0.2492579020429433,0.1287636173672622
MOBO_MOEAD_EI_Hybrid_Fixed,re37,703,0.5525840958951118,0.2435609386477863,0.1562717056482847
MOBO_MOEAD_EI_Hybrid_Fixed,re37,704,0.5544516353322082,0.2463117703687751,0.1356802690253683
MOBO_MOEAD_EI_Hybrid_Fixed,re37,705,0.5561367795680198,0.2253421537991177,0.2764947890701197
MOBO_MOEAD_EI_Hybrid_Fixed,re37,706,0.5562358210311055,0.2363671302815339,0.175183736520063
MOBO_MOEAD_EI_Hybrid_Fixed,re37,707,0.5569364373213503,0.2762243126004141,0.0682307630186331
MOBO_MOEAD_EI_Hybrid_Fixed,re37,708,0.5573971190069286,0.2362885460049013,0.1725270123908768
MOBO_MOEAD_EI_Hybrid_Fixed,re37,709,0.5580022064747835,0.2352126598828831,0.2418360316789042
MOBO_MOEAD_EI_Hybrid_Fixed,re37,710,0.5580046525672038,0.2490896132827146,0.1200722886432993
MOBO_MOEAD_EI_Hybrid_Fixed,re37,711,0.5581095907818248,0.2494633240614464,0.1148846670512821
MOBO_MOEAD_EI_Hybrid_Fixed,re37,712,0.558569077369866,0.2287523642612793,0.2119605057015387
MOBO_MOEAD_EI_Hybrid_Fixed,re37,713,0.5587264951742846,0.2607657129837047,0.0817272795883356
MOBO_MOEAD_EI_Hybrid_Fixed,re37,714,0.5624252077492703,0.2204843428664913,0.3987722675729973
MOBO_MOEAD_EI_Hybrid_Fixed,re37,715,0.5633864886092939,0.240738614633614,0.1562224054803549
MOBO_MOEAD_EI_Hybrid_Fixed,re37,716,0.5634558302709,0.2179058404409776,0.2931750614496093
MOBO_MOEAD_EI_Hybrid_Fixed,re37,717,0.5634608442235387,0.253053080172601,0.1072124647010631
MOBO_MOEAD_EI_Hybrid_Fixed,re37,718,0.5636176693539142,0.3268804110534088,0.0033928337997812
MOBO_MOEAD_EI_Hybrid_Fixed,re37,719,0.5647161583207776,0.2642475755452619,0.0739468983665719
MOBO_MOEAD_EI_Hybrid_Fixed,re37,720,0.5656056229908415,0.2513242101651992,0.1102333525379883
MOBO_MOEAD_EI_Hybrid_Fixed,re37,721,0.5661485337078351,0.2442810988042989,0.1210997922950455
MOBO_MOEAD_EI_Hybrid_Fixed,re37,722,0.5668558056059892,0.2291316517661768,0.1913316208649081
MOBO_MOEAD_EI_Hybrid_Fixed,re37,723,0.5706762136609477,0.216863406216195,0.3077497101461712
MOBO_MOEAD_EI_Hybrid_Fixed,re37,724,0.5707401421795646,0.2166749847222455,0.2532278409582743
MOBO_MOEAD_EI_Hybrid_Fixed,re37,725,0.5708863921713943,0.2529802989758485,0.0893774992701547
MOBO_MOEAD_EI_Hybrid_Fixed,re37,726,0.5709531257994617,0.2669816037984118,0.0701271238963743
MOBO_MOEAD_EI_Hybrid_Fixed,re37,727,0.5710784958342301,0.2351038013681856,0.1452781150933925
MOBO_MOEAD_EI_Hybrid_Fixed,re37,728,0.5714006084762115,0.245827173905732,0.1063611319965621
MOBO_MOEAD_EI_Hybrid_Fixed,re37,729,0.5719695058091115,0.2133756560782891,0.4614659539396223
MOBO_MOEAD_EI_Hybrid_Fixed,re37,730,0.5724961990749227,0.2502484480711251,0.0871071140479006
MOBO_MOEAD_EI_Hybrid_Fixed,re37,731,0.5733024962230313,0.2156273273386899,0.3398128394240834
MOBO_MOEAD_EI_Hybrid_Fixed,re37,732,0.5742945140839164,0.2128248501839093,0.338233582350281
MOBO_MOEAD_EI_Hybrid_Fixed,re37,733,0.5759581825916245,0.2620777187172341,0.0807670433347885
MOBO_MOEAD_EI_Hybrid_Fixed,re37,734,0.5762203454699092,0.2616323512129753,0.0750418868772615
MOBO_MOEAD_EI_Hybrid_Fixed,re37,735,0.5764636419404995,0.295270187336961,0.0464313805201905
MOBO_MOEAD_EI_Hybrid_Fixed,re37,736,0.576525970042001,0.26186837630887,0.0725707843826568
MOBO_MOEAD_EI_Hybrid_Fixed,re37,737,0.576583088921819,0.2622963425980077,0.0705039763583312
MOBO_MOEAD_EI_Hybrid_Fixed,re37,738,0.5767909400590882,0.2594791228274973,0.0737477217270052
MOBO_MOEAD_EI_Hybrid_Fixed,re37,739,0.5773028235337296,0.2641753084994881,0.0679249582869646
MOBO_MOEAD_EI_Hybrid_Fixed,re37,740,0.5780269215565739,0.2235653040128957,0.1813580982151106
MOBO_MOEAD_EI_Hybrid_Fixed,re37,741,0.5787183429941342,0.2430486256079953,0.11917586196693
MOBO_MOEAD_EI_Hybrid_Fixed,re37,742,0.5788115406290348,0.2573990361061859,0.0766626607694683
MOBO_MOEAD_EI_Hybrid_Fixed,re37,743,0.5796447280743801,0.2604459763735486,0.0728427694973663
MOBO_MOEAD_EI_Hybrid_Fixed,re37,744,0.5797163763316959,0.2117978267971197,0.2527044520009504
MOBO_MOEAD_EI_Hybrid_Fixed,re37,745,0.5797424711928829,0.3280255945059617,-0.002382397655902
MOBO_MOEAD_EI_Hybrid_Fixed,re37,746,0.5800741636173606,0.2704347033893267,0.067594420775369
MOBO_MOEAD_EI_Hybrid_Fixed,re37,747,0.5811663183962663,0.2132973448680125,0.235575597806194
MOBO_MOEAD_EI_Hybrid_Fixed,re37,748,0.5819156055211635,0.2471130710409057,0.0857934635048337
MOBO_MOEAD_EI_Hybrid_Fixed,re37,749,0.5826077544735477,0.3143581822559833,0.0198647781771849
MOBO_MOEAD_EI_Hybrid_Fixed,re37,750,0.583516058828678,0.2068553485500019,0.3202227726430652
MOBO_MOEAD_EI_Hybrid_Fixed,re37,751,0.5835871531883793,0.3302750637300073,-0.0067330672227158
MOBO_MOEAD_EI_Hybrid_Fixed,re37,752,0.5844886000016457,0.261813019324178,0.0671130977741738
MOBO_MOEAD_EI_Hybrid_Fixed,re37,753,0.5847584064222369,0.2558672114473849,0.0837937924166974
MOBO_MOEAD_EI_Hybrid_Fixed,re37,754,0.5852747730401953,0.2568527640710611,0.072343184948738
MOBO_MOEAD_EI_Hybrid_Fixed,re37,755,0.5858950185518655,0.362848607653932,-0.0362897108841609
MOBO_MOEAD_EI_Hybrid_Fixed,re37,756,0.5860400616014994,0.3112092887425939,0.0132044158242608
MOBO_MOEAD_EI_Hybrid_Fixed,re37,757,0.5909471949415652,0.2324178923325531,0.1168798668841396
MOBO_MOEAD_EI_Hybrid_Fixed,re37,758,0.5911612836357136,0.2933811962613713,0.0355441964909818
MOBO_MOEAD_EI_Hybrid_Fixed,re37,759,0.5912641415720293,0.2646374055472913,0.0650199513718723
MOBO_MOEAD_EI_Hybrid_Fixed,re37,760,0.5939481699610629,0.2048858688480902,0.2479811833707039
MOBO_MOEAD_EI_Hybrid_Fixed,re37,761,0.5940331003935873,0.3283731130213785,-0.0084101822229594
MOBO_MOEAD_EI_Hybrid_Fixed,re37,762,0.5953579453478296,0.2502073510154511,0.0797316061523134
MOBO_MOEAD_EI_Hybrid_Fixed,re37,763,0.5961872189480691,0.2333179250806502,0.103011805660814
MOBO_MOEAD_EI_Hybrid_Fixed,re37,764,0.5971507847510525,0.1992142529560289,0.2942890329777273
MOBO_MOEAD_EI_Hybrid_Fixed,re37,765,0.5995748797054796,0.2519811828377189,0.0760287243622446
MOBO_MOEAD_EI_Hybrid_Fixed,re37,766,0.5998797674640789,0.2372989108089875,0.0877205892212988
MOBO_MOEAD_EI_Hybrid_Fixed,re37,767,0.6000001095696437,0.2777292073525136,0.0429941334034176
MOBO_MOEAD_EI_Hybrid_Fixed,re37,768,0.6027831338788632,0.2161170677747127,0.154482033228152
MOBO_MOEAD_EI_Hybrid_Fixed,re37,769,0.602989628629873,0.264530908066342,0.0619399342357258
MOBO_MOEAD_EI_Hybrid_Fixed,re37,770,0.6068847527453728,0.2138083801762088,0.1875981992662473
MOBO_MOEAD_EI_Hybrid_Fixed,re37,771,0.607115110783697,0.2138230704518194,0.155575067402542
MOBO_MOEAD_EI_Hybrid_Fixed,re37,772,0.6074878479627576,0.2156110409730176,0.146135089712303
MOBO_MOEAD_EI_Hybrid_Fixed,re37,773,0.6091432938616138,0.2075351077610596,0.1775845809673032
MOBO_MOEAD_EI_Hybrid_Fixed,re37,774,0.6104839752461755,0.2455771249533907,0.0727480462190604
MOBO_MOEAD_EI_Hybrid_Fixed,re37,775,0.6120639066698461,0.2250067684898347,0.1030178098356039
MOBO_MOEAD_EI_Hybrid_Fixed,re37,776,0.6130781813595154,0.1911359539899598,0.3609727179377481
MOBO_MOEAD_EI_Hybrid_Fixed,re37,777,0.6154389132373945,0.2484121378169885,0.0675203960080429
MOBO_MOEAD_EI_Hybrid_Fixed,re37,778,0.6166273408466054,0.193237352145401,0.3415391156767419
MOBO_MOEAD_EI_Hybrid_Fixed,re37,779,0.6171721046955886,0.1875874351156404,0.5530265744172133
MOBO_MOEAD_EI_Hybrid_Fixed,re37,780,0.6201686119246667,0.1927808834588464,0.2260130555411517
MOBO_MOEAD_EI_Hybrid_Fixed,re37,781,0.6212625751775062,0.215723937210224,0.1179992266488037
MOBO_MOEAD_EI_Hybrid_Fixed,re37,782,0.6231081794693567,0.1922405881355697,0.2188803153719473
MOBO_MOEAD_EI_Hybrid_Fixed,re37,783,0.6237694971822435,0.190695023277564,0.2265787836510721
MOBO_MOEAD_EI_Hybrid_Fixed,re37,784,0.6238932653608452,0.2095552037703863,0.1603560710035127
MOBO_MOEAD_EI_Hybrid_Fixed,re37,785,0.6241093515900481,0.1913625023480759,0.2209358097811117
MOBO_MOEAD_EI_Hybrid_Fixed,re37,786,0.624306262485006,0.1920551830401841,0.2158895616178526
MOBO_MOEAD_EI_Hybrid_Fixed,re37,787,0.6258185239014683,0.1901144702679672,0.242918740188456
MOBO_MOEAD_EI_Hybrid_Fixed,re37,788,0.6261604863537734,0.1910843390990206,0.2220992256031102
MOBO_MOEAD_EI_Hybrid_Fixed,re37,789,0.6264220259991647,0.1918908828647331,0.2108677965814706
MOBO_MOEAD_EI_Hybrid_Fixed,re37,790,0.6290557537233097,0.1880679803436578,0.2256099332608672
MOBO_MOEAD_EI_Hybrid_Fixed,re37,791,0.629349065795511,0.1914395474267888,0.2031632878620675
MOBO_MOEAD_EI_Hybrid_Fixed,re37,792,0.6301967100634365,0.192292830953852,0.1960163023033005
MOBO_MOEAD_EI_Hybrid_Fixed,re37,793,0.630255917863817,0.1891051591608668,0.2140766051888386
MOBO_MOEAD_EI_Hybrid_Fixed,re37,794,0.6306577522465763,0.2827187164681409,0.0253440979632832
MOBO_MOEAD_EI_Hybrid_Fixed,re37,795,0.6328355825203615,0.2173372149683567,0.0921635012308097
MOBO_MOEAD_EI_Hybrid_Fixed,re37,796,0.6351426750581304,0.2129113787586359,0.1161441040470811
MOBO_MOEAD_EI_Hybrid_Fixed,re37,797,0.636300748623424,0.1870500398429889,0.2061048396409106
MOBO_MOEAD_EI_Hybrid_Fixed,re37,798,0.63671753082308,0.200649363272026,0.1921079125037572
MOBO_MOEAD_EI_Hybrid_Fixed,re37,799,0.6368269781864021,0.2073106517859513,0.1180869282606056
MOBO_MOEAD_EI_Hybrid_Fixed,re37,800,0.6395121387324781,0.1826120477463258,0.2244967949891036
MOBO_MOEAD_EI_Hybrid_Fixed,re37,801,0.640646823587868,0.2148364686981926,0.0904660791553793
MOBO_MOEAD_EI_Hybrid_Fixed,re37,802,0.6427835920820753,0.2238697648532036,0.0832935401950246
MOBO_MOEAD_EI_Hybrid_Fixed,re37,803,0.6433596083311026,0.2014012193846593,0.1389820278120383
MOBO_MOEAD_EI_Hybrid_Fixed,re37,804,0.6436074212681427,0.1780318121483512,0.2405926560378637
MOBO_MOEAD_EI_Hybrid_Fixed,re37,805,0.6453629564578146,0.1806393203290529,0.2139656393291101
MOBO_MOEAD_EI_Hybrid_Fixed,re37,806,0.645622328708911,0.176340591277988,0.2446522002286007
MOBO_MOEAD_EI_Hybrid_Fixed,re37,807,0.646061990483199,0.1969799306587346,0.1789268307891366
MOBO_MOEAD_EI_Hybrid_Fixed,re37,808,0.6505875016204067,0.1916968894579344,0.1780487188273206
MOBO_MOEAD_EI_Hybrid_Fixed,re37,809,0.6517746909422385,0.1990470423339574,0.1184357244742825
MOBO_MOEAD_EI_Hybrid_Fixed,re37,810,0.6529340488911493,0.1740126348451584,0.229714999541401
MOBO_MOEAD_EI_Hybrid_Fixed,re37,811,0.6538673785725003,0.3155518632761973,-0.0201945462969088
MOBO_MOEAD_EI_Hybrid_Fixed,re37,812,0.6546607918387992,0.1663513918960193,0.4038148578628751
MOBO_MOEAD_EI_Hybrid_Fixed,re37,813,0.6548742848188309,0.1738452553557805,0.3862447217858266
MOBO_MOEAD_EI_Hybrid_Fixed,re37,814,0.6557386188595405,0.3186469337062232,-0.0247193443710467
MOBO_MOEAD_EI_Hybrid_Fixed,re37,815,0.6558275924468233,0.1711564006678553,0.3357157642077162
MOBO_MOEAD_EI_Hybrid_Fixed,re37,816,0.6562686917929305,0.1661775871234164,0.3195915096567352
MOBO_MOEAD_EI_Hybrid_Fixed,re37,817,0.657064015224681,0.1961469302552832,0.1435112202603714
MOBO_MOEAD_EI_Hybrid_Fixed,re37,818,0.6574735065459497,0.1656960168447881,0.3192349208823694
MOBO_MOEAD_EI_Hybrid_Fixed,re37,819,0.6581908638125793,0.1650917243259999,0.340034242333628
MOBO_MOEAD_EI_Hybrid_Fixed,re37,820,0.6583656484299523,0.1653029457206426,0.2845273037401535
MOBO_MOEAD_EI_Hybrid_Fixed,re37,821,0.6585280286965619,0.1643902810306447,0.3652871376402281
MOBO_MOEAD_EI_Hybrid_Fixed,re37,822,0.6591528255245154,0.1687605636805872,0.2416722945738968
MOBO_MOEAD_EI_Hybrid_Fixed,re37,823,0.6604739971542565,0.1650552619308753,0.3020828078680497
MOBO_MOEAD_EI_Hybrid_Fixed,re37,824,0.6607593092180422,0.194913263291595,0.1511873663721341
MOBO_MOEAD_EI_Hybrid_Fixed,re37,825,0.6608066185701378,0.1637750255985283,0.2877078589877354
MOBO_MOEAD_EI_Hybrid_Fixed,re37,826,0.6608712059239841,0.1631685907440341,0.3942333677244756
MOBO_MOEAD_EI_Hybrid_Fixed,re37,827,0.6613842471701922,0.1642700750638251,0.2735839948790833
MOBO_MOEAD_EI_Hybrid_Fixed,re37,828,0.6617428865418992,0.1626333883658896,0.3621643232619935
MOBO_MOEAD_EI_Hybrid_Fixed,re37,829,0.6620576688579409,0.1636837045067638,0.3052186492994005
MOBO_MOEAD_EI_Hybrid_Fixed,re37,830,0.6630277695033702,0.2122272078386076,0.0837083768025064
MOBO_MOEAD_EI_Hybrid_Fixed,re37,831,0.6631140151766718,0.1658997945493987,0.2482815605162985
MOBO_MOEAD_EI_Hybrid_Fixed,re37,832,0.6631201137283224,0.1621602720571746,0.3056031979512571
MOBO_MOEAD_EI_Hybrid_Fixed,re37,833,0.6633297827395825,0.3172690747484354,-0.0271790139321244
MOBO_MOEAD_EI_Hybrid_Fixed,re37,834,0.6635363867698022,0.1924743140750948,0.1186975621017997
MOBO_MOEAD_EI_Hybrid_Fixed,re37,835,0.6645611831835688,0.1893605448294211,0.1504152859807594
MOBO_MOEAD_EI_Hybrid_Fixed,re37,836,0.6650054075404385,0.1949367169636919,0.1076834179811157
MOBO_MOEAD_EI_Hybrid_Fixed,re37,837,0.6651729705111533,0.1631409630639505,0.2614688201165157
MOBO_MOEAD_EI_Hybrid_Fixed,re37,838,0.6652537565832427,0.3207551542858573,-0.0320790955555749
MOBO_MOEAD_EI_Hybrid_Fixed,re37,839,0.6657772722575988,0.1867474083395022,0.1346269850119495
MOBO_MOEAD_EI_Hybrid_Fixed,re37,840,0.6659320312110186,0.2375450439328002,0.0545814676473936
MOBO_MOEAD_EI_Hybrid_Fixed,re37,841,0.6695910323820881,0.194741690109867,0.1000694738476183
MOBO_MOEAD_EI_Hybrid_Fixed,re37,842,0.6697780800074429,0.1585295008111259,0.318314080177567
MOBO_MOEAD_EI_Hybrid_Fixed,re37,843,0.6702382399043777,0.1601402749731621,0.268507276048349
MOBO_MOEAD_EI_Hybrid_Fixed,re37,844,0.6714485553450519,0.1778810932539697,0.2046778174231225
MOBO_MOEAD_EI_Hybrid_Fixed,re37,845,0.6717273880265752,0.1613077415748026,0.2539043941941214
MOBO_MOEAD_EI_Hybrid_Fixed,re37,846,0.6719347382330663,0.2107241134667458,0.0806462541120289
MOBO_MOEAD_EI_Hybrid_Fixed,re37,847,0.6724118984787504,0.1600509499204412,0.3142695051436209
MOBO_MOEAD_EI_Hybrid_Fixed,re37,848,0.6726567303789993,0.1816314129117568,0.1806910224740222
MOBO_MOEAD_EI_Hybrid_Fixed,re37,849,0.6729694324351045,0.1567206587324943,0.308315209689275
MOBO_MOEAD_EI_Hybrid_Fixed,re37,850,0.673526298547486,0.1628869026884536,0.2255916856496576
MOBO_MOEAD_EI_Hybrid_Fixed,re37,851,0.6747440706435845,0.312395140716855,-0.028064234385102
MOBO_MOEAD_EI_Hybrid_Fixed,re37,852,0.677350087726793,0.3129699204184374,-0.0286358178890133
MOBO_MOEAD_EI_Hybrid_Fixed,re37,853,0.6789389555127228,0.1541378459343582,0.3316148744260832
MOBO_MOEAD_EI_Hybrid_Fixed,re37,854,0.6790343800641925,0.1875237495161023,0.1063108444158716
MOBO_MOEAD_EI_Hybrid_Fixed,re37,855,0.6793757884349169,0.3360690818928539,-0.0578444563652263
MOBO_MOEAD_EI_Hybrid_Fixed,re37,856,0.6801938786754798,0.1876019741728856,0.1042136550032439
MOBO_MOEAD_EI_Hybrid_Fixed,re37,857,0.6802676898335759,0.1624231644918251,0.2085634646669493
MOBO_MOEAD_EI_Hybrid_Fixed,re37,858,0.6807328584628781,0.1539835538167421,0.3488987505543189
MOBO_MOEAD_EI_Hybrid_Fixed,re37,859,0.6812717269398887,0.3131967222023208,-0.0327512313975231
MOBO_MOEAD_EI_Hybrid_Fixed,re37,860,0.6815703500278154,0.1879208148402799,0.100435882444447
MOBO_MOEAD_EI_Hybrid_Fixed,re37,861,0.6820427151820847,0.1863963490003685,0.1044771907582863
MOBO_MOEAD_EI_Hybrid_Fixed,re37,862,0.6821196554577041,0.315787418199281,-0.0361907365992504
MOBO_MOEAD_EI_Hybrid_Fixed,re37,863,0.6823152832280491,0.3066565661095615,-0.0260236603037177
MOBO_MOEAD_EI_Hybrid_Fixed,re37,864,0.6825871385343417,0.1881513724957439,0.0978891562032116
MOBO_MOEAD_EI_Hybrid_Fixed,re37,865,0.684710986129401,0.1506852335788909,0.2788971216084697
MOBO_MOEAD_EI_Hybrid_Fixed,re37,866,0.6848639822831125,0.1885437922092101,0.092650068378057
MOBO_MOEAD_EI_Hybrid_Fixed,re37,867,0.6874944033332355,0.3037033835694119,-0.0257789512969717
MOBO_MOEAD_EI_Hybrid_Fixed,re37,868,0.6893788250642044,0.1860197160919878,0.106153429581614
MOBO_MOEAD_EI_Hybrid_Fixed,re37,869,0.6910214321736827,0.1883518910297097,0.0943054791984046
MOBO_MOEAD_EI_Hybrid_Fixed,re37,870,0.6910897185947448,0.179814633934975,0.109264142997529
MOBO_MOEAD_EI_Hybrid_Fixed,re37,871,0.6932685276823006,0.1890075761172146,0.0875758994175696
MOBO_MOEAD_EI_Hybrid_Fixed,re37,872,0.6933600562161002,0.3125982745097357,-0.0395355214488345
MOBO_MOEAD_EI_Hybrid_Fixed,re37,873,0.693934101082486,0.1803607497137136,0.1022330914739832
MOBO_MOEAD_EI_Hybrid_Fixed,re37,874,0.6955380967786204,0.1477684898136881,0.2441480096100939
MOBO_MOEAD_EI_Hybrid_Fixed,re37,875,0.6965655573204361,0.311396597129877,-0.0402215714511811
MOBO_MOEAD_EI_Hybrid_Fixed,re37,876,0.6969890590948313,0.1834224441265445,0.0906648560158327
MOBO_MOEAD_EI_Hybrid_Fixed,re37,877,0.6970710456377243,0.1833548382921474,0.0940027524675209
MOBO_MOEAD_EI_Hybrid_Fixed,re37,878,0.6974869039792214,0.1447113027486856,0.3418250879226391
MOBO_MOEAD_EI_Hybrid_Fixed,re37,879,0.6981641310601956,0.1757475321272966,0.1094039856994145
MOBO_MOEAD_EI_Hybrid_Fixed,re37,880,0.7017400909787606,0.1734839945781116,0.1786119980901651
MOBO_MOEAD_EI_Hybrid_Fixed,re37,881,0.7036047789656026,0.1802065057541751,0.0979685557334928
MOBO_MOEAD_EI_Hybrid_Fixed,re37,882,0.7060102648149859,0.139440242935274,0.3578093007329365
MOBO_MOEAD_EI_Hybrid_Fixed,re37,883,0.7060483025853616,0.1883624808471583,0.0821220085215376
MOBO_MOEAD_EI_Hybrid_Fixed,re37,884,0.7064072064090688,0.2820964426701319,0.0005874434274417
MOBO_MOEAD_EI_Hybrid_Fixed,re37,885,0.706573790508458,0.1966113321541075,0.0741065111092007
MOBO_MOEAD_EI_Hybrid_Fixed,re37,886,0.7068212000921528,0.1762285171248223,0.1066810187518077
MOBO_MOEAD_EI_Hybrid_Fixed,re37,887,0.709107839919854,0.1380540629168758,0.3974118884942397
MOBO_MOEAD_EI_Hybrid_Fixed,re37,888,0.7094401809761247,0.1358610180185064,0.4611565430064551
MOBO_MOEAD_EI_Hybrid_Fixed,re37,889,0.7115087212363145,0.1736418415987941,0.0929207064399274
MOBO_MOEAD_EI_Hybrid_Fixed,re37,890,0.7138499765800743,0.1333951962625318,0.3199545856649711
MOBO_MOEAD_EI_Hybrid_Fixed,re37,891,0.7151615184435568,0.137429785230836,0.2550989517327354
MOBO_MOEAD_EI_Hybrid_Fixed,re37,892,0.7174970613205693,0.1295812591016801,0.4623595845676009
MOBO_MOEAD_EI_Hybrid_Fixed,re37,893,0.7188647141213683,0.129984882974804,0.3503324153229928
MOBO_MOEAD_EI_Hybrid_Fixed,re37,894,0.7193584655809059,0.1307716751845016,0.2813586387157563
MOBO_MOEAD_EI_Hybrid_Fixed,re37,895,0.7197809782735812,0.1295894610686388,0.4235064968425502
MOBO_MOEAD_EI_Hybrid_Fixed,re37,896,0.7206717645188011,0.3632704882858969,-0.1157361001062466
MOBO_MOEAD_EI_Hybrid_Fixed,re37,897,0.7216251012882846,0.1678941919371995,0.0912348192092456
MOBO_MOEAD_EI_Hybrid_Fixed,re37,898,0.7219568161288825,0.1277012107037632,0.4074848436624876
MOBO_MOEAD_EI_Hybrid_Fixed,re37,899,0.72223314936676,0.1301364217782781,0.3173890977842543
MOBO_MOEAD_EI_Hybrid_Fixed,re37,900,0.7224514238599414,0.1267987073868367,0.4686971381399349
MOBO_MOEAD_EI_Hybrid_Fixed,re37,901,0.7224514238599414,0.1267987073868367,0.4686971381399349
MOBO_MOEAD_EI_Hybrid_Fixed,re37,902,0.7231561383941151,0.1277224341075039,0.3226446153373808
MOBO_MOEAD_EI_Hybrid_Fixed,re37,903,0.7233521245699794,0.1302874961075632,0.2577678505374286
MOBO_MOEAD_EI_Hybrid_Fixed,re37,904,0.724280348149754,0.1265311423771252,0.4060674135744739
MOBO_MOEAD_EI_Hybrid_Fixed,re37,905,0.7245935358253893,0.1257928571255218,0.4400874753171033
MOBO_MOEAD_EI_Hybrid_Fixed,re37,906,0.7250990930439875,0.1259934026538504,0.3920777572317742
MOBO_MOEAD_EI_Hybrid_Fixed,re37,907,0.7253488401928877,0.126742976736746,0.3022667613630962
MOBO_MOEAD_EI_Hybrid_Fixed,re37,908,0.7255052544586041,0.1250623583905003,0.4718026705146143
MOBO_MOEAD_EI_Hybrid_Fixed,re37,909,0.7260122193477475,0.1265078406075668,0.3137706980930156
MOBO_MOEAD_EI_Hybrid_Fixed,re37,910,0.7262454241019866,0.1263994704350573,0.3163106688453745
MOBO_MOEAD_EI_Hybrid_Fixed,re37,911,0.7278590723993483,0.1257406676750274,0.3210459981740002
MOBO_MOEAD_EI_Hybrid_Fixed,re37,912,0.7286306403243697,0.1230245321411006,0.4771202279745703
MOBO_MOEAD_EI_Hybrid_Fixed,re37,913,0.7286500820657204,0.1246712470594116,0.3248621671732594
MOBO_MOEAD_EI_Hybrid_Fixed,re37,914,0.7289398832632132,0.3082733500527052,-0.0598664077668993
MOBO_MOEAD_EI_Hybrid_Fixed,re37,915,0.7291476890307717,0.2877488328203417,-0.0351535637607582
MOBO_MOEAD_EI_Hybrid_Fixed,re37,916,0.7296498018223798,0.1509766539737859,0.1964324569628769
MOBO_MOEAD_EI_Hybrid_Fixed,re37,917,0.7296902075121554,0.1250384754108554,0.3088315579133165
MOBO_MOEAD_EI_Hybrid_Fixed,re37,918,0.7300103457177618,0.1222727360494438,0.4734891790213692
MOBO_MOEAD_EI_Hybrid_Fixed,re37,919,0.7300259837249287,0.1246586275021541,0.2949571735494362
MOBO_MOEAD_EI_Hybrid_Fixed,re37,920,0.7304188290459781,0.1240341742029172,0.3150854329484024
MOBO_MOEAD_EI_Hybrid_Fixed,re37,921,0.7312861642150487,0.1222522817563125,0.4346820453715515
MOBO_MOEAD_EI_Hybrid_Fixed,re37,922,0.731287788493396,0.1239755635401954,0.3244374732572531
MOBO_MOEAD_EI_Hybrid_Fixed,re37,923,0.7316669750308405,0.1235974919796747,0.3226302694369521
MOBO_MOEAD_EI_Hybrid_Fixed,re37,924,0.7320280590635848,0.3016174587811293,-0.0541218546267587
MOBO_MOEAD_EI_Hybrid_Fixed,re37,925,0.7325849973149913,0.1227214767846302,0.3219273730861549
MOBO_MOEAD_EI_Hybrid_Fixed,re37,926,0.7334761086204638,0.1522336430048214,0.1295402011630245
MOBO_MOEAD_EI_Hybrid_Fixed,re37,927,0.7340701776089925,0.1643326238374634,0.109798762334776
MOBO_MOEAD_EI_Hybrid_Fixed,re37,928,0.7342764252435444,0.1707251972395595,0.0826744432714019
MOBO_MOEAD_EI_Hybrid_Fixed,re37,929,0.7367620283812134,0.1197817513748932,0.3333049560894438
MOBO_MOEAD_EI_Hybrid_Fixed,re37,930,0.7376877135526182,0.1602036340319837,0.1217320377558813
MOBO_MOEAD_EI_Hybrid_Fixed,re37,931,0.7385815830627905,0.1193465248765554,0.3174682157909
MOBO_MOEAD_EI_Hybrid_Fixed,re37,932,0.7386972143928245,0.1173635774022641,0.467483221983227
MOBO_MOEAD_EI_Hybrid_Fixed,re37,933,0.7396679094361872,0.1483562052610633,0.2342288263751313
MOBO_MOEAD_EI_Hybrid_Fixed,re37,934,0.7399168633239397,0.1184071586911439,0.3026471290183031
MOBO_MOEAD_EI_Hybrid_Fixed,re37,935,0.7412864094233432,0.1158093084689096,0.4853986699491679
MOBO_MOEAD_EI_Hybrid_Fixed,re37,936,0.7433610836473128,0.14781734118023,0.1149758518938252
MOBO_MOEAD_EI_Hybrid_Fixed,re37,937,0.744617935732532,0.1183513955787846,0.3270537383825256
MOBO_MOEAD_EI_Hybrid_Fixed,re37,938,0.747085184826112,0.1529451438591013,0.1000444389758722
MOBO_MOEAD_EI_Hybrid_Fixed,re37,939,0.7481364636289822,0.1125882133493661,0.4229452121288747
MOBO_MOEAD_EI_Hybrid_Fixed,re37,940,0.750120788626578,0.1130919915229858,0.3204326824831961
MOBO_MOEAD_EI_Hybrid_Fixed,re37,941,0.75069549105991,0.1123698320408501,0.2916322987949342
MOBO_MOEAD_EI_Hybrid_Fixed,re37,942,0.751159980799031,0.111726907964244,0.4126417419419185
MOBO_MOEAD_EI_Hybrid_Fixed,re37,943,0.7529783885282563,0.2867280500534885,-0.0528735444307915
MOBO_MOEAD_EI_Hybrid_Fixed,re37,944,0.753568713544293,0.269647598385276,-0.0322565529596175
MOBO_MOEAD_EI_Hybrid_Fixed,re37,945,0.7570483409555926,0.1577454563255193,0.0826615217838474
MOBO_MOEAD_EI_Hybrid_Fixed,re37,946,0.7573848193545327,0.1088654141905935,0.2821623414941392
MOBO_MOEAD_EI_Hybrid_Fixed,re37,947,0.7599345868750417,0.1063235919427732,0.4224316804028472
MOBO_MOEAD_EI_Hybrid_Fixed,re37,948,0.7604261409135918,0.104592694483649,0.5146680912411588
MOBO_MOEAD_EI_Hybrid_Fixed,re37,949,0.7642253445612527,0.1047415966901865,0.286327129583407
MOBO_MOEAD_EI_Hybrid_Fixed,re37,950,0.7648267100994133,0.104604947079502,0.2837028059304643
MOBO_MOEAD_EI_Hybrid_Fixed,re37,951,0.7651643152940858,0.1140263575519129,0.2639941955301011
MOBO_MOEAD_EI_Hybrid_Fixed,re37,952,0.7675508770463164,0.1044890691221144,0.2859959307703932
MOBO_MOEAD_EI_Hybrid_Fixed,re37,953,0.7682241349762474,0.1055336685709259,0.2464084712790369
MOBO_MOEAD_EI_Hybrid_Fixed,re37,954,0.7692217794418317,0.1044031065337352,0.2513308718957158
MOBO_MOEAD_EI_Hybrid_Fixed,re37,955,0.7701076114492542,0.1039589452400297,0.2525927713451879
MOBO_MOEAD_EI_Hybrid_Fixed,re37,956,0.7709181212951944,0.10309736760823,0.2937939617201974
MOBO_MOEAD_EI_Hybrid_Fixed,re37,957,0.7724971014599616,0.1009031325429661,0.2921200860911269
MOBO_MOEAD_EI_Hybrid_Fixed,re37,958,0.7733593555676774,0.1018600105953385,0.2799751369308069
MOBO_MOEAD_EI_Hybrid_Fixed,re37,959,0.7742793334995819,0.1033104484448451,0.2357735718359319
MOBO_MOEAD_EI_Hybrid_Fixed,re37,960,0.775204348513046,0.1026537340078026,0.245914595141781
MOBO_MOEAD_EI_Hybrid_Fixed,re37,961,0.7767400402203597,0.099479877876355,0.2777699546875303
MOBO_MOEAD_EI_Hybrid_Fixed,re37,962,0.7770333864578303,0.1002466097498198,0.2476882473033618
MOBO_MOEAD_EI_Hybrid_Fixed,re37,963,0.777292084427051,0.1597987159383068,0.0664954265980924
MOBO_MOEAD_EI_Hybrid_Fixed,re37,964,0.7785435401261042,0.0962031720396723,0.3038302926080615
MOBO_MOEAD_EI_Hybrid_Fixed,re37,965,0.778555986035867,0.0991432629381179,0.2496406420158426
MOBO_MOEAD_EI_Hybrid_Fixed,re37,966,0.7787354374298103,0.1458549836494468,0.084355756568201
MOBO_MOEAD_EI_Hybrid_Fixed,re37,967,0.7797026383788381,0.1227128076898408,0.1270227089020257
MOBO_MOEAD_EI_Hybrid_Fixed,re37,968,0.780324923796565,0.1030753281226662,0.2339792985989755
MOBO_MOEAD_EI_Hybrid_Fixed,re37,969,0.7806094229817085,0.1442936774368756,0.0790271589133272
MOBO_MOEAD_EI_Hybrid_Fixed,re37,970,0.7818322017595787,0.0955186379690777,0.2685920633596111
MOBO_MOEAD_EI_Hybrid_Fixed,re37,971,0.7820397948531003,0.1078525175679356,0.2138962303915622
MOBO_MOEAD_EI_Hybrid_Fixed,re37,972,0.783858360695645,0.1487133949583909,0.0720707841985947
MOBO_MOEAD_EI_Hybrid_Fixed,re37,973,0.7839515659629451,0.1425956991972614,0.0878535810790058
MOBO_MOEAD_EI_Hybrid_Fixed,re37,974,0.7847089463576579,0.0954615720858888,0.2504712175263345
MOBO_MOEAD_EI_Hybrid_Fixed,re37,975,0.7848678699156638,0.1421984448791842,0.077110424563985
MOBO_MOEAD_EI_Hybrid_Fixed,re37,976,0.7865450216756852,0.0937687078864148,0.3527400903676357
MOBO_MOEAD_EI_Hybrid_Fixed,re37,977,0.7872376522065673,0.0936546908966224,0.253674784322762
MOBO_MOEAD_EI_Hybrid_Fixed,re37,978,0.7872582647420792,0.1409529008799857,0.0763226320913778
MOBO_MOEAD_EI_Hybrid_Fixed,re37,979,0.7878081426626791,0.1013870125222823,0.205137196597678
MOBO_MOEAD_EI_Hybrid_Fixed,re37,980,0.788845125840809,0.152201724438312,0.06635710632942
MOBO_MOEAD_EI_Hybrid_Fixed,re37,981,0.791293388781197,0.1384385708483929,0.0759561819835592
MOBO_MOEAD_EI_Hybrid_Fixed,re37,982,0.7914489776648803,0.094854513464875,0.2354106495332744
MOBO_MOEAD_EI_Hybrid_Fixed,re37,983,0.7920600629388633,0.1332144190780917,0.0795862765397061
MOBO_MOEAD_EI_Hybrid_Fixed,re37,984,0.792220867801341,0.0994601941592658,0.1944197180725468
MOBO_MOEAD_EI_Hybrid_Fixed,re37,985,0.7930040157194376,0.0897317104649579,0.2595852650533893
MOBO_MOEAD_EI_Hybrid_Fixed,re37,986,0.7944310610848202,0.1365700458765796,0.0760662779565119
MOBO_MOEAD_EI_Hybrid_Fixed,re37,987,0.795819751018103,0.1353448055782845,0.0774676528120273
MOBO_MOEAD_EI_Hybrid_Fixed,re37,988,0.7960185405444958,0.1248729131777837,0.0947249553888281
MOBO_MOEAD_EI_Hybrid_Fixed,re37,989,0.7972236300664194,0.0924723018788607,0.2278824743534668
MOBO_MOEAD_EI_Hybrid_Fixed,re37,990,0.7985306093567034,0.134292529836586,0.075162894620114
MOBO_MOEAD_EI_Hybrid_Fixed,re37,991,0.8002172972669725,0.2748511904933932,-0.082812140335055
MOBO_MOEAD_EI_Hybrid_Fixed,re37,992,0.8006090582997784,0.0834679941799451,0.3068986061759508
MOBO_MOEAD_EI_Hybrid_Fixed,re37,993,0.8009348918986735,0.1230441370459384,0.082121768407387
MOBO_MOEAD_EI_Hybrid_Fixed,re37,994,0.8044993143761684,0.2739295188647059,-0.0862047667840127
MOBO_MOEAD_EI_Hybrid_Fixed,re37,995,0.8057680245036278,0.1287856329511986,0.0792759292059637
MOBO_MOEAD_EI_Hybrid_Fixed,re37,996,0.806496943479191,0.1212435745514702,0.0802254422394265
MOBO_MOEAD_EI_Hybrid_Fixed,re37,997,0.8078156425189783,0.1288244325570978,0.0739054137829621
MOBO_MOEAD_EI_Hybrid_Fixed,re37,998,0.8101931631879692,0.0855609861386199,0.2126994575516418
MOBO_MOEAD_EI_Hybrid_Fixed,re37,999,0.8108475583958196,0.0798351944017448,0.2536215652944746
MOBO_MOEAD_EI_Hybrid_Fixed,re37,1000,0.8112200853421242,0.2797869484184078,-0.1020667286695756
MOBO_MOEAD_EI_Hybrid_Fixed,re37,1001,0.8155337170014144,0.1169683493433335,0.0818507471906492
MOBO_MOEAD_EI_Hybrid_Fixed,re37,1002,0.8168021566100371,0.0760348291800868,0.3049230211498798
MOBO_MOEAD_EI_Hybrid_Fixed,re37,1003,0.8181961519121652,0.1216907358210282,0.0759916787992081
MOBO_MOEAD_EI_Hybrid_Fixed,re37,1004,0.8194114320763392,0.0740164880456761,0.4935381157142137
MOBO_MOEAD_EI_Hybrid_Fixed,re37,1005,0.8257246319868438,0.1089477603630564,0.0776702572707904
MOBO_MOEAD_EI_Hybrid_Fixed,re37,1006,0.8267471184764226,0.1164986916460765,0.0758046147056688
MOBO_MOEAD_EI_Hybrid_Fixed,re37,1007,0.8273238751335749,0.0698646496492697,0.2591174101324533
MOBO_MOEAD_EI_Hybrid_Fixed,re37,1008,0.8299820727315066,0.0673321511109434,0.2888317804332466
MOBO_MOEAD_EI_Hybrid_Fixed,re37,1009,0.830977088098458,0.114970741497876,0.0711060594993225
MOBO_MOEAD_EI_Hybrid_Fixed,re37,1010,0.8383170929479449,0.0614171490781254,0.33808433999025
MOBO_MOEAD_EI_Hybrid_Fixed,re37,1011,0.8458665721891565,0.1062651766360207,0.0682106163029774
MOBO_MOEAD_EI_Hybrid_Fixed,re37,1012,0.8493271362369526,0.1155257311017453,0.0665096121835285
MOBO_MOEAD_EI_Hybrid_Fixed,re37,1013,0.8521403911890181,0.0782339873648193,0.2260770016918656
MOBO_MOEAD_EI_Hybrid_Fixed,re37,1014,0.8552187391860937,0.1765832695809623,-0.0084811608672679
MOBO_MOEAD_EI_Hybrid_Fixed,re37,1015,0.8555748077254263,0.0612160553822599,0.2588975346938113
MOBO_MOEAD_EI_Hybrid_Fixed,re37,1016,0.8570359640416971,0.0622733663010615,0.2204137770751187
MOBO_MOEAD_EI_Hybrid_Fixed,re37,1017,0.8590540768579661,0.075553509394725,0.1409226939974234
MOBO_MOEAD_EI_Hybrid_Fixed,re37,1018,0.8595980958443811,0.0940074216339676,0.0837357462650085
MOBO_MOEAD_EI_Hybrid_Fixed,re37,1019,0.8655717823946044,0.0602249257527529,0.1719468203460419
MOBO_MOEAD_EI_Hybrid_Fixed,re37,1020,0.866352293652732,0.0704773079359834,0.1308128283981035
MOBO_MOEAD_EI_Hybrid_Fixed,re37,1021,0.8667358972811791,0.0847886893725053,0.0709061646897212
MOBO_MOEAD_EI_Hybrid_Fixed,re37,1022,0.8669760493660388,0.1244288335240712,0.0501080273989167
MOBO_MOEAD_EI_Hybrid_Fixed,re37,1023,0.8696866014041484,0.0826515347681064,0.0715808385112208
MOBO_MOEAD_EI_Hybrid_Fixed,re37,1024,0.8776829288016005,0.0730119015410685,0.1004386688004484
MOBO_MOEAD_EI_Hybrid_Fixed,re37,1025,0.8783702590594392,0.0432943558895311,0.2430163395738496
MOBO_MOEAD_EI_Hybrid_Fixed,re37,1026,0.8818874390846837,0.2350956027264789,-0.1242537625616324
MOBO_MOEAD_EI_Hybrid_Fixed,re37,1027,0.8832506798491113,0.0752099784330179,0.0671513939970634
MOBO_MOEAD_EI_Hybrid_Fixed,re37,1028,0.8862647267297575,0.0705334565392142,0.084336332949814
MOBO_MOEAD_EI_Hybrid_Fixed,re37,1029,0.8913638096594397,0.0441284129317777,0.2312061121755211
MOBO_MOEAD_EI_Hybrid_Fixed,re37,1030,0.8920439448714322,0.0689808038860013,0.1464385755748145
MOBO_MOEAD_EI_Hybrid_Fixed,re37,1031,0.8975532545251623,0.0503764914672018,0.1859633188407997
MOBO_MOEAD_EI_Hybrid_Fixed,re37,1032,0.898519259363792,0.0746909609975629,0.0580544344833008
MOBO_MOEAD_EI_Hybrid_Fixed,re37,1033,0.8992890791285771,0.2286506727073362,-0.1427018282005481
MOBO_MOEAD_EI_Hybrid_Fixed,re37,1034,0.9057275583411863,0.0343143718075354,0.2138285596024974
MOBO_MOEAD_EI_Hybrid_Fixed,re37,1035,0.911331835976595,0.0610567808071748,0.057778889050292
MOBO_MOEAD_EI_Hybrid_Fixed,re37,1036,0.9159860659011602,0.0890883036454743,0.0350013673953351
MOBO_MOEAD_EI_Hybrid_Fixed,re37,1037,0.9165143428214764,0.2183545047643184,-0.152892556178695
MOBO_MOEAD_EI_Hybrid_Fixed,re37,1038,0.9165147564404764,0.2150484392972211,-0.1472945589144402
MOBO_MOEAD_EI_Hybrid_Fixed,re37,1039,0.9189252029262484,0.2163838804847583,-0.1534896633632811
MOBO_MOEAD_EI_Hybrid_Fixed,re37,1040,0.9207513489032734,0.0537998419589448,0.0556856098889024
MOBO_MOEAD_EI_Hybrid_Fixed,re37,1041,0.9256535799662772,0.2109302155843734,-0.138782895349336
MOBO_MOEAD_EI_Hybrid_Fixed,re37,1042,0.9261117010740504,0.0491267436966626,0.0824604600982797
MOBO_MOEAD_EI_Hybrid_Fixed,re37,1043,0.9277449257137618,0.2091737247796419,-0.1557632994895044
MOBO_MOEAD_EI_Hybrid_Fixed,re37,1044,0.9291423946202646,0.208031150831036,-0.1561363644759327
MOBO_MOEAD_EI_Hybrid_Fixed,re37,1045,0.9295823010527444,0.2064656085321331,-0.1509497052363366
MOBO_MOEAD_EI_Hybrid_Fixed,re37,1046,0.9370451216806636,0.1738654476323259,-0.0914084517696552
MOBO_MOEAD_EI_Hybrid_Fixed,re37,1047,0.9378213492887286,0.0460169144162055,0.0499249766191406
MOBO_MOEAD_EI_Hybrid_Fixed,re37,1048,0.9388961694805674,0.1893883701980852,-0.1272190195690288
MOBO_MOEAD_EI_Hybrid_Fixed,re37,1049,0.9401467615295854,0.1871788971634435,-0.1384068540530546
MOBO_MOEAD_EI_Hybrid_Fixed,re37,1050,0.9402008449933272,0.0241027896838558,0.1217251112184226
MOBO_MOEAD_EI_Hybrid_Fixed,re37,1051,0.94053002765381,0.0793750491745446,0.023669434228953
MOBO_MOEAD_EI_Hybrid_Fixed,re37,1052,0.9415577912278468,0.1978786466053818,-0.1596035653463333
MOBO_MOEAD_EI_Hybrid_Fixed,re37,1053,0.9448443877826854,0.1832301964606243,-0.1394305400333633
MOBO_MOEAD_EI_Hybrid_Fixed,re37,1054,0.9469956562363206,0.0817147832217532,0.0150055575835844
MOBO_MOEAD_EI_Hybrid_Fixed,re37,1055,0.9502149890484594,0.0821525443946206,0.0112612368134869
MOBO_MOEAD_EI_Hybrid_Fixed,re37,1056,0.9506753661865878,0.0295724256264649,0.0714997436896549
MOBO_MOEAD_EI_Hybrid_Fixed,re37,1057,0.9520861633866184,0.0236307094124299,0.0936728075961957
MOBO_MOEAD_EI_Hybrid_Fixed,re37,1058,0.955376122594701,0.0804068150446354,0.0218997198937511
MOBO_MOEAD_EI_Hybrid_Fixed,re37,1059,0.9576667876010008,0.0745592213949847,0.0124773854668198
MOBO_MOEAD_EI_Hybrid_Fixed,re37,1060,0.9576767693536168,0.0801590513944407,0.005782300797506
MOBO_MOEAD_EI_Hybrid_Fixed,re37,1061,0.958344764469038,0.0784313509505971,0.0071804835761982
MOBO_MOEAD_EI_Hybrid_Fixed,re37,1062,0.9584115643816674,0.0324046080713928,0.0443096463009163
MOBO_MOEAD_EI_Hybrid_Fixed,re37,1063,0.9587912092303996,0.077299508568947,0.0080762545220189
MOBO_MOEAD_EI_Hybrid_Fixed,re37,1064,0.9590797303427924,0.0761982005384572,0.0100656252900425
MOBO_MOEAD_EI_Hybrid_Fixed,re37,1065,0.9590920907104938,0.0233270773371663,0.0763714781863837
MOBO_MOEAD_EI_Hybrid_Fixed,re37,1066,0.959332969155997,0.0700245487261272,0.0298892024931176
MOBO_MOEAD_EI_Hybrid_Fixed,re37,1067,0.960120754833846,0.0307187006549669,0.0439902539628307
MOBO_MOEAD_EI_Hybrid_Fixed,re37,1068,0.9618867045631228,0.0157538315833144,0.1229899909287771
MOBO_MOEAD_EI_Hybrid_Fixed,re37,1069,0.9627924010779008,0.0667667641275514,0.0218712662088709
MOBO_MOEAD_EI_Hybrid_Fixed,re37,1070,0.9628733330634052,0.0593991296067406,0.0424220258985193
MOBO_MOEAD_EI_Hybrid_Fixed,re37,1071,0.963150347435628,0.0234173333582618,0.0654925602055319
MOBO_MOEAD_EI_Hybrid_Fixed,re37,1072,0.9639389992106716,0.0653449768889706,0.0165484677645874
MOBO_MOEAD_EI_Hybrid_Fixed,re37,1073,0.9654783967270768,0.0195616932638888,0.0745593369785451
MOBO_MOEAD_EI_Hybrid_Fixed,re37,1074,0.9661273765920496,0.0607579426334588,0.0193115639905341
MOBO_MOEAD_EI_Hybrid_Fixed,re37,1075,0.9663433833720594,0.0567823139550748,0.0230825373270147
MOBO_MOEAD_EI_Hybrid_Fixed,re37,1076,0.967171690922224,0.0305044543070312,0.0407095049340697
MOBO_MOEAD_EI_Hybrid_Fixed,re37,1077,0.9683894320252008,0.0106574438784216,0.1712149923362509
MOBO_MOEAD_EI_Hybrid_Fixed,re37,1078,0.968664659294568,0.0431588634075244,0.0326028985551484
MOBO_MOEAD_EI_Hybrid_Fixed,re37,1079,0.9699149020424398,0.0229078143346388,0.0501306105611553
MOBO_MOEAD_EI_Hybrid_Fixed,re37,1080,0.9706818590903532,0.0515622182938789,0.0250895362780527
MOBO_MOEAD_EI_Hybrid_Fixed,re37,1081,0.9707079058703236,0.0486880311947368,0.0267132724109786
MOBO_MOEAD_EI_Hybrid_Fixed,re37,1082,0.9719260633122904,0.0242357504072207,0.0400754172894769
MOBO_MOEAD_EI_Hybrid_Fixed,re37,1083,0.9731932115963868,0.0269432224770548,0.0386683781065532
MOBO_MOEAD_EI_Hybrid_Fixed,re37,1084,0.9739835035583811,0.0152137895522902,0.069405328318626
MOBO_MOEAD_EI_Hybrid_Fixed,re37,1085,0.9747558772068966,0.0096969737059887,0.0985649376112247
MOBO_MOEAD_EI_Hybrid_Fixed,re37,1086,0.976692624356297,0.0365608325781781,0.03141881289964
MOBO_MOEAD_EI_Hybrid_Fixed,re37,1087,0.9790454126101542,0.0199984858466634,0.0377551484041394
MOBO_MOEAD_EI_Hybrid_Fixed,re37,1088,0.9798103008863274,0.0142113692326728,0.0608913759597496
MOBO_MOEAD_EI_Hybrid_Fixed,re37,1089,0.9800537612874902,0.0135248145490579,0.0792832517211256
MOBO_MOEAD_EI_Hybrid_Fixed,re37,1090,0.9846820116366494,0.017275807667864,0.0450210008955549
MOBO_MOEAD_EI_Hybrid_Fixed,re37,1091,0.984738203406702,0.0107366062565306,0.0586528062384393
MOBO_MOEAD_EI_Hybrid_Fixed,re37,1092,0.984824316674736,0.0287314968297332,0.030748205576288
MOBO_MOEAD_EI_Hybrid_Fixed,re37,1093,0.9862415655086596,0.0049418472898072,0.0756118846679138
MOBO_MOEAD_EI_Hybrid_Fixed,re37,1094,0.9864736724981144,0.0263727751958711,0.0310097687817995
MOBO_MOEAD_EI_Hybrid_Fixed,re37,1095,0.987716068495716,0.0170251887992364,0.0342751646526614
MOBO_MOEAD_EI_Hybrid_Fixed,re37,1096,0.9883160508595876,0.00488827751144,0.0702478749399914
MOBO_MOEAD_EI_Hybrid_Fixed,re37,1097,0.9899453346622248,0.0214975840825821,0.0313253941291225
MOBO_MOEAD_EI_Hybrid_Fixed,re37,1098,0.990371184851766,0.005818203653311,0.0632242631418054
MOBO_MOEAD_EI_Hybrid_Fixed,re37,1099,0.991600958840443,0.0107221545620735,0.0512033080553074
MOBO_MOEAD_EI_Hybrid_Fixed,re37,1100,0.993227948006838,0.0059074246947131,0.0551853135909695
MOBO_MOEAD_EI_Hybrid_Fixed,re37,1101,0.9934065034430128,0.0168362060633907,0.0313033318519364
MOBO_MOEAD_EI_Hybrid_Fixed,re37,1102,0.9935753971760134,0.0109857767902323,0.0329464235719963
MOBO_MOEAD_EI_Hybrid_Fixed,re37,1103,0.9938001070749498,0.0163177833584581,0.0312810607335748
MOBO_MOEAD_EI_Hybrid_Fixed,re37,1104,0.9952782307620132,0.0067112873550363,0.0447223495400875
MOBO_MOEAD_EI_Hybrid_Fixed,re37,1105,0.9967385571483413,0.0125178474015202,0.0309956461016107
MOBO_MOEAD_EI_Hybrid_Fixed,re37,1106,0.9999585875824348,0.00564125543709,0.0366448552072828
MOBO_MOEAD_EI_Hybrid_Fixed,re37,1107,1.0002271377308538,0.008157557439475,0.0304009536243145
MOBO_MOEAD_EI_Hybrid_Fixed,re37,1108,1.001307813952336,0.0068378954483122,0.0301641482758922
MOBO_MOEAD_EI_Hybrid_Fixed,re37,1109,1.001918174367337,0.0060987550818737,0.0300199047267175
NSGA2Wrapper,re21,0,1241.028852445255,0.0398445700412873,
NSGA2Wrapper,re21,1,1241.0627517880007,0.0398428752658822,
NSGA2Wrapper,re21,2,1241.1927115781457,0.0398363806718767,
NSGA2Wrapper,re21,3,1241.3095118644603,0.0398306327195832,
NSGA2Wrapper,re21,4,1241.4148417120844,0.039825289730402,
NSGA2Wrapper,re21,5,1241.7153950845204,0.039810302697708,
NSGA2Wrapper,re21,6,1241.77322954404,0.0398086583112315,
NSGA2Wrapper,re21,7,1241.8205576573214,0.0398043133478185,
NSGA2Wrapper,re21,8,1242.673354609972,0.0397921566999472,
NSGA2Wrapper,re21,9,1242.6775307702449,0.0397917391600205,
NSGA2Wrapper,re21,10,1242.696069248417,0.0397908300536955,
NSGA2Wrapper,re21,11,1242.7210011613129,0.0397897054883682,
NSGA2Wrapper,re21,12,1244.1121973817608,0.0395952546597586,
NSGA2Wrapper,re21,13,1246.0230701716475,0.0395600563923754,
NSGA2Wrapper,re21,14,1246.7377792178322,0.0395296098881329,
NSGA2Wrapper,re21,15,1246.8882329173018,0.0393707322093956,
NSGA2Wrapper,re21,16,1249.6589170380764,0.0390726521544857,
NSGA2Wrapper,re21,17,1250.452900568681,0.0389346478526359,
NSGA2Wrapper,re21,18,1255.6182976423272,0.038659372843418,
NSGA2Wrapper,re21,19,1262.2997711210537,0.0383559790417393,
NSGA2Wrapper,re21,20,1264.827407389885,0.0379884379553915,
NSGA2Wrapper,re21,21,1265.3224094028726,0.0379246468930148,
NSGA2Wrapper,re21,22,1268.1688916011824,0.0376729429664251,
NSGA2Wrapper,re21,23,1274.6226120809931,0.0369972255674813,
NSGA2Wrapper,re21,24,1277.5523843411825,0.0369867008011814,
NSGA2Wrapper,re21,25,1279.718119972302,0.0366670714245248,
NSGA2Wrapper,re21,26,1296.0988686528783,0.0357481259208147,
NSGA2Wrapper,re21,27,1302.0890359527134,0.0356019350461926,
NSGA2Wrapper,re21,28,1317.7357319887649,0.0355463508073144,
NSGA2Wrapper,re21,29,1324.217217294747,0.0354157752835908,
NSGA2Wrapper,re21,30,1331.6765295309804,0.0344309855970195,
NSGA2Wrapper,re21,31,1334.0448942395906,0.0343410799276071,
NSGA2Wrapper,re21,32,1343.1329272983492,0.0341536247409583,
NSGA2Wrapper,re21,33,1345.819100619703,0.033294701456421,
NSGA2Wrapper,re21,34,1367.0907365593591,0.0329016576143913,
NSGA2Wrapper,re21,35,1382.509946323086,0.0318379314818895,
NSGA2Wrapper,re21,36,1403.0702884548966,0.0308472751359768,
NSGA2Wrapper,re21,37,1411.3898280901112,0.0307168513992527,
NSGA2Wrapper,re21,38,1426.7459046356705,0.0296788438031094,
NSGA2Wrapper,re21,39,1427.0470747889635,0.0296694063373405,
NSGA2Wrapper,re21,40,1438.4307470325148,0.0295094549203605,
NSGA2Wrapper,re21,41,1455.748461126335,0.0291122636650515,
NSGA2Wrapper,re21,42,1488.231773379475,0.028871356158331,
NSGA2Wrapper,re21,43,1489.5750996911304,0.0287252567228875,
NSGA2Wrapper,re21,44,1490.986437867935,0.0275989079728338,
NSGA2Wrapper,re21,45,1491.5973442967588,0.0275684339467603,
NSGA2Wrapper,re21,46,1491.7588558483112,0.0275603927398988,
NSGA2Wrapper,re21,47,1496.580463985669,0.0273777956519213,
NSGA2Wrapper,re21,48,1497.277947037597,0.0273600141065691,
NSGA2Wrapper,re21,49,1500.8230117767846,0.027241713816549,
NSGA2Wrapper,re21,50,1503.438715644662,0.0270646251490836,
NSGA2Wrapper,re21,51,1508.466055738312,0.0269435494726647,
NSGA2Wrapper,re21,52,1512.574402304862,0.0269045419862847,
NSGA2Wrapper,re21,53,1521.748455791585,0.0267521015854412,
NSGA2Wrapper,re21,54,1527.5952093375372,0.0260692029941008,
NSGA2Wrapper,re21,55,1534.2710829302043,0.0257548992604742,
NSGA2Wrapper,re21,56,1538.8751052575958,0.0255491162327807,
NSGA2Wrapper,re21,57,1539.3351492097636,0.0255024025403965,
NSGA2Wrapper,re21,58,1549.6695251279248,0.0253211350642685,
NSGA2Wrapper,re21,59,1551.1583360643715,0.0250036805505054,
NSGA2Wrapper,re21,60,1567.9992375306665,0.0249491810521341,
NSGA2Wrapper,re21,61,1570.452452643669,0.0249362429171466,
NSGA2Wrapper,re21,62,1573.0893037391472,0.0246572452372447,
NSGA2Wrapper,re21,63,1577.448316696338,0.0246286128299114,
NSGA2Wrapper,re21,64,1579.4617853577122,0.0246122683052027,
NSGA2Wrapper,re21,65,1581.5431183369412,0.024309827359713,
NSGA2Wrapper,re21,66,1583.9842027337677,0.0239657065649527,
NSGA2Wrapper,re21,67,1587.6808655649718,0.023860069709387,
NSGA2Wrapper,re21,68,1642.986647614006,0.0237524826413997,
NSGA2Wrapper,re21,69,1660.0511226724154,0.0233716454292919,
NSGA2Wrapper,re21,70,1664.916189022857,0.0229591685474436,
NSGA2Wrapper,re21,71,1666.0462887381564,0.0223140977795689,
NSGA2Wrapper,re21,72,1680.0846192256597,0.0217124728347666,
NSGA2Wrapper,re21,73,1702.0396414304112,0.021519455466631,
NSGA2Wrapper,re21,74,1709.747972968716,0.0212700839326402,
NSGA2Wrapper,re21,75,1713.2855319163764,0.0212041102196571,
NSGA2Wrapper,re21,76,1724.5482024307546,0.0206130477755512,
NSGA2Wrapper,re21,77,1725.966983023602,0.0204656334394986,
NSGA2Wrapper,re21,78,1727.4529310655018,0.020145189619507,
NSGA2Wrapper,re21,79,1738.7852006033704,0.0199451599270093,
NSGA2Wrapper,re21,80,1755.7637973825642,0.0193317285182557,
NSGA2Wrapper,re21,81,1763.060946411238,0.0191975892200539,
NSGA2Wrapper,re21,82,1764.7009049703342,0.0191730346914587,
NSGA2Wrapper,re21,83,1788.6174654067183,0.0186032527614263,
NSGA2Wrapper,re21,84,1815.024155151665,0.0184072284619043,
NSGA2Wrapper,re21,85,1815.723269893439,0.0179270714062873,
NSGA2Wrapper,re21,86,1845.4079987436228,0.0175034920173248,
NSGA2Wrapper,re21,87,1845.609715535939,0.0173471030128052,
NSGA2Wrapper,re21,88,1849.785991881708,0.0170889802728829,
NSGA2Wrapper,re21,89,1857.8043534302024,0.0168652192703811,
NSGA2Wrapper,re21,90,1881.9462840682584,0.015725950338314,
NSGA2Wrapper,re21,91,1892.014611206499,0.0156507917964985,
NSGA2Wrapper,re21,92,1935.220762811951,0.0155923524262154,
NSGA2Wrapper,re21,93,1953.108808992736,0.0153874469997767,
NSGA2Wrapper,re21,94,1962.5681273092137,0.0146789302846062,
NSGA2Wrapper,re21,95,1999.0347782427584,0.0142249168940221,
NSGA2Wrapper,re21,96,2002.7338264796213,0.0136939121127415,
NSGA2Wrapper,re21,97,2031.6411467819155,0.0134526112724387,
NSGA2Wrapper,re21,98,2048.859263008003,0.0128389131888618,
NSGA2Wrapper,re21,99,2085.352104379455,0.0121251729736156,
NSGA2Wrapper,re21,100,2161.410629751132,0.0118961477838496,
NSGA2Wrapper,re21,101,2182.766067121644,0.0118113580543342,
NSGA2Wrapper,re21,102,2203.7939978996046,0.0104240794646221,
NSGA2Wrapper,re21,103,2273.200872084219,0.0099474907520517,
NSGA2Wrapper,re21,104,2276.1718215357423,0.0098618785611556,
NSGA2Wrapper,re21,105,2297.932761912424,0.0097031146700001,
NSGA2Wrapper,re21,106,2301.2132423890544,0.0095323723849063,
NSGA2Wrapper,re21,107,2358.617222671127,0.0086012425281943,
NSGA2Wrapper,re21,108,2361.9110353094984,0.0084001128372072,
NSGA2Wrapper,re21,109,2382.924248129312,0.0082189366478471,
NSGA2Wrapper,re21,110,2410.4402644962825,0.0076118737711463,
NSGA2Wrapper,re21,111,2417.470285023044,0.0076021129005504,
NSGA2Wrapper,re21,112,2523.5632815646995,0.0075054404677518,
NSGA2Wrapper,re21,113,2529.5070542866424,0.0072891596096605,
NSGA2Wrapper,re21,114,2539.238873404112,0.0070956005354965,
NSGA2Wrapper,re21,115,2546.566111506589,0.0070075701929703,
NSGA2Wrapper,re21,116,2556.623758499881,0.0067415042773326,
NSGA2Wrapper,re21,117,2568.2493560110693,0.0066154701171662,
NSGA2Wrapper,re21,118,2569.174745853963,0.0065058176204074,
NSGA2Wrapper,re21,119,2569.513873536087,0.0064431894961547,
NSGA2Wrapper,re21,120,2579.807495054843,0.0063392771187579,
NSGA2Wrapper,re21,121,2582.3640956717604,0.006162198379124,
NSGA2Wrapper,re21,122,2603.703499885245,0.0061032127549975,
NSGA2Wrapper,re21,123,2604.5561954782647,0.0060955254438992,
NSGA2Wrapper,re21,124,2615.787650816377,0.0059260807710296,
NSGA2Wrapper,re21,125,2628.343879582956,0.0055268588915832,
NSGA2Wrapper,re21,126,2655.680363388525,0.005424538127925,
NSGA2Wrapper,re21,127,2668.942734207565,0.0053503970229842,
NSGA2Wrapper,re21,128,2682.506002463994,0.0053275865831331,
NSGA2Wrapper,re21,129,2688.1792781971385,0.0051730079011594,
NSGA2Wrapper,re21,130,2693.219911442742,0.0043730387106142,
NSGA2Wrapper,re21,131,2701.738791865965,0.0043483222580705,
NSGA2Wrapper,re21,132,2736.353603798775,0.0041283052788768,
NSGA2Wrapper,re21,133,2750.9676403741587,0.0040726972184246,
NSGA2Wrapper,re21,134,2756.5609114776144,0.0039935993223913,
NSGA2Wrapper,re21,135,2781.208397321496,0.0035265450710528,
NSGA2Wrapper,re21,136,2815.454678344668,0.0035218224121903,
NSGA2Wrapper,re21,137,2816.863708934693,0.003300212646249,
NSGA2Wrapper,re21,138,2820.317117283081,0.0032411547598681,
NSGA2Wrapper,re21,139,2836.1901989450457,0.0030854287284096,
NSGA2Wrapper,re21,140,2836.9019777414705,0.0030771523754468,
NSGA2Wrapper,re21,141,2852.85432236843,0.0030022545239265,
NSGA2Wrapper,re21,142,2865.9179656206456,0.002983476830077,
NSGA2Wrapper,re21,143,2869.0406702139626,0.002948582788484,
NSGA2Wrapper,re21,144,2873.248674560561,0.0029160592522334,
NSGA2Wrapper,re21,145,2874.967489389071,0.0029008762189282,
NSGA2Wrapper,re21,146,2877.227193426529,0.0028463182535449,
NSGA2Wrapper,re21,147,2877.542261916955,0.0028445439848008,
NSGA2Wrapper,re21,148,2880.2139740803264,0.0028295361855347,
NSGA2Wrapper,re21,149,2880.587072232496,0.002825383337408,
NSGA2Wrapper,re21,150,2884.5128618547706,0.00280478422595,
NSGA2Wrapper,re21,151,2884.513584916251,0.0028047761918181,
NSGA2Wrapper,re34,0,1661.8126576053348,8.322386153222865,0.0712188715196266
NSGA2Wrapper,re34,1,1661.8814099029316,8.328868683644473,0.0706942823186336
NSGA2Wrapper,re34,2,1661.9164634633282,8.324438273076794,0.0710314677265087
NSGA2Wrapper,re34,3,1661.9426621178056,8.270877689080084,0.0750006369675321
NSGA2Wrapper,re34,4,1662.4639372526296,8.422689178399631,0.0704112013642783
NSGA2Wrapper,re34,5,1662.6549463976787,8.36625410790836,0.0703899147362887
NSGA2Wrapper,re34,6,1662.90619792982,7.974692354113584,0.0942665939273745
NSGA2Wrapper,re34,7,1662.9377277148794,7.98043630007369,0.0941805391979287
NSGA2Wrapper,re34,8,1663.14178878794,7.958492815295822,0.0955623644820369
NSGA2Wrapper,re34,9,1663.373116416611,7.8833057531797825,0.0989906067174031
NSGA2Wrapper,re34,10,1663.4059059283377,8.578386146475664,0.0702033863971218
NSGA2Wrapper,re34,11,1663.4655664491688,7.990548453727803,0.0933778420504923
NSGA2Wrapper,re34,12,1663.6980467221035,7.955811501591985,0.0978486063178038
NSGA2Wrapper,re34,13,1663.7757749798636,8.060727928983228,0.0930748563457861
NSGA2Wrapper,re34,14,1663.8187340870134,7.693283273879828,0.1044394718881775
NSGA2Wrapper,re34,15,1663.880664604851,7.698291365936585,0.1043974729416754
NSGA2Wrapper,re34,16,1663.907158620833,7.71759310198107,0.1043698339849005
NSGA2Wrapper,re34,17,1664.0497075508092,7.731431246922274,0.1040268701758709
NSGA2Wrapper,re34,18,1664.1057852541203,7.644041016155306,0.1058459143032721
NSGA2Wrapper,re34,19,1664.1411992066007,7.633671889624755,0.1060090579839562
NSGA2Wrapper,re34,20,1664.1420339406093,7.644756814103273,0.1057807384970875
NSGA2Wrapper,re34,21,1664.1550495840372,7.647344854410792,0.1057434185217549
NSGA2Wrapper,re34,22,1664.1658916050458,7.63856628381119,0.1059418018170293
NSGA2Wrapper,re34,23,1664.1683219521926,7.600731739043441,0.1063964634476278
NSGA2Wrapper,re34,24,1664.186590796236,7.620067218148462,0.1063009948890516
NSGA2Wrapper,re34,25,1664.1958237786585,7.617677936403594,0.106238716382409
NSGA2Wrapper,re34,26,1664.3201818763796,7.649296402068355,0.1055236096388065
NSGA2Wrapper,re34,27,1664.3341508360857,7.852277857675024,0.1019129446257212
NSGA2Wrapper,re34,28,1664.3431787547397,7.801833332554232,0.1012282718173678
NSGA2Wrapper,re34,29,1664.417137513111,7.756413133703499,0.1034575018732437
NSGA2Wrapper,re34,30,1664.6088029216314,7.7241870135254596,0.103323310328038
NSGA2Wrapper,re34,31,1664.608982588376,7.724142855586516,0.1033232411566518
NSGA2Wrapper,re34,32,1664.8199194720742,7.658191913070188,0.1045615946565996
NSGA2Wrapper,re34,33,1664.8808487043602,7.742305400003757,0.1018869494538353
NSGA2Wrapper,re34,34,1664.9736885198154,7.691935848403142,0.1043086453237197
NSGA2Wrapper,re34,35,1665.0071021441468,7.66385813669359,0.1042501095627398
NSGA2Wrapper,re34,36,1665.232873533159,7.644068721657808,0.1043258108327458
NSGA2Wrapper,re34,37,1665.389957245743,7.607325695781337,0.1055971184364639
NSGA2Wrapper,re34,38,1665.415389706237,7.608924146033478,0.1055406189505
NSGA2Wrapper,re34,39,1665.436985735041,7.600856655520151,0.1054936237398408
NSGA2Wrapper,re34,40,1665.444255265461,7.555418100032565,0.1058676845956045
NSGA2Wrapper,re34,41,1665.4443536302683,8.255431685702558,0.084681768444163
NSGA2Wrapper,re34,42,1665.9895301822169,8.404281861807037,0.0636759642924557
NSGA2Wrapper,re34,43,1666.073148910192,7.679370950004428,0.1023692798287665
NSGA2Wrapper,re34,44,1666.0913679158705,7.078178203408102,0.0981223641811439
NSGA2Wrapper,re34,45,1666.136761145215,7.0563253652960745,0.0976039901592762
NSGA2Wrapper,re34,46,1666.319171543522,7.081416980709734,0.096549384579316
NSGA2Wrapper,re34,47,1666.368217150126,6.986051952149065,0.0939875900046432
NSGA2Wrapper,re34,48,1666.4310503933416,6.978719803748535,0.0933191466851752
NSGA2Wrapper,re34,49,1666.5607298226455,7.010516205523981,0.0927553861885159
NSGA2Wrapper,re34,50,1666.6359099118686,7.028995355983551,0.0924313685942077
NSGA2Wrapper,re34,51,1667.0747661580108,7.096760336002275,0.0910155661402832
NSGA2Wrapper,re34,52,1667.1362295458905,8.16287799111341,0.0862435522443805
NSGA2Wrapper,re34,53,1667.3306877255006,7.068912830259522,0.0908472221344374
NSGA2Wrapper,re34,54,1667.5156088926046,7.222275020757041,0.0887553891534147
NSGA2Wrapper,re34,55,1667.6241959599677,8.474216347667783,0.0615415833330848
NSGA2Wrapper,re34,56,1667.827748975667,8.48358177186704,0.0612095192630618
NSGA2Wrapper,re34,57,1667.919712170973,7.405592839988648,0.0887290186422904
NSGA2Wrapper,re34,58,1668.8039169382191,7.07159892177058,0.0888290073365146
NSGA2Wrapper,re34,59,1669.0165478238516,7.071490306639952,0.0879561383224902
NSGA2Wrapper,re34,60,1669.071723861102,7.186926895303531,0.0873801646621758
NSGA2Wrapper,re34,61,1669.6329879410207,7.217944024871389,0.0870077161559549
NSGA2Wrapper,re34,62,1670.0138846348511,7.037131738050155,0.086334346527565
NSGA2Wrapper,re34,63,1670.0139427375052,7.037114727034016,0.0863334156012873
NSGA2Wrapper,re34,64,1670.034827729935,7.0375686747411255,0.0863064872368712
NSGA2Wrapper,re34,65,1670.0433065764898,7.03749296991865,0.0861821459434534
NSGA2Wrapper,re34,66,1670.0663971600827,8.243233505371302,0.0833810241147923
NSGA2Wrapper,re34,67,1670.0996405714009,7.058219761532103,0.0859584774310569
NSGA2Wrapper,re34,68,1670.3098256110206,7.101722623521098,0.0856342625804487
NSGA2Wrapper,re34,69,1670.3981309375993,7.403094103204219,0.0838545885718184
NSGA2Wrapper,re34,70,1670.400667831497,7.124150127982055,0.0852425048763642
NSGA2Wrapper,re34,71,1670.6737743820036,7.259199766590947,0.0834028062773031
NSGA2Wrapper,re34,72,1670.8273367069503,7.230248238275315,0.0834452511691221
NSGA2Wrapper,re34,73,1670.8794703157978,7.24328366307006,0.0832301616076319
NSGA2Wrapper,re34,74,1670.9300955386989,7.255131101372705,0.083183205110976
NSGA2Wrapper,re34,75,1671.1120471724705,9.07357786137765,0.0594091485906034
NSGA2Wrapper,re34,76,1671.2675365421403,6.974239943532424,0.1757081580488071
NSGA2Wrapper,re34,77,1671.4751283037122,6.965116804321867,0.1896954979990255
NSGA2Wrapper,re34,78,1671.6886272935817,7.457361333703839,0.0827679501017681
NSGA2Wrapper,re34,79,1671.7437106487655,6.920183457263074,0.1928766656708418
NSGA2Wrapper,re34,80,1671.7711221253485,7.431509163453664,0.0810360901010835
NSGA2Wrapper,re34,81,1671.9033210084744,6.886960543775283,0.1893057052203656
NSGA2Wrapper,re34,82,1671.9282495299942,6.893656310889174,0.1892661781132253
NSGA2Wrapper,re34,83,1671.955431735813,6.906516388393488,0.1884439294210055
NSGA2Wrapper,re34,84,1671.9739827249273,6.90447425832947,0.1887873845843293
NSGA2Wrapper,re34,85,1672.004703523364,6.905464742345485,0.1886723735206023
NSGA2Wrapper,re34,86,1672.04645191113,6.884184646503856,0.1983816023956389
NSGA2Wrapper,re34,87,1672.108982522619,6.8500985184542245,0.1948998209818807
NSGA2Wrapper,re34,88,1672.1434945933825,9.23163257989254,0.0594028741029041
NSGA2Wrapper,re34,89,1672.169009273037,9.238123834481124,0.0593709533976996
NSGA2Wrapper,re34,90,1672.247264599005,6.825938808502509,0.1979496996467069
NSGA2Wrapper,re34,91,1672.333150373331,6.836470823034858,0.1972811792524789
NSGA2Wrapper,re34,92,1672.4894329256776,7.095099987980862,0.0819654651683705
NSGA2Wrapper,re34,93,1672.5689581550275,6.915464942229751,0.186128433459703
NSGA2Wrapper,re34,94,1672.7201027479748,7.656377257699238,0.0780067845310917
NSGA2Wrapper,re34,95,1672.8178464626965,7.241876979104773,0.0816595740992743
NSGA2Wrapper,re34,96,1672.914788724245,7.202523188083802,0.0799242353317419
NSGA2Wrapper,re34,97,1672.9818027459291,6.753289589763327,0.2153309784444528
NSGA2Wrapper,re34,98,1673.0728472894762,7.247064114819289,0.0798335962524423
NSGA2Wrapper,re34,99,1673.1221811395126,7.272290120522407,0.0794875941015663
NSGA2Wrapper,re34,100,1673.1900178796425,6.803653332268902,0.2152907313885432
NSGA2Wrapper,re34,101,1673.1939514982057,7.189341016870101,0.0808040863936264
NSGA2Wrapper,re34,102,1673.3427068627873,7.325392478502286,0.0787954159009181
NSGA2Wrapper,re34,103,1673.7479885311045,7.386851219829027,0.0777522614081577
NSGA2Wrapper,re34,104,1674.5645684072738,6.490798960165503,0.2481096555907503
NSGA2Wrapper,re34,105,1674.6410704807554,6.474589044123363,0.2493837631032395
NSGA2Wrapper,re34,106,1674.6729519848986,7.147018494596924,0.0806125924115009
NSGA2Wrapper,re34,107,1674.7744632493598,7.4502073407998175,0.0761651840324664
NSGA2Wrapper,re34,108,1674.7745915654411,7.450171811350849,0.0761629759837705
NSGA2Wrapper,re34,109,1675.344168342115,9.353936331952143,0.0569372785856442
NSGA2Wrapper,re34,110,1675.3688464446152,9.35065449215465,0.0569166759626434
NSGA2Wrapper,re34,111,1675.3902465511544,7.271371217060675,0.0760864182756549
NSGA2Wrapper,re34,112,1675.4578953652058,6.52046011477312,0.239443908479149
NSGA2Wrapper,re34,113,1675.5433093511735,6.484925101503389,0.2378642487561089
NSGA2Wrapper,re34,114,1675.6063136860623,6.614951406494661,0.2290450042343951
NSGA2Wrapper,re34,115,1676.0797645369655,6.358766826017559,0.2483866252726699
NSGA2Wrapper,re34,116,1676.1881014588794,6.339626995250815,0.2510464603325886
NSGA2Wrapper,re34,117,1676.3548649972315,6.314020122156123,0.2534868431819987
NSGA2Wrapper,re34,118,1676.390458024619,6.48098616401275,0.2483550226073421
NSGA2Wrapper,re34,119,1676.9185237598929,8.10838605163938,0.0758329299290472
NSGA2Wrapper,re34,120,1676.9187286698725,6.450832960346379,0.2482166374561913
NSGA2Wrapper,re34,121,1677.0266801118423,8.026161405704975,0.0746093920017712
NSGA2Wrapper,re34,122,1677.6492897644405,8.122564869382009,0.0735308372648756
NSGA2Wrapper,re34,123,1677.732950867098,8.099386252173073,0.0732834236747909
NSGA2Wrapper,re34,124,1677.8298552231138,8.125654450938162,0.0731083368353711
NSGA2Wrapper,re34,125,1678.380242572896,8.173508620984604,0.0724825898706348
NSGA2Wrapper,re34,126,1678.448696137115,8.233164956222307,0.0703399662350207
NSGA2Wrapper,re34,127,1678.517072377948,6.388162072915312,0.2404805311100903
NSGA2Wrapper,re34,128,1678.76836354161,6.426624945090209,0.2362285827387504
NSGA2Wrapper,re34,129,1678.8472419050668,6.713329246689322,0.2188470942196217
NSGA2Wrapper,re34,130,1678.9545439200144,8.217371122373715,0.071007965048791
NSGA2Wrapper,re34,131,1679.2324210315337,6.541657133795984,0.2351633981595595
NSGA2Wrapper,re34,132,1679.2773582151804,6.527590359935292,0.2360269258925989
NSGA2Wrapper,re34,133,1679.3382338741244,6.510523172329823,0.2315236482804495
NSGA2Wrapper,re34,134,1679.3929817496846,6.687896342269408,0.2265256248685646
NSGA2Wrapper,re34,135,1679.554674834818,6.428989812710875,0.2354246914828754
NSGA2Wrapper,re34,136,1679.593521883103,6.682803337704407,0.2266868276675072
NSGA2Wrapper,re34,137,1679.617593287008,6.676075813581801,0.2268227087309633
NSGA2Wrapper,re34,138,1679.66066168026,6.611986362466862,0.223008646679689
NSGA2Wrapper,re34,139,1680.0136696506756,6.583131795729728,0.2272405580547378
NSGA2Wrapper,re34,140,1680.5391906742332,6.740188710227474,0.2182670502997091
NSGA2Wrapper,re34,141,1681.847240873055,9.562427716168306,0.0567778184401302
NSGA2Wrapper,re34,142,1681.960781079984,9.594996064080458,0.0566469174246363
NSGA2Wrapper,re34,143,1682.9005005269164,9.62302246833936,0.0553875451005761
NSGA2Wrapper,re34,144,1684.335138232568,10.367817861319471,0.0553360220561186
NSGA2Wrapper,re34,145,1684.3891594183574,9.86756351471996,0.0527310347567771
NSGA2Wrapper,re34,146,1684.425372256086,9.844883705211538,0.0541060806211409
NSGA2Wrapper,re34,147,1684.523905227385,9.896565834427827,0.0524500554700355
NSGA2Wrapper,re34,148,1684.5309550925351,9.877714634392396,0.0523922117712136
NSGA2Wrapper,re34,149,1685.5138839427611,9.570203246772444,0.0501764780724831
NSGA2Wrapper,re34,150,1686.1268933060846,9.850920318812175,0.0493956399168176
NSGA2Wrapper,re34,151,1686.143077171164,9.791256863761571,0.0499127931453619
NSGA2Wrapper,re34,152,1686.4082400486511,9.846090383192127,0.0490430440703034
NSGA2Wrapper,re34,153,1686.723872068714,9.847259345824734,0.048624734470535
NSGA2Wrapper,re34,154,1686.8464126824167,9.853731408049184,0.0484041367511345
NSGA2Wrapper,re34,155,1686.9778888780293,9.860688943732562,0.0481743187132086
NSGA2Wrapper,re34,156,1686.977946980683,9.860682597761,0.0481727297685902
NSGA2Wrapper,re34,157,1687.040418773243,9.754700797278526,0.0486882302372651
NSGA2Wrapper,re34,158,1687.109703875715,9.886284590359027,0.0480227973430577
NSGA2Wrapper,re34,159,1687.5330706277532,10.031437067847884,0.0475225579883776
NSGA2Wrapper,re34,160,1687.6303019033471,9.913520110489705,0.0470345023906831
NSGA2Wrapper,re34,161,1688.276137164176,10.004023744691969,0.0462615378791668
NSGA2Wrapper,re34,162,1688.698789478978,10.096216209625824,0.045938085435157
NSGA2Wrapper,re34,163,1688.6994319241687,10.0961587441166,0.0459198980691615
NSGA2Wrapper,re34,164,1688.9060949732468,10.087803436975024,0.0455893613241391
NSGA2Wrapper,re34,165,1689.257799622699,10.164682429825335,0.0453627803038693
NSGA2Wrapper,re34,166,1689.5551956142513,10.199885783538136,0.0448433236050041
NSGA2Wrapper,re34,167,1690.2342814208132,10.240793406800869,0.0436560702856173
NSGA2Wrapper,re34,168,1690.259855249022,10.23960795308608,0.0436151675215693
NSGA2Wrapper,re34,169,1690.3105943554226,10.237178918886352,0.0435340154281018
NSGA2Wrapper,re37,0,0.0091953746930032,0.9609194580188962,0.9861601073293782
NSGA2Wrapper,re37,1,0.0092427779897983,0.939232588403776,0.990917468078527
NSGA2Wrapper,re37,2,0.0094000788820646,0.934159186188354,0.99205778047446
NSGA2Wrapper,re37,3,0.0094222399096572,0.9341429491078664,0.9920598869356811
NSGA2Wrapper,re37,4,0.0117052425804128,0.8979589689667868,1.0001104463513968
NSGA2Wrapper,re37,5,0.0121364569709972,1.0695408646635227,0.9624233822149114
NSGA2Wrapper,re37,6,0.0125377138381403,1.0672593300379902,0.9600927811904278
NSGA2Wrapper,re37,7,0.0125401143241811,1.0936741291504926,0.9593061977329356
NSGA2Wrapper,re37,8,0.0130406871053628,0.860882693653965,1.006105686732745
NSGA2Wrapper,re37,9,0.0138586803357569,0.9060576578469508,0.9974280942687856
NSGA2Wrapper,re37,10,0.0140156590112214,0.9580363835184666,0.9800372810369692
NSGA2Wrapper,re37,11,0.0141546601840325,0.9237158083180425,0.9886192154117596
NSGA2Wrapper,re37,12,0.0141752608536019,1.0155767800398228,0.968580073519844
NSGA2Wrapper,re37,13,0.0148441781011901,1.0145307178571488,0.9691432454531148
NSGA2Wrapper,re37,14,0.0151632609460871,1.0143365702550065,0.9674482958511468
NSGA2Wrapper,re37,15,0.0152146955999442,1.0142979846088906,0.9674489385857648
NSGA2Wrapper,re37,16,0.0153303656616139,1.0175646480975176,0.966922418442974
NSGA2Wrapper,re37,17,0.0155793855947142,1.0015440194467575,0.9676796592372796
NSGA2Wrapper,re37,18,0.0156897176806145,1.0397814793958604,0.964037464613275
NSGA2Wrapper,re37,19,0.0157819189131501,1.0112658655094,0.9642526002228488
NSGA2Wrapper,re37,20,0.01583635697382,0.9336722800739624,0.972833991533882
NSGA2Wrapper,re37,21,0.0158363887273386,0.9336623143896168,0.9728361341224264
NSGA2Wrapper,re37,22,0.0160083556434631,1.0126047320970637,0.9630397583932732
NSGA2Wrapper,re37,23,0.016344359372748,0.931391954262956,0.9689412656529108
NSGA2Wrapper,re37,24,0.0172363693442359,1.077979273936106,0.956294491809516
NSGA2Wrapper,re37,25,0.0177162717683716,1.0652406389733748,0.9624433643733185
NSGA2Wrapper,re37,26,0.0177774550678599,0.9996071092894282,0.9508566208771664
NSGA2Wrapper,re37,27,0.0182741505520755,0.971487262173978,0.959364974130752
NSGA2Wrapper,re37,28,0.019144251057259,0.8964123410094277,0.9880074577688496
NSGA2Wrapper,re37,29,0.0195347372547894,1.1788740040538956,0.9446215621328894
NSGA2Wrapper,re37,30,0.0195404863274751,1.1991682263332069,0.9412459122953644
NSGA2Wrapper,re37,31,0.0195636480731895,0.9290298568425192,0.9684376354184686
NSGA2Wrapper,re37,32,0.0196741756841637,1.1989689707006466,0.941081913741978
NSGA2Wrapper,re37,33,0.0200755729601826,0.9258075162230802,0.962552237103518
NSGA2Wrapper,re37,34,0.0204077933219668,1.1973404281429507,0.9413544336357298
NSGA2Wrapper,re37,35,0.0205042895792948,0.977396752041776,0.9577780235195616
NSGA2Wrapper,re37,36,0.0205757339757654,1.0876773487057898,0.949448517316383
NSGA2Wrapper,re37,37,0.0206087292709055,1.159967694111928,0.9472596311542396
NSGA2Wrapper,re37,38,0.0211488030848481,1.177563362965654,0.9446547101844572
NSGA2Wrapper,re37,39,0.0211499224947325,1.1775562085688114,0.9446489501697912
NSGA2Wrapper,re37,40,0.0213783963923321,0.9924375544372896,0.9235194434052912
NSGA2Wrapper,re37,41,0.021576267924635,0.9760354874432244,0.9582185122305968
NSGA2Wrapper,re37,42,0.0220747978843695,0.8382158739414322,1.000132251604729
NSGA2Wrapper,re37,43,0.022112892792617,0.9735310107626848,0.954152468020012
NSGA2Wrapper,re37,44,0.0223479757866963,0.9725060999163008,0.9524148076608192
NSGA2Wrapper,re37,45,0.0228013290225503,0.9868017910599176,0.9100801564989416
NSGA2Wrapper,re37,46,0.0231956012730075,0.6890121800610559,1.052868451237047
NSGA2Wrapper,re37,47,0.0237920879354461,0.911451567288166,0.982986117113428
NSGA2Wrapper,re37,48,0.0237970522009596,0.9579501088016832,0.93588483999214
NSGA2Wrapper,re37,49,0.0261532722371641,0.70892442861782,1.0415603518561514
NSGA2Wrapper,re37,50,0.0267872629661875,0.7085329988624057,1.0414290385350855
NSGA2Wrapper,re37,51,0.0270313793622733,0.6462636391999272,1.0654297284402825
NSGA2Wrapper,re37,52,0.0273827904471196,0.7021113076651532,1.0432294136495082
NSGA2Wrapper,re37,53,0.0275097624288475,0.947178975673552,0.9029276710183924
NSGA2Wrapper,re37,54,0.0276556908595317,0.6930376798657255,1.0460428582621286
NSGA2Wrapper,re37,55,0.0277196876062382,0.6600489547268462,1.0584876854303888
NSGA2Wrapper,re37,56,0.0282604057497666,0.707234726298407,1.0399994162355377
NSGA2Wrapper,re37,57,0.0282688811882644,0.6928570920728119,1.0458422258944973
NSGA2Wrapper,re37,58,0.029296792763563,0.6272626554112483,1.0710715844794
NSGA2Wrapper,re37,59,0.0295898099474664,0.6441980811593234,1.0630506137892146
NSGA2Wrapper,re37,60,0.0298381429626315,0.6659563929048207,1.0544239079290267
NSGA2Wrapper,re37,61,0.0298515281096488,0.6972191883582265,1.0195224606606104
NSGA2Wrapper,re37,62,0.0303818712884823,0.9950239299784442,0.8658738333622276
NSGA2Wrapper,re37,63,0.0309449044037335,0.6582513352307043,1.0565514930220836
NSGA2Wrapper,re37,64,0.0313436682026818,0.655794479117476,1.0408531954297615
NSGA2Wrapper,re37,65,0.0315641590097183,0.9134255186002708,0.9656457296607408
NSGA2Wrapper,re37,66,0.0317824556821369,1.0303517902329946,0.8595793777953715
NSGA2Wrapper,re37,67,0.0321043226447574,1.029303327651898,0.8564530691971609
NSGA2Wrapper,re37,68,0.0321976048386074,0.639487023418219,1.066378007106315
NSGA2Wrapper,re37,69,0.0322644528317739,0.6255475251089171,1.0700985618151713
NSGA2Wrapper,re37,70,0.0324181856312346,0.7215677199647271,1.0094473172769949
NSGA2Wrapper,re37,71,0.0324954847825983,0.6423759786356913,1.0613623103307572
NSGA2Wrapper,re37,72,0.0325295260986693,1.027813834931408,0.8518029514275826
NSGA2Wrapper,re37,73,0.0327348922825599,0.6413597545027329,1.0610856378878744
NSGA2Wrapper,re37,74,0.0334271311088045,0.6062051594817169,1.0778161167806528
NSGA2Wrapper,re37,75,0.0342259643246524,1.0610460310506642,0.8468139953708467
NSGA2Wrapper,re37,76,0.034331331345794,1.0217127432508812,0.8315279528128579
NSGA2Wrapper,re37,77,0.0348164478649455,0.6432243965108059,1.0312132174311253
NSGA2Wrapper,re37,78,0.0359113471320794,0.9105168335611304,0.9507480464482834
NSGA2Wrapper,re37,79,0.0364760702791022,0.6386548736871782,1.056594487008503
NSGA2Wrapper,re37,80,0.0369273260760609,0.6827433105580184,1.022180438017185
NSGA2Wrapper,re37,81,0.0372184519831154,0.7146077393438076,1.0098292006454035
NSGA2Wrapper,re37,82,0.0372317688139073,0.71456201920291,1.0097195730659838
NSGA2Wrapper,re37,83,0.0375307687395926,0.7108925965679115,1.0107981851708612
NSGA2Wrapper,re37,84,0.0375315420249566,0.5722968489819354,1.0747661277091194
NSGA2Wrapper,re37,85,0.0375600698234474,0.5722760186190363,1.0747408084460763
NSGA2Wrapper,re37,86,0.0376373622485003,0.9378530347158572,0.9486293694946646
NSGA2Wrapper,re37,87,0.0376385914994449,0.9425633498922772,0.9475558434921656
NSGA2Wrapper,re37,88,0.037819072421116,0.5631143886771268,1.091300747453398
NSGA2Wrapper,re37,89,0.038085054416712,0.5611214919342182,1.0924556946361756
NSGA2Wrapper,re37,90,0.0382934177211008,0.9396310772581437,0.9438901380703052
NSGA2Wrapper,re37,91,0.0383676529673129,0.9992794672169344,0.8231221895748916
NSGA2Wrapper,re37,92,0.0384772442535721,1.0019938467046072,0.8226487594833864
NSGA2Wrapper,re37,93,0.0385390123352917,0.9385547498950418,0.9424383022931908
NSGA2Wrapper,re37,94,0.0387035575488098,1.1373059401826744,0.8121088169826289
NSGA2Wrapper,re37,95,0.0387672936659751,0.905839456545748,0.9484644732212534
NSGA2Wrapper,re37,96,0.038780247001324,0.9375094402744888,0.9409730994548814
NSGA2Wrapper,re37,97,0.0396732648455847,1.174655472696232,0.8104437518005257
NSGA2Wrapper,re37,98,0.0397439207125714,0.5503095445170019,1.0954367190780103
NSGA2Wrapper,re37,99,0.0398070050428831,0.5500971609091245,1.0950188244689032
NSGA2Wrapper,re37,100,0.0398083447817221,0.5500926601534258,1.0950099135630686
NSGA2Wrapper,re37,101,0.0398246465687024,0.599456578177427,1.0746302053322363
NSGA2Wrapper,re37,102,0.0398377936850807,0.6736698190252488,0.9955597197250344
NSGA2Wrapper,re37,103,0.0401111418694736,1.1742139268988538,0.8104667088971764
NSGA2Wrapper,re37,104,0.0401191160735957,1.174290452539198,0.8104568296652024
NSGA2Wrapper,re37,105,0.040959933229673,0.5638873938184741,1.0899014270538747
NSGA2Wrapper,re37,106,0.0409617763131914,0.5602894153699169,1.0913753440126248
NSGA2Wrapper,re37,107,0.0413679366225234,0.9020235192684378,0.9778146420592272
NSGA2Wrapper,re37,108,0.04146710872528,0.6159571458077511,1.0577612925153013
NSGA2Wrapper,re37,109,0.0423184047583043,0.5630012657379663,1.089049275073747
NSGA2Wrapper,re37,110,0.042356318335807,0.5549651078328506,1.092578920749128
NSGA2Wrapper,re37,111,0.0423617929100362,0.5549442369860902,1.0925389208625664
NSGA2Wrapper,re37,112,0.042361829598837,0.5549441555377985,1.092538773884353
NSGA2Wrapper,re37,113,0.042376236808146,0.6076135965778109,1.0667184542373795
NSGA2Wrapper,re37,114,0.0423775963566112,0.5509018871586686,1.0943121333804433
NSGA2Wrapper,re37,115,0.0423819404492933,0.5508988171741099,1.094308334075211
NSGA2Wrapper,re37,116,0.0424256942574534,0.5508678969213647,1.0942700663716056
NSGA2Wrapper,re37,117,0.0428454853254572,0.9806725640127764,0.8193194447754902
NSGA2Wrapper,re37,118,0.0429087202731186,0.550618168278748,1.0940976523271893
NSGA2Wrapper,re37,119,0.0429345266180696,0.5442287996925642,1.0829193470392355
NSGA2Wrapper,re37,120,0.0432381790789502,1.164960384600627,0.8059548066181544
NSGA2Wrapper,re37,121,0.0434853558779762,1.1666870683315913,0.8057237128963165
NSGA2Wrapper,re37,122,0.043502328663709,1.16662437194234,0.8055271898829429
NSGA2Wrapper,re37,123,0.0435932559836383,1.1665263913880397,0.8055830620159101
NSGA2Wrapper,re37,124,0.0440410899736954,1.1627127554585988,0.8048222600207956
NSGA2Wrapper,re37,125,0.0440853937662992,0.9958160054945204,0.8132470724538304
NSGA2Wrapper,re37,126,0.044212889052973,1.1621083900114664,0.7957244249592785
NSGA2Wrapper,re37,127,0.04427228217468,1.000234809601371,0.8124881285932174
NSGA2Wrapper,re37,128,0.0447273099548291,1.0678606237385346,0.7977466224695686
NSGA2Wrapper,re37,129,0.0448712360704467,1.1618348689969182,0.7965956618652771
NSGA2Wrapper,re37,130,0.0448957828677465,1.0689388871945311,0.7974973563839215
NSGA2Wrapper,re37,131,0.0449326866609867,1.0682828672904905,0.7960627587831605
NSGA2Wrapper,re37,132,0.0449547010405076,0.5510722414282551,1.0798351923928609
NSGA2Wrapper,re37,133,0.0450228229212893,0.5713253822312293,1.0790612514854103
NSGA2Wrapper,re37,134,0.045416846565218,0.5681977523378949,1.0721252506250578
NSGA2Wrapper,re37,135,0.0465476321766174,1.0636485485986449,0.7777469222729784
NSGA2Wrapper,re37,136,0.0468484044754068,0.5768667361042098,1.068363936425273
NSGA2Wrapper,re37,137,0.0468627417683552,0.6201025720979998,1.0553326635161069
NSGA2Wrapper,re37,138,0.0471569701049341,0.934671998513964,0.934924548655988
NSGA2Wrapper,re37,139,0.0472382327033733,0.5457705832754755,1.082760853828766
NSGA2Wrapper,re37,140,0.0473209830135568,0.5407327215854971,1.0694795317861707
NSGA2Wrapper,re37,141,0.0475049169372302,0.8935783416794089,0.9385058350822696
NSGA2Wrapper,re37,142,0.0481492874285862,0.9505036947724658,0.8610902343944323
NSGA2Wrapper,re37,143,0.0494061869728798,1.0617096377244448,0.7857226034345892
NSGA2Wrapper,re37,144,0.0494927810750401,0.5441034438337604,0.9933509700118516
NSGA2Wrapper,re37,145,0.0504664836277943,0.5472264914918928,0.9432684212441728
NSGA2Wrapper,re37,146,0.0504668735953679,0.5334334265069692,1.0410609845778944
NSGA2Wrapper,re37,147,0.0508771252592522,0.8717751257865889,0.5324896382401695
NSGA2Wrapper,re37,148,0.0520033761536782,0.9489713786153005,0.459834156501558
NSGA2Wrapper,re37,149,0.0530115090476667,0.9687769798788076,0.4496393440811874
NSGA2Wrapper,re37,150,0.0534844175838636,0.9127677918320176,0.5000461746708942
NSGA2Wrapper,re37,151,0.0537941593760137,0.8875491669674141,0.4262463886264004
NSGA2Wrapper,re37,152,0.0542642896994372,0.5478995851952868,0.9394449559212452
NSGA2Wrapper,re37,153,0.0550048772613402,0.5264696978370051,0.9988907902570956
NSGA2Wrapper,re37,154,0.0559018002595359,0.5429936792010122,0.9917653193417004
NSGA2Wrapper,re37,155,0.0559764116127786,0.5203102286141064,1.0008146213462763
NSGA2Wrapper,re37,156,0.0559864868325936,0.5202456844326776,1.000834960034887
NSGA2Wrapper,re37,157,0.0564774217668448,0.5247610153238526,0.9774614169421496
NSGA2Wrapper,re37,158,0.0567807934754439,0.824707049920513,0.4530028491137253
NSGA2Wrapper,re37,159,0.0570944339879603,0.5170302932442601,0.9517024051857734
NSGA2Wrapper,re37,160,0.0573202833801791,0.5276823353848131,0.9455309000917174
NSGA2Wrapper,re37,161,0.0578106139982695,0.5166536911455069,0.9799451943857382
NSGA2Wrapper,re37,162,0.0583956457348391,0.5210298203274076,0.9475371078870934
NSGA2Wrapper,re37,163,0.0588655663041031,0.5402301684918329,0.9454275134545485
NSGA2Wrapper,re37,164,0.0601626443738511,0.5122040757208816,0.951624192355176
NSGA2Wrapper,re37,165,0.0605830625902669,0.5642866676225529,0.9171183992342712
NSGA2Wrapper,re37,166,0.0610221219211748,0.7854467913387296,0.4687429680144576
NSGA2Wrapper,re37,167,0.0632496856136115,1.0306971844556692,0.4098220882064385
NSGA2Wrapper,re37,168,0.063571006243741,0.5105631892565012,0.9545032923765132
NSGA2Wrapper,re37,169,0.0636970422852986,0.5104778436044514,0.9543890098721256
NSGA2Wrapper,re37,170,0.0651805317755598,0.532471466279331,0.92257590752997
NSGA2Wrapper,re37,171,0.0663166983972647,1.0401165071930856,0.4086712471800761
NSGA2Wrapper,re37,172,0.0668933691789787,1.03896039871819,0.3995029549256597
NSGA2Wrapper,re37,173,0.0669501773696396,0.5215743714377583,0.9267190011599814
NSGA2Wrapper,re37,174,0.0672598686076807,0.6206650429386964,0.6807482912286095
NSGA2Wrapper,re37,175,0.0681893504512172,0.6082279733458701,0.4885912069184485
NSGA2Wrapper,re37,176,0.0682626553190719,0.5094954524765315,0.9412854935009362
NSGA2Wrapper,re37,177,0.0684077843851237,1.0222548290226612,0.4204163861221166
NSGA2Wrapper,re37,178,0.0685117559993895,0.5092315965282036,0.9273902754219092
NSGA2Wrapper,re37,179,0.0688942550107935,0.5188298443461649,0.9225786873626642
NSGA2Wrapper,re37,180,0.0692394189566868,0.5080720456737646,0.9190402218758896
NSGA2Wrapper,re37,181,0.0696972226312513,0.5209566728305188,0.8947089710536313
NSGA2Wrapper,re37,182,0.0703016763506386,0.4997765225568439,0.8711392711660632
NSGA2Wrapper,re37,183,0.0727199619290534,0.8510011227009047,0.4049373331214218
NSGA2Wrapper,re37,184,0.0745617257320558,0.7276335908940972,0.4368396612941245
NSGA2Wrapper,re37,185,0.0745802480468458,1.034976087899784,0.3904726450182484
NSGA2Wrapper,re37,186,0.0748103443461406,1.0472488309617949,0.3860364386656435
NSGA2Wrapper,re37,187,0.0758928828868259,0.832169788377743,0.389132265097468
NSGA2Wrapper,re37,188,0.0760277673030133,1.0342695209353752,0.3834832606074962
NSGA2Wrapper,re37,189,0.0769015552126159,0.8165717545768119,0.4003318850200414
NSGA2Wrapper,re37,190,0.0772659911764944,0.5245481998572228,0.514097870100177
NSGA2Wrapper,re37,191,0.0791451706461477,1.0032568625306764,0.3773881140492708
NSGA2Wrapper,re37,192,0.0799133332136741,1.0709794351035518,0.3744029243882703
NSGA2Wrapper,re37,193,0.0813731921204024,0.5586618801973073,0.4785399382231941
NSGA2Wrapper,re37,194,0.0815627139335924,1.066074584741756,0.3745437166185182
NSGA2Wrapper,re37,195,0.0824221549146686,0.4855071137636586,0.67673741191972
NSGA2Wrapper,re37,196,0.0846779222568652,0.5046219940936919,0.5016397006741535
NSGA2Wrapper,re37,197,0.0852205775115402,0.4792881791260484,0.5270247777846316
NSGA2Wrapper,re37,198,0.0860446791368145,1.015992083135673,0.3585236882226034
NSGA2Wrapper,re37,199,0.0861473855550302,0.5018992509498619,0.4951510460622637
NSGA2Wrapper,re37,200,0.0886863983566216,0.4851286747185374,0.4960603838005805
NSGA2Wrapper,re37,201,0.0895763298752813,0.4761932791636123,0.504042036502236
NSGA2Wrapper,re37,202,0.0899663159181881,0.8164820345243753,0.424495503952659
NSGA2Wrapper,re37,203,0.0901331740083204,0.4756365490510235,0.5214107514942149
NSGA2Wrapper,re37,204,0.0907475537386146,0.8162657104335149,0.3782065572811418
NSGA2Wrapper,re37,205,0.0917073873349901,0.4996671799365287,0.4823335924964891
NSGA2Wrapper,re37,206,0.0928357314500944,0.4893506122457013,0.4889611431515865
NSGA2Wrapper,re37,207,0.0944233328974946,0.8104832995056958,0.4163258979629069
NSGA2Wrapper,re37,208,0.0957290119129667,0.4738698943014932,0.4957069872580021
NSGA2Wrapper,re37,209,0.0962122320691076,1.0070785064000165,0.3642626158237171
NSGA2Wrapper,re37,210,0.0967028523768224,0.4922141455039312,0.480774208328663
NSGA2Wrapper,re37,211,0.1053793722073634,0.4673119577774069,0.590979087854057
NSGA2Wrapper,re37,212,0.1070572383218065,0.4718853686029148,0.4943399859962646
NSGA2Wrapper,re37,213,0.107732116707792,1.0386602281926962,0.3340937100149551
NSGA2Wrapper,re37,214,0.1103703805705702,0.4829604311010637,0.4936892471480857
NSGA2Wrapper,re37,215,0.1127641330744096,0.7762501841920134,0.3353860027989689
NSGA2Wrapper,re37,216,0.1167946485959966,0.4628549159467222,0.4807587992559648
NSGA2Wrapper,re37,217,0.1169900887115115,0.4623596383490832,0.5313902735450862
NSGA2Wrapper,re37,218,0.1218897140346819,0.4785685557243768,0.4565401677930837
NSGA2Wrapper,re37,219,0.1263725644710721,0.8149360519103981,0.3001905150467296
NSGA2Wrapper,re37,220,0.1271111408935697,0.4626699317736781,0.4903880370073663
NSGA2Wrapper,re37,221,0.1289205613958151,0.472454704182283,0.4474925276720374
NSGA2Wrapper,re37,222,0.1385246097234375,0.5366253722991354,0.4462580392379265
NSGA2Wrapper,re37,223,0.1445246292112594,0.7389083428119404,0.413420555356487
NSGA2Wrapper,re37,224,0.1486138637289218,0.4728909243509333,0.4261750944948443
NSGA2Wrapper,re37,225,0.1503306430182229,0.4527393816166777,0.6437042535675457
NSGA2Wrapper,re37,226,0.1514738355909045,0.4474409465166296,0.6084907146895165
NSGA2Wrapper,re37,227,0.1640579766375341,0.5287353410148413,0.4173309669532272
NSGA2Wrapper,re37,228,0.1648653159990785,0.7284368567990291,0.4132128926346063
NSGA2Wrapper,re37,229,0.1692342664586988,0.4412388234456885,0.4667975651018088
NSGA2Wrapper,re37,230,0.1856244861999052,0.8995657129688609,0.29369801640403
NSGA2Wrapper,re37,231,0.1951796553462614,0.9120864637634734,0.2538608420543641
NSGA2Wrapper,re37,232,0.2031218423554652,0.7491414223769363,0.3129591005894717
NSGA2Wrapper,re37,233,0.2051220544784683,0.8734122555399556,0.291421338255042
NSGA2Wrapper,re37,234,0.2052274908819885,0.8766322119806846,0.2868646151240032
NSGA2Wrapper,re37,235,0.2054030889141527,0.8709522072977539,0.2963924236445369
NSGA2Wrapper,re37,236,0.2066108564036665,0.8712958973279207,0.2941663703964276
NSGA2Wrapper,re37,237,0.2071361820597802,0.8832179914850907,0.1479007938723984
NSGA2Wrapper,re37,238,0.2076043489267541,0.8690011498101362,0.2873765017739852
NSGA2Wrapper,re37,239,0.2087973353913594,0.8930167912384597,0.1425155109633169
NSGA2Wrapper,re37,240,0.2113179224600182,0.8608993563682243,0.283591712754095
NSGA2Wrapper,re37,241,0.2185341892707497,0.7474389792301592,0.410857476811178
NSGA2Wrapper,re37,242,0.2231644476564356,0.841317461312045,0.0787619899986856
NSGA2Wrapper,re37,243,0.2237372923009501,0.7336361835156584,0.3713686207487362
NSGA2Wrapper,re37,244,0.2284139645689389,0.859742273164396,0.049339080205631
NSGA2Wrapper,re37,245,0.2311268625010578,0.8166747223042975,0.0671604445176809
NSGA2Wrapper,re37,246,0.2311939701587701,0.8176935339870264,0.0667355746946571
NSGA2Wrapper,re37,247,0.2322395981556736,0.8160946070872556,0.0632129426265153
NSGA2Wrapper,re37,248,0.2324426222694234,0.8279568378354674,0.0497069847094115
NSGA2Wrapper,re37,249,0.2348379266616579,0.7912563353139266,0.0660393735986274
NSGA2Wrapper,re37,250,0.2357715696069244,0.4314887707199694,0.8896376216623049
NSGA2Wrapper,re37,251,0.2376223002304935,0.8460499138122441,0.0449349268891531
NSGA2Wrapper,re37,252,0.2398249098850928,0.4955102602977586,0.4095920252581159
NSGA2Wrapper,re37,253,0.2398403982633961,0.8426666095975086,0.0168033458287319
NSGA2Wrapper,re37,254,0.2410655931737529,0.841203402744192,0.0012959810016161
NSGA2Wrapper,re37,255,0.2427827707222527,0.794599069010331,0.0421547562480212
NSGA2Wrapper,re37,256,0.2433937461478532,0.8393537513072031,0.0032234566635984
NSGA2Wrapper,re37,257,0.2442422198787711,0.7882746867911905,-0.0046525879563202
NSGA2Wrapper,re37,258,0.2454754520337425,0.4328811739980414,0.8729138439184201
NSGA2Wrapper,re37,259,0.2465543281664075,0.7708922607162153,0.0085670080612965
NSGA2Wrapper,re37,260,0.2467414605468408,0.4277484727047196,0.3257600438264523
NSGA2Wrapper,re37,261,0.2485518858958103,0.4107497612286257,0.6506317061232312
NSGA2Wrapper,re37,262,0.2506234459192153,0.776701479071324,-0.0180572465921929
NSGA2Wrapper,re37,263,0.2507499683885272,0.7798195540595373,-0.0197946422650258
NSGA2Wrapper,re37,264,0.2507802741712889,0.8194780375500866,-0.040023666142802
NSGA2Wrapper,re37,265,0.2519192607696727,0.6469349801741447,0.037542190465375
NSGA2Wrapper,re37,266,0.2528330488674917,0.7210589816957376,-0.0159924024606149
NSGA2Wrapper,re37,267,0.253302708688729,0.7740321115961952,-0.0410890086888205
NSGA2Wrapper,re37,268,0.25396357829826,0.8156857673420408,-0.0743427422766815
NSGA2Wrapper,re37,269,0.2540580385096129,0.6711501387544747,0.0370759862087408
NSGA2Wrapper,re37,270,0.2544431659050433,0.8047738030846788,-0.0762317396428098
NSGA2Wrapper,re37,271,0.2547998435903024,0.8142098415563368,-0.0782342475981628
NSGA2Wrapper,re37,272,0.2549789812997705,0.8139520636455466,-0.0804886221199484
NSGA2Wrapper,re37,273,0.255704932248202,0.3998610274347077,0.743134302724977
NSGA2Wrapper,re37,274,0.2566179289867296,0.7948431653466684,-0.062663739591804
NSGA2Wrapper,re37,275,0.2594747530954711,0.6578922983339547,0.0029556348559666
NSGA2Wrapper,re37,276,0.2648132209406927,0.6153796639047713,-0.0121699104898952
NSGA2Wrapper,re37,277,0.2650627027086645,0.3827138348285254,0.3274710852130287
NSGA2Wrapper,re37,278,0.2655508719202921,0.7432735173865532,-0.0708002147762684
NSGA2Wrapper,re37,279,0.265778780102636,0.7399017598292373,-0.0220857266324164
NSGA2Wrapper,re37,280,0.2671516152437785,0.7420107021350153,-0.0701231862510917
NSGA2Wrapper,re37,281,0.2679006620959996,0.7995002116364689,-0.0910084752297309
NSGA2Wrapper,re37,282,0.2679079915962207,0.700876496908286,-0.0750895770671495
NSGA2Wrapper,re37,283,0.268489908460352,0.6987149350619585,-0.0611658601127755
NSGA2Wrapper,re37,284,0.2698642465083729,0.7965501880924704,-0.0986347583954769
NSGA2Wrapper,re37,285,0.2710472709487105,0.6951923663355243,-0.0922870770010795
NSGA2Wrapper,re37,286,0.2716764662809822,0.7784901931195969,-0.14038036319384
NSGA2Wrapper,re37,287,0.2718062884581242,0.3753974459511262,0.2885375566803937
NSGA2Wrapper,re37,288,0.2726324320048296,0.776749240656116,-0.1486587106322143
NSGA2Wrapper,re37,289,0.2736941548757468,0.3937235980007718,0.2567545723872974
NSGA2Wrapper,re37,290,0.2785434538556057,0.6053708678644207,0.1252751376786482
NSGA2Wrapper,re37,291,0.2813577235369424,0.6491492698634342,-0.028094158705745
NSGA2Wrapper,re37,292,0.2815451765329706,0.7696119568832349,-0.1387657966919874
NSGA2Wrapper,re37,293,0.2818589737117485,0.5901376529679663,-0.0011803598302214
NSGA2Wrapper,re37,294,0.2820601815238397,0.7561690286386538,-0.2219677601387082
NSGA2Wrapper,re37,295,0.2823989162553944,0.3933852034282149,0.2614623723575605
NSGA2Wrapper,re37,296,0.282621953692835,0.7403322245282378,-0.1616848917137707
NSGA2Wrapper,re37,297,0.283440759782398,0.589623410778278,-0.0768861032507237
NSGA2Wrapper,re37,298,0.2837864446787674,0.5956972040920119,-0.080822795117494
NSGA2Wrapper,re37,299,0.2855070938697011,0.5938169842345493,-0.0829251641869212
NSGA2Wrapper,re37,300,0.2860267929940143,0.714435620649096,-0.1747539822199321
NSGA2Wrapper,re37,301,0.2861378246929097,0.5926698759390276,-0.0910340853695919
NSGA2Wrapper,re37,302,0.286287797040958,0.5930041501287316,-0.0924874008165939
NSGA2Wrapper,re37,303,0.2864611185750033,0.5915922547055887,-0.0913777585181664
NSGA2Wrapper,re37,304,0.2868473753315474,0.6896163704654595,-0.2164485981865003
NSGA2Wrapper,re37,305,0.2869139912167379,0.5841755593803243,-0.0854895445865115
NSGA2Wrapper,re37,306,0.2869315398516561,0.584157617461574,-0.0857050121239442
NSGA2Wrapper,re37,307,0.2870197854908884,0.6531842815569975,-0.1119023379654985
NSGA2Wrapper,re37,308,0.2873782044404583,0.3664557374011437,0.2879778226305801
NSGA2Wrapper,re37,309,0.2875008924233859,0.5834406052039994,-0.0849423238243926
NSGA2Wrapper,re37,310,0.2888390248613551,0.582877665802786,-0.0837461648712516
NSGA2Wrapper,re37,311,0.289233341434491,0.6471713347961955,-0.1074448094322085
NSGA2Wrapper,re37,312,0.2905013075306663,0.5884519322476273,-0.1118749733401933
NSGA2Wrapper,re37,313,0.2907649099326404,0.7075310472585101,-0.2194385443893797
NSGA2Wrapper,re37,314,0.2912094149548289,0.368500883863844,0.2491171977420744
NSGA2Wrapper,re37,315,0.29340871464519,0.6347061763094103,-0.1536300099668882
NSGA2Wrapper,re37,316,0.2937277929829172,0.6826715618153226,-0.2941044327556735
NSGA2Wrapper,re37,317,0.2937734307005968,0.6812972488455922,-0.2926860988793082
NSGA2Wrapper,re37,318,0.2939377938564264,0.6829040121597028,-0.2971769504885296
NSGA2Wrapper,re37,319,0.2942271622058617,0.6333089259288597,-0.1614660176436948
NSGA2Wrapper,re37,320,0.2944548758234652,0.4454711364816099,0.1511376979156584
NSGA2Wrapper,re37,321,0.2946573806865384,0.6722983660427191,-0.2931460602509215
NSGA2Wrapper,re37,322,0.2947229951782078,0.6717727761537393,-0.2912678185945482
NSGA2Wrapper,re37,323,0.2955153459828862,0.6867637166479155,-0.3271708339264149
NSGA2Wrapper,re37,324,0.2956130397476461,0.6784309795114425,-0.3158019462202464
NSGA2Wrapper,re37,325,0.2956418521974278,0.6783719729955323,-0.3161660885997428
NSGA2Wrapper,re37,326,0.2956422432664058,0.6783634959226357,-0.316156851835793
NSGA2Wrapper,re37,327,0.2956558789191282,0.6414600594538756,-0.2155114662866691
NSGA2Wrapper,re37,328,0.2956567909496042,0.6787665081741983,-0.3170531485723324
NSGA2Wrapper,re37,329,0.2956622010372135,0.678762352221925,-0.3170462597644249
NSGA2Wrapper,re37,330,0.2962736611630757,0.6063528740901776,-0.1183131446789498
NSGA2Wrapper,re37,331,0.2962782326786153,0.7202794938601156,-0.3807720896412638
NSGA2Wrapper,re37,332,0.2967063878456859,0.6791630381783255,-0.333107184165236
NSGA2Wrapper,re37,333,0.2973317603493629,0.7185125363214118,-0.3920021108728131
NSGA2Wrapper,re37,334,0.2973486312039006,0.6903629218859714,-0.360623232930617
NSGA2Wrapper,re37,335,0.297787600327793,0.6763246781522084,-0.3390226865097471
NSGA2Wrapper,re37,336,0.2978198089303063,0.6813193599554604,-0.3544872415962786
NSGA2Wrapper,re37,337,0.2981843750458003,0.7168458628837768,-0.4021186157848098
NSGA2Wrapper,re37,338,0.2981883773202582,0.7171524875073775,-0.4024455405589051
NSGA2Wrapper,re37,339,0.298193186296365,0.638424067175414,-0.2294371725211085
NSGA2Wrapper,re37,340,0.2981964276277964,0.7177450428611921,-0.4030770699295095
NSGA2Wrapper,re37,341,0.298244727007137,0.6384894682283164,-0.2294900147234669
NSGA2Wrapper,re37,342,0.2995660562794009,0.575067211900214,-0.0850170421626626
NSGA2Wrapper,re37,343,0.2996246423770565,0.6368385284075968,-0.2476950542878989
NSGA2Wrapper,re37,344,0.2998459227164504,0.6366748318804253,-0.2474259776921579
NSGA2Wrapper,re37,345,0.3003611615750216,0.3777737902383166,0.2246617458012121
NSGA2Wrapper,re37,346,0.302173847953417,0.5828149836636224,-0.0994490234917525
NSGA2Wrapper,re37,347,0.3025156098059265,0.5690332067771487,-0.0783990535948047
NSGA2Wrapper,re37,348,0.3030326368774225,0.7099143632576852,-0.3773901003371911
NSGA2Wrapper,re37,349,0.303536854187921,0.5594880248647042,-0.0608250087396925
NSGA2Wrapper,re37,350,0.3036420144783854,0.5845693903057346,-0.1111726178702229
NSGA2Wrapper,re37,351,0.3040246353589424,0.7109660194281889,-0.3923578982596106
NSGA2Wrapper,re37,352,0.3040410860620242,0.7122341341194923,-0.393703793673978
NSGA2Wrapper,re37,353,0.3040521017790327,0.5059094124674567,0.1260913832391549
NSGA2Wrapper,re37,354,0.3041480370125345,0.7121487476805605,-0.3935641442884763
NSGA2Wrapper,re37,355,0.3042573219674614,0.7122584390071133,-0.3974557868643595
NSGA2Wrapper,re37,356,0.3042659096019118,0.7128555306927319,-0.39809285851534
NSGA2Wrapper,re37,357,0.3044683281668291,0.590443738028938,-0.1506513873524942
NSGA2Wrapper,re37,358,0.3047217513465839,0.3815618027482739,0.1736276171950812
NSGA2Wrapper,re37,359,0.3051638373545913,0.7117406609385997,-0.4084932375233255
NSGA2Wrapper,re37,360,0.306031173655464,0.5886184765409019,-0.1594477932580218
NSGA2Wrapper,re37,361,0.3070061622245753,0.7106650517384135,-0.3945171559253451
NSGA2Wrapper,re37,362,0.3090576582319094,0.3697119246560714,0.1821594651400242
NSGA2Wrapper,re37,363,0.309894709624343,0.583990876978661,-0.1778633350339482
NSGA2Wrapper,re37,364,0.3105104340344276,0.5833632613429834,-0.185208032392749
NSGA2Wrapper,re37,365,0.3118292619603462,0.3581322680356006,0.2350276389873859
NSGA2Wrapper,re37,366,0.3126812333522542,0.5680238998565772,-0.1699916170901921
NSGA2Wrapper,re37,367,0.3147320294348703,0.5520408492792906,0.0507182525200696
NSGA2Wrapper,re37,368,0.3168053746803132,0.5489065461005462,-0.1829466302699353
NSGA2Wrapper,re37,369,0.3201944606391905,0.4763786806875696,0.0771735809178262
NSGA2Wrapper,re37,370,0.3224118616777226,0.69854147074154,-0.37106202507489
NSGA2Wrapper,re37,371,0.3255931761281181,0.6565460962687553,-0.2560913534470537
NSGA2Wrapper,re37,372,0.3272067850185465,0.3685944454192708,0.1481259684807508
NSGA2Wrapper,re37,373,0.3295862980326755,0.3524755876162574,0.1614208745413213
NSGA2Wrapper,re37,374,0.3315265212709639,0.3602209926984764,0.1611583693654995
NSGA2Wrapper,re37,375,0.3335267893851433,0.5292573538504275,0.032346233536135
NSGA2Wrapper,re37,376,0.3335584511204615,0.3692102022523841,0.1187811041325193
NSGA2Wrapper,re37,377,0.3391314856233811,0.5488321428775513,-0.0413856765762265
NSGA2Wrapper,re37,378,0.3410113776041211,0.3655252576519625,0.1060585721364588
NSGA2Wrapper,re37,379,0.3434434334707488,0.4265774214444472,0.0116896887905633
NSGA2Wrapper,re37,380,0.3444818360962387,0.4376896212323554,-0.0718522083319893
NSGA2Wrapper,re37,381,0.346257043755182,0.3592679417993376,0.1031535860161791
NSGA2Wrapper,re37,382,0.3475746163851837,0.6771906842963469,-0.3467853009226265
NSGA2Wrapper,re37,383,0.3492771460876083,0.4156519174063372,0.0691891011651398
NSGA2Wrapper,re37,384,0.3512169659675159,0.6475850038824971,-0.3215078254901059
NSGA2Wrapper,re37,385,0.3514364661117787,0.4059975083762184,0.050223568202472
NSGA2Wrapper,re37,386,0.3528338727021747,0.3698654486075056,0.1002076370183328
NSGA2Wrapper,re37,387,0.3581175717801728,0.3449747886136362,0.178978173615554
NSGA2Wrapper,re37,388,0.3595260017776496,0.3951003476640709,-0.0174760179858222
NSGA2Wrapper,re37,389,0.3685321752092936,0.3546376874191296,0.1373982392404841
NSGA2Wrapper,re37,390,0.3698705202635096,0.3796029134672622,0.0523168678352397
NSGA2Wrapper,re37,391,0.3732958489230956,0.3527275959045759,0.0733047674074294
NSGA2Wrapper,re37,392,0.3803245514373557,0.346860940127045,0.0689046593299234
NSGA2Wrapper,re37,393,0.3811347223522293,0.346658229145099,0.0756130422529209
NSGA2Wrapper,re37,394,0.3819499171346476,0.3356056349825032,0.1290241028961606
NSGA2Wrapper,re37,395,0.3866839197859463,0.3478759945308279,0.0494755729321551
NSGA2Wrapper,re37,396,0.3934654125811853,0.3319511041653477,0.131247335215548
NSGA2Wrapper,re37,397,0.4021367611924636,0.3845691636556541,-0.0049683382543207
NSGA2Wrapper,re37,398,0.421406720076701,0.321106601787231,0.1975785333896361
NSGA2Wrapper,re37,399,0.4352068968072196,0.3124495422218749,0.4595326459938986
NSGA2Wrapper,re37,400,0.4374176765722176,0.3165032461590298,0.4423231661636668
NSGA2Wrapper,re37,401,0.4562897200245703,0.3099760828549439,0.3916645536232676
NSGA2Wrapper,re37,402,0.4629506779358103,0.3055447141633958,0.4203120857855042
NSGA2Wrapper,re37,403,0.4682230246220437,0.2835886946779355,0.3926142996393273
NSGA2Wrapper,re37,404,0.4694777567539704,0.3048320140750812,0.0816242845573085
NSGA2Wrapper,re37,405,0.5045567885638411,0.2826635509044848,0.8928902926476175
NSGA2Wrapper,re37,406,0.5228523100909293,0.2716589861204299,0.8914603365797922
NSGA2Wrapper,re37,407,0.523746411908775,0.2707820573006325,0.9043822852869228
NSGA2Wrapper,re37,408,0.5338849070896892,0.2636176830994001,0.973060271756368
NSGA2Wrapper,re37,409,0.5351480460227133,0.2638958910114901,0.9034962951687124
NSGA2Wrapper,re37,410,0.5450385534582578,0.2517258743833969,0.9442270296696114
NSGA2Wrapper,re37,411,0.5506900681716129,0.2487603529835744,0.2926156514259534
NSGA2Wrapper,re37,412,0.5524139206779666,0.2466293127205514,0.2918441237802529
NSGA2Wrapper,re37,413,0.5537569090325526,0.2457064727645982,0.3000758431971433
NSGA2Wrapper,re37,414,0.5573720026091001,0.243260450225154,0.9425548228528448
NSGA2Wrapper,re37,415,0.5685696628170913,0.2378618332949859,0.8540934005381986
NSGA2Wrapper,re37,416,0.5726315107894364,0.23531156908407,0.8740116577280264
NSGA2Wrapper,re37,417,0.5731928019764051,0.224907088146461,0.3806775729562213
NSGA2Wrapper,re37,418,0.5927231424593601,0.2218555911291131,0.8441477638730375
NSGA2Wrapper,re37,419,0.59818887111087,0.2093701521084061,0.5274349158897522
NSGA2Wrapper,re37,420,0.6128702909396825,0.2054122758012105,0.4280535945072907
NSGA2Wrapper,re37,421,0.6144428163619732,0.2188246763875019,0.4012537200488372
NSGA2Wrapper,re37,422,0.6149127384283837,0.200607124771576,0.3911136877366044
NSGA2Wrapper,re37,423,0.6344363526837368,0.17919214712057,0.5618756597971187
NSGA2Wrapper,re37,424,0.6366689638918726,0.2788165612835304,0.2880585280875296
NSGA2Wrapper,re37,425,0.6455839792263699,0.1833648644230225,0.4513730213310972
NSGA2Wrapper,re37,426,0.6465428482927578,0.2005450801965053,0.235256670190529
NSGA2Wrapper,re37,427,0.6569105526886947,0.1949870887342989,0.4012670097124399
NSGA2Wrapper,re37,428,0.6682416795075484,0.1890727006300234,0.3804095889804536
NSGA2Wrapper,re37,429,0.6685256846604746,0.1817296767530797,0.4479790670271919
NSGA2Wrapper,re37,430,0.6694549596581725,0.1657402334138935,0.3764939636071254
NSGA2Wrapper,re37,431,0.6760751786717979,0.1671398676114911,0.3680496231683393
NSGA2Wrapper,re37,432,0.6798301190767787,0.1602154605023199,0.3921733138612215
NSGA2Wrapper,re37,433,0.6876561700041486,0.1609381025163712,0.383603083241758
NSGA2Wrapper,re37,434,0.6882396305249074,0.1552085775008157,0.4351438448716103
NSGA2Wrapper,re37,435,0.6897062750926276,0.1537084226861105,0.4167636297521502
NSGA2Wrapper,re37,436,0.691042200499958,0.1548926522181934,0.3699923471686727
NSGA2Wrapper,re37,437,0.6937434201097372,0.1504821760590495,0.4267803319815413
NSGA2Wrapper,re37,438,0.6948911226092684,0.1515911386404768,0.3733602199826975
NSGA2Wrapper,re37,439,0.6955154455626177,0.1521882288280943,0.3689233587001678
NSGA2Wrapper,re37,440,0.6979792279169723,0.1503940179765958,0.4595108331833658
NSGA2Wrapper,re37,441,0.7000288806487241,0.1464570419862081,0.4155596674444737
NSGA2Wrapper,re37,442,0.7045473212548488,0.2358676049918531,0.2068098596121776
NSGA2Wrapper,re37,443,0.7062840392157714,0.1439449805109382,0.3683095538385167
NSGA2Wrapper,re37,444,0.7085270689257569,0.1555656685527504,0.3021024692077111
NSGA2Wrapper,re37,445,0.7139665026721356,0.1580572221268014,0.3012487312199318
NSGA2Wrapper,re37,446,0.7163831429941386,0.1532595696661191,0.3336924990975438
NSGA2Wrapper,re37,447,0.7165321368633115,0.1540826037513155,0.3013504261052567
NSGA2Wrapper,re37,448,0.7191723633598015,0.1518721295699889,0.3012564351339585
NSGA2Wrapper,re37,449,0.7219767580221417,0.1505219341396103,0.2680976475337999
NSGA2Wrapper,re37,450,0.7238785911623222,0.1496341080905672,0.2469335773785158
NSGA2Wrapper,re37,451,0.7275669029209584,0.1512135328030306,0.2392118713031107
NSGA2Wrapper,re37,452,0.7288567009005478,0.1482878311748324,0.2393866894276982
NSGA2Wrapper,re37,453,0.7373344655928528,0.1232546215068124,0.3522927100520716
NSGA2Wrapper,re37,454,0.7380385237422922,0.1397829774144166,0.230441829883598
NSGA2Wrapper,re37,455,0.7712772700826719,0.1199079677317776,0.4753121041707311
NSGA2Wrapper,re37,456,0.7715347274026254,0.1188584546337831,0.4344997812289564
NSGA2Wrapper,re37,457,0.7735017918620936,0.1155760118518215,0.2474589231723611
NSGA2Wrapper,re37,458,0.785161827812643,0.1237414573479109,0.1745761815626146
NSGA2Wrapper,re37,459,0.7861408420860079,0.1105410860683924,0.2256735931441229
NSGA2Wrapper,re37,460,0.788651471008776,0.1046989516461728,0.332111954429759
NSGA2Wrapper,re37,461,0.801870513916485,0.1043952045671223,0.7478594917912407
NSGA2Wrapper,re37,462,0.8038867036671431,0.1005411975835926,0.3808226356704804
NSGA2Wrapper,re37,463,0.8057810831433283,0.0896537377201893,0.3136856751329711
NSGA2Wrapper,re37,464,0.8102643693492926,0.0976766139644937,0.2875901341379097
NSGA2Wrapper,re37,465,0.8121921395216869,0.0919731815793697,0.2859143751915973
NSGA2Wrapper,re37,466,0.8165244601474179,0.0863450872437657,0.2621786476896639
NSGA2Wrapper,re37,467,0.833217553532684,0.0676833359959052,0.7409518856721424
NSGA2Wrapper,re37,468,0.8346527854798629,0.0814335732520463,0.2595910053443026
NSGA2Wrapper,re37,469,0.8356933196366941,0.0885251365228667,0.2343239358336972
NSGA2Wrapper,re37,470,0.8362708913577949,0.0807631123406829,0.2431043125589702
NSGA2Wrapper,re37,471,0.8393033014773621,0.2564866019539263,0.1224954752859123
NSGA2Wrapper,re37,472,0.8415837829137849,0.0762639921525761,0.2434717420840307
NSGA2Wrapper,re37,473,0.8424098866258092,0.0646192567125473,0.2945661826634196
NSGA2Wrapper,re37,474,0.8444790805651393,0.061729830916757,0.3126926791108538
NSGA2Wrapper,re37,475,0.8450302359164216,0.0603274677693841,0.7632730265609944
NSGA2Wrapper,re37,476,0.8469384403278531,0.061687001573327,0.3105856792770441
NSGA2Wrapper,re37,477,0.8527190613239968,0.0613751728197596,0.7475583263539093
NSGA2Wrapper,re37,478,0.8591279014350582,0.0736296223373986,0.2424322841352982
NSGA2Wrapper,re37,479,0.8624866338923193,0.0501224428972482,0.747237870457944
NSGA2Wrapper,re37,480,0.8630180707479428,0.2181436813652605,0.1093806215431812
NSGA2Wrapper,re37,481,0.8655139319552728,0.0621199495730189,0.2995409802202823
NSGA2Wrapper,re37,482,0.8664571443598502,0.1837652963869017,0.1113351767929266
NSGA2Wrapper,re37,483,0.8711266951882882,0.061474218387186,0.4675456405714006
NSGA2Wrapper,re37,484,0.8712221252289788,0.0679760304120183,0.2268733852723368
NSGA2Wrapper,re37,485,0.8757747304475898,0.0602103080511479,0.460346035601856
NSGA2Wrapper,re37,486,0.8762109426688187,0.0494820190577351,0.2665321606263882
NSGA2Wrapper,re37,487,0.8784759743933889,0.0628603921970999,0.2322346693345633
NSGA2Wrapper,re37,488,0.8785017815564405,0.0628498988169949,0.2319121649257342
NSGA2Wrapper,re37,489,0.8910201605868514,0.0544507919345908,0.2379766205605608
NSGA2Wrapper,re37,490,0.8919691311957757,0.040186458260419,0.2643107791686268
NSGA2Wrapper,re37,491,0.8936006375923267,0.0356568040637856,0.2653109124187074
NSGA2Wrapper,re37,492,0.8938348816345384,0.0355814186004416,0.2623310617565877
NSGA2Wrapper,re37,493,0.8941786834480898,0.046345571813527,0.2351692288657451
NSGA2Wrapper,re37,494,0.8943384590369319,0.1636220149089746,0.108717550034927
NSGA2Wrapper,re37,495,0.8950447703177988,0.08988055828686,0.1643432126335212
NSGA2Wrapper,re37,496,0.8974209583183697,0.0444013741181487,0.2352815395376423
NSGA2Wrapper,re37,497,0.900339700075344,0.0295333661526926,0.3607235393509048
NSGA2Wrapper,re37,498,0.9008784911140834,0.048049166922732,0.1715081230096732
NSGA2Wrapper,re37,499,0.9026413599274832,0.0308442289079904,0.2098378614031736
NSGA2Wrapper,re37,500,0.9043239269658306,0.2045230975497664,0.0724489391120826
NSGA2Wrapper,re37,501,0.9049920781370624,0.2558567139599221,0.0026637130317972
NSGA2Wrapper,re37,502,0.905324455648652,0.1640538184222473,0.0645734468446165
NSGA2Wrapper,re37,503,0.907680919367346,0.0270744548935848,0.2680205386486071
NSGA2Wrapper,re37,504,0.9076847645193749,0.0270651643455105,0.2680162386855128
NSGA2Wrapper,re37,505,0.9079068178720684,0.0283797625039453,0.2619600414959225
NSGA2Wrapper,re37,506,0.9079209267339798,0.0267319039516624,0.2678770450567802
NSGA2Wrapper,re37,507,0.9088172836271932,0.0299636148066421,0.2173716148762524
NSGA2Wrapper,re37,508,0.9124057670848084,0.0426915414048996,0.138284142237263
NSGA2Wrapper,re37,509,0.9148378291725028,0.0758281256224736,0.0645280539861934
NSGA2Wrapper,re37,510,0.914948462957748,0.0402757054846066,0.2030473504085443
NSGA2Wrapper,re37,511,0.915581570094385,0.1934750356571757,-0.0868347909276722
NSGA2Wrapper,re37,512,0.9163639537901278,0.0443578843707916,0.1101973108955978
NSGA2Wrapper,re37,513,0.9164492447248238,0.0259698676525037,0.2385669207397757
NSGA2Wrapper,re37,514,0.9204539874643084,0.1952144988365125,-0.1115047269388546
NSGA2Wrapper,re37,515,0.9208979304741012,0.1456065426569524,0.0288320940289498
NSGA2Wrapper,re37,516,0.921632702358592,0.0346155450832412,0.199274737716479
NSGA2Wrapper,re37,517,0.9245917075783394,0.0200879480448662,0.2460553670472545
NSGA2Wrapper,re37,518,0.9249784869010144,0.0407716437397874,0.1673932258035704
NSGA2Wrapper,re37,519,0.9288710138378448,0.0185845219170645,0.2399768657319584
NSGA2Wrapper,re37,520,0.9306138151304634,0.1704280386549994,-0.0302388990131666
NSGA2Wrapper,re37,521,0.931598884977443,0.033555112341324,0.1930122715841419
NSGA2Wrapper,re37,522,0.9329139445610216,0.0309089280795945,0.1922105352132053
NSGA2Wrapper,re37,523,0.9345020423043412,0.1337651356426279,0.0211767236262727
NSGA2Wrapper,re37,524,0.9358314215947252,0.1947409780167658,-0.13193199564495
NSGA2Wrapper,re37,525,0.937758198745033,0.1314719935717792,0.0007895801549222
NSGA2Wrapper,re37,526,0.9396510397334632,0.0247040585470928,0.159562777218091
NSGA2Wrapper,re37,527,0.9407112246746174,0.0160847833753222,0.1636016607188533
NSGA2Wrapper,re37,528,0.9408317964831412,0.0146123475840281,0.2202840915395341
NSGA2Wrapper,re37,529,0.943148823446365,0.1799246952253302,-0.1239877294379289
NSGA2Wrapper,re37,530,0.9438332912202646,0.0242436104032203,0.1277842985800616
NSGA2Wrapper,re37,531,0.9453544118675644,0.013427211773607,0.1626971361388163
NSGA2Wrapper,re37,532,0.9456760314188422,0.0130340821240713,0.16229783711111
NSGA2Wrapper,re37,533,0.9492542589741024,0.0191104615599951,0.1303795585171787
NSGA2Wrapper,re37,534,0.9565081797113972,0.0165313608021267,0.1293701942646793
NSGA2Wrapper,re37,535,0.9575030709425466,0.0472407074295676,0.0500394842030225
NSGA2Wrapper,re37,536,0.9577305177399564,0.0136105529239053,0.1503423950655349
NSGA2Wrapper,re37,537,0.9595641888423948,0.0130059046047416,0.1280231164487304
NSGA2Wrapper,re37,538,0.9614760060014678,0.0168454833667065,0.1197270880930397
NSGA2Wrapper,re37,539,0.9622960253524416,0.0408507591381222,0.0952305815906697
NSGA2Wrapper,re37,540,0.96647766421834,0.0393398357536324,0.1175262729899545
NSGA2Wrapper,re37,541,0.968870099821804,0.0430452853454812,0.0582697611355028
NSGA2Wrapper,re37,542,0.9705580519088172,0.0389001604596215,0.05313948864197
NSGA2Wrapper,re37,543,0.9709875983268382,0.0388399440660636,0.0515514549065428
NSGA2Wrapper,re37,544,0.9713798068792596,0.010775658382373,0.1100063848354407
NSGA2Wrapper,re37,545,0.9721402666518274,0.0369460849684523,0.052307047254464
NSGA2Wrapper,re37,546,0.9742797538151556,0.0390584350456058,0.0491118598615717
NSGA2Wrapper,re37,547,0.974283906090988,0.0102234271653568,0.0965157976818954
NSGA2Wrapper,re37,548,0.9749092125777526,0.0360687101199417,0.0543519114585971
NSGA2Wrapper,re37,549,0.9749150180482355,0.0100936634744439,0.1483342168120978
NSGA2Wrapper,re37,550,0.9754991398663612,0.0384038384567717,0.0422293033931936
NSGA2Wrapper,re37,551,0.977869577132496,0.0083417464255455,0.1474668227517933
NSGA2Wrapper,re37,552,0.9802563550378104,0.0336043499835551,0.0356749210313297
NSGA2Wrapper,re37,553,0.9821226936550296,0.0109920624158873,0.0891386416031645
NSGA2Wrapper,re37,554,0.98376087592708,0.0095653090175359,0.0787890077528556
NSGA2Wrapper,re37,555,0.9843959984403085,0.0093603146939657,0.0712421560336344
NSGA2Wrapper,re37,556,0.9945891959784984,0.009807746071631,0.0436586222515263
NSGA2Wrapper,re37,557,0.9949265017240853,0.0093898478413906,0.0435794636868054
NSGA3Wrapper,re21,0,1243.8448789078036,0.0398421765195181,
NSGA3Wrapper,re21,1,1247.1253974588726,0.039596461781639,
NSGA3Wrapper,re21,2,1251.4538395779136,0.0387786451197563,
NSGA3Wrapper,re21,3,1252.536313752479,0.0387246982323986,
NSGA3Wrapper,re21,4,1255.6678939312485,0.0384526555760759,
NSGA3Wrapper,re21,5,1258.586155236872,0.0382060687767826,
NSGA3Wrapper,re21,6,1262.469182395295,0.0380108256659264,
NSGA3Wrapper,re21,7,1264.8327528278933,0.037794394449492,
NSGA3Wrapper,re21,8,1264.961984855972,0.0377881269337707,
NSGA3Wrapper,re21,9,1266.1173283914036,0.0377304311139975,
NSGA3Wrapper,re21,10,1266.566316590414,0.0377088668310886,
NSGA3Wrapper,re21,11,1267.730281693385,0.0376660938840489,
NSGA3Wrapper,re21,12,1270.4912075133248,0.037528212031942,
NSGA3Wrapper,re21,13,1271.6631199821418,0.0372203583040886,
NSGA3Wrapper,re21,14,1272.1442107974035,0.037196650986384,
NSGA3Wrapper,re21,15,1274.7313746003497,0.037003642301875,
NSGA3Wrapper,re21,16,1276.392404683888,0.0367998889080889,
NSGA3Wrapper,re21,17,1279.8881388211068,0.0365836103312348,
NSGA3Wrapper,re21,18,1283.5983321465778,0.0364756269138874,
NSGA3Wrapper,re21,19,1286.311270097601,0.0361826102989348,
NSGA3Wrapper,re21,20,1290.5286239316629,0.0358822344302634,
NSGA3Wrapper,re21,21,1291.7731275521817,0.0358792980908281,
NSGA3Wrapper,re21,22,1293.2644755505837,0.0358352387756631,
NSGA3Wrapper,re21,23,1294.7412619750523,0.0358269895446771,
NSGA3Wrapper,re21,24,1299.408185868971,0.035545002244066,
NSGA3Wrapper,re21,25,1306.0443468713036,0.0351385423635315,
NSGA3Wrapper,re21,26,1315.2676990309524,0.0351317636571971,
NSGA3Wrapper,re21,27,1317.3171943779007,0.0346679604500185,
NSGA3Wrapper,re21,28,1320.3007068519437,0.0342194574967168,
NSGA3Wrapper,re21,29,1333.3687740356393,0.0335808615578676,
NSGA3Wrapper,re21,30,1339.5960053428362,0.0332751753697322,
NSGA3Wrapper,re21,31,1349.5124620447298,0.0327695229489546,
NSGA3Wrapper,re21,32,1350.9614120030844,0.0327416626121016,
NSGA3Wrapper,re21,33,1357.1238118880265,0.0324337877892086,
NSGA3Wrapper,re21,34,1360.633466695744,0.032262994006477,
NSGA3Wrapper,re21,35,1363.2165534865755,0.0321425501322899,
NSGA3Wrapper,re21,36,1364.804572590438,0.0320714225105499,
NSGA3Wrapper,re21,37,1365.2047212976202,0.0320692036043754,
NSGA3Wrapper,re21,38,1370.304901904462,0.0318144772911363,
NSGA3Wrapper,re21,39,1377.4682859985403,0.0315374677192194,
NSGA3Wrapper,re21,40,1385.6752519863574,0.0311155415024352,
NSGA3Wrapper,re21,41,1393.6962222255677,0.0309772805945941,
NSGA3Wrapper,re21,42,1400.692345008839,0.0305321736222935,
NSGA3Wrapper,re21,43,1417.6028938263978,0.0305013847184832,
NSGA3Wrapper,re21,44,1419.361159638077,0.0300988703558761,
NSGA3Wrapper,re21,45,1422.2837039492545,0.0299487677832084,
NSGA3Wrapper,re21,46,1427.0046531337678,0.0298385454272297,
NSGA3Wrapper,re21,47,1438.8608000857494,0.0295611570245248,
NSGA3Wrapper,re21,48,1445.6190474758012,0.0292824530370639,
NSGA3Wrapper,re21,49,1446.985865272389,0.0291561513500448,
NSGA3Wrapper,re21,50,1457.1108962216454,0.0287699765477772,
NSGA3Wrapper,re21,51,1457.8776917660566,0.0284135808394853,
NSGA3Wrapper,re21,52,1477.998537010984,0.027527004836712,
NSGA3Wrapper,re21,53,1494.4049800828643,0.027258147062605,
NSGA3Wrapper,re21,54,1501.204561240353,0.0267344587883944,
NSGA3Wrapper,re21,55,1504.8352489547324,0.0265869022365232,
NSGA3Wrapper,re21,56,1509.547613293174,0.026454731425185,
NSGA3Wrapper,re21,57,1512.0761647798122,0.0263602062575516,
NSGA3Wrapper,re21,58,1530.964718170401,0.0262285460367377,
NSGA3Wrapper,re21,59,1531.591118739684,0.0255924316952319,
NSGA3Wrapper,re21,60,1563.20858755977,0.0255644950928432,
NSGA3Wrapper,re21,61,1563.2355633571915,0.0254644702797093,
NSGA3Wrapper,re21,62,1574.4640532357123,0.0253690234527642,
NSGA3Wrapper,re21,63,1583.4605669449045,0.0245393557044578,
NSGA3Wrapper,re21,64,1604.7119322172198,0.0239148412107546,
NSGA3Wrapper,re21,65,1610.4873878406502,0.0235164257891431,
NSGA3Wrapper,re21,66,1611.7649923972049,0.0234816773701284,
NSGA3Wrapper,re21,67,1624.4436569421878,0.0234271179136503,
NSGA3Wrapper,re21,68,1628.3188770621753,0.0233922319921762,
NSGA3Wrapper,re21,69,1630.1552831615488,0.0232803060665935,
NSGA3Wrapper,re21,70,1637.942878201549,0.0228118750964474,
NSGA3Wrapper,re21,71,1639.5894492934283,0.0227617843160897,
NSGA3Wrapper,re21,72,1651.040539564002,0.0216077927265987,
NSGA3Wrapper,re21,73,1668.6354607243743,0.0216065080900327,
NSGA3Wrapper,re21,74,1677.3049462482263,0.0212860206372272,
NSGA3Wrapper,re21,75,1678.7069332879146,0.0212286766109274,
NSGA3Wrapper,re21,76,1683.9986589167513,0.0210710419577102,
NSGA3Wrapper,re21,77,1696.1383258595686,0.0208016080863516,
NSGA3Wrapper,re21,78,1696.749638801984,0.0205110917571231,
NSGA3Wrapper,re21,79,1701.0520941722373,0.0204810719156184,
NSGA3Wrapper,re21,80,1702.9273035313836,0.0202857854495774,
NSGA3Wrapper,re21,81,1721.1607060875597,0.0198793536831653,
NSGA3Wrapper,re21,82,1722.691177465089,0.0196489154593117,
NSGA3Wrapper,re21,83,1724.6970127103027,0.0196337169943007,
NSGA3Wrapper,re21,84,1731.2848886067943,0.0195722937310618,
NSGA3Wrapper,re21,85,1733.04205904365,0.0195469822279719,
NSGA3Wrapper,re21,86,1733.4425467146868,0.019542632319334,
NSGA3Wrapper,re21,87,1734.4828000435634,0.0194718937660633,
NSGA3Wrapper,re21,88,1735.4014828886168,0.0194417150688783,
NSGA3Wrapper,re21,89,1735.518834682612,0.0193971543551174,
NSGA3Wrapper,re21,90,1740.2078148201713,0.0192548585038254,
NSGA3Wrapper,re21,91,1741.7002071862278,0.0192523869306429,
NSGA3Wrapper,re21,92,1741.8190616858574,0.0191478901458421,
NSGA3Wrapper,re21,93,1746.6269839291278,0.0191045144214602,
NSGA3Wrapper,re21,94,1748.163403112496,0.0190622110417639,
NSGA3Wrapper,re21,95,1754.4468614851312,0.0190016018563333,
NSGA3Wrapper,re21,96,1757.5491746957268,0.0188057586778946,
NSGA3Wrapper,re21,97,1759.1440531492783,0.0187708819895153,
NSGA3Wrapper,re21,98,1763.9742528906531,0.0186474566064493,
NSGA3Wrapper,re21,99,1768.6118577968175,0.0184864316889307,
NSGA3Wrapper,re21,100,1775.3932569964918,0.0184317945573415,
NSGA3Wrapper,re21,101,1781.9906447129554,0.0182123644361703,
NSGA3Wrapper,re21,102,1783.8118870520511,0.0181951400101558,
NSGA3Wrapper,re21,103,1784.0190167161602,0.0181904361347871,
NSGA3Wrapper,re21,104,1784.1489704595858,0.0181875687345503,
NSGA3Wrapper,re21,105,1789.2304803572151,0.0180590921825797,
NSGA3Wrapper,re21,106,1789.601335082535,0.0180396846152727,
NSGA3Wrapper,re21,107,1789.971651087715,0.0179904687873797,
NSGA3Wrapper,re21,108,1799.0900933436365,0.017871809839417,
NSGA3Wrapper,re21,109,1800.2181137082243,0.017870106546255,
NSGA3Wrapper,re21,110,1801.9707473931203,0.0178148971654403,
NSGA3Wrapper,re21,111,1804.5831080641085,0.0177744421774126,
NSGA3Wrapper,re21,112,1806.2869148589268,0.0175765979767632,
NSGA3Wrapper,re21,113,1814.628459664161,0.0174756390359618,
NSGA3Wrapper,re21,114,1815.4201514027595,0.0172478808744684,
NSGA3Wrapper,re21,115,1839.9885282202029,0.0168434190871825,
NSGA3Wrapper,re21,116,1841.9722905815024,0.0167086265224524,
NSGA3Wrapper,re21,117,1856.3361430861007,0.0165929849405601,
NSGA3Wrapper,re21,118,1862.676196314628,0.0162113715165373,
NSGA3Wrapper,re21,119,1885.880803113033,0.0161019481587973,
NSGA3Wrapper,re21,120,1887.7056149043035,0.016028928814107,
NSGA3Wrapper,re21,121,1892.21111312051,0.0159756376532197,
NSGA3Wrapper,re21,122,1894.8546084736552,0.015904637356367,
NSGA3Wrapper,re21,123,1905.269369997002,0.0157686862567126,
NSGA3Wrapper,re21,124,1912.4391774957417,0.0154712920601191,
NSGA3Wrapper,re21,125,1921.7134932461304,0.0152380351104162,
NSGA3Wrapper,re21,126,1922.1215558142617,0.0150414315439243,
NSGA3Wrapper,re21,127,1931.4566936290696,0.014968080853726,
NSGA3Wrapper,re21,128,1944.6389834150723,0.0149251867560745,
NSGA3Wrapper,re21,129,1952.1743509347004,0.0147499407538509,
NSGA3Wrapper,re21,130,1960.9945513116568,0.0147278856309342,
NSGA3Wrapper,re21,131,1965.016617023476,0.0146301221500954,
NSGA3Wrapper,re21,132,1971.5633553232003,0.0145416778881647,
NSGA3Wrapper,re21,133,1982.2585891150363,0.0144077256045869,
NSGA3Wrapper,re21,134,1983.8091863533875,0.0139394865513227,
NSGA3Wrapper,re21,135,2009.2642995880549,0.0138619684007583,
NSGA3Wrapper,re21,136,2011.804559427733,0.0135941191450331,
NSGA3Wrapper,re21,137,2014.6771349610945,0.0132463838819648,
NSGA3Wrapper,re21,138,2037.8297905730624,0.0128887364625641,
NSGA3Wrapper,re21,139,2048.496428390244,0.0128560646268044,
NSGA3Wrapper,re21,140,2074.636551847858,0.0125522311642986,
NSGA3Wrapper,re21,141,2081.908681848008,0.0121093949952086,
NSGA3Wrapper,re21,142,2099.6117922898675,0.0117555794847139,
NSGA3Wrapper,re21,143,2111.874016393646,0.0115446753502728,
NSGA3Wrapper,re21,144,2114.736340905218,0.0114761701239839,
NSGA3Wrapper,re21,145,2122.4664697574767,0.0114336039420983,
NSGA3Wrapper,re21,146,2125.12500072063,0.0113978870462871,
NSGA3Wrapper,re21,147,2125.748771293662,0.0113649253247313,
NSGA3Wrapper,re21,148,2126.336891572947,0.0113561677728365,
NSGA3Wrapper,re21,149,2135.643660140923,0.0111551259707864,
NSGA3Wrapper,re21,150,2136.7998556741686,0.0111393881554607,
NSGA3Wrapper,re21,151,2144.4568835190976,0.0109886948841202,
NSGA3Wrapper,re21,152,2156.712764591509,0.0109511348398074,
NSGA3Wrapper,re21,153,2159.140293124634,0.01087668343176,
NSGA3Wrapper,re21,154,2162.7601506516344,0.0108339965993153,
NSGA3Wrapper,re21,155,2167.667304481616,0.0107972415521965,
NSGA3Wrapper,re21,156,2179.535649934183,0.0104540513855822,
NSGA3Wrapper,re21,157,2179.688198475955,0.0103912505570071,
NSGA3Wrapper,re21,158,2202.627216098068,0.010246148801349,
NSGA3Wrapper,re21,159,2205.866013027616,0.0101122961471467,
NSGA3Wrapper,re21,160,2205.8726656606523,0.0101121628895164,
NSGA3Wrapper,re21,161,2206.2132060473823,0.0101078444419691,
NSGA3Wrapper,re21,162,2221.863559600216,0.0099039247907157,
NSGA3Wrapper,re21,163,2227.0104823288702,0.0098766891342255,
NSGA3Wrapper,re21,164,2228.443953399026,0.0098225998927215,
NSGA3Wrapper,re21,165,2254.3850691122566,0.0097466351562921,
NSGA3Wrapper,re21,166,2279.764449348638,0.0091555548501902,
NSGA3Wrapper,re21,167,2366.2513597613297,0.0080071901140421,
NSGA3Wrapper,re21,168,2413.6335236413784,0.0070497191889525,
NSGA3Wrapper,re21,169,2453.1623266637043,0.0064898932430143,
NSGA3Wrapper,re21,170,2465.029887172961,0.0064584081048528,
NSGA3Wrapper,re21,171,2468.5222630019616,0.0063411297173566,
NSGA3Wrapper,re21,172,2481.487115239771,0.0061665695402458,
NSGA3Wrapper,re21,173,2510.975107527178,0.0058936663260366,
NSGA3Wrapper,re21,174,2520.3622544531904,0.0057248159732311,
NSGA3Wrapper,re21,175,2523.580276354182,0.0056916176986697,
NSGA3Wrapper,re21,176,2526.1058851873017,0.0056619564855756,
NSGA3Wrapper,re21,177,2581.1319092358726,0.0054026084984428,
NSGA3Wrapper,re21,178,2607.591220037448,0.0053044341542035,
NSGA3Wrapper,re21,179,2638.3317939397907,0.0047224489029715,
NSGA3Wrapper,re21,180,2647.6788590720075,0.0045043927210939,
NSGA3Wrapper,re21,181,2689.065660493025,0.0041731523109136,
NSGA3Wrapper,re21,182,2691.5931599546484,0.0041503381474147,
NSGA3Wrapper,re21,183,2693.3293353383087,0.0041312802304322,
NSGA3Wrapper,re21,184,2701.613171386938,0.0040972089677549,
NSGA3Wrapper,re21,185,2761.62942192445,0.0039965447035111,
NSGA3Wrapper,re21,186,2762.8444413450125,0.0037027300397691,
NSGA3Wrapper,re21,187,2764.3615689333883,0.0036852326927528,
NSGA3Wrapper,re21,188,2768.249004453152,0.0036017541617174,
NSGA3Wrapper,re21,189,2775.566252240999,0.0035891222047558,
NSGA3Wrapper,re21,190,2778.2013106767645,0.0035835618876935,
NSGA3Wrapper,re21,191,2781.097675000217,0.0035503697587923,
NSGA3Wrapper,re21,192,2784.874149073434,0.0035055954095755,
NSGA3Wrapper,re21,193,2788.9962169106498,0.0034572394524844,
NSGA3Wrapper,re21,194,2796.8396695688275,0.003367258581702,
NSGA3Wrapper,re21,195,2797.0166416973434,0.0033654112349817,
NSGA3Wrapper,re21,196,2797.1206270174484,0.0033642795777937,
NSGA3Wrapper,re21,197,2844.690119598544,0.003164192550262,
NSGA3Wrapper,re34,0,1661.821265669665,8.297164227508636,0.0718658782395276
NSGA3Wrapper,re34,1,1661.8500946313827,8.272859207270258,0.0738630751418024
NSGA3Wrapper,re34,2,1661.851192938964,8.295951184269533,0.0718212636817869
NSGA3Wrapper,re34,3,1661.8626430278423,8.310060837468438,0.070626439988159
NSGA3Wrapper,re34,4,1661.8760165778403,8.2761676038953,0.0738454724385888
NSGA3Wrapper,re34,5,1661.8761391311286,8.308019856126519,0.0707731670848879
NSGA3Wrapper,re34,6,1661.899433800365,8.277768147783346,0.0736759252774142
NSGA3Wrapper,re34,7,1661.939422091067,8.27813883391512,0.0736039381201158
NSGA3Wrapper,re34,8,1661.9575263805443,8.269716097090544,0.0741082793393674
NSGA3Wrapper,re34,9,1661.994540938699,8.278506899658664,0.073564036761243
NSGA3Wrapper,re34,10,1662.0286976155533,8.33653025774974,0.0705059677686935
NSGA3Wrapper,re34,11,1662.031577377053,8.336582010842356,0.070500683940993
NSGA3Wrapper,re34,12,1662.652600525572,8.326125656541832,0.0695444026551873
NSGA3Wrapper,re34,13,1662.6641624389476,8.325718719856866,0.0696933522700683
NSGA3Wrapper,re34,14,1662.6694698381714,8.318398321316396,0.0701082235771279
NSGA3Wrapper,re34,15,1662.7575101202638,8.317295830427295,0.0698830909870065
NSGA3Wrapper,re34,16,1662.7772640094313,8.289623331391027,0.0726387826193949
NSGA3Wrapper,re34,17,1662.932335741664,8.336484257112984,0.069425316149032
NSGA3Wrapper,re34,18,1662.933495719199,8.33650687645897,0.0694232037444748
NSGA3Wrapper,re34,19,1663.7820307050224,8.210640044108887,0.0868866063423099
NSGA3Wrapper,re34,20,1663.9951901780746,8.351859391055054,0.0687394035937686
NSGA3Wrapper,re34,21,1664.4119333174046,7.533720457460985,0.1069893722129981
NSGA3Wrapper,re34,22,1664.4281354085083,7.56109099159009,0.1064876274549456
NSGA3Wrapper,re34,23,1664.473656766548,7.536157836677766,0.1068515470574084
NSGA3Wrapper,re34,24,1664.5192585899454,7.496928251192885,0.107233806486566
NSGA3Wrapper,re34,25,1664.5206089763149,7.497062919209384,0.1072306212093625
NSGA3Wrapper,re34,26,1664.5212736851809,7.497046161166612,0.1072311122386009
NSGA3Wrapper,re34,27,1664.5234919206682,7.497119009960167,0.1072254285487181
NSGA3Wrapper,re34,28,1664.527941664415,7.497199404556695,0.1072170542380339
NSGA3Wrapper,re34,29,1664.602448418374,7.511957988286634,0.1070428553239289
NSGA3Wrapper,re34,30,1664.6072153546445,7.498547045051877,0.1070094652146007
NSGA3Wrapper,re34,31,1664.6314326876927,7.660767965654919,0.1049092902193143
NSGA3Wrapper,re34,32,1664.649459064073,7.532658326278464,0.1065601756594479
NSGA3Wrapper,re34,33,1664.7083619221814,8.26211867046559,0.0837647137453886
NSGA3Wrapper,re34,34,1664.712767886613,7.562914672252298,0.106204823008712
NSGA3Wrapper,re34,35,1664.749872088462,7.550310516200761,0.1062645248524426
NSGA3Wrapper,re34,36,1664.7519803788618,7.730246038128866,0.1039301416898545
NSGA3Wrapper,re34,37,1664.7567761639125,7.627416462442844,0.1057090455761252
NSGA3Wrapper,re34,38,1664.8070958832836,7.726382183842808,0.1039963476240965
NSGA3Wrapper,re34,39,1664.8209318323272,8.196162362818553,0.0886261525455845
NSGA3Wrapper,re34,40,1664.8745371836987,7.60336141067462,0.1058896008932
NSGA3Wrapper,re34,41,1664.9134052549325,7.552738575445177,0.1059273510697081
NSGA3Wrapper,re34,42,1664.9716161308204,7.509764551951877,0.1061994903921718
NSGA3Wrapper,re34,43,1664.990839097915,7.554239843310306,0.1057880028296333
NSGA3Wrapper,re34,44,1665.1101947656723,7.508340627332727,0.1061042788949402
NSGA3Wrapper,re34,45,1665.1273825627416,7.591072901668113,0.1050304389827183
NSGA3Wrapper,re34,46,1665.1791121321833,7.589323077528973,0.1052186879708998
NSGA3Wrapper,re34,47,1665.1927197949203,7.826538549205965,0.1028659045339121
NSGA3Wrapper,re34,48,1665.2035738017223,7.575676350844906,0.1053234507698341
NSGA3Wrapper,re34,49,1665.2050131337169,7.68052960154429,0.1041713146089534
NSGA3Wrapper,re34,50,1665.2586271856742,7.831862584739481,0.1026245040798432
NSGA3Wrapper,re34,51,1665.263658770053,7.565517241610954,0.1054203893319272
NSGA3Wrapper,re34,52,1665.2650029740882,7.565793520490578,0.1054162579290976
NSGA3Wrapper,re34,53,1665.2772125846382,7.625456144299515,0.104287438733188
NSGA3Wrapper,re34,54,1665.2790075485937,7.869487914144108,0.1020926107160803
NSGA3Wrapper,re34,55,1665.3155650420513,7.859561512718633,0.1022668996774121
NSGA3Wrapper,re34,56,1665.3418901877244,7.8505963586934016,0.1024283959651261
NSGA3Wrapper,re34,57,1665.342379045176,7.849021004234252,0.1024337333682139
NSGA3Wrapper,re34,58,1665.3430223728867,7.849033449807798,0.102432576750897
NSGA3Wrapper,re34,59,1665.347902898941,7.850189984149756,0.1024017350182437
NSGA3Wrapper,re34,60,1665.4806944561956,7.574142433018705,0.1049824610148489
NSGA3Wrapper,re34,61,1665.5751739376822,7.563249391731364,0.1057273573769915
NSGA3Wrapper,re34,62,1665.605408559169,7.45537739068164,0.1056032278580919
NSGA3Wrapper,re34,63,1665.6936759429625,7.319557059576662,0.1040709050999401
NSGA3Wrapper,re34,64,1665.9204416164134,7.166010232216941,0.1005103845330781
NSGA3Wrapper,re34,65,1665.9271066534895,7.164059639565553,0.1004375773992192
NSGA3Wrapper,re34,66,1666.026063054964,7.160345568005315,0.0998516944052472
NSGA3Wrapper,re34,67,1666.1263674720392,7.184265816840163,0.0997436905808801
NSGA3Wrapper,re34,68,1666.155410274764,7.888518717620258,0.0978798709246364
NSGA3Wrapper,re34,69,1666.1554226131557,7.888521013438599,0.0978798401725111
NSGA3Wrapper,re34,70,1666.1759187169505,7.196901658264679,0.0995337107767085
NSGA3Wrapper,re34,71,1666.2123143738088,7.18381970181463,0.0993449252318549
NSGA3Wrapper,re34,72,1666.2325942658742,7.160146108279941,0.099387594274445
NSGA3Wrapper,re34,73,1666.293840056195,7.087621078912623,0.0969961295363418
NSGA3Wrapper,re34,74,1666.318818296345,7.087645340240061,0.0969312776308618
NSGA3Wrapper,re34,75,1666.3397847160895,7.117267735033587,0.0967572428385026
NSGA3Wrapper,re34,76,1666.4212751204636,7.102992031883291,0.0967823999272336
NSGA3Wrapper,re34,77,1666.48368081922,7.160925273604397,0.0966773132281023
NSGA3Wrapper,re34,78,1666.587722256055,7.160227137909938,0.0963040934757203
NSGA3Wrapper,re34,79,1666.6439623757171,7.036471570428818,0.0924403529399788
NSGA3Wrapper,re34,80,1666.6691364966427,7.034025680980344,0.0924686688821471
NSGA3Wrapper,re34,81,1666.7188862588366,8.394341516031032,0.0633932389771421
NSGA3Wrapper,re34,82,1666.779140297098,7.010798205299604,0.0921411527517993
NSGA3Wrapper,re34,83,1666.88441527146,7.052072583876545,0.0917583356316502
NSGA3Wrapper,re34,84,1667.1972976012942,7.126604163086847,0.0910771740726348
NSGA3Wrapper,re34,85,1667.2518907814076,7.137286719391877,0.0909009615987887
NSGA3Wrapper,re34,86,1667.4831496589084,7.1308278270238565,0.0903979992941678
NSGA3Wrapper,re34,87,1667.5481905025665,6.988082824140585,0.0922760784190998
NSGA3Wrapper,re34,88,1667.550370223107,6.987444599728979,0.0922413801199585
NSGA3Wrapper,re34,89,1667.6617921650209,7.270524973783534,0.0902760010416802
NSGA3Wrapper,re34,90,1667.760372291748,6.992720923146563,0.0905643805697583
NSGA3Wrapper,re34,91,1667.8039371887398,6.987208972911568,0.0909546404308497
NSGA3Wrapper,re34,92,1667.8815578318931,7.302232709989183,0.089929313639509
NSGA3Wrapper,re34,93,1667.9104136082335,7.297578990936942,0.089894925006771
NSGA3Wrapper,re34,94,1667.9114544374788,7.297816687571727,0.0898905494128038
NSGA3Wrapper,re34,95,1667.969930683662,8.428392898316964,0.0601849835123806
NSGA3Wrapper,re34,96,1668.045724114516,8.411376871634026,0.0616680263676694
NSGA3Wrapper,re34,97,1668.1798534388158,7.305160514015631,0.0894083737488888
NSGA3Wrapper,re34,98,1668.2852453920077,7.290156889216968,0.0898107076204363
NSGA3Wrapper,re34,99,1668.430376602963,7.039127172331813,0.0898474946836456
NSGA3Wrapper,re34,100,1668.570496279267,7.192685524552107,0.0897189983815388
NSGA3Wrapper,re34,101,1668.893002068289,7.00682346641849,0.0881178081401826
NSGA3Wrapper,re34,102,1668.9639782632798,8.206003500778188,0.0770601996521857
NSGA3Wrapper,re34,103,1669.2271126884016,7.891240969967827,0.0877594464718437
NSGA3Wrapper,re34,104,1669.2369319808863,7.833445738046088,0.0862365908688069
NSGA3Wrapper,re34,105,1669.48079878437,7.878814265732783,0.0861749831152483
NSGA3Wrapper,re34,106,1669.487159961178,7.88752883320138,0.0856576857648466
NSGA3Wrapper,re34,107,1669.532333542821,7.898891700071876,0.0856146873820754
NSGA3Wrapper,re34,108,1669.54380095868,8.481208326033892,0.0571588924941364
NSGA3Wrapper,re34,109,1669.5787035449132,7.837424040063334,0.0850735777848852
NSGA3Wrapper,re34,110,1670.0268402212066,8.445777260721075,0.057800498804732
NSGA3Wrapper,re34,111,1670.1576345160988,7.8955655294844895,0.079283398825832
NSGA3Wrapper,re34,112,1670.2031994103986,7.92026918760023,0.0789752252858654
NSGA3Wrapper,re34,113,1670.2066093046226,7.5953927695070815,0.0866353694327643
NSGA3Wrapper,re34,114,1670.229160981932,7.588664867904298,0.0862062404758726
NSGA3Wrapper,re34,115,1670.3073044518458,7.619352568053733,0.0860496576752647
NSGA3Wrapper,re34,116,1670.4548167306375,7.090983181192792,0.0857837428869524
NSGA3Wrapper,re34,117,1670.4802362208595,7.0882206616203245,0.0854945667721438
NSGA3Wrapper,re34,118,1670.5149482782233,7.088500151536303,0.0854089217299672
NSGA3Wrapper,re34,119,1670.6576746431556,8.470710858837135,0.0556026118685014
NSGA3Wrapper,re34,120,1670.834134086674,7.688363657918356,0.0849901863244697
NSGA3Wrapper,re34,121,1670.953964588498,7.69309468435887,0.0845717420829314
NSGA3Wrapper,re34,122,1671.0022070703485,7.699525963708225,0.0843768084624114
NSGA3Wrapper,re34,123,1671.0837127094278,7.091228030511783,0.084394011503548
NSGA3Wrapper,re34,124,1671.08816033666,7.089894651708348,0.0843255460473138
NSGA3Wrapper,re34,125,1671.1072473089218,7.732304614097761,0.0842143939521191
NSGA3Wrapper,re34,126,1671.1502798633746,7.092601549768806,0.0842744681135126
NSGA3Wrapper,re34,127,1671.1503352726131,7.770897604327447,0.0833404813874257
NSGA3Wrapper,re34,128,1671.1520504875325,7.100744827255811,0.0839736145718372
NSGA3Wrapper,re34,129,1671.3443234440997,7.392058899889488,0.0839509339822815
NSGA3Wrapper,re34,130,1671.3526196335642,7.055191902439256,0.0837012800244102
NSGA3Wrapper,re34,131,1671.5570050199751,7.257276557758858,0.0819615677542179
NSGA3Wrapper,re34,132,1671.6145670887609,8.223850629841683,0.0755496254829315
NSGA3Wrapper,re34,133,1671.7217626688926,7.142990732904468,0.0826176182924816
NSGA3Wrapper,re34,134,1671.7425201720284,7.13669443827607,0.0824877937392494
NSGA3Wrapper,re34,135,1672.1579705990523,7.239084326423067,0.080834011479064
NSGA3Wrapper,re34,136,1672.1742532907526,7.244253877564069,0.0808261311569624
NSGA3Wrapper,re34,137,1672.2856910908768,7.63806772054338,0.0805344068520256
NSGA3Wrapper,re34,138,1672.3212915749768,7.688193794047224,0.0788596386588279
NSGA3Wrapper,re34,139,1672.3670513241034,7.623818611644079,0.0789516900531918
NSGA3Wrapper,re34,140,1672.4205075534658,7.638398318817771,0.0788084621923257
NSGA3Wrapper,re34,141,1672.4212325662115,7.636408270639968,0.0787767239104352
NSGA3Wrapper,re34,142,1672.454702456618,7.650647927073522,0.0787681707993333
NSGA3Wrapper,re34,143,1672.4844517109636,7.651178422212719,0.0785054762213429
NSGA3Wrapper,re34,144,1672.484527238288,7.651158479135486,0.0785040814288837
NSGA3Wrapper,re34,145,1672.9542370693334,6.850186737454177,0.2298343368435875
NSGA3Wrapper,re34,146,1673.0092069752684,7.711643301453956,0.0784238158407724
NSGA3Wrapper,re34,147,1673.0424146600492,7.727404030856654,0.0782730890369417
NSGA3Wrapper,re34,148,1673.189330076165,7.730650486255334,0.0782132474228635
NSGA3Wrapper,re34,149,1673.1973001853964,7.730900419825428,0.0781989131001709
NSGA3Wrapper,re34,150,1673.2815985789823,7.821944480032599,0.0779271178732714
NSGA3Wrapper,re34,151,1673.2843450730122,7.822138245532619,0.0774429347268981
NSGA3Wrapper,re34,152,1673.3482468823302,7.835320513229608,0.0771119884912253
NSGA3Wrapper,re34,153,1673.3546909821544,7.8365829120546096,0.0771016031569932
NSGA3Wrapper,re34,154,1673.413213618364,7.848886298246258,0.0770430834102526
NSGA3Wrapper,re34,155,1673.4556068898594,7.559576748738394,0.0803454961927032
NSGA3Wrapper,re34,156,1673.4581909436945,7.858265338348687,0.0769986393900401
NSGA3Wrapper,re34,157,1673.4966613285003,7.788550107975011,0.0775039927143121
NSGA3Wrapper,re34,158,1673.5206575341726,6.725003885436523,0.2376291748151552
NSGA3Wrapper,re34,159,1673.5920739553662,6.944997711946866,0.2198135435576827
NSGA3Wrapper,re34,160,1673.6258596454015,7.815652134221319,0.0774500124553793
NSGA3Wrapper,re34,161,1673.6518361495594,7.8214450412391185,0.0774456569892635
NSGA3Wrapper,re34,162,1673.672231452571,7.890591599423709,0.0735364562375633
NSGA3Wrapper,re34,163,1673.7923328870938,7.652105834307584,0.0782493635253127
NSGA3Wrapper,re34,164,1673.8370456850662,7.631285066810327,0.0767411221384933
NSGA3Wrapper,re34,165,1673.9076997796958,6.695456033221904,0.2384632505771779
NSGA3Wrapper,re34,166,1673.9159603768562,7.633525794859544,0.0765993658039456
NSGA3Wrapper,re34,167,1673.9160355130002,7.633505514163809,0.0765979943835087
NSGA3Wrapper,re34,168,1673.9259639810978,7.695531396381079,0.0765198222500476
NSGA3Wrapper,re34,169,1673.9361692909963,6.874898010336555,0.2243545927799348
NSGA3Wrapper,re34,170,1673.9782556330993,6.676337629843353,0.2421503661916545
NSGA3Wrapper,re34,171,1673.9896400709108,7.651009585584224,0.07636451993502
NSGA3Wrapper,re34,172,1674.0023329289977,7.654159971457621,0.0763441092112574
NSGA3Wrapper,re34,173,1674.0342321648568,7.681052590236615,0.0755430043227077
NSGA3Wrapper,re34,174,1674.0362560046497,6.7837401148230425,0.2359516783744304
NSGA3Wrapper,re34,175,1674.179472051591,6.78849866749168,0.2305516464860494
NSGA3Wrapper,re34,176,1674.3172004519618,7.98944535469928,0.071705241586765
NSGA3Wrapper,re34,177,1674.3228066549846,7.98855552473742,0.0716145718115382
NSGA3Wrapper,re34,178,1674.4341430009383,7.9239241461078,0.0719543035615898
NSGA3Wrapper,re34,179,1674.491701033387,7.783250542499922,0.0746258072961952
NSGA3Wrapper,re34,180,1674.52475796129,7.691241665555272,0.0755272409968939
NSGA3Wrapper,re34,181,1674.5364256349364,7.695300094957637,0.0755223386908985
NSGA3Wrapper,re34,182,1674.6649607834613,8.013532663882636,0.0708424165500841
NSGA3Wrapper,re34,183,1674.675280022273,8.002937266323912,0.0710419220956978
NSGA3Wrapper,re34,184,1674.9798435075058,7.885662733484052,0.0725387067236575
NSGA3Wrapper,re34,185,1675.1806818072314,8.119075542119187,0.0706319361775964
NSGA3Wrapper,re34,186,1675.1876806926036,8.216144577681732,0.0701190308532792
NSGA3Wrapper,re34,187,1675.2091857231967,8.168801476535444,0.070265066622331
NSGA3Wrapper,re34,188,1675.213797686197,7.851741171222012,0.0743845431288782
NSGA3Wrapper,re34,189,1675.2976554117013,7.572440134644037,0.0756405166373624
NSGA3Wrapper,re34,190,1675.308249253222,8.194165454015993,0.0700865101466798
NSGA3Wrapper,re34,191,1675.414684187946,8.176727193268796,0.0698986376401248
NSGA3Wrapper,re34,192,1675.4317309359296,8.262697003470429,0.0691538040185947
NSGA3Wrapper,re34,193,1675.4471624589437,8.20703140131269,0.069856126551283
NSGA3Wrapper,re34,194,1675.575513693085,8.207973204807132,0.0696430442305393
NSGA3Wrapper,re34,195,1675.6607223658823,8.210876578898414,0.0695209463554106
NSGA3Wrapper,re34,196,1675.6618786010188,8.210621388378737,0.0694980297714844
NSGA3Wrapper,re34,197,1675.6620596334244,8.210581433051118,0.0694944406265564
NSGA3Wrapper,re34,198,1675.7928885156257,8.236460222791532,0.0690202571327361
NSGA3Wrapper,re34,199,1675.8201790783553,8.23528598985627,0.0690101653734655
NSGA3Wrapper,re34,200,1675.8215163467137,8.234990843828735,0.0689832334241457
NSGA3Wrapper,re34,201,1675.8239068901955,8.235435370340078,0.0689793910872149
NSGA3Wrapper,re34,202,1675.824087921339,8.23539541529103,0.0689757434002772
NSGA3Wrapper,re34,203,1675.8242844192096,8.362570387457254,0.0686293503387639
NSGA3Wrapper,re34,204,1675.8619918019597,8.246339737269693,0.0688008268602139
NSGA3Wrapper,re34,205,1675.869967129721,8.247748778148763,0.0687847163620838
NSGA3Wrapper,re34,206,1676.042377635718,8.367209466257549,0.0684648683465204
NSGA3Wrapper,re34,207,1676.046402726423,8.356543104727825,0.0678999084618621
NSGA3Wrapper,re34,208,1676.070686253648,8.359408162583238,0.0678062140144574
NSGA3Wrapper,re34,209,1677.0561410132375,8.308713041034588,0.0686384071791025
NSGA3Wrapper,re34,210,1677.157398096624,8.349286608645638,0.0672281544955431
NSGA3Wrapper,re34,211,1677.6606250129792,8.188481336529799,0.0694304339433463
NSGA3Wrapper,re34,212,1678.4717391438671,6.888596246836858,0.205591601006455
NSGA3Wrapper,re34,213,1678.634170161134,6.976398390666057,0.1992237898238711
NSGA3Wrapper,re34,214,1678.721465363513,6.978099704441174,0.1987717764984494
NSGA3Wrapper,re34,215,1678.8050326949628,6.954580734073853,0.1998634513537822
NSGA3Wrapper,re34,216,1678.914484533928,6.880412165890676,0.2065943353901963
NSGA3Wrapper,re34,217,1678.9289928280273,6.944082553171807,0.2001253842425832
NSGA3Wrapper,re34,218,1678.9688738873144,6.892330530595082,0.2045911633864527
NSGA3Wrapper,re34,219,1678.9689367705948,6.892312787147658,0.2045924093711097
NSGA3Wrapper,re34,220,1679.0564263878248,6.799779372697604,0.2104829144452532
NSGA3Wrapper,re34,221,1679.1580184200234,6.852366898113565,0.2064076289318299
NSGA3Wrapper,re34,222,1679.1853154654646,6.799828591397266,0.2097435186822071
NSGA3Wrapper,re34,223,1679.2348741987648,6.967411522258415,0.1978471598768426
NSGA3Wrapper,re34,224,1679.411896819543,6.986130228704257,0.1956032679839615
NSGA3Wrapper,re34,225,1679.422295593486,6.400064621256428,0.2381209542096816
NSGA3Wrapper,re34,226,1679.4492853601737,6.9016923929790845,0.2020738457391895
NSGA3Wrapper,re34,227,1679.5689112079217,6.980970991054038,0.1955226233181923
NSGA3Wrapper,re34,228,1679.5731691610997,6.966147034625202,0.1971281139949739
NSGA3Wrapper,re34,229,1679.5839608427343,6.437687975299557,0.2294329636157371
NSGA3Wrapper,re34,230,1679.734098392031,6.439864417652105,0.2233301935134935
NSGA3Wrapper,re34,231,1679.7709444851291,6.905472805089582,0.2005450163747172
NSGA3Wrapper,re34,232,1679.8254275400247,6.905853280448608,0.1989426609607824
NSGA3Wrapper,re34,233,1679.8284495824173,6.368899911726212,0.2350961171572183
NSGA3Wrapper,re34,234,1679.828746290735,6.368988630354677,0.2350956432056063
NSGA3Wrapper,re34,235,1679.8442719618197,6.3534699996572215,0.2360251127214133
NSGA3Wrapper,re34,236,1680.0032794694478,6.933408571355327,0.1974274561067033
NSGA3Wrapper,re34,237,1680.0340360671194,6.385472810868469,0.2278383464827245
NSGA3Wrapper,re34,238,1680.038128033518,6.846224689173024,0.2031022982480321
NSGA3Wrapper,re34,239,1680.0613745835667,6.913257917577544,0.1988901197028376
NSGA3Wrapper,re34,240,1680.071625811727,6.913619718746123,0.1988338307125891
NSGA3Wrapper,re34,241,1680.122195697635,6.823523161217258,0.2048096712977943
NSGA3Wrapper,re34,242,1680.123528047331,6.8220505161075895,0.2048482504437807
NSGA3Wrapper,re34,243,1680.1235479764557,6.822044681375045,0.2048486739937265
NSGA3Wrapper,re34,244,1680.1249593725831,6.822891638148896,0.2048371818282559
NSGA3Wrapper,re34,245,1680.1581562387128,6.817941115202229,0.2045407109464707
NSGA3Wrapper,re34,246,1680.231737999937,6.915616173247278,0.1980160005547707
NSGA3Wrapper,re34,247,1680.2657869587797,6.819858613482118,0.2044853796031558
NSGA3Wrapper,re34,248,1680.3063455695558,6.918388914730432,0.1975878116091608
NSGA3Wrapper,re34,249,1680.4066156890076,6.859914857198624,0.2027887507271786
NSGA3Wrapper,re34,250,1680.4141017363024,6.7429286460662645,0.2096687197122752
NSGA3Wrapper,re34,251,1680.4156266706584,6.317765646484441,0.2357729671871972
NSGA3Wrapper,re34,252,1680.5133119165775,6.26564110965845,0.236535553911079
NSGA3Wrapper,re34,253,1680.5386713503638,6.270553991035707,0.2364326383062616
NSGA3Wrapper,re34,254,1680.764315090918,6.416563151834013,0.2271832390470959
NSGA3Wrapper,re34,255,1680.9271253403278,6.638312316160534,0.2225309854664678
NSGA3Wrapper,re34,256,1680.9274998241156,6.383595848493475,0.226270189683287
NSGA3Wrapper,re34,257,1680.97260854323,6.384763289755148,0.2260249571974426
NSGA3Wrapper,re34,258,1680.998912865049,6.618467533217177,0.2228670469530442
NSGA3Wrapper,re34,259,1681.0298016521306,6.439457408223001,0.2259046401703822
NSGA3Wrapper,re34,260,1681.2515677489423,6.283100581833577,0.2326056385679544
NSGA3Wrapper,re34,261,1681.25157070607,6.283101308214217,0.2326056099746385
NSGA3Wrapper,re34,262,1681.2647897506345,6.70832849893721,0.2136965620588195
NSGA3Wrapper,re34,263,1681.3210165040105,6.296395884137178,0.2319997398819457
NSGA3Wrapper,re34,264,1681.3219954538968,6.382956050096104,0.22496372747526
NSGA3Wrapper,re34,265,1681.4533278653123,6.912267676394795,0.1921184195886785
NSGA3Wrapper,re34,266,1681.4563717477065,6.888975304373116,0.1947163774409326
NSGA3Wrapper,re34,267,1681.4580490679489,6.335458612682922,0.2300513651966843
NSGA3Wrapper,re34,268,1681.4643729352167,6.886620251753025,0.1948832413844242
NSGA3Wrapper,re34,269,1681.5627815876232,6.642513610500878,0.2182936971155362
NSGA3Wrapper,re34,270,1681.621539680897,6.626664865762088,0.2197094134051238
NSGA3Wrapper,re34,271,1681.7796262915242,6.377018468133621,0.2297759264030198
NSGA3Wrapper,re34,272,1687.7974792248558,10.822950431217995,0.0531861382765486
NSGA3Wrapper,re34,273,1687.8275591755562,10.861566407135417,0.0529767830892786
NSGA3Wrapper,re34,274,1688.664473279092,11.000889235626037,0.0525308817047433
NSGA3Wrapper,re34,275,1688.7307181567633,10.926904841625117,0.0525478949879706
NSGA3Wrapper,re34,276,1688.8088846791147,11.00683962042404,0.052271588492776
NSGA3Wrapper,re34,277,1688.81863692531,11.006189678001206,0.052272443144167
NSGA3Wrapper,re34,278,1688.8195880249182,11.00669366660832,0.0519662677216736
NSGA3Wrapper,re34,279,1689.2428378552468,10.97563263749661,0.0515866486637907
NSGA3Wrapper,re34,280,1689.2935933788356,10.914785459129652,0.0506324311052318
NSGA3Wrapper,re34,281,1689.4917203545813,10.86665782841358,0.0492668096468951
NSGA3Wrapper,re34,282,1690.0774747522762,10.893027621859591,0.0481917842128127
NSGA3Wrapper,re34,283,1690.0920392861638,10.893685559385064,0.0481660243314417
NSGA3Wrapper,re37,0,0.093968772838681,0.7789378198787549,0.9791483153801196
NSGA3Wrapper,re37,1,0.0984964466163518,0.7871422639196144,0.9780053976075764
NSGA3Wrapper,re37,2,0.0986284815096174,0.7870040182039446,0.9778971477400408
NSGA3Wrapper,re37,3,0.0992432920232139,0.4984928838364417,0.4910006835797522
NSGA3Wrapper,re37,4,0.1019253355511453,0.5045023225026906,0.4837595629242016
NSGA3Wrapper,re37,5,0.1120391300909779,0.4897651518348211,0.4767640171168599
NSGA3Wrapper,re37,6,0.1120641493896561,0.489748181786685,0.4767359628855606
NSGA3Wrapper,re37,7,0.1148522772055381,0.4646259917977083,0.4852773198071274
NSGA3Wrapper,re37,8,0.1207150165520623,0.4954815274736821,0.4642309313509798
NSGA3Wrapper,re37,9,0.1240560561288577,0.497925506155559,0.4541897959881451
NSGA3Wrapper,re37,10,0.1318664651165135,0.4939043533174267,0.4525965548068957
NSGA3Wrapper,re37,11,0.1403866328518775,0.4870663884506783,0.4245191491773337
NSGA3Wrapper,re37,12,0.1405100174866876,0.4877872021966212,0.4239145372857139
NSGA3Wrapper,re37,13,0.1492060654466796,0.4395514191443949,0.4383523236879793
NSGA3Wrapper,re37,14,0.1498455520153088,0.4829219746867781,0.4219222473889548
NSGA3Wrapper,re37,15,0.156414458538104,0.4794133646229628,0.4212471812275772
NSGA3Wrapper,re37,16,0.1566278242004466,0.4800160615921398,0.4145056767871483
NSGA3Wrapper,re37,17,0.1586526757978501,0.4763939094423374,0.4121569025957177
NSGA3Wrapper,re37,18,0.1620490598598595,0.4736815584445483,0.4152223186814441
NSGA3Wrapper,re37,19,0.1621236360985508,0.4736324685443487,0.4151276452823015
NSGA3Wrapper,re37,20,0.1687609025166287,0.4318356797369141,0.4462674880081244
NSGA3Wrapper,re37,21,0.1733756704478672,0.4705433028441813,0.4369206906515647
NSGA3Wrapper,re37,22,0.1849191825064743,0.8212532697483859,0.1773817205017215
NSGA3Wrapper,re37,23,0.2045967894977423,0.4331177760562028,0.430946689392584
NSGA3Wrapper,re37,24,0.2054376110459254,0.8695967912446604,0.1088394692291019
NSGA3Wrapper,re37,25,0.2129664083091687,0.7508201508104823,0.106704968742108
NSGA3Wrapper,re37,26,0.2143654562782698,0.7490424609686377,0.1027831614213181
NSGA3Wrapper,re37,27,0.2181794437970974,0.74431777359005,0.0872958070321293
NSGA3Wrapper,re37,28,0.2260540471474113,0.7372827463327836,0.188428057338396
NSGA3Wrapper,re37,29,0.2291342432722051,0.7327363537143519,0.0832243245646609
NSGA3Wrapper,re37,30,0.2301297653387592,0.7288878075085893,0.0935943525719922
NSGA3Wrapper,re37,31,0.233134683306127,0.7601163579402946,0.0651955598522846
NSGA3Wrapper,re37,32,0.2334597103506243,0.7247803844936545,0.0440195454073291
NSGA3Wrapper,re37,33,0.234331355181415,0.7230084924262106,0.0401401169078547
NSGA3Wrapper,re37,34,0.2343314776845981,0.7230014874315401,0.0401431555567475
NSGA3Wrapper,re37,35,0.2379101561359583,0.4701297484244199,0.3236008801072677
NSGA3Wrapper,re37,36,0.2580117896463386,0.6876541607246007,0.0610151742623429
NSGA3Wrapper,re37,37,0.2588445133626975,0.6809517880629123,0.0952276932596791
NSGA3Wrapper,re37,38,0.2605798126262141,0.736098607472428,0.0247979344400073
NSGA3Wrapper,re37,39,0.2646385772565093,0.3934625064320976,0.769930712153004
NSGA3Wrapper,re37,40,0.2650455344475925,0.6520548277853683,0.2008020142611991
NSGA3Wrapper,re37,41,0.2677939844124957,0.4069331022285703,0.4826287815798015
NSGA3Wrapper,re37,42,0.2712314190826722,0.6649620597726447,0.1472749174934081
NSGA3Wrapper,re37,43,0.2712505710409807,0.654452380648536,0.1724502723775252
NSGA3Wrapper,re37,44,0.2725304991879891,0.6538846959913998,0.0064531966611605
NSGA3Wrapper,re37,45,0.2741998622188032,0.651932220697217,-0.0146838042608002
NSGA3Wrapper,re37,46,0.2765975387750641,0.6439187902286606,0.0861608390347827
NSGA3Wrapper,re37,47,0.2768214753715021,0.64535733663118,0.0346831273282669
NSGA3Wrapper,re37,48,0.2775518100902568,0.5418060372018575,0.3008228206304426
NSGA3Wrapper,re37,49,0.2782649177140048,0.3830035007298731,0.6999101354108757
NSGA3Wrapper,re37,50,0.2783068668456313,0.5410183006811112,0.2908884036644586
NSGA3Wrapper,re37,51,0.2810686337460355,0.6386357784175992,0.1558292771093362
NSGA3Wrapper,re37,52,0.2830225312442391,0.6615885672565169,-0.1061736364265285
NSGA3Wrapper,re37,53,0.2843076386519423,0.6587027945078423,-0.1332877319110041
NSGA3Wrapper,re37,54,0.2843139455858338,0.6549569395540139,-0.1709247703502414
NSGA3Wrapper,re37,55,0.2848740896517539,0.653219956101846,-0.1471436144428722
NSGA3Wrapper,re37,56,0.28567264469049,0.6523591158878838,-0.1489607649346772
NSGA3Wrapper,re37,57,0.285886714852224,0.3911838409655958,0.2499755116871928
NSGA3Wrapper,re37,58,0.2859977243318359,0.3947329721381271,0.2457159427542785
NSGA3Wrapper,re37,59,0.2867428945412126,0.3919472094256122,0.2471525743682518
NSGA3Wrapper,re37,60,0.2867560614456317,0.3919403515000935,0.2471550894459071
NSGA3Wrapper,re37,61,0.2868250995792171,0.3916433602957223,0.2473210525090072
NSGA3Wrapper,re37,62,0.2870106299064557,0.644665767164697,-0.0633859198387166
NSGA3Wrapper,re37,63,0.2871405131601309,0.6519960559179165,-0.188498641296306
NSGA3Wrapper,re37,64,0.2874546818496389,0.6344444745957456,-0.1392428078474405
NSGA3Wrapper,re37,65,0.2879994851614625,0.6506026243225052,-0.1433846464435107
NSGA3Wrapper,re37,66,0.2888239036865103,0.6180915664627168,0.0633867917980705
NSGA3Wrapper,re37,67,0.2890001002438093,0.6487392548793246,-0.1764633706473579
NSGA3Wrapper,re37,68,0.2895523147621892,0.3906103237926785,0.242529665844343
NSGA3Wrapper,re37,69,0.2895941295790201,0.3680125100457817,0.2804396978635739
NSGA3Wrapper,re37,70,0.2896163705019299,0.3675077259285476,0.2250854488134041
NSGA3Wrapper,re37,71,0.2900860637965145,0.6391370020203037,-0.1471865375829764
NSGA3Wrapper,re37,72,0.2902426180542648,0.6316710463051675,-0.0683850613337511
NSGA3Wrapper,re37,73,0.2905063666306942,0.6264070438384464,-0.1326077291263337
NSGA3Wrapper,re37,74,0.2910222659879851,0.6461713591140158,-0.2128593837836163
NSGA3Wrapper,re37,75,0.2910226725741514,0.6461654926932971,-0.2128542179995056
NSGA3Wrapper,re37,76,0.2911120602206505,0.6262420114005419,-0.1368580859181174
NSGA3Wrapper,re37,77,0.2912319074030091,0.6458572411370507,-0.2142626989799247
NSGA3Wrapper,re37,78,0.2914341949674471,0.6253969144527788,-0.1354581024055652
NSGA3Wrapper,re37,79,0.2923702821085167,0.621101160513695,-0.0596319613873574
NSGA3Wrapper,re37,80,0.2927572246831288,0.6435634729373085,-0.2248811056049502
NSGA3Wrapper,re37,81,0.2931970693526913,0.3911059857528791,0.2153427578048639
NSGA3Wrapper,re37,82,0.2965257544211343,0.6296584817813868,-0.1907407213176065
NSGA3Wrapper,re37,83,0.2966534433288055,0.6106438209188572,0.0118390508070213
NSGA3Wrapper,re37,84,0.2966707032712055,0.6104637678944255,0.0119721401266312
NSGA3Wrapper,re37,85,0.2967037947290115,0.6220035356056213,-0.1264754844632793
NSGA3Wrapper,re37,86,0.2982335416544399,0.6152923157221756,-0.1207343236192626
NSGA3Wrapper,re37,87,0.2995929119489484,0.402269400358791,0.2041355446741451
NSGA3Wrapper,re37,88,0.2997211937049884,0.4022021144568514,0.2042653081898988
NSGA3Wrapper,re37,89,0.3031111414892822,0.697447039917949,-0.4056067922277701
NSGA3Wrapper,re37,90,0.3044087946569043,0.6105691709456484,-0.0471903505806105
NSGA3Wrapper,re37,91,0.3059903435051339,0.3621299371526171,0.3225768176139087
NSGA3Wrapper,re37,92,0.3060060758600013,0.3620683679511718,0.3225972634244376
NSGA3Wrapper,re37,93,0.3068254366358082,0.3839398112858938,0.2144048492316554
NSGA3Wrapper,re37,94,0.309488020483516,0.6081871716571838,-0.0650808521141201
NSGA3Wrapper,re37,95,0.3099573221549371,0.6207162351639482,-0.1675310553081752
NSGA3Wrapper,re37,96,0.3102479180909481,0.6115738800946604,-0.1104106952292124
NSGA3Wrapper,re37,97,0.312824451351656,0.6043198338744403,-0.1375834620043511
NSGA3Wrapper,re37,98,0.3136122790474084,0.6379265606789868,-0.1956256693359392
NSGA3Wrapper,re37,99,0.31597645704623,0.691833668762598,-0.3939843285470453
NSGA3Wrapper,re37,100,0.3173818905586217,0.5995086347481778,-0.155323565254751
NSGA3Wrapper,re37,101,0.318565425304719,0.645883484143436,-0.2758321370600025
NSGA3Wrapper,re37,102,0.3188251684667423,0.6850695699723068,-0.3855116261250069
NSGA3Wrapper,re37,103,0.3188977192820125,0.6761944805761412,-0.3758528197008189
NSGA3Wrapper,re37,104,0.3191927595235112,0.6720467169606427,-0.3484818622709551
NSGA3Wrapper,re37,105,0.3206751831517566,0.6180845300398449,-0.2466610847701032
NSGA3Wrapper,re37,106,0.3219913506336034,0.3859823605221908,0.1731026832959201
NSGA3Wrapper,re37,107,0.3233571519074526,0.6534691529999923,-0.3483221379774122
NSGA3Wrapper,re37,108,0.3241809348709933,0.525512636451296,0.1562343068362665
NSGA3Wrapper,re37,109,0.3255724011537401,0.6803294690286841,-0.3777811840131302
NSGA3Wrapper,re37,110,0.3265915938148378,0.6596839224889463,-0.3517552449525808
NSGA3Wrapper,re37,111,0.3277434509253686,0.6583728435423489,-0.3538908556936
NSGA3Wrapper,re37,112,0.33095123663115,0.3635887463919615,0.1913276630960725
NSGA3Wrapper,re37,113,0.3312418184398529,0.599342233216367,-0.0049412331109577
NSGA3Wrapper,re37,114,0.3324921558911396,0.5929590493408069,0.1470915202053005
NSGA3Wrapper,re37,115,0.3335296293019635,0.3594747582787809,0.4647189421654541
NSGA3Wrapper,re37,116,0.3337120338892608,0.3573365049363892,0.4487317711906005
NSGA3Wrapper,re37,117,0.3337578595617355,0.3572076134096192,0.4488426837488041
NSGA3Wrapper,re37,118,0.3338059487164788,0.3502105067915386,0.288667794296767
NSGA3Wrapper,re37,119,0.3341177566171058,0.3491151614232117,0.288995852325603
NSGA3Wrapper,re37,120,0.3364393090863429,0.3730293735009513,0.1239892058310629
NSGA3Wrapper,re37,121,0.3364739260710039,0.6633035971293394,-0.3562532523704028
NSGA3Wrapper,re37,122,0.3365022930226543,0.663229112321838,-0.3566314069703972
NSGA3Wrapper,re37,123,0.3372820656146775,0.6468911342918889,-0.3387220109656258
NSGA3Wrapper,re37,124,0.3377152856906856,0.3905952135219105,0.0700225774068176
NSGA3Wrapper,re37,125,0.3411225699488358,0.4024807450701639,0.0271076631473022
NSGA3Wrapper,re37,126,0.3418244810988017,0.5905243354649716,-0.0084395234053924
NSGA3Wrapper,re37,127,0.3430014433198819,0.6503138235308665,-0.3399829193812906
NSGA3Wrapper,re37,128,0.3430455702821143,0.3903994858357939,0.0615753505794738
NSGA3Wrapper,re37,129,0.3442022370150758,0.3699872758336056,0.1475251757220855
NSGA3Wrapper,re37,130,0.3444009547829369,0.3694143232773026,0.1480324809285088
NSGA3Wrapper,re37,131,0.344971884348263,0.3722038799618827,0.1138154742729505
NSGA3Wrapper,re37,132,0.3451016346317956,0.3409386240651299,0.256098720071485
NSGA3Wrapper,re37,133,0.3487282590862322,0.3633753635689828,0.2211946049036483
NSGA3Wrapper,re37,134,0.3500320945388233,0.3620824919352929,0.146750246506825
NSGA3Wrapper,re37,135,0.3505539395161285,0.3606667570200447,0.121919411070408
NSGA3Wrapper,re37,136,0.3546711017409147,0.6394758681903019,-0.3248427041704664
NSGA3Wrapper,re37,137,0.3551133600119066,0.359234764112162,0.1487402982852241
NSGA3Wrapper,re37,138,0.3572094423953683,0.5986383085210102,-0.1105860748393779
NSGA3Wrapper,re37,139,0.3573729967652302,0.4484715759564548,0.0052228543188105
NSGA3Wrapper,re37,140,0.358314235792237,0.5532195804882625,-0.0130690289500386
NSGA3Wrapper,re37,141,0.358314962158934,0.5532190745146464,-0.0130684713382723
NSGA3Wrapper,re37,142,0.35901474424948,0.359398200883934,0.1224511893045781
NSGA3Wrapper,re37,143,0.3591326293202047,0.3834777163351422,0.0929404969940654
NSGA3Wrapper,re37,144,0.3615824967600717,0.6267389469949448,-0.2857418063263716
NSGA3Wrapper,re37,145,0.3619198930871916,0.3446791798756279,0.1866378003973329
NSGA3Wrapper,re37,146,0.3619653535002595,0.5591429671630126,-0.0440451293372424
NSGA3Wrapper,re37,147,0.3637524951562221,0.635149853273769,-0.3036124694273395
NSGA3Wrapper,re37,148,0.3637541499051493,0.6351479398488638,-0.303631622575174
NSGA3Wrapper,re37,149,0.3638678314711475,0.3978946019223786,0.0219688030561687
NSGA3Wrapper,re37,150,0.3640741580707687,0.6235577069543353,-0.2909700923213866
NSGA3Wrapper,re37,151,0.3643852260940296,0.5856341912085492,-0.0931901182565274
NSGA3Wrapper,re37,152,0.3656012892225436,0.5441221136120992,0.0022975090418381
NSGA3Wrapper,re37,153,0.3656227941981321,0.3502925959262238,0.1559499551349466
NSGA3Wrapper,re37,154,0.3664035842521598,0.5436973880293975,-0.0389072034689304
NSGA3Wrapper,re37,155,0.3671823452960672,0.3884612457512342,0.0658685855038459
NSGA3Wrapper,re37,156,0.367478607914032,0.3775345486284115,0.0571376111442698
NSGA3Wrapper,re37,157,0.3688004328119231,0.588552963235753,-0.1424225317234521
NSGA3Wrapper,re37,158,0.3693900919520619,0.5016349854072024,-0.0182340356048069
NSGA3Wrapper,re37,159,0.3706963966256879,0.3365616269350316,0.2090234549325053
NSGA3Wrapper,re37,160,0.3711898216724619,0.4721675090244585,-0.0136900920503063
NSGA3Wrapper,re37,161,0.3719130152567375,0.5375360762119192,-0.0786196289052233
NSGA3Wrapper,re37,162,0.3723495810669994,0.5370532399262913,-0.0812674280342055
NSGA3Wrapper,re37,163,0.3731677844181225,0.3774710984056362,0.0324144166276697
NSGA3Wrapper,re37,164,0.3737499644187168,0.4380174715077038,-0.0898371201424372
NSGA3Wrapper,re37,165,0.3752222991505958,0.5856242624642626,-0.0909492431009389
NSGA3Wrapper,re37,166,0.375431673138294,0.5853072612978545,-0.0922025674287281
NSGA3Wrapper,re37,167,0.3756527264785035,0.584573960106212,-0.1267642126093067
NSGA3Wrapper,re37,168,0.3758395606986187,0.5829698562327191,-0.1350174826855559
NSGA3Wrapper,re37,169,0.3758511284926367,0.5829573117101721,-0.1351542088400318
NSGA3Wrapper,re37,170,0.3781222951156394,0.3845255535993663,-0.0068617030511478
NSGA3Wrapper,re37,171,0.3782992391431278,0.3710151690938604,0.013429222871981
NSGA3Wrapper,re37,172,0.3856785089030918,0.3672489123216602,0.0422328136096996
NSGA3Wrapper,re37,173,0.3865302668950919,0.5503571660712674,-0.0997393246806874
NSGA3Wrapper,re37,174,0.387847911774778,0.567312918014111,-0.187583061173528
NSGA3Wrapper,re37,175,0.3878873083481408,0.3232033848670043,0.1951661659473112
NSGA3Wrapper,re37,176,0.3884048448358284,0.611041166741812,-0.2495133392660919
NSGA3Wrapper,re37,177,0.3977779856558175,0.343657222761433,0.163417530541319
NSGA3Wrapper,re37,178,0.3978433858107941,0.3697076677147744,0.037477760405587
NSGA3Wrapper,re37,179,0.398357124075164,0.3523201774184713,0.0418868035011778
NSGA3Wrapper,re37,180,0.4023042233108727,0.3223067506779348,0.3430921671464561
NSGA3Wrapper,re37,181,0.4026866819334389,0.3104514022853224,0.2556350126544928
NSGA3Wrapper,re37,182,0.4043641978756247,0.3661005569528897,0.0405903623697295
NSGA3Wrapper,re37,183,0.4050064312330009,0.3389711342519718,0.0523216451454496
NSGA3Wrapper,re37,184,0.4054445893611553,0.3408967431925493,0.0405834007629043
NSGA3Wrapper,re37,185,0.4055462398448385,0.5914598700216894,-0.2512630051676085
NSGA3Wrapper,re37,186,0.4063862803279455,0.3321272346529154,0.1017635876722814
NSGA3Wrapper,re37,187,0.4064045819099049,0.5875430510810891,-0.2567922821613077
NSGA3Wrapper,re37,188,0.4080540359852123,0.3385945997073053,0.0687050360592665
NSGA3Wrapper,re37,189,0.408951196529993,0.319910971821099,0.2529393417241076
NSGA3Wrapper,re37,190,0.4113849508271274,0.3310999152921427,0.064034640311982
NSGA3Wrapper,re37,191,0.4118952094174893,0.3536793090434987,0.0304336938588136
NSGA3Wrapper,re37,192,0.4130640593529074,0.3230678139709677,0.1528444983547994
NSGA3Wrapper,re37,193,0.4131561464657936,0.3093139864457419,0.2406675904439448
NSGA3Wrapper,re37,194,0.4138877876710086,0.3549521484428319,0.0246281642938175
NSGA3Wrapper,re37,195,0.4138980639981646,0.3549540739312215,0.024593395395937
NSGA3Wrapper,re37,196,0.4140026206784558,0.3547771152926997,0.0221391747753948
NSGA3Wrapper,re37,197,0.416220228953098,0.5802550181821117,-0.2480975031205046
NSGA3Wrapper,re37,198,0.4162257113328542,0.5802426287625254,-0.2481579995328215
NSGA3Wrapper,re37,199,0.4162980046229299,0.5801695905501244,-0.2490029793567747
NSGA3Wrapper,re37,200,0.4168052584089515,0.3159396074381039,0.1820327332036572
NSGA3Wrapper,re37,201,0.4173431682867121,0.3152158954297496,0.2290957737792514
NSGA3Wrapper,re37,202,0.4188974831778823,0.5782128403643647,-0.2436442090465589
NSGA3Wrapper,re37,203,0.4191110955447904,0.3434015328607244,0.0400754093253708
NSGA3Wrapper,re37,204,0.4212769825929772,0.3510323707647895,0.028289925508225
NSGA3Wrapper,re37,205,0.4229359910521204,0.3626061280734507,0.0185418482927066
NSGA3Wrapper,re37,206,0.4255443030433271,0.3305945917142405,0.0564415784026285
NSGA3Wrapper,re37,207,0.4292503099909941,0.3338704713112621,0.0502693041428386
NSGA3Wrapper,re37,208,0.4292524244247004,0.531523391072953,-0.1884433737716449
NSGA3Wrapper,re37,209,0.4301495454671863,0.3338608356489619,0.0409788488200421
NSGA3Wrapper,re37,210,0.4302757930903203,0.3335975269578635,0.0413265108723283
NSGA3Wrapper,re37,211,0.4325994880384365,0.3271000169101828,0.0634157963573238
NSGA3Wrapper,re37,212,0.4332427662699104,0.4519550017295763,-0.1023286154279617
NSGA3Wrapper,re37,213,0.4343842997203244,0.3199555450884601,0.1026230222227854
NSGA3Wrapper,re37,214,0.4350475094657419,0.4447150683539761,-0.0948887652044949
NSGA3Wrapper,re37,215,0.4357680744009079,0.2997874463219067,0.4880003554229641
NSGA3Wrapper,re37,216,0.4358804846388291,0.4413605505782279,-0.0911504257502628
NSGA3Wrapper,re37,217,0.4379622370348487,0.3331560055350967,0.0489733224888958
NSGA3Wrapper,re37,218,0.4385734109789294,0.3333042042388599,0.047110471731993
NSGA3Wrapper,re37,219,0.4386780287818229,0.3333301893257754,0.0467855497281645
NSGA3Wrapper,re37,220,0.4386836959343652,0.3333673614143509,0.0466505513337018
NSGA3Wrapper,re37,221,0.4387004105558158,0.3333357270192429,0.0467153286884141
NSGA3Wrapper,re37,222,0.4388291981989004,0.3330600704004859,0.0470452596079272
NSGA3Wrapper,re37,223,0.4416506368081645,0.4947371206279096,-0.141855491799535
NSGA3Wrapper,re37,224,0.4422217305931314,0.5627944932755661,-0.2115403848536015
NSGA3Wrapper,re37,225,0.4424918390352272,0.562479537733919,-0.2146576123561221
NSGA3Wrapper,re37,226,0.4454370582492604,0.3204482055327912,0.0547851725709592
NSGA3Wrapper,re37,227,0.446292107789013,0.4922452582451416,-0.1134549872628856
NSGA3Wrapper,re37,228,0.4463290516299578,0.5570475086467618,-0.2218385598126219
NSGA3Wrapper,re37,229,0.4466207385294038,0.4415091182559612,-0.0942453907162137
NSGA3Wrapper,re37,230,0.4467850106635522,0.2970754243688711,0.4737447824144807
NSGA3Wrapper,re37,231,0.4478040171345949,0.4908017099054246,-0.1310149233724529
NSGA3Wrapper,re37,232,0.4498452155122627,0.314999079667132,0.2041352563184643
NSGA3Wrapper,re37,233,0.4513531366314703,0.3144408524787126,0.1156804985099264
NSGA3Wrapper,re37,234,0.454593266553577,0.3794382741205665,-0.0211096257786009
NSGA3Wrapper,re37,235,0.4570370024083623,0.3084863500074142,0.1026340122231188
NSGA3Wrapper,re37,236,0.4571964677916362,0.4360755518222414,-0.0798348686872464
NSGA3Wrapper,re37,237,0.4576406321773569,0.4357179147244359,-0.0824720185744783
NSGA3Wrapper,re37,238,0.4599082132512017,0.3005512306681497,0.4650974879994981
NSGA3Wrapper,re37,239,0.4604815301671781,0.424061332056544,-0.0699982840201187
NSGA3Wrapper,re37,240,0.4608714214790302,0.4237614410094385,-0.0743444169694598
NSGA3Wrapper,re37,241,0.4614309003386452,0.3130969951589854,0.0910410080747558
NSGA3Wrapper,re37,242,0.4634526624340641,0.3112500234842236,0.0976800490236537
NSGA3Wrapper,re37,243,0.4650065667958918,0.4056804728388756,-0.046978571428671
NSGA3Wrapper,re37,244,0.4653259302936433,0.3039583741710485,0.1031228777969786
NSGA3Wrapper,re37,245,0.4667186004780315,0.3046437538777568,0.0985610265987984
NSGA3Wrapper,re37,246,0.4679520198032192,0.3071839743175008,0.079223926735568
NSGA3Wrapper,re37,247,0.4681334438079081,0.3057419401711962,0.0890313092329532
NSGA3Wrapper,re37,248,0.4686539859739602,0.2900959931816415,0.2535340646452372
NSGA3Wrapper,re37,249,0.4718906155724738,0.3721534319947753,-0.0210497422861052
NSGA3Wrapper,re37,250,0.473150068756291,0.3117974389419484,0.0725301334940335
NSGA3Wrapper,re37,251,0.4751736022823897,0.3603681884642915,-0.0003297916128005
NSGA3Wrapper,re37,252,0.4763639349439296,0.3123221904435496,0.0634816413440802
NSGA3Wrapper,re37,253,0.4774687145445107,0.41286279567168,-0.0580794445905889
NSGA3Wrapper,re37,254,0.4775999873434909,0.4127575175547061,-0.0596186902775167
NSGA3Wrapper,re37,255,0.4778367964960667,0.4221171322613158,-0.0729841905436968
NSGA3Wrapper,re37,256,0.4798273997743733,0.305959856840486,0.0847920471219866
NSGA3Wrapper,re37,257,0.4799657942000831,0.3059700421488619,0.0844302668732492
NSGA3Wrapper,re37,258,0.4816212944433399,0.3094964338195579,0.0724849900190619
NSGA3Wrapper,re37,259,0.4909959052986804,0.4039533772024126,-0.0463045098835335
NSGA3Wrapper,re37,260,0.4913812613361975,0.4036554761509888,-0.0499755662074743
NSGA3Wrapper,re37,261,0.4914564943283683,0.4035864815540947,-0.0516989499153399
NSGA3Wrapper,re37,262,0.4915249781787771,0.4035411164414506,-0.051660136820815
NSGA3Wrapper,re37,263,0.4949980902348403,0.4009042454932442,-0.0352549463507496
NSGA3Wrapper,re37,264,0.4963202004689204,0.401131255827054,-0.0498493071470174
NSGA3Wrapper,re37,265,0.4967098938277534,0.4008312333626401,-0.0541569730873556
NSGA3Wrapper,re37,266,0.4985703595499326,0.3780991444403193,-0.0231426452406824
NSGA3Wrapper,re37,267,0.5016002915690942,0.2752639926164598,0.17017113529764
NSGA3Wrapper,re37,268,0.504659815451293,0.46438552125823,-0.1062219277336017
NSGA3Wrapper,re37,269,0.5057307926127379,0.2670066974248598,0.2376835696643694
NSGA3Wrapper,re37,270,0.5146536635442467,0.5036341134264551,-0.1739467714874635
NSGA3Wrapper,re37,271,0.5150165660397616,0.409509104378445,-0.0668306067006369
NSGA3Wrapper,re37,272,0.515821017474882,0.259456613298229,0.4799999206491465
NSGA3Wrapper,re37,273,0.519075856757315,0.4519452500994188,-0.0955877003993788
NSGA3Wrapper,re37,274,0.5200219850883822,0.364741273440685,-0.0132629160052962
NSGA3Wrapper,re37,275,0.52635829184522,0.3727922876545728,-0.0266803424570159
NSGA3Wrapper,re37,276,0.5273436749471746,0.248761829192862,0.3440734064313535
NSGA3Wrapper,re37,277,0.5276309725248972,0.3720429666302498,-0.0173965229479674
NSGA3Wrapper,re37,278,0.5283032111181455,0.3720171052149867,-0.0235837923735008
NSGA3Wrapper,re37,279,0.529702178029319,0.3705926809437154,-0.0251169323075291
NSGA3Wrapper,re37,280,0.5302227040205254,0.3701982999310043,-0.0312090222413751
NSGA3Wrapper,re37,281,0.5302591921362941,0.3701756717205254,-0.0314024838131329
NSGA3Wrapper,re37,282,0.5303279785792936,0.3701204607360194,-0.0322248022133199
NSGA3Wrapper,re37,283,0.5307482566262606,0.3638972752652423,-0.0147163592258286
NSGA3Wrapper,re37,284,0.5336173637400301,0.3549745281732825,0.0031901082963249
NSGA3Wrapper,re37,285,0.5342207329415323,0.3547898360118676,0.0076256562462394
NSGA3Wrapper,re37,286,0.5344027022522809,0.3546571328123274,0.0054837898043419
NSGA3Wrapper,re37,287,0.5344113564000809,0.354398160862478,-0.0060691936122211
NSGA3Wrapper,re37,288,0.5359921702287063,0.3386156215220026,0.0285657702032408
NSGA3Wrapper,re37,289,0.5361816459839386,0.3385536941860446,0.0277298350843458
NSGA3Wrapper,re37,290,0.5373923070476123,0.3263853087443321,0.0489759180536776
NSGA3Wrapper,re37,291,0.5399923493905158,0.2971825814669165,0.1625370590311357
NSGA3Wrapper,re37,292,0.5400361587718671,0.3443912692688972,0.0194411946828389
NSGA3Wrapper,re37,293,0.5419048674017036,0.2975085948926106,0.1562768456128167
NSGA3Wrapper,re37,294,0.5425697298695707,0.2957973538344574,0.1579065243967212
NSGA3Wrapper,re37,295,0.5468454095222757,0.2442326958778497,0.4794639668244866
NSGA3Wrapper,re37,296,0.5474932282546863,0.294949807337778,0.1042512181762853
NSGA3Wrapper,re37,297,0.5516896534334559,0.2736406142293306,0.2316176588165855
NSGA3Wrapper,re37,298,0.5520259200017671,0.3034653105163694,0.0570749354215298
NSGA3Wrapper,re37,299,0.552031731877406,0.303461724328151,0.0570064126342524
NSGA3Wrapper,re37,300,0.5542189845137655,0.2981186493770554,0.0617344312491026
NSGA3Wrapper,re37,301,0.5562378136644387,0.2427581472771818,0.2951498000651578
NSGA3Wrapper,re37,302,0.5565964127918394,0.2394363638505661,0.2745004252207075
NSGA3Wrapper,re37,303,0.5594019165627064,0.2379330681120614,0.2408687282623468
NSGA3Wrapper,re37,304,0.5594233757559228,0.2379217419337789,0.2406094558433475
NSGA3Wrapper,re37,305,0.5609018130284725,0.228633496007221,0.5063135498638424
NSGA3Wrapper,re37,306,0.5620211057319584,0.232352596905414,0.3012354337581213
NSGA3Wrapper,re37,307,0.5622662574609452,0.2282984512368426,0.5080073334984969
NSGA3Wrapper,re37,308,0.5625500492186554,0.2280998157350025,0.5045586380664565
NSGA3Wrapper,re37,309,0.5625505543394209,0.2281003968186235,0.5045547412830169
NSGA3Wrapper,re37,310,0.5625903233581785,0.2279913412822468,0.5045776958833487
NSGA3Wrapper,re37,311,0.562827075093392,0.252262231318153,0.2376946519967716
NSGA3Wrapper,re37,312,0.5714140734340355,0.4741338039083286,-0.1194015765934826
NSGA3Wrapper,re37,313,0.5718791559495401,0.2298866171246534,0.4120234062783794
NSGA3Wrapper,re37,314,0.5734661111495022,0.269382219263442,0.1829083954460449
NSGA3Wrapper,re37,315,0.5736341988083035,0.4706024630255538,-0.1158983673245374
NSGA3Wrapper,re37,316,0.5752500024599649,0.4688851240648544,-0.1345232632267112
NSGA3Wrapper,re37,317,0.5832661489725927,0.2174102378902394,0.2455672486267819
NSGA3Wrapper,re37,318,0.5919754027320784,0.20873929014044,0.2667262696204501
NSGA3Wrapper,re37,319,0.6025009762455205,0.2053373312457871,0.2747035659860392
NSGA3Wrapper,re37,320,0.6025794171767022,0.2050960597582051,0.2746978891438088
NSGA3Wrapper,re37,321,0.6028106698574262,0.2043269988256494,0.2746795269312823
NSGA3Wrapper,re37,322,0.6054340007906076,0.2240073951467347,0.237631778715424
NSGA3Wrapper,re37,323,0.612753531741502,0.197160347926388,0.2616640497667445
NSGA3Wrapper,re37,324,0.6140039627641413,0.1965457720543586,0.2385879670323462
NSGA3Wrapper,re37,325,0.6154296921717184,0.4252727720745822,-0.1223159002539186
NSGA3Wrapper,re37,326,0.6206303739417587,0.1960787475179424,0.3105917399435489
NSGA3Wrapper,re37,327,0.6221874273298267,0.1956547951660291,0.2519263307197718
NSGA3Wrapper,re37,328,0.6242014295154052,0.3333289452323371,0.0338299834900716
NSGA3Wrapper,re37,329,0.626731453886716,0.1932690591696517,0.2287793855792692
NSGA3Wrapper,re37,330,0.6267412426373374,0.1932644654386046,0.2286533790864301
NSGA3Wrapper,re37,331,0.6348965640130746,0.4237040330735915,-0.0898072277043322
NSGA3Wrapper,re37,332,0.6364320728986639,0.4236023945385361,-0.1060088034288029
NSGA3Wrapper,re37,333,0.6372493113064028,0.4218990409741856,-0.1173532771335568
NSGA3Wrapper,re37,334,0.6399668425511943,0.4153148196705293,-0.1168255296666227
NSGA3Wrapper,re37,335,0.6400334143711953,0.419578227630242,-0.1218195622681776
NSGA3Wrapper,re37,336,0.6400359443433916,0.4067809465198684,-0.1079099943778773
NSGA3Wrapper,re37,337,0.6401516412064449,0.4065240075744696,-0.1089924248749263
NSGA3Wrapper,re37,338,0.6403485495924904,0.4196535046724149,-0.1257823994287866
NSGA3Wrapper,re37,339,0.6404448614668173,0.4059684463300303,-0.1121326474618551
NSGA3Wrapper,re37,340,0.6425681982867649,0.4054452409196657,-0.1070213019844232
NSGA3Wrapper,re37,341,0.6429953010977931,0.1901289944571157,0.4726869813700246
NSGA3Wrapper,re37,342,0.6433702272209683,0.4007670646258399,-0.0869930186739332
NSGA3Wrapper,re37,343,0.645047470366966,0.402815549299155,-0.1111727868720795
NSGA3Wrapper,re37,344,0.6450504342179718,0.4023491872119297,-0.1106243676665974
NSGA3Wrapper,re37,345,0.6452514306943565,0.2611153730345724,0.0578066484196256
NSGA3Wrapper,re37,346,0.6454800676414038,0.1766009153134653,0.3930290499245341
NSGA3Wrapper,re37,347,0.6478311643159228,0.4195119029951921,-0.1205563149784793
NSGA3Wrapper,re37,348,0.6488533543589682,0.4143726106883005,-0.1285855384362838
NSGA3Wrapper,re37,349,0.6490969784783734,0.4226906061499303,-0.1379826064979785
NSGA3Wrapper,re37,350,0.6491875393617962,0.4225953466016954,-0.1390295550933018
NSGA3Wrapper,re37,351,0.6492680304453655,0.3451205833292092,-0.0471236777891903
NSGA3Wrapper,re37,352,0.6493542329926741,0.3446361656004478,-0.0467965300194708
NSGA3Wrapper,re37,353,0.6494012390994478,0.4224243576607818,-0.1389639374556085
NSGA3Wrapper,re37,354,0.6521096383852062,0.2379543608496136,0.2119848999205275
NSGA3Wrapper,re37,355,0.6529078181843736,0.2543569183709508,0.1178925037575786
NSGA3Wrapper,re37,356,0.6529733240559839,0.3993063050625121,-0.1100386175160081
NSGA3Wrapper,re37,357,0.6531845833407299,0.3978912096463493,-0.1110490612409939
NSGA3Wrapper,re37,358,0.6531887748408509,0.3958632824463768,-0.1085974956578386
NSGA3Wrapper,re37,359,0.6538214208989771,0.3957806570629138,-0.1089398868494503
NSGA3Wrapper,re37,360,0.6541787033035352,0.2530902861977132,0.0882352155958439
NSGA3Wrapper,re37,361,0.6541794402125394,0.2530900159298853,0.0882327636334618
NSGA3Wrapper,re37,362,0.6552114917336688,0.1910021940374852,0.3761843260428243
NSGA3Wrapper,re37,363,0.655909114377815,0.2172155708792225,0.2001798552134097
NSGA3Wrapper,re37,364,0.6572645941228329,0.3939168492489758,-0.0953573875204154
NSGA3Wrapper,re37,365,0.6595465272876309,0.2513066965018557,0.0692793872030451
NSGA3Wrapper,re37,366,0.6599691924913242,0.3806934212234705,-0.0959435177971832
NSGA3Wrapper,re37,367,0.6607573440896436,0.1745795375184048,0.3778463770044381
NSGA3Wrapper,re37,368,0.661293939812895,0.2457641727193687,0.0917762922463112
NSGA3Wrapper,re37,369,0.6628398776692491,0.3889286702195108,-0.1059199706927285
NSGA3Wrapper,re37,370,0.6637594619972957,0.1839364702026893,0.2279722074853684
NSGA3Wrapper,re37,371,0.6640455510096678,0.1685995418996956,0.375664530657699
NSGA3Wrapper,re37,372,0.6640712535157027,0.168582396259321,0.3756529149445332
NSGA3Wrapper,re37,373,0.6643685001963207,0.387695248842076,-0.105779435070002
NSGA3Wrapper,re37,374,0.6644891633562958,0.1666837573603307,0.3676615933238308
NSGA3Wrapper,re37,375,0.6646684284651355,0.4076256449476729,-0.1314043080365565
NSGA3Wrapper,re37,376,0.6649982670267428,0.4099409586792637,-0.1344592338164118
NSGA3Wrapper,re37,377,0.6691889697466293,0.1792596801970425,0.2677775682463054
NSGA3Wrapper,re37,378,0.6705424634913076,0.1782666270377894,0.2299942580538136
NSGA3Wrapper,re37,379,0.6709823860272349,0.1780573610681508,0.2244897893866959
NSGA3Wrapper,re37,380,0.6717128269260593,0.2580959629461812,0.0561548142575441
NSGA3Wrapper,re37,381,0.672065938882546,0.1652004948698472,0.3923065811780531
NSGA3Wrapper,re37,382,0.6728631915882854,0.1648295767345493,0.3803743374533834
NSGA3Wrapper,re37,383,0.6730236734367052,0.2414033181793216,0.0888697018428042
NSGA3Wrapper,re37,384,0.6730880696347761,0.1805062328702557,0.2155804334546709
NSGA3Wrapper,re37,385,0.6734333479351204,0.376570638959195,-0.0988587922107128
NSGA3Wrapper,re37,386,0.6736569833638276,0.180914195334762,0.180691521667548
NSGA3Wrapper,re37,387,0.6745761754271796,0.2417504091264083,0.0726620256892137
NSGA3Wrapper,re37,388,0.6747366565538127,0.2416843929613954,0.0722715885102018
NSGA3Wrapper,re37,389,0.6758720478181387,0.1805190271619124,0.1759385516801823
NSGA3Wrapper,re37,390,0.6763743264525566,0.2409181160062409,0.0633792321130088
NSGA3Wrapper,re37,391,0.6775708080429272,0.239939380240043,0.0569122379436414
NSGA3Wrapper,re37,392,0.6781849781661967,0.1579322158535895,0.3902106218881291
NSGA3Wrapper,re37,393,0.6809737591885062,0.2702992191041713,0.0558138764584678
NSGA3Wrapper,re37,394,0.6836344513980555,0.1613526450129067,0.2265787826755106
NSGA3Wrapper,re37,395,0.6844155744716152,0.1781363616808595,0.1623290939459526
NSGA3Wrapper,re37,396,0.6855812553713663,0.1699895565666213,0.2231844144748228
NSGA3Wrapper,re37,397,0.6857009967593759,0.2668564676788696,0.023649809834554
NSGA3Wrapper,re37,398,0.6893872248720991,0.2309345064757771,0.0926936753473958
NSGA3Wrapper,re37,399,0.6899138112526884,0.1935225489687846,0.1486226525627508
NSGA3Wrapper,re37,400,0.6901467296170194,0.1793513816122214,0.1487325402296277
NSGA3Wrapper,re37,401,0.6939091909584097,0.2115363597031049,0.0665344206139615
NSGA3Wrapper,re37,402,0.6963115147153962,0.1470440652148947,0.3593482719182883
NSGA3Wrapper,re37,403,0.6989304811077556,0.1826249700184939,0.1011674024674229
NSGA3Wrapper,re37,404,0.7015052843656789,0.1589051562007326,0.34127188725616
NSGA3Wrapper,re37,405,0.7048866600506788,0.1613360287427173,0.2333212405253153
NSGA3Wrapper,re37,406,0.7049970050509256,0.1420276927582449,0.3589298752352902
NSGA3Wrapper,re37,407,0.7064444280777508,0.1416528687337747,0.3885921151751905
NSGA3Wrapper,re37,408,0.7071270128506483,0.1409230727019022,0.3536779660291507
NSGA3Wrapper,re37,409,0.7143018142182064,0.1372958829298018,0.3547381110764532
NSGA3Wrapper,re37,410,0.7161259422577041,0.1356230474400431,0.3583486439676254
NSGA3Wrapper,re37,411,0.7164265967928307,0.1354273384523307,0.3581972799409708
NSGA3Wrapper,re37,412,0.7186942207295554,0.234550373802043,0.0568831050006564
NSGA3Wrapper,re37,413,0.7195533271877282,0.1532518642494824,0.2381640772689508
NSGA3Wrapper,re37,414,0.7220635036970006,0.2023853161288254,0.1007558568220524
NSGA3Wrapper,re37,415,0.7232647761171528,0.1956326552753303,0.0969286252776272
NSGA3Wrapper,re37,416,0.7278216417002282,0.1919336099985376,0.0968011550584042
NSGA3Wrapper,re37,417,0.7279672877963489,0.1579969190663654,0.1286938070925192
NSGA3Wrapper,re37,418,0.7292519873453983,0.1888155701202505,0.098385885306975
NSGA3Wrapper,re37,419,0.7306445007349389,0.1483929841362878,0.1631773159882964
NSGA3Wrapper,re37,420,0.7330202177282412,0.1948474292375215,0.0716563693969996
NSGA3Wrapper,re37,421,0.7455159025228326,0.1170111527137388,0.3373595031555925
NSGA3Wrapper,re37,422,0.7558176030367845,0.1105769718843876,0.3366267119458006
NSGA3Wrapper,re37,423,0.7563808804513091,0.1130933060628536,0.3308278809470261
NSGA3Wrapper,re37,424,0.7587045424134683,0.1272824904686949,0.291032395292632
NSGA3Wrapper,re37,425,0.7729572870847523,0.1419419049943412,0.2569552656468079
NSGA3Wrapper,re37,426,0.7758036666718942,0.0988223608231481,0.6607676986958891
NSGA3Wrapper,re37,427,0.7759567806209432,0.0987231677485686,0.6590452118416519
NSGA3Wrapper,re37,428,0.7763193217753085,0.124780903637237,0.1767737651673201
NSGA3Wrapper,re37,429,0.7803988454886638,0.1064125375684786,0.2882240884924207
NSGA3Wrapper,re37,430,0.7847805769999909,0.0934335014804867,0.6602444957077565
NSGA3Wrapper,re37,431,0.7868813339637188,0.1252949394972517,0.1167248064167169
NSGA3Wrapper,re37,432,0.7897520126626296,0.1171430885971818,0.1812490692372391
NSGA3Wrapper,re37,433,0.7906978577566554,0.0945509960780987,0.6509196564500321
NSGA3Wrapper,re37,434,0.7933045919773628,0.090942928005744,0.2980324758071266
NSGA3Wrapper,re37,435,0.7964959853989343,0.0907025258985027,0.6504938679898286
NSGA3Wrapper,re37,436,0.7978006984355428,0.1096080646926861,0.2339562604635266
NSGA3Wrapper,re37,437,0.7985218828763188,0.0856677525978059,0.6481798127421554
NSGA3Wrapper,re37,438,0.7985349116504016,0.0856217643839957,0.6481649379719463
NSGA3Wrapper,re37,439,0.7994761857193523,0.1105659031792945,0.1539046867410572
NSGA3Wrapper,re37,440,0.8010887608946602,0.0857612156992007,0.2801942084622061
NSGA3Wrapper,re37,441,0.8011426419443506,0.1809466200967428,0.0916991744766602
NSGA3Wrapper,re37,442,0.8044293047270674,0.1139727550968807,0.1536587558609134
NSGA3Wrapper,re37,443,0.8073249071897497,0.1113844922647453,0.1355177237306195
NSGA3Wrapper,re37,444,0.8092836469563578,0.1083767839036454,0.2026997689950651
NSGA3Wrapper,re37,445,0.8101877811924638,0.1085768492621807,0.1334182541394495
NSGA3Wrapper,re37,446,0.8125918806305941,0.1073134478610884,0.1325198403489275
NSGA3Wrapper,re37,447,0.8130155287332551,0.1040447724489364,0.1383881302881461
NSGA3Wrapper,re37,448,0.8157998176819788,0.1433620735481962,0.1089836207803511
NSGA3Wrapper,re37,449,0.8163211575063339,0.1038905288808699,0.1458926424679408
NSGA3Wrapper,re37,450,0.8164480689933808,0.0853695323842261,0.6204157314274806
NSGA3Wrapper,re37,451,0.8164666020630055,0.0853580154027576,0.6202992281775117
NSGA3Wrapper,re37,452,0.8171620850462991,0.0977065817326324,0.1751830269525549
NSGA3Wrapper,re37,453,0.8171677730403142,0.0937086442619977,0.2618078533414613
NSGA3Wrapper,re37,454,0.8174817383009199,0.0850038774350755,0.6195182821716005
NSGA3Wrapper,re37,455,0.8189966996792223,0.140332063391621,0.0748379657533539
NSGA3Wrapper,re37,456,0.8207080178638216,0.1005017465582397,0.1700924808939716
NSGA3Wrapper,re37,457,0.8220329753564118,0.1377836518554439,0.115051294278292
NSGA3Wrapper,re37,458,0.8222286394802978,0.1027932546020045,0.1310691823547122
NSGA3Wrapper,re37,459,0.8223361994197651,0.1376981702946912,0.1141538617530187
NSGA3Wrapper,re37,460,0.8229442151696466,0.0823756057912783,0.2561436525755189
NSGA3Wrapper,re37,461,0.823074772733001,0.1012113525138182,0.1310889668536125
NSGA3Wrapper,re37,462,0.8233565141539714,0.0777567903378938,0.3027348061597433
NSGA3Wrapper,re37,463,0.8241953719298889,0.0934565626326917,0.189223488038101
NSGA3Wrapper,re37,464,0.8247310505354455,0.1033142816626665,0.1161303378488929
NSGA3Wrapper,re37,465,0.826307096312103,0.1561725901405589,0.0447384921858659
NSGA3Wrapper,re37,466,0.8272646711070634,0.0989967565982025,0.1307089576383751
NSGA3Wrapper,re37,467,0.82927568826982,0.082297534248309,0.2539498120836285
NSGA3Wrapper,re37,468,0.831268477639334,0.0819870642454869,0.2266519439774488
NSGA3Wrapper,re37,469,0.831924862730291,0.0728251017971603,0.2977907888491798
NSGA3Wrapper,re37,470,0.8337037192538711,0.088823935682255,0.1718296156721717
NSGA3Wrapper,re37,471,0.8355864804446758,0.2509956009794385,-0.0787425910811866
NSGA3Wrapper,re37,472,0.835826590863827,0.0698484396110362,0.5644572112376696
NSGA3Wrapper,re37,473,0.838591912676973,0.0692604607702469,0.5611751794135839
NSGA3Wrapper,re37,474,0.8412230121581565,0.0866213089158076,0.1586938315032114
NSGA3Wrapper,re37,475,0.8431256473160241,0.0864206925790246,0.1549239220914848
NSGA3Wrapper,re37,476,0.8450736544697328,0.077403763353015,0.2560804559328172
NSGA3Wrapper,re37,477,0.8451336328022995,0.0864369570208646,0.1474767175136845
NSGA3Wrapper,re37,478,0.8471640525116195,0.1469881582478032,0.0469291816646745
NSGA3Wrapper,re37,479,0.8475368565611979,0.1517398753036542,0.0455838775251887
NSGA3Wrapper,re37,480,0.8476288174553337,0.1467146256243369,0.0415154752619217
NSGA3Wrapper,re37,481,0.8478700314206594,0.1417270459225101,0.0453851076270857
NSGA3Wrapper,re37,482,0.8490038873146696,0.143132184547311,0.0446098130439967
NSGA3Wrapper,re37,483,0.8517195823414958,0.0838512748477227,0.1937221387347082
NSGA3Wrapper,re37,484,0.8543923055632529,0.088585128851195,0.1203053914648214
NSGA3Wrapper,re37,485,0.8592440952634437,0.1244296407988545,0.0483714843018023
NSGA3Wrapper,re37,486,0.8593547480120373,0.1409269747672939,0.041431820369757
NSGA3Wrapper,re37,487,0.8604364080750156,0.0668058053857101,0.5724029730115975
NSGA3Wrapper,re37,488,0.8613791453614933,0.0826305579988877,0.1283387212746295
NSGA3Wrapper,re37,489,0.8631022255550479,0.0831905026798377,0.1027388762790682
NSGA3Wrapper,re37,490,0.8635206752508854,0.1360940668231343,0.0398935106517789
NSGA3Wrapper,re37,491,0.8636894938761704,0.0806636727838745,0.1050322533729787
NSGA3Wrapper,re37,492,0.8657085561447663,0.0876856261667198,0.0948808283574483
NSGA3Wrapper,re37,493,0.8670976729613087,0.1357283400639619,0.0396703976620299
NSGA3Wrapper,re37,494,0.8675944012216903,0.1354360987159576,0.0339010051282269
NSGA3Wrapper,re37,495,0.8680509198892382,0.0714958670309347,0.1911547740740854
NSGA3Wrapper,re37,496,0.8707357424702525,0.1278006906014874,0.0413070593118037
NSGA3Wrapper,re37,497,0.8716564686645849,0.2313198459136786,-0.1048940706421114
NSGA3Wrapper,re37,498,0.8725049439804111,0.0851894318066918,0.0706993376600211
NSGA3Wrapper,re37,499,0.8730937032289612,0.0696828370497255,0.1831019353485546
NSGA3Wrapper,re37,500,0.8732335652807762,0.0695993245865151,0.1830803543058053
NSGA3Wrapper,re37,501,0.8764142799443205,0.0735279789766864,0.1254742334228969
NSGA3Wrapper,re37,502,0.8772779334214954,0.061126240494778,0.1812010942783542
NSGA3Wrapper,re37,503,0.8774060732265426,0.1194560012456307,0.0531068167420349
NSGA3Wrapper,re37,504,0.8793811713148784,0.0583822435964008,0.164129076799865
NSGA3Wrapper,re37,505,0.8798756067339064,0.1271748432131719,0.0323001341659488
NSGA3Wrapper,re37,506,0.8798908317462095,0.1271659748332201,0.0321231095538749
NSGA3Wrapper,re37,507,0.880083543020883,0.1206607628397428,0.0381751463831771
NSGA3Wrapper,re37,508,0.8801788741145068,0.1269983878261079,0.0287714281268016
NSGA3Wrapper,re37,509,0.8804582459379497,0.1787893073341012,0.0222208124531702
NSGA3Wrapper,re37,510,0.8818775615744165,0.1440315810599042,0.0112955800121119
NSGA3Wrapper,re37,511,0.8826798845765478,0.0534397848337811,0.5693065875110858
NSGA3Wrapper,re37,512,0.8840664261007113,0.0790975303676478,0.0970575904790947
NSGA3Wrapper,re37,513,0.8845799768898092,0.1240674694562358,0.0369713270511435
NSGA3Wrapper,re37,514,0.8859039658155001,0.0811566133322116,0.0610184493745338
NSGA3Wrapper,re37,515,0.8859046577563632,0.1717718528465917,-0.0212360211678231
NSGA3Wrapper,re37,516,0.8896166455514096,0.1186859414270851,0.0324709007828017
NSGA3Wrapper,re37,517,0.891040449322337,0.2191149063603224,-0.1130315461563497
NSGA3Wrapper,re37,518,0.8921288344695444,0.1126713268056926,0.0364049345130954
NSGA3Wrapper,re37,519,0.8927557180531669,0.1122552626653972,0.036305177655256
NSGA3Wrapper,re37,520,0.893398011824369,0.1127263606285385,0.034390154577215
NSGA3Wrapper,re37,521,0.8935337591849567,0.1116400356911815,0.036250150651323
NSGA3Wrapper,re37,522,0.8954496372216479,0.2142174998234207,-0.0515195091745275
NSGA3Wrapper,re37,523,0.8955489363619474,0.2051277207413858,-0.0958843363093841
NSGA3Wrapper,re37,524,0.9001164496620175,0.0495036230259299,0.5812441552759599
NSGA3Wrapper,re37,525,0.9005999725244663,0.1864260375326769,-0.0746644998740088
NSGA3Wrapper,re37,526,0.9007728580455028,0.0846465739836032,0.0549244100856976
NSGA3Wrapper,re37,527,0.9011521318418284,0.201720729514146,-0.0983446879541577
NSGA3Wrapper,re37,528,0.9012269043947162,0.2049668083731767,-0.099858535382404
NSGA3Wrapper,re37,529,0.9029945983090378,0.0594153382507158,0.0957059390638165
NSGA3Wrapper,re37,530,0.903367902927692,0.0594328437190904,0.0946147111591712
NSGA3Wrapper,re37,531,0.9034485624009148,0.0593850895358095,0.0945969961652358
NSGA3Wrapper,re37,532,0.905776934140617,0.0480976294935371,0.1978331647561729
NSGA3Wrapper,re37,533,0.9072492857631276,0.0525572829524846,0.1016286008006749
NSGA3Wrapper,re37,534,0.9075536504211908,0.1016148381308591,0.0497706747303266
NSGA3Wrapper,re37,535,0.9089815913045134,0.0560790417229946,0.0953029367642561
NSGA3Wrapper,re37,536,0.9094690298662208,0.0388507694322435,0.1818608802611916
NSGA3Wrapper,re37,537,0.9109766864433084,0.0415892202036834,0.164750393856943
NSGA3Wrapper,re37,538,0.9115556079740734,0.0382110252768564,0.178362532127131
NSGA3Wrapper,re37,539,0.9152691837138304,0.0355917989722022,0.1669148309251372
NSGA3Wrapper,re37,540,0.9186931350144876,0.1757351850017006,-0.0708408072604962
NSGA3Wrapper,re37,541,0.9194225839678024,0.0373387495231721,0.1595827443012705
NSGA3Wrapper,re37,542,0.9195709667533496,0.0364828071645188,0.1631707442375836
NSGA3Wrapper,re37,543,0.9212869305473204,0.1347353500015784,-0.0043871091498887
NSGA3Wrapper,re37,544,0.9213531316550838,0.0336289480021355,0.1566780424256929
NSGA3Wrapper,re37,545,0.9213765946274914,0.0336208307037063,0.1563877962189707
NSGA3Wrapper,re37,546,0.921892459623856,0.1863819881915191,-0.0977743235367235
NSGA3Wrapper,re37,547,0.9225787637926318,0.1908424651515864,-0.1144817938571851
NSGA3Wrapper,re37,548,0.9243477065912212,0.1209541888151189,0.0104855526626817
NSGA3Wrapper,re37,549,0.9246646316103584,0.0336149090603167,0.1564670556522629
NSGA3Wrapper,re37,550,0.9265099742938464,0.1204853705033042,0.0026686772624385
NSGA3Wrapper,re37,551,0.9265181924499648,0.1196569719073513,0.0097513952613484
NSGA3Wrapper,re37,552,0.926590955016338,0.1193550525355029,0.010061607558194
NSGA3Wrapper,re37,553,0.927864641938594,0.0276199801349863,0.1643845915842644
NSGA3Wrapper,re37,554,0.9290060083822512,0.1825091013899533,-0.0867822896892363
NSGA3Wrapper,re37,555,0.9312749316834256,0.1788409535863925,-0.0996522030596811
NSGA3Wrapper,re37,556,0.9319468382776612,0.1528892137011137,-0.0487354702867796
NSGA3Wrapper,re37,557,0.9321477694725816,0.1783584904211894,-0.0972356407762128
NSGA3Wrapper,re37,558,0.9322773235021022,0.1362717235886872,-0.0149660841312036
NSGA3Wrapper,re37,559,0.9324339313679728,0.177748613149056,-0.0996706421408327
NSGA3Wrapper,re37,560,0.9324698672774738,0.1777246921669626,-0.1001036089589006
NSGA3Wrapper,re37,561,0.9333853451644956,0.1379703095169195,-0.0277303636660158
NSGA3Wrapper,re37,562,0.9334125438914164,0.1377938358443184,-0.0275396370337428
NSGA3Wrapper,re37,563,0.9337099599111678,0.135574707007589,-0.0245685113852481
NSGA3Wrapper,re37,564,0.9342932820363586,0.1358683290119082,-0.03566973931668
NSGA3Wrapper,re37,565,0.9355450054073634,0.1224219528338851,-0.0042352884879478
NSGA3Wrapper,re37,566,0.9356169765975808,0.1223365982807477,-0.004623022416091
NSGA3Wrapper,re37,567,0.9363711117645735,0.0466541464777157,0.0551980527105407
NSGA3Wrapper,re37,568,0.9365095244082488,0.0446858451942133,0.0673959806369668
NSGA3Wrapper,re37,569,0.937449482932351,0.0579678152320483,0.0501477543902489
NSGA3Wrapper,re37,570,0.9374975049625428,0.1007732997744828,0.0045742414126565
NSGA3Wrapper,re37,571,0.9377331370808998,0.1737314191926714,-0.1013089047364575
NSGA3Wrapper,re37,572,0.937893530314759,0.1725956767650425,-0.0854556238766436
NSGA3Wrapper,re37,573,0.9380526675955392,0.173045125848003,-0.1040756158699062
NSGA3Wrapper,re37,574,0.939318712307896,0.0264304873141929,0.1550735387255648
NSGA3Wrapper,re37,575,0.9397179652615332,0.170979244133587,-0.1063591680706554
NSGA3Wrapper,re37,576,0.9397179654139768,0.1709792475194677,-0.1063591740911712
NSGA3Wrapper,re37,577,0.9404587473307974,0.0258347041766703,0.1508819512876402
NSGA3Wrapper,re37,578,0.9404906855048416,0.0257758716110883,0.1508624167671136
NSGA3Wrapper,re37,579,0.9414883206234332,0.0594928801312527,0.0428017730039097
NSGA3Wrapper,re37,580,0.94215993362354,0.1690510610404684,-0.1069852164555103
NSGA3Wrapper,re37,581,0.9430690893039044,0.16558279354216,-0.1025505791863312
NSGA3Wrapper,re37,582,0.9431756610289987,0.1682475618506933,-0.1072849063652261
NSGA3Wrapper,re37,583,0.9432220244289172,0.1654641239586875,-0.1041784087339153
NSGA3Wrapper,re37,584,0.9433167659055596,0.1681339350861252,-0.1087785075943152
NSGA3Wrapper,re37,585,0.94346060032219,0.1706600085277156,-0.113516576379241
NSGA3Wrapper,re37,586,0.9436799181616268,0.174052133056006,-0.1197583466859967
NSGA3Wrapper,re37,587,0.9437721119156776,0.1739692092522556,-0.1208190029191963
NSGA3Wrapper,re37,588,0.9438810304368492,0.1822346335134771,-0.1293644144996663
NSGA3Wrapper,re37,589,0.9481103096295462,0.0410813205953095,0.0687809713272569
NSGA3Wrapper,re37,590,0.9488899114946262,0.0408152113625521,0.0589987382799496
NSGA3Wrapper,re37,591,0.949001414951629,0.0407753129185921,0.0576934128839189
NSGA3Wrapper,re37,592,0.949928251561554,0.0362271919611703,0.0954690797627221
NSGA3Wrapper,re37,593,0.9507440345935698,0.0409690985291988,0.0530624803963331
NSGA3Wrapper,re37,594,0.9509151270502588,0.0236042732979998,0.1294175825925093
NSGA3Wrapper,re37,595,0.9524188476586144,0.0160788770642336,0.1300030986141679
NSGA3Wrapper,re37,596,0.9548330285485054,0.0334505313963713,0.0506953566267956
NSGA3Wrapper,re37,597,0.9569924161364756,0.0690586580132435,0.0233148672924196
NSGA3Wrapper,re37,598,0.9571844072076874,0.0687250396906607,0.0354069500662033
NSGA3Wrapper,re37,599,0.9602391750873788,0.0223872830732242,0.1075711338718609
NSGA3Wrapper,re37,600,0.9631312152398692,0.0418818874198861,0.0387163785737369
NSGA3Wrapper,re37,601,0.9633871591398008,0.0555402247846636,0.0361604610572089
NSGA3Wrapper,re37,602,0.9636167651761308,0.0414048266559374,0.0404654941854736
NSGA3Wrapper,re37,603,0.9696530583258388,0.0259930432566844,0.1032667150341844
NSGA3Wrapper,re37,604,0.97331528999753,0.0202575992013059,0.1025018774178262
NSGA3Wrapper,re37,605,0.973452443082386,0.0200480887437492,0.1024624533001552
NSGA3Wrapper,re37,606,0.9748932225772372,0.02887951448106,0.0492692076722882
NSGA3Wrapper,re37,607,0.9779824259740668,0.021134360250163,0.0384820513415067
NSGA3Wrapper,re37,608,0.9800445314074072,0.0122186360027588,0.067767868828578
NSGA3Wrapper,re37,609,0.9816771888777024,0.0258891631600938,0.0343989429597871
NSGA3Wrapper,re37,610,0.9832891058965828,0.0179989141868294,0.0363041937039821
NSGA3Wrapper,re37,611,0.9884663069093992,0.0153194661587199,0.0517002442531636
NSGA3Wrapper,re37,612,0.9889733545198776,0.0176624147400424,0.050948438449911
NSGA3Wrapper,re37,613,0.9889847069360176,0.0176637514002635,0.0509089755632625
NSGA3Wrapper,re37,614,0.9897929156590036,0.015222813905556,0.033865531832465
NSGA3Wrapper,re37,615,0.9904467512289066,0.0129455235682707,0.0371425120531114
NSGA3Wrapper,re37,616,0.9914485159877924,0.0131566236014065,0.0335857116332473
NSGA3Wrapper,re37,617,0.991498867403594,0.0131240461298094,0.0336789153844522
NSGA3Wrapper,re37,618,0.9915685248488456,0.0130126431208916,0.0335072216193223
NSGA3Wrapper,re37,619,0.9915756618176512,0.0130038202488502,0.0335058753415751
NSGA3Wrapper,re37,620,0.993738031526035,0.011412666172666,0.0339554751298998
NSGA3Wrapper,re37,621,0.9941389320212952,0.0114834814079247,0.0326216150334226
RandomSearchMO,re21,0,1333.5141711787949,0.0467682343065129,
RandomSearchMO,re21,1,1390.0112692466328,0.0427775540998906,
RandomSearchMO,re21,2,1402.540782838767,0.034121290782099,
RandomSearchMO,re21,3,1462.3265075531624,0.0309956053802838,
RandomSearchMO,re21,4,1498.561931125338,0.0298586002503997,
RandomSearchMO,re21,5,1547.137789066276,0.0274226324430086,
RandomSearchMO,re21,6,1564.8329430055749,0.0266356802033278,
RandomSearchMO,re21,7,1573.8182734979146,0.0265456786364218,
RandomSearchMO,re21,8,1587.216244591062,0.0245239376520568,
RandomSearchMO,re21,9,1645.2737748449454,0.0229058498968367,
RandomSearchMO,re21,10,1666.6232162355232,0.0214744679657783,
RandomSearchMO,re21,11,1736.967998309587,0.0214444285399674,
RandomSearchMO,re21,12,1743.6845471208303,0.0209054918721395,
RandomSearchMO,re21,13,1771.1453735301202,0.0202274790030286,
RandomSearchMO,re21,14,1788.1268888096806,0.0202114468664356,
RandomSearchMO,re21,15,1788.2223652949192,0.0181910033728464,
RandomSearchMO,re21,16,1845.779247796688,0.0180793078592363,
RandomSearchMO,re21,17,1849.5715215024668,0.0172692869746689,
RandomSearchMO,re21,18,1899.862058217572,0.0166528352850044,
RandomSearchMO,re21,19,1941.0415753337245,0.016129169892579,
RandomSearchMO,re21,20,1956.765938560144,0.015757497231592,
RandomSearchMO,re21,21,1959.370971231769,0.0155778511617905,
RandomSearchMO,re21,22,1987.12340966452,0.0151056244486858,
RandomSearchMO,re21,23,2014.004325882928,0.0148898147544286,
RandomSearchMO,re21,24,2023.863982871315,0.0142473787597981,
RandomSearchMO,re21,25,2027.2571557211063,0.0137332561598282,
RandomSearchMO,re21,26,2029.0921388091176,0.0133363874597421,
RandomSearchMO,re21,27,2097.0074835057744,0.0121281845377994,
RandomSearchMO,re21,28,2173.056161241094,0.0119194141977096,
RandomSearchMO,re21,29,2220.078625573275,0.0105181322918246,
RandomSearchMO,re21,30,2233.0355785795546,0.0101169329014329,
RandomSearchMO,re21,31,2312.685930749668,0.0101003472301761,
RandomSearchMO,re21,32,2315.169052483408,0.0094427493436959,
RandomSearchMO,re21,33,2348.9292135995806,0.0089508783497098,
RandomSearchMO,re21,34,2451.382210826899,0.0079055796780353,
RandomSearchMO,re21,35,2477.069105628861,0.0075331779095003,
RandomSearchMO,re21,36,2560.979100317568,0.0074733518619756,
RandomSearchMO,re21,37,2573.558133448669,0.006826471378873,
RandomSearchMO,re21,38,2631.776730693677,0.0051810975168274,
RandomSearchMO,re34,0,1666.4423840071595,8.414291402652228,0.0715649649321041
RandomSearchMO,re34,1,1666.9135678742032,8.403542584804482,0.106004275421891
RandomSearchMO,re34,2,1667.4016621369597,8.41340383189714,0.1036405941042389
RandomSearchMO,re34,3,1668.367026521502,8.27737866868094,0.1101950610478973
RandomSearchMO,re34,4,1669.1018038885368,8.223095991596171,0.1142721709794401
RandomSearchMO,re34,5,1669.388902815749,8.158102695792483,0.115412589767071
RandomSearchMO,re34,6,1669.898624443814,7.856093984267992,0.1174321619160198
RandomSearchMO,re34,7,1669.9738623376636,8.488436661035964,0.0705646910042474
RandomSearchMO,re34,8,1670.6955701649806,7.658061405961877,0.092386072714935
RandomSearchMO,re34,9,1671.508278856714,8.339527027054885,0.0857976189034347
RandomSearchMO,re34,10,1671.9880243367206,9.27949081662063,0.0701345754558547
RandomSearchMO,re34,11,1672.0592561409956,7.401748997711412,0.2023839582827991
RandomSearchMO,re34,12,1672.1563427338074,7.210123825501401,0.1504650141367919
RandomSearchMO,re34,13,1672.7157614560033,8.038967670967866,0.0915344489400257
RandomSearchMO,re34,14,1672.9396246898964,7.579476363565079,0.1494082893474963
RandomSearchMO,re34,15,1673.2787478375087,7.460725858943968,0.1313039684541214
RandomSearchMO,re34,16,1674.524562986567,9.520984922294067,0.0677282364210093
RandomSearchMO,re34,17,1675.7874490843162,8.081616206176793,0.090340479014794
RandomSearchMO,re34,18,1676.4513043138998,6.9874061971395225,0.1942218739549255
RandomSearchMO,re34,19,1677.2494657702284,9.943050520206738,0.0675202365929254
RandomSearchMO,re34,20,1677.9884205359158,10.232458087723964,0.0668562277400411
RandomSearchMO,re34,21,1678.1878701117455,6.8428555478738655,0.239662435336269
RandomSearchMO,re34,22,1679.129435887313,9.205390720473336,0.0662339717317405
RandomSearchMO,re34,23,1679.8793627018863,6.797927860418772,0.2197885505298088
RandomSearchMO,re34,24,1679.8841118900484,7.0231574097514695,0.1854406938335356
RandomSearchMO,re34,25,1679.8963734921465,9.50695665320547,0.0652305867837379
RandomSearchMO,re34,26,1680.1013749160086,7.451804925050219,0.1444443597844983
RandomSearchMO,re34,27,1680.148440589685,8.720312006419073,0.0643174185216067
RandomSearchMO,re34,28,1681.0841037802154,9.51021672021216,0.0621109217052145
RandomSearchMO,re34,29,1687.922633423043,10.272581076373037,0.0584478813989207
RandomSearchMO,re34,30,1690.4421700588407,10.295750019936117,0.0560368278330688
RandomSearchMO,re37,0,0.0272450859371387,1.1030576776238246,0.9157846263783862
RandomSearchMO,re37,1,0.028883568845445,0.7965118766893233,0.9044212388476952
RandomSearchMO,re37,2,0.0382720966884329,0.702353837097871,1.0057199593159931
RandomSearchMO,re37,3,0.058648560490347,0.6278232154990582,0.636967444184513
RandomSearchMO,re37,4,0.0751778138368084,0.6051055303737295,0.9238785483953011
RandomSearchMO,re37,5,0.0828771132261456,0.901768898102407,0.4792163082617806
RandomSearchMO,re37,6,0.0886019508449642,0.5616937275960464,0.9806947190244898
RandomSearchMO,re37,7,0.1019150048752629,0.5474559200490043,0.9638275086705128
RandomSearchMO,re37,8,0.105957903472299,0.8890661623241306,0.6080191007322359
RandomSearchMO,re37,9,0.1165754249718868,0.5318884804063233,0.8792474048311404
RandomSearchMO,re37,10,0.116718597673532,0.5056685718859886,0.9909374160944512
RandomSearchMO,re37,11,0.1208703675449732,0.6017214223522331,0.846392305729908
RandomSearchMO,re37,12,0.1217641414477618,0.9312129875936972,0.428408204846981
RandomSearchMO,re37,13,0.1228964471544574,0.8355183319597149,0.4835557866535555
RandomSearchMO,re37,14,0.1233625054070792,0.583980047237839,0.4606409177636091
RandomSearchMO,re37,15,0.1250967724209882,0.638865167681231,0.3893952114961211
RandomSearchMO,re37,16,0.1377525033755802,0.5049769666235232,0.7968016106786252
RandomSearchMO,re37,17,0.150916421182726,0.5547124459810794,0.794523698786947
RandomSearchMO,re37,18,0.1538395521487816,0.5947786892291045,0.4211038348174293
RandomSearchMO,re37,19,0.1543319409293967,0.4425569071488949,0.5017485436380434
RandomSearchMO,re37,20,0.1792031238896332,0.7458220073658132,0.3760644824073484
RandomSearchMO,re37,21,0.1792161062900198,0.4820941645603884,0.4212021979686912
RandomSearchMO,re37,22,0.1828447050766831,0.4383933932536827,0.5421831317648792
RandomSearchMO,re37,23,0.187246761156864,0.5863603069932389,0.3810971097530639
RandomSearchMO,re37,24,0.1892979237783876,0.7205268722719261,0.3581250806007415
RandomSearchMO,re37,25,0.1991700997646568,0.9310504909071956,0.3121642617310471
RandomSearchMO,re37,26,0.2066378568816108,0.761906449261575,0.3394916336937
RandomSearchMO,re37,27,0.218898645561512,0.7855816397336116,0.2844333493405546
RandomSearchMO,re37,28,0.2207414953841049,0.6169982976352797,0.3053602123577552
RandomSearchMO,re37,29,0.2215874637722811,0.4382933323698696,0.705221126714008
RandomSearchMO,re37,30,0.2222868465023524,0.7584600722173137,0.2440362579540737
RandomSearchMO,re37,31,0.223190739698851,0.42870201806384,0.6886198750030649
RandomSearchMO,re37,32,0.2244098537967572,0.73005095569052,0.261662280892693
RandomSearchMO,re37,33,0.2323220503469592,0.5947635381051171,0.3255129723072391
RandomSearchMO,re37,34,0.233275174095502,0.4127594986243069,0.8219823530239978
RandomSearchMO,re37,35,0.2440215902565235,0.8144425253869522,0.0120162440511943
RandomSearchMO,re37,36,0.2445862821466775,0.6827847297959875,0.1477487846561548
RandomSearchMO,re37,37,0.2451714761315575,0.5869420078926472,0.1876240237170104
RandomSearchMO,re37,38,0.2468011497946447,0.4597775843020403,0.4226005286367537
RandomSearchMO,re37,39,0.2513071736010852,0.5205175377011144,0.3493193097328669
RandomSearchMO,re37,40,0.2542723791331838,0.5630152273464017,0.2965224267030545
RandomSearchMO,re37,41,0.258496327249172,0.4935413344570788,0.3999463276583062
RandomSearchMO,re37,42,0.2619128300668184,0.4213944226526643,0.5708208041984666
RandomSearchMO,re37,43,0.2685138065376126,0.696428268282471,0.145876129974888
RandomSearchMO,re37,44,0.270420103556782,0.5640319617146099,0.14499613556352
RandomSearchMO,re37,45,0.2881991925508939,0.4461901198277013,0.2987607373771256
RandomSearchMO,re37,46,0.2912728605544611,0.4034670299867175,0.9390928585142247
RandomSearchMO,re37,47,0.2915328887542283,0.6054084280723104,0.0804467291819177
RandomSearchMO,re37,48,0.2916919406751045,0.3659713854821775,0.3980283016898502
RandomSearchMO,re37,49,0.3036616104859254,0.6647628635244341,-0.0760338714343545
RandomSearchMO,re37,50,0.3093963064748736,0.5172857775584057,0.2242886981150361
RandomSearchMO,re37,51,0.3112789599995843,0.4276730688905419,0.2573681180801899
RandomSearchMO,re37,52,0.3123193787030018,0.4650164851910736,0.1522983338485339
RandomSearchMO,re37,53,0.3327847100828704,0.3442165398759408,0.2868697220543972
RandomSearchMO,re37,54,0.3344151600749985,0.724427117119837,-0.0873791582314552
RandomSearchMO,re37,55,0.3364140678555032,0.5436931012907069,0.1129972841566877
RandomSearchMO,re37,56,0.3437784222181841,0.4133540406802595,0.1453380092142175
RandomSearchMO,re37,57,0.3449356132316686,0.5189808962922238,0.0321625028624818
RandomSearchMO,re37,58,0.3574618007851342,0.5799895750306191,-0.1495897126539443
RandomSearchMO,re37,59,0.3579165668882446,0.4131948502359494,0.2633408778552329
RandomSearchMO,re37,60,0.3602609846222588,0.3507628301998275,0.2238855378233294
RandomSearchMO,re37,61,0.3668535005099286,0.4647149537886205,-0.0293535276266341
RandomSearchMO,re37,62,0.3722409785856913,0.5767626505045859,-0.1570508442371655
RandomSearchMO,re37,63,0.3768419140237594,0.3313959771432579,0.5139039808423106
RandomSearchMO,re37,64,0.3954528515264802,0.3428886108546968,0.3107229233972089
RandomSearchMO,re37,65,0.3963187572104362,0.3613241686015975,0.1220800345002321
RandomSearchMO,re37,66,0.4058870628921767,0.3135004310470469,0.6556150967903981
RandomSearchMO,re37,67,0.4124218939663749,0.4402376924477515,-0.0266576780020408
RandomSearchMO,re37,68,0.4131986051784759,0.3295414781881207,0.403723145960476
RandomSearchMO,re37,69,0.4143802796983614,0.5485304112719989,-0.0700894053132555
RandomSearchMO,re37,70,0.4173461430585947,0.6110405740316327,-0.229695792501008
RandomSearchMO,re37,71,0.4223213245411767,0.3157137452728475,0.3984701440950048
RandomSearchMO,re37,72,0.4413616035567408,0.3303210240833407,0.2088018691930148
RandomSearchMO,re37,73,0.4500563540309099,0.3372970631955245,0.1641431461364005
RandomSearchMO,re37,74,0.4517013709561858,0.3107806630496368,0.6413197081589226
RandomSearchMO,re37,75,0.4524264452646195,0.2857208173432216,0.3474712355903626
RandomSearchMO,re37,76,0.4616280517955761,0.3314029503861941,0.1123619009162255
RandomSearchMO,re37,77,0.4712929344037889,0.3431674298307238,0.0844589162169992
RandomSearchMO,re37,78,0.4747795782595083,0.2880113403206008,0.3366704963702775
RandomSearchMO,re37,79,0.4843132983960216,0.2662066430159658,0.3837580048928245
RandomSearchMO,re37,80,0.5010963983498937,0.2870392490663604,0.2996986939076032
RandomSearchMO,re37,81,0.5081881927894902,0.2629445250882929,0.4310213442534874
RandomSearchMO,re37,82,0.509531695916499,0.4467766859042237,-0.047707354155598
RandomSearchMO,re37,83,0.518583314693701,0.2614205730430888,0.8743980289872679
RandomSearchMO,re37,84,0.5227916455797059,0.2580406816434344,0.3295376010025748
RandomSearchMO,re37,85,0.5317926012545607,0.25093950748558,0.6695503590733486
RandomSearchMO,re37,86,0.5522153831188319,0.2538506815260024,0.3441478995039997
RandomSearchMO,re37,87,0.5526813925590838,0.2357154808735003,0.378025797684414
RandomSearchMO,re37,88,0.5585914130750262,0.2652776358460341,0.2268407098538058
RandomSearchMO,re37,89,0.5737821932861035,0.3650491750258383,0.0146017366170062
RandomSearchMO,re37,90,0.5846959050623038,0.3163048540663013,0.2225387876127414
RandomSearchMO,re37,91,0.5866659810797354,0.221311564727073,0.7873379696269788
RandomSearchMO,re37,92,0.5920574805608269,0.2512745062904237,0.2943929755966448
RandomSearchMO,re37,93,0.5977233055163528,0.2326660904381239,0.2739633009962216
RandomSearchMO,re37,94,0.598161550590282,0.2088230788677987,0.7454579969324824
RandomSearchMO,re37,95,0.6011572035914753,0.2305381504127926,0.4983017056148272
RandomSearchMO,re37,96,0.6091085148816731,0.2231550943799838,0.6242060729009764
RandomSearchMO,re37,97,0.609424295430295,0.2227785717972892,0.6722874320595222
RandomSearchMO,re37,98,0.616155767406284,0.2233739324927111,0.5442232743905092
RandomSearchMO,re37,99,0.6168550686678961,0.2041960775269891,0.6027129623906753
RandomSearchMO,re37,100,0.6170809461473906,0.2549351862508973,0.1269260104018238
RandomSearchMO,re37,101,0.6198911589630741,0.2056092446271436,0.4984051474694133
RandomSearchMO,re37,102,0.6260830364531477,0.1947780955212598,0.517591475815924
RandomSearchMO,re37,103,0.6285716602339085,0.2250745310905738,0.4571997605092602
RandomSearchMO,re37,104,0.6330675127599193,0.2098879712035974,0.4295971790910204
RandomSearchMO,re37,105,0.6332344149773539,0.1906078717125005,0.3797473833341382
RandomSearchMO,re37,106,0.6386124071447802,0.2002346871426094,0.3273978621127777
RandomSearchMO,re37,107,0.6423285315383431,0.1901213398045482,0.9068252461410092
RandomSearchMO,re37,108,0.6496030479821653,0.1791392300556545,0.6709184495158534
RandomSearchMO,re37,109,0.6503103338963268,0.1869189167909018,0.5925689060647698
RandomSearchMO,re37,110,0.6590934895376361,0.1844468844279407,0.6162205910606613
RandomSearchMO,re37,111,0.66794773612911,0.1762421221875564,0.5004341340093077
RandomSearchMO,re37,112,0.6696753471090667,0.1794766743020438,0.3407613440285355
RandomSearchMO,re37,113,0.6734981973225607,0.1951535847383909,0.3389777400984132
RandomSearchMO,re37,114,0.6770420173929672,0.1616146772994326,0.2780121973455388
RandomSearchMO,re37,115,0.6830685111856701,0.2910666667728585,0.0755791356850228
RandomSearchMO,re37,116,0.6889551426974196,0.1486245426023516,0.5670243718902209
RandomSearchMO,re37,117,0.6985774508336304,0.2068777291839285,0.2128794377699948
RandomSearchMO,re37,118,0.7077144889330755,0.1604716475197128,0.5329937275218387
RandomSearchMO,re37,119,0.7150290440504257,0.1332982389277318,0.4446526397418609
RandomSearchMO,re37,120,0.7162039666601018,0.158393448784478,0.428619831997162
RandomSearchMO,re37,121,0.7175737864163136,0.2278883446682318,0.1809974468846918
RandomSearchMO,re37,122,0.7185542212375454,0.1439828758239667,0.3536233514671076
RandomSearchMO,re37,123,0.7261783351983763,0.1687298566626391,0.2640976766722295
RandomSearchMO,re37,124,0.7320433476278897,0.1284900933774672,0.8039534944500648
RandomSearchMO,re37,125,0.7342443560950817,0.1511007507584424,0.2360280851412555
RandomSearchMO,re37,126,0.7357624623368514,0.3328653846890055,-0.0461886422387262
RandomSearchMO,re37,127,0.7430603169614312,0.130465562498394,0.3861230981367362
RandomSearchMO,re37,128,0.7447190881926581,0.268304065290562,0.0399536577278416
RandomSearchMO,re37,129,0.7449066496192903,0.1470034880505433,0.3324801425334192
RandomSearchMO,re37,130,0.7452634475333818,0.1181320190206789,0.7537248794170662
RandomSearchMO,re37,131,0.7513115873259069,0.1428867937409491,0.3727930666977792
RandomSearchMO,re37,132,0.7596766891507415,0.1276375045704341,0.6484993079864771
RandomSearchMO,re37,133,0.7598113389381832,0.3130744196821011,-0.0505189005269996
RandomSearchMO,re37,134,0.7691291844303466,0.2490683904865287,0.1663315453280107
RandomSearchMO,re37,135,0.7706157842253697,0.1104077043585309,0.881053920532428
RandomSearchMO,re37,136,0.7707828322756891,0.1180331285587754,0.4646065057494682
RandomSearchMO,re37,137,0.7788650488411276,0.1080662619823501,0.7564694171316434
RandomSearchMO,re37,138,0.7843870932738359,0.1156235965243048,0.376896792499315
RandomSearchMO,re37,139,0.7889231492431288,0.2003576598982227,0.1220827134535222
RandomSearchMO,re37,140,0.7898413899462493,0.1060157008440609,0.8816182344245429
RandomSearchMO,re37,141,0.7930317834811245,0.1103037397505279,0.3072247675371073
RandomSearchMO,re37,142,0.8007462741669623,0.1585474472537066,0.2219019368044631
RandomSearchMO,re37,143,0.8044565852904803,0.1017642997890736,0.5646740172852539
RandomSearchMO,re37,144,0.8125342952499754,0.2570046863625703,0.087205478721767
RandomSearchMO,re37,145,0.8151740934977918,0.0871904491673691,0.7267016858296709
RandomSearchMO,re37,146,0.8186503685853905,0.1266852803815157,0.2004833856593589
RandomSearchMO,re37,147,0.8264882823578295,0.1080912924120367,0.5297126661697132
RandomSearchMO,re37,148,0.830550286988653,0.1710068872303528,0.0474102561386964
RandomSearchMO,re37,149,0.8353281263857733,0.0843349965852501,0.8244169089126074
RandomSearchMO,re37,150,0.8386129526873998,0.0892574323519929,0.5175841747330595
RandomSearchMO,re37,151,0.8540889628240582,0.0833263803044829,0.7780373508509822
RandomSearchMO,re37,152,0.8580448890243777,0.0682933272147981,0.5205694471295363
RandomSearchMO,re37,153,0.8600825948787801,0.1566752851315079,0.077716094365669
RandomSearchMO,re37,154,0.8630917796764158,0.2311263101145857,0.0434431486133331
RandomSearchMO,re37,155,0.8712588594633346,0.0794546260345178,0.5098555116960168
RandomSearchMO,re37,156,0.8825014760405644,0.0738379370105041,0.2543535724041018
RandomSearchMO,re37,157,0.9132065824574678,0.1339956537119146,0.1703941353233236
RandomSearchMO,re37,158,0.9143186877509704,0.0661299282101517,0.1111073170470878
RandomSearchMO,re37,159,0.9211646143277372,0.0481702809700161,0.3438895920867099
RandomSearchMO,re37,160,0.9385456516088728,0.0445914453343519,0.4948868976038099
RandomSearchMO,re37,161,0.947304202803396,0.0383351544889847,0.1507973778095475
