Algorithm,Problem,PointIdx,f1,f2,f3
BoFireQparEGOWrapper,dtlz1,0,0.0,22.70416822055833,0.0
BoFireQparEGOWrapper,dtlz1,1,0.0,0.0,5.637840023426876
BoFireQparEGOWrapper,dtlz1,2,3.0336078726443025,14.118953711713251,1.870518770772708
BoFireQparEGOWrapper,dtlz1,3,4.39865262937696,13.829837197760217,4.55026722120577
BoFireQparEGOWrapper,dtlz1,4,10.140321585442075,15.371965968793852,0.0
BoFireQparEGOWrapper,dtlz1,5,12.703406620026207,14.796903893077957,0.0
BoFireQparEGOWrapper,dtlz1,6,16.821986968662063,9.302271345526602,0.0
BoFireQparEGOWrapper,dtlz1,7,20.882727797178266,6.861148924446032,0.0
BoFireQparEGOWrapper,dtlz1,8,23.3627942549908,3.937595487817181,0.0867153861961186
BoFireQparEGOWrapper,dtlz1,9,25.30195863320618,4.913611537142469,0.0
BoFireQparEGOWrapper,dtlz1,10,25.333787731437816,2.8817214618119924,0.0
BoFireQparEGOWrapper,dtlz1,11,27.75136410825229,0.0,0.0
BoFireQparEGOWrapper,dtlz2,0,4.113593068401627e-33,6.718007300171233e-17,1.0971338519561025
BoFireQparEGOWrapper,dtlz2,1,2.13846161190864e-17,0.3492372843169998,0.9841650847008532
BoFireQparEGOWrapper,dtlz2,2,2.284356799373049e-17,6.586146785792436e-17,1.1384597671935923
BoFireQparEGOWrapper,dtlz2,3,3.5664603959116666e-17,5.784440588703695e-17,1.1097962486658668
BoFireQparEGOWrapper,dtlz2,4,4.7291948260585364e-17,4.748492817839536e-17,1.0944790122353871
BoFireQparEGOWrapper,dtlz2,5,4.852505731819669e-17,0.7924743256909947,0.970545422392914
BoFireQparEGOWrapper,dtlz2,6,5.0792698130685225e-17,4.246942538343636e-17,1.0812649865067396
BoFireQparEGOWrapper,dtlz2,7,5.548795323535882e-17,0.9061870455055564,0.9335038981967648
BoFireQparEGOWrapper,dtlz2,8,5.586606019799974e-17,0.9123620008135548,0.7314812610071016
BoFireQparEGOWrapper,dtlz2,9,5.82177035080567e-17,2.7118837364899488e-17,1.0488588087241082
BoFireQparEGOWrapper,dtlz2,10,6.014861695323008e-17,2.18175019796002e-17,1.0449261830025316
BoFireQparEGOWrapper,dtlz2,11,6.183580967983863e-17,2.0228287546199058e-17,1.062516378396171
BoFireQparEGOWrapper,dtlz2,12,6.305322207392025e-17,1.822991389864151e-17,1.0719115132050758
BoFireQparEGOWrapper,dtlz2,13,6.783156059792405e-17,1.7531577261047164e-17,1.144175162324902
BoFireQparEGOWrapper,dtlz2,14,6.892158975814898e-17,1.1255749789430696,0.3858764337774527
BoFireQparEGOWrapper,dtlz2,15,6.903536581217048e-17,5.424021492406772e-19,1.1274678808607008
BoFireQparEGOWrapper,dtlz2,16,7.217226509032558e-17,1.1786625358523737,0.3540493169180093
BoFireQparEGOWrapper,dtlz2,17,7.287874453182892e-17,0.0,1.1902002207096762
BoFireQparEGOWrapper,dtlz2,18,7.533555961450641e-17,1.2303230558714229,0.0
BoFireQparEGOWrapper,dtlz2,19,0.0450654397821496,0.8054866741766133,0.8747346633788112
BoFireQparEGOWrapper,dtlz2,20,0.0754742536309989,0.8941524747527984,0.545102887277785
BoFireQparEGOWrapper,dtlz2,21,0.0889135846695581,0.8265659969290146,0.7463581582342063
BoFireQparEGOWrapper,dtlz2,22,0.13910636981721,0.6640400201559241,0.88984071659217
BoFireQparEGOWrapper,dtlz2,23,0.2457099629691169,0.1472083157650697,1.0098603909529071
BoFireQparEGOWrapper,dtlz2,24,0.2852103116212929,0.7551050021188909,0.7290411940361526
BoFireQparEGOWrapper,dtlz2,25,0.3232378541984238,0.8926278462385173,0.4379960626125192
BoFireQparEGOWrapper,dtlz2,26,0.3345671297832918,0.7542721245549566,0.842397179032231
BoFireQparEGOWrapper,dtlz2,27,0.3618061139343732,0.5579479999245982,0.8469984448112773
BoFireQparEGOWrapper,dtlz2,28,0.3766038730542143,0.0962906852343771,1.0209394126878564
BoFireQparEGOWrapper,dtlz2,29,0.4140716275672146,0.7336320622708871,0.8028801640918226
BoFireQparEGOWrapper,dtlz2,30,0.4432930104628593,0.632482548391985,0.7207533323658629
BoFireQparEGOWrapper,dtlz2,31,0.4702465582999366,0.7450430626488413,0.5771870510639832
BoFireQparEGOWrapper,dtlz2,32,0.4940344464227633,0.8246521215422858,0.5010556519170257
BoFireQparEGOWrapper,dtlz2,33,0.5300189560327855,0.2527371669718778,0.9445967548674264
BoFireQparEGOWrapper,dtlz2,34,0.5569300988911977,0.0,0.8785025270306107
BoFireQparEGOWrapper,dtlz2,35,0.5605397669696861,0.5134183112942274,0.7780908041197491
BoFireQparEGOWrapper,dtlz2,36,0.5959115170586029,0.869389941346775,0.3623275938257101
BoFireQparEGOWrapper,dtlz2,37,0.6037619433625881,0.4086246666102197,0.7352258248302025
BoFireQparEGOWrapper,dtlz2,38,0.614170813837365,0.6536933427380981,0.6184182551438623
BoFireQparEGOWrapper,dtlz2,39,0.659710619445246,0.1449465564159204,0.7713023215497403
BoFireQparEGOWrapper,dtlz2,40,0.6744901744778579,0.4616202249662697,0.6569152797324379
BoFireQparEGOWrapper,dtlz2,41,0.6793880553334326,0.8754534458980641,0.2882176963896515
BoFireQparEGOWrapper,dtlz2,42,0.6964140899578468,1.0297152349170446,0.2409136529083104
BoFireQparEGOWrapper,dtlz2,43,0.7000529444404399,0.0354364900077616,0.7467554656738242
BoFireQparEGOWrapper,dtlz2,44,0.7102074456704444,0.6564981212868372,0.553188836119239
BoFireQparEGOWrapper,dtlz2,45,0.7535019310836325,0.5919753043738112,0.5216144561992815
BoFireQparEGOWrapper,dtlz2,46,0.7778539991847079,0.3362957538916551,0.693703053728989
BoFireQparEGOWrapper,dtlz2,47,0.842708002099674,0.7106602905249373,0.3955898235783227
BoFireQparEGOWrapper,dtlz2,48,0.8563777982191938,0.6701022596651177,0.4301085830066219
BoFireQparEGOWrapper,dtlz2,49,0.8751975004061797,0.3371339593455289,0.6564104258521365
BoFireQparEGOWrapper,dtlz2,50,0.8772667339776118,0.3753672839769664,0.4564279306932418
BoFireQparEGOWrapper,dtlz2,51,0.9010849692360454,0.4010371173823467,0.4178003739773877
BoFireQparEGOWrapper,dtlz2,52,0.9178845550557506,0.0779407979466759,0.5230354467159412
BoFireQparEGOWrapper,dtlz2,53,0.9482735335724948,0.0,0.7569055515571078
BoFireQparEGOWrapper,dtlz2,54,0.990314993982562,0.5460136430628922,0.2791400606658769
BoFireQparEGOWrapper,dtlz2,55,1.008700988598625,0.3606757662861758,0.330620869474355
BoFireQparEGOWrapper,dtlz2,56,1.030409136298854,0.3199893783867363,0.5131514707636088
BoFireQparEGOWrapper,dtlz2,57,1.0816686466029606,0.6993211814099225,0.0
BoFireQparEGOWrapper,dtlz2,58,1.084647671553827,0.3321683789499719,0.2682733083970827
BoFireQparEGOWrapper,dtlz2,59,1.0956716311378505,0.0,0.4612760077210814
BoFireQparEGOWrapper,dtlz2,60,1.132979773943662,0.6901447894372217,0.2528500276464663
BoFireQparEGOWrapper,dtlz2,61,1.1582760983443885,0.0,0.2066591966104442
BoFireQparEGOWrapper,dtlz2,62,1.2398237295936263,0.1555135569961042,0.0
BoFireQparEGOWrapper,dtlz2,63,1.4010351578654587,0.0,0.0
BoFireQparEGOWrapper,dtlz4,0,3.827018526673617e-33,6.249995556821994e-17,1.0207017339486757
BoFireQparEGOWrapper,dtlz4,1,3.9003692746450426e-17,0.636978641900772,0.7848345228414184
BoFireQparEGOWrapper,dtlz4,2,6.089899438448807e-17,7.195604744592236e-18,1.0014744543629344
BoFireQparEGOWrapper,dtlz4,3,6.127423323917487e-17,2.8545182039239847e-49,1.0006841692124844
BoFireQparEGOWrapper,dtlz4,4,6.127939284678597e-17,4.6984015329611256e-278,1.00076843199935
BoFireQparEGOWrapper,dtlz4,5,6.20314879736876e-17,0.0,1.0130510775331525
BoFireQparEGOWrapper,dtlz4,6,6.218746320943477e-17,1.0155983464413103,1.433829612793108e-42
BoFireQparEGOWrapper,dtlz4,7,6.311622392482704e-17,1.0307661599862263,0.0
BoFireQparEGOWrapper,dtlz4,8,0.1036922281967488,2.7474019328797616e-23,0.9994484592136404
BoFireQparEGOWrapper,dtlz4,9,0.2308940721449714,5.477322997029999e-82,0.9844912357041884
BoFireQparEGOWrapper,dtlz4,10,0.2663611689603034,1.9016737143679983e-34,0.9734774328449248
BoFireQparEGOWrapper,dtlz4,11,0.2683733778339416,0.970663971165105,1.5688696214963632e-47
BoFireQparEGOWrapper,dtlz4,12,0.2714855226984024,0.0007418891599794,0.9734442535579776
BoFireQparEGOWrapper,dtlz4,13,0.2984106068674746,4.7125990755397875e-115,0.955484092621455
BoFireQparEGOWrapper,dtlz4,14,0.3348184935933211,5.436140724405053e-07,0.9425877310025932
BoFireQparEGOWrapper,dtlz4,15,0.3597445003316777,4.2185463060688986e-13,0.9337126800778164
BoFireQparEGOWrapper,dtlz4,16,0.3656533585589098,2.43707777524928e-13,0.9323398463159932
BoFireQparEGOWrapper,dtlz4,17,0.3865779721762433,9.650686141253214e-11,0.9265957236344116
BoFireQparEGOWrapper,dtlz4,18,0.3905008582173281,7.96157080569325e-51,0.9554610495150386
BoFireQparEGOWrapper,dtlz4,19,0.4536156712013451,4.6795268304479374e-97,0.9290180071801368
BoFireQparEGOWrapper,dtlz4,20,0.4628199261162862,2.9981795890133425e-91,0.8869852714151858
BoFireQparEGOWrapper,dtlz4,21,0.4724033255064609,3.611870380940522e-175,0.914746240492024
BoFireQparEGOWrapper,dtlz4,22,0.4761044981075495,1.0175344048999384,2.732356536956849e-88
BoFireQparEGOWrapper,dtlz4,23,0.4781120740770507,0.8918952323313335,4.5028679910674105e-07
BoFireQparEGOWrapper,dtlz4,24,0.4918244332427506,0.0,0.9002148575735586
BoFireQparEGOWrapper,dtlz4,25,0.4935403372702991,0.0,0.88322495034288
BoFireQparEGOWrapper,dtlz4,26,0.4948402005618916,1.6552195139529658e-32,0.8805868369743446
BoFireQparEGOWrapper,dtlz4,27,0.5174380379138988,0.0020269763259202,0.8592480110007301
BoFireQparEGOWrapper,dtlz4,28,0.5519674845665923,2.683590236190385e-25,0.8386353969380925
BoFireQparEGOWrapper,dtlz4,29,0.557065640566579,0.0,0.8381992060796534
BoFireQparEGOWrapper,dtlz4,30,0.5614782369563757,3.640816312975589e-08,0.8286195828106725
BoFireQparEGOWrapper,dtlz4,31,0.5702210678518265,0.904198151192316,1.7396250929367578e-178
BoFireQparEGOWrapper,dtlz4,32,0.5744803082343016,5.4357148344476306e-33,0.834274909296182
BoFireQparEGOWrapper,dtlz4,33,0.5997155190801762,0.0028493764073309,0.813651693609408
BoFireQparEGOWrapper,dtlz4,34,0.6207322984575734,4.521384419542805e-06,0.7993507703479019
BoFireQparEGOWrapper,dtlz4,35,0.628941756920344,0.8734952429698186,5.296328086267701e-13
BoFireQparEGOWrapper,dtlz4,36,0.6379859386880381,0.0,0.7733555590855856
BoFireQparEGOWrapper,dtlz4,37,0.651406214249961,4.198984458970011e-16,0.7596711911723651
BoFireQparEGOWrapper,dtlz4,38,0.6709070779883703,1.1667777134484925e-25,0.7433395537724099
BoFireQparEGOWrapper,dtlz4,39,0.6805046992217682,4.93410311985482e-143,0.7330317614150967
BoFireQparEGOWrapper,dtlz4,40,0.7024383721670269,0.7165118610576487,2.9331375356713327e-53
BoFireQparEGOWrapper,dtlz4,41,0.7099896983359965,0.0585571389607445,0.7022316995757774
BoFireQparEGOWrapper,dtlz4,42,0.7233126872849208,5.391634726689444e-66,0.7098516389180908
BoFireQparEGOWrapper,dtlz4,43,0.7258044830615418,2.89156537210617e-41,0.7055065034940455
BoFireQparEGOWrapper,dtlz4,44,0.7308316567359725,0.8234230019386903,1.0480526550205699e-96
BoFireQparEGOWrapper,dtlz4,45,0.7377427230631711,4.746388373581104e-92,0.6771506233094702
BoFireQparEGOWrapper,dtlz4,46,0.7429293977168537,0.0049923848058125,0.6709686540632789
BoFireQparEGOWrapper,dtlz4,47,0.7464000342073062,3.248528369973045e-18,0.6670400430718371
BoFireQparEGOWrapper,dtlz4,48,0.7552577312072443,0.666116118786311,1.5310348785285414e-56
BoFireQparEGOWrapper,dtlz4,49,0.7613500111609027,1.431157621215697e-20,0.6489015899493926
BoFireQparEGOWrapper,dtlz4,50,0.7906468092505894,0.0010483298759322,0.6132292576823186
BoFireQparEGOWrapper,dtlz4,51,0.7911205072334607,2.386883642171351e-07,0.6126820744493322
BoFireQparEGOWrapper,dtlz4,52,0.811831083731141,4.3975687472044614e-20,0.5919934860998193
BoFireQparEGOWrapper,dtlz4,53,0.8138529610975767,0.0,0.6515557320038213
BoFireQparEGOWrapper,dtlz4,54,0.8160514467301706,3.404002949248715e-193,0.5806723457254908
BoFireQparEGOWrapper,dtlz4,55,0.8253345852043877,0.0,0.5684103560770136
BoFireQparEGOWrapper,dtlz4,56,0.8353729964083312,3.098247808387811e-55,0.5549018653750255
BoFireQparEGOWrapper,dtlz4,57,0.846543423117055,0.003976910441174,0.5421630581173961
BoFireQparEGOWrapper,dtlz4,58,0.855545414917125,6.058377152571436e-10,0.5378018898743168
BoFireQparEGOWrapper,dtlz4,59,0.8687244603710604,1.9871555525030141e-19,0.5156708081742997
BoFireQparEGOWrapper,dtlz4,60,0.8705810590625278,1.901154558128061e-33,0.493176743086866
BoFireQparEGOWrapper,dtlz4,61,0.8801725910778756,8.867254961795933e-55,0.4993307963660549
BoFireQparEGOWrapper,dtlz4,62,0.8844684907853514,0.0,0.4709103501268413
BoFireQparEGOWrapper,dtlz4,63,0.8934016033715632,0.5628081455954544,1.3581862635825348e-25
BoFireQparEGOWrapper,dtlz4,64,0.9060487701129714,0.4562009800131662,0.0006858050090343
BoFireQparEGOWrapper,dtlz4,65,0.9196353191430324,0.0032188772607068,0.4083600675959452
BoFireQparEGOWrapper,dtlz4,66,0.9242118495024714,0.0,0.4034095572629075
BoFireQparEGOWrapper,dtlz4,67,0.939250858677887,0.0,0.3682230282884598
BoFireQparEGOWrapper,dtlz4,68,0.945417235698335,1.514159786133222e-85,0.3546427695748463
BoFireQparEGOWrapper,dtlz4,69,0.9541886138308748,0.3126889026346338,4.6217108193328505e-17
BoFireQparEGOWrapper,dtlz4,70,0.9563963956189512,1.65023601848553e-10,0.3408534872594899
BoFireQparEGOWrapper,dtlz4,71,0.9712652753761728,1.1049566327330533e-23,0.2725214086587302
BoFireQparEGOWrapper,dtlz4,72,0.9725316184898988,2.5128734658024853e-24,0.261596703884375
BoFireQparEGOWrapper,dtlz4,73,0.9779908195468854,0.359214486790186,9.20267206189583e-33
BoFireQparEGOWrapper,dtlz4,74,0.9790818606534328,8.804992507322653e-197,0.3076970201903546
BoFireQparEGOWrapper,dtlz4,75,0.984815327528634,0.0,0.2405622456833366
BoFireQparEGOWrapper,dtlz4,76,0.987181390849588,3.4259664758475704e-16,0.2267540212001568
BoFireQparEGOWrapper,dtlz4,77,0.9891748200105912,3.6122351371206136e-21,0.2080670872953167
BoFireQparEGOWrapper,dtlz4,78,0.9898190198369928,0.0065158544150418,0.1870839027615329
BoFireQparEGOWrapper,dtlz4,79,0.9921662230806998,2.5634345605909677e-21,0.1531452355069509
BoFireQparEGOWrapper,dtlz4,80,0.9994725098500188,0.2047145600416556,2.2709746982954078e-25
BoFireQparEGOWrapper,dtlz4,81,1.000221052552796,9.191813300633616e-97,5.544286308835151e-27
BoFireQparEGOWrapper,dtlz4,82,1.0005697848277415,5.406325962391079e-82,9.169141006695669e-119
BoFireQparEGOWrapper,dtlz4,83,1.0005759110001684,4.442532165096685e-74,2.2169339564650023e-274
BoFireQparEGOWrapper,dtlz4,84,1.001697260590212,0.0,6.689613325406468e-13
BoFireQparEGOWrapper,dtlz4,85,1.0018504662364487,1.1619712061673642e-138,3.282985948567535e-28
BoFireQparEGOWrapper,dtlz4,86,1.003181176428704,8.886674357799766e-208,1.7277000258187195e-14
BoFireQparEGOWrapper,dtlz4,87,1.005828106255943,2.0071098799574464e-86,2.0475253173358324e-34
BoFireQparEGOWrapper,dtlz4,88,1.013855237152704,0.0004645481580739,0.0
BoFireQparEGOWrapper,dtlz4,89,1.014774473226369,0.0,6.768267691822457e-33
BoFireQparEGOWrapper,dtlz4,90,1.0224392472922372,2.917611062260665e-08,0.0
BoFireQparEGOWrapper,dtlz4,91,1.0224672399061594,0.0,1.4164817381625468e-120
BoFireQparEGOWrapper,dtlz4,92,1.026399617548014,2.455785057841908e-57,0.0
BoFireQparEGOWrapper,dtlz4,93,1.0622174598048917,1.057904872180367e-94,0.0
BoFireQparEGOWrapper,dtlz4,94,1.0663999504017212,5.6063145112096006e-102,2.1521049021575343e-182
BoFireQparEGOWrapper,dtlz4,95,1.2553419940440569,0.0,1.4926558050216902e-183
BoFireQparEGOWrapper,dtlz4,96,1.2641701537341217,3.549854683206123e-201,3.242896990462763e-230
BoFireQparEGOWrapper,dtlz4,97,1.267019788407607,6.078829381381808e-103,0.0
BoFireQparEGOWrapper,dtlz4,98,1.5056414292224989,0.0,0.0
BoFireQparEGOWrapper,dtlz7,0,0.0,0.0,6.87748969946681
BoFireQparEGOWrapper,dtlz7,1,0.0,0.0189014272435749,6.518292437838206
BoFireQparEGOWrapper,dtlz7,2,0.0036589107830258,0.0,6.001817487678469
BoFireQparEGOWrapper,wfg4,0,0.2258053569947265,3.99373811872671,
BoFireQparEGOWrapper,wfg4,1,0.289279389701985,3.980240333965984,
BoFireQparEGOWrapper,wfg4,2,0.3776775772029576,3.954491914266361,
BoFireQparEGOWrapper,wfg4,3,0.4932463592913473,3.933515633807208,
BoFireQparEGOWrapper,wfg4,4,0.539656738178095,3.884906029962478,
BoFireQparEGOWrapper,wfg4,5,0.5943889992418788,3.8760256775563615,
BoFireQparEGOWrapper,wfg4,6,0.5947859176081961,3.866092212688094,
BoFireQparEGOWrapper,wfg4,7,0.6133791842353267,3.8361108597447937,
BoFireQparEGOWrapper,wfg4,8,0.6611089047400627,3.826752438473956,
BoFireQparEGOWrapper,wfg4,9,0.7053014047746708,3.795377629354179,
BoFireQparEGOWrapper,wfg4,10,0.7191506854801991,3.759165636704685,
BoFireQparEGOWrapper,wfg4,11,0.7697389726463019,3.758011698003758,
BoFireQparEGOWrapper,wfg4,12,0.7866465011191918,3.7231701432846784,
BoFireQparEGOWrapper,wfg4,13,0.8022684864033113,3.716176473848144,
BoFireQparEGOWrapper,wfg4,14,0.8039460793138272,3.715701364190259,
BoFireQparEGOWrapper,wfg4,15,0.8214122975859816,3.6671456232727615,
BoFireQparEGOWrapper,wfg4,16,0.8281614111223871,3.6616746566471807,
BoFireQparEGOWrapper,wfg4,17,0.8386145107395502,3.659247742984061,
BoFireQparEGOWrapper,wfg4,18,0.8638525885333155,3.634946151179761,
BoFireQparEGOWrapper,wfg4,19,0.8801141794680396,3.6223263992212287,
BoFireQparEGOWrapper,wfg4,20,0.9503717157330204,3.5760064898602644,
BoFireQparEGOWrapper,wfg4,21,0.9604604518516154,3.556559086396597,
BoFireQparEGOWrapper,wfg4,22,0.9690107124288124,3.544585567479724,
BoFireQparEGOWrapper,wfg4,23,0.9867217632544724,3.5438592415239416,
BoFireQparEGOWrapper,wfg4,24,1.000086159586863,3.513146138400831,
BoFireQparEGOWrapper,wfg4,25,1.0079797470214118,3.494089205146237,
BoFireQparEGOWrapper,wfg4,26,1.0162400665193825,3.469368313857081,
BoFireQparEGOWrapper,wfg4,27,1.059885264795782,3.439870931504544,
BoFireQparEGOWrapper,wfg4,28,1.0633718268879997,3.4090661281124333,
BoFireQparEGOWrapper,wfg4,29,1.0805961255548784,3.382420137817368,
BoFireQparEGOWrapper,wfg4,30,1.131337869890363,3.363990963726873,
BoFireQparEGOWrapper,wfg4,31,1.1321905110774295,3.331735427715664,
BoFireQparEGOWrapper,wfg4,32,1.1587802002507317,3.325773301467976,
BoFireQparEGOWrapper,wfg4,33,1.164477796266053,3.319887331692106,
BoFireQparEGOWrapper,wfg4,34,1.2072337118805403,3.281955192007341,
BoFireQparEGOWrapper,wfg4,35,1.2113721910321027,3.260962962150172,
BoFireQparEGOWrapper,wfg4,36,1.2198763362536211,3.2451650712209203,
BoFireQparEGOWrapper,wfg4,37,1.2563099858653022,3.1585623893421,
BoFireQparEGOWrapper,wfg4,38,1.2868293228050718,3.1050466805741643,
BoFireQparEGOWrapper,wfg4,39,1.293729398285822,3.094756278472204,
BoFireQparEGOWrapper,wfg4,40,1.3080494047564055,3.076332198208112,
BoFireQparEGOWrapper,wfg4,41,1.3558589897591706,3.029606339451021,
BoFireQparEGOWrapper,wfg4,42,1.3920169863275056,2.9515762048775884,
BoFireQparEGOWrapper,wfg4,43,1.408971341022777,2.936163232508439,
BoFireQparEGOWrapper,wfg4,44,1.4148651138865682,2.8809094947960547,
BoFireQparEGOWrapper,wfg4,45,1.4404311473962628,2.8107373981364723,
BoFireQparEGOWrapper,wfg4,46,1.481114990022721,2.808951116358425,
BoFireQparEGOWrapper,wfg4,47,1.487798336713447,2.774374181575501,
BoFireQparEGOWrapper,wfg4,48,1.5155435370226595,2.6928761993514883,
BoFireQparEGOWrapper,wfg4,49,1.5348940877789312,2.6739968493699338,
BoFireQparEGOWrapper,wfg4,50,1.5431772337699263,2.6263472992465577,
BoFireQparEGOWrapper,wfg4,51,1.5471239020166858,2.615309676254288,
BoFireQparEGOWrapper,wfg4,52,1.570631310260133,2.5499802396355244,
BoFireQparEGOWrapper,wfg4,53,1.6084642564381433,2.540763672306204,
BoFireQparEGOWrapper,wfg4,54,1.6170734167559866,2.4233114672274434,
BoFireQparEGOWrapper,wfg4,55,1.6339304619302677,2.401682493531549,
BoFireQparEGOWrapper,wfg4,56,1.63519396726556,2.34548787734157,
BoFireQparEGOWrapper,wfg4,57,1.6528426830878538,2.280501896271485,
BoFireQparEGOWrapper,wfg4,58,1.673008315905687,2.279417880587672,
BoFireQparEGOWrapper,wfg4,59,1.6939629591503875,2.22839685093118,
BoFireQparEGOWrapper,wfg4,60,1.7036263662842737,2.2263422492917417,
BoFireQparEGOWrapper,wfg4,61,1.7109494587322998,2.164520538843969,
BoFireQparEGOWrapper,wfg4,62,1.7223377636220385,2.13334840832221,
BoFireQparEGOWrapper,wfg4,63,1.730380882468025,2.093542281927805,
BoFireQparEGOWrapper,wfg4,64,1.7584641948575266,2.0816517120519977,
BoFireQparEGOWrapper,wfg4,65,1.772683924413401,1.955584451968416,
BoFireQparEGOWrapper,wfg4,66,1.781205283109763,1.8921937290129989,
BoFireQparEGOWrapper,wfg4,67,1.782625181160972,1.8867992337045347,
BoFireQparEGOWrapper,wfg4,68,1.8048741468244784,1.8677397853648228,
BoFireQparEGOWrapper,wfg4,69,1.8178977344471217,1.7123037602027955,
BoFireQparEGOWrapper,wfg4,70,1.8554383717367864,1.627757437725845,
BoFireQparEGOWrapper,wfg4,71,1.865910721868662,1.6048359681356574,
BoFireQparEGOWrapper,wfg4,72,1.8957180153992144,1.6044266626850223,
BoFireQparEGOWrapper,wfg4,73,1.897087127937376,1.597202763964407,
BoFireQparEGOWrapper,wfg4,74,1.903337534083315,1.2838780164263537,
BoFireQparEGOWrapper,wfg4,75,1.9145384193582105,1.2687375667926997,
BoFireQparEGOWrapper,wfg4,76,1.946632118053335,0.9730494284833284,
BoFireQparEGOWrapper,wfg4,77,1.9955291971727835,0.9464531797901864,
BoFireQparEGOWrapper,wfg4,78,2.014739139596972,0.0147391395969717,
BoFireQparEGOWrapper,wfg7,0,0.161935216520031,0.1615814110363019,6.161571034114312
BoFireQparEGOWrapper,wfg7,1,0.1840418163150491,4.172805724536763,0.6334476352055444
BoFireQparEGOWrapper,wfg7,2,0.1892550490463184,4.168783196708217,0.7955143783971967
BoFireQparEGOWrapper,wfg7,3,0.1912276821337285,4.1912136805043225,0.2071030998668449
BoFireQparEGOWrapper,wfg7,4,0.1995169115728459,4.199516911572846,0.1995169115728463
BoFireQparEGOWrapper,wfg7,5,0.2206340616125107,0.1613959445683136,6.158763501205269
BoFireQparEGOWrapper,wfg7,6,0.2554786933032185,3.9380214114223873,2.5980153612684904
BoFireQparEGOWrapper,wfg7,7,0.2618664338710449,3.337160520587155,4.077999496186484
BoFireQparEGOWrapper,wfg7,8,0.2706384346080482,0.2250029448553492,6.15477779864974
BoFireQparEGOWrapper,wfg7,9,0.2889186887587195,4.164795294431002,1.772008776920996
BoFireQparEGOWrapper,wfg7,10,0.3041983712654932,2.3477097475435795,5.459810605975912
BoFireQparEGOWrapper,wfg7,11,0.3068230544926935,4.020384465056276,2.536461749985593
BoFireQparEGOWrapper,wfg7,12,0.3140855010286215,3.6635145238485833,3.591203803804276
BoFireQparEGOWrapper,wfg7,13,0.3141719993372517,0.1682922679310681,6.15231031065819
BoFireQparEGOWrapper,wfg7,14,0.3182054364780136,3.871887499388402,3.072388208006267
BoFireQparEGOWrapper,wfg7,15,0.3206382794826838,3.223761853474615,4.4042880788861405
BoFireQparEGOWrapper,wfg7,16,0.3249052880458407,2.3266507317772,5.5195452324141385
BoFireQparEGOWrapper,wfg7,17,0.3280239210275898,0.1641033199294088,6.143916889667223
BoFireQparEGOWrapper,wfg7,18,0.3300285151520097,3.5809354778317326,3.774109529539404
BoFireQparEGOWrapper,wfg7,19,0.3320837156198624,1.2580652056161228,6.136395110503687
BoFireQparEGOWrapper,wfg7,20,0.3341129362752772,3.559071057981623,3.857315665900734
BoFireQparEGOWrapper,wfg7,21,0.3399668545429151,4.144011020902465,0.1602015669387831
BoFireQparEGOWrapper,wfg7,22,0.3447770203515902,3.73917050430601,3.518960017665444
BoFireQparEGOWrapper,wfg7,23,0.3476658855543336,3.3146011558022326,4.370133121349744
BoFireQparEGOWrapper,wfg7,24,0.3505526350888642,2.9139613297399065,4.839215174165613
BoFireQparEGOWrapper,wfg7,25,0.3532850396900236,2.596015141747155,5.321089658554068
BoFireQparEGOWrapper,wfg7,26,0.3598791352106604,3.0493784560053374,4.701921105670605
BoFireQparEGOWrapper,wfg7,27,0.3885590207797318,1.7354096059421076,6.038190600631621
BoFireQparEGOWrapper,wfg7,28,0.3923361604732348,4.1409917422055065,2.4856727295614083
BoFireQparEGOWrapper,wfg7,29,0.3928985931850856,3.859432856501424,2.9280377497937
BoFireQparEGOWrapper,wfg7,30,0.4017415470007489,3.762702579816622,3.1635508881910464
BoFireQparEGOWrapper,wfg7,31,0.4119102651713902,1.7849287187436698,6.003370968739694
BoFireQparEGOWrapper,wfg7,32,0.4144241498270912,2.8995223287732435,5.115981956346608
BoFireQparEGOWrapper,wfg7,33,0.4195407195967117,1.6712582222776096,6.052680751894903
BoFireQparEGOWrapper,wfg7,34,0.4285752968183003,4.054010689598666,2.4549978640483148
BoFireQparEGOWrapper,wfg7,35,0.4333387404925717,1.9924655694461324,5.958776700987543
BoFireQparEGOWrapper,wfg7,36,0.4375103404953654,3.480584654095596,4.000947526606543
BoFireQparEGOWrapper,wfg7,37,0.439875261430229,2.0466820763548057,5.8703397958727
BoFireQparEGOWrapper,wfg7,38,0.4416681395758246,2.301190213193716,5.753674341544114
BoFireQparEGOWrapper,wfg7,39,0.4455871477294119,1.6775472430872116,6.010931746414113
BoFireQparEGOWrapper,wfg7,40,0.4504994512744296,2.777309958128789,5.14107891193277
BoFireQparEGOWrapper,wfg7,41,0.4515916079130309,3.4313624646439376,4.069882536496916
BoFireQparEGOWrapper,wfg7,42,0.4532029983499092,2.5070643636667898,5.201613868901572
BoFireQparEGOWrapper,wfg7,43,0.457723028711011,0.1693500365223236,6.106653225377116
BoFireQparEGOWrapper,wfg7,44,0.4664078342285401,2.031090073593815,5.947756792115305
BoFireQparEGOWrapper,wfg7,45,0.4746348798166125,0.6859931884241899,6.09993688737254
BoFireQparEGOWrapper,wfg7,46,0.4850269040620391,2.316307862359119,5.59574893650106
BoFireQparEGOWrapper,wfg7,47,0.49379057213685,4.024021901414376,2.3227294770363245
BoFireQparEGOWrapper,wfg7,48,0.496281452879466,2.082936760747641,5.550268470924755
BoFireQparEGOWrapper,wfg7,49,0.4975486692248211,4.030459591231651,2.1825481466409853
BoFireQparEGOWrapper,wfg7,50,0.4982856583106809,2.8735790108433963,5.097307679470885
BoFireQparEGOWrapper,wfg7,51,0.4997080854804928,3.2060722750093027,4.470414266826266
BoFireQparEGOWrapper,wfg7,52,0.5006791810115565,3.7491911447396142,3.3194374937282345
BoFireQparEGOWrapper,wfg7,53,0.501130904649038,1.8764524377838672,5.794098688315205
BoFireQparEGOWrapper,wfg7,54,0.5065966551152272,0.2895810947356604,6.019480590828065
BoFireQparEGOWrapper,wfg7,55,0.5162194645397615,2.912044136220622,4.75786039196895
BoFireQparEGOWrapper,wfg7,56,0.5208808782824441,1.5050524955763072,5.946863086295769
BoFireQparEGOWrapper,wfg7,57,0.5284792386652162,1.7053044073400003,5.940227773499983
BoFireQparEGOWrapper,wfg7,58,0.5339358296239329,3.827549839470455,3.0059508159111363
BoFireQparEGOWrapper,wfg7,59,0.5348421305667007,2.615474949653427,5.0976511085401786
BoFireQparEGOWrapper,wfg7,60,0.5403012673276244,3.934469572222259,2.8761812273646594
BoFireQparEGOWrapper,wfg7,61,0.5589465394739106,3.667204240881505,3.376734845156597
BoFireQparEGOWrapper,wfg7,62,0.5614573608662095,3.845053814329593,2.8558893485704697
BoFireQparEGOWrapper,wfg7,63,0.584621005224608,3.422918093725584,3.911260096861505
BoFireQparEGOWrapper,wfg7,64,0.5952460249943852,3.7312888149963737,3.231635336038253
BoFireQparEGOWrapper,wfg7,65,0.5954593085473515,3.251260407922528,4.349816488304536
BoFireQparEGOWrapper,wfg7,66,0.6081733682506874,3.8281863554150704,2.9083893066892936
BoFireQparEGOWrapper,wfg7,67,0.6156601875306849,1.4632421565557945,5.845111668134802
BoFireQparEGOWrapper,wfg7,68,0.617007681833939,0.0695348963274408,5.840363428017479
BoFireQparEGOWrapper,wfg7,69,0.6361995576639548,3.239096128895328,4.101229246977471
BoFireQparEGOWrapper,wfg7,70,0.6485977724922553,2.7706587898093944,4.734748806835954
BoFireQparEGOWrapper,wfg7,71,0.6605698105389883,2.99970484481522,4.479702209456253
BoFireQparEGOWrapper,wfg7,72,0.662532537937203,3.792866433026498,2.6776772901452675
BoFireQparEGOWrapper,wfg7,73,0.6633081553266091,3.976097051064112,0.1241718148394461
BoFireQparEGOWrapper,wfg7,74,0.6775582560978819,3.52914176546558,3.369351953207815
BoFireQparEGOWrapper,wfg7,75,0.6780977584085175,2.97172423525387,4.623949253188892
BoFireQparEGOWrapper,wfg7,76,0.6956221777594395,3.369055239099534,4.069077061103132
BoFireQparEGOWrapper,wfg7,77,0.73553494532308,2.9336370739733333,4.508186010328178
BoFireQparEGOWrapper,wfg7,78,0.7602766131627936,1.8352783454258808,5.795713135384313
BoFireQparEGOWrapper,wfg7,79,0.7614592031819403,3.753664646106138,2.9286720057497893
BoFireQparEGOWrapper,wfg7,80,0.7825393460245111,3.916813527812153,2.1583687792433897
BoFireQparEGOWrapper,wfg7,81,0.8005344118375626,2.75880347492604,4.827512391749655
BoFireQparEGOWrapper,wfg7,82,0.8007978852502644,0.9148790089036872,5.716888754918344
BoFireQparEGOWrapper,wfg7,83,0.8014925981182952,1.606917920165038,5.63261667510013
BoFireQparEGOWrapper,wfg7,84,0.808178157628918,0.1152846796601984,5.743702543829108
BoFireQparEGOWrapper,wfg7,85,0.8128738520674708,3.241396029944091,3.812057599157959
BoFireQparEGOWrapper,wfg7,86,0.8279703596995637,3.503841457869056,3.2060492427334184
BoFireQparEGOWrapper,wfg7,87,0.8360791035817694,3.144209710050764,3.969383834784782
BoFireQparEGOWrapper,wfg7,88,0.8412775715546926,3.465040337687369,3.1985077640898094
BoFireQparEGOWrapper,wfg7,89,0.8416086389374513,3.4186277400393257,3.491940744329895
BoFireQparEGOWrapper,wfg7,90,0.8441902504758114,1.288096664359851,5.710265024452976
BoFireQparEGOWrapper,wfg7,91,0.844974060557884,1.441386862168211,5.643092543286363
BoFireQparEGOWrapper,wfg7,92,0.8493523936699605,3.639787172778991,2.936681921231071
BoFireQparEGOWrapper,wfg7,93,0.8506928725141336,0.8143281358513139,5.696545066889075
BoFireQparEGOWrapper,wfg7,94,0.8572479419364288,2.3316685060567,5.392027202700472
BoFireQparEGOWrapper,wfg7,95,0.8671642823060105,1.9199913758644696,5.308226986048432
BoFireQparEGOWrapper,wfg7,96,0.8715503377968062,1.6819959710976935,5.548372428240556
BoFireQparEGOWrapper,wfg7,97,0.8817692244949714,3.243675746123045,3.7570322052338208
BoFireQparEGOWrapper,wfg7,98,0.8840865291704008,1.5713010608981253,5.486333318235673
BoFireQparEGOWrapper,wfg7,99,0.9186389988145202,3.3803666146665208,3.362757619068057
BoFireQparEGOWrapper,wfg7,100,0.9197091492713846,3.5524420753145547,2.775715254879787
BoFireQparEGOWrapper,wfg7,101,0.9338270203373112,2.181231652071234,5.0267338286093874
BoFireQparEGOWrapper,wfg7,102,0.93554602498456,2.8999806672843285,4.566393853599784
BoFireQparEGOWrapper,wfg7,103,0.9413603218041516,3.074535732426554,4.084502625942808
BoFireQparEGOWrapper,wfg7,104,0.9425937475340646,2.778611400643753,4.391564507210851
BoFireQparEGOWrapper,wfg7,105,0.9459373477266834,3.962504841353785,0.9939565605442908
BoFireQparEGOWrapper,wfg7,106,0.9524810447344942,0.1720621768874158,5.696418928254452
BoFireQparEGOWrapper,wfg7,107,0.9618533389837786,3.897960015928643,0.1997472815373565
BoFireQparEGOWrapper,wfg7,108,0.9941077876203632,2.988313834844681,3.932333981779546
BoFireQparEGOWrapper,wfg7,109,1.0008182479024732,2.7772508034856487,3.786922625712334
BoFireQparEGOWrapper,wfg7,110,1.0010355729932068,2.623908690580831,4.90594276636157
BoFireQparEGOWrapper,wfg7,111,1.014718827236436,0.1368982053772441,5.528083474179335
BoFireQparEGOWrapper,wfg7,112,1.020243694250938,3.8439963178593097,0.1978289875360781
BoFireQparEGOWrapper,wfg7,113,1.0405245710087931,2.494873728476989,4.535862601980544
BoFireQparEGOWrapper,wfg7,114,1.0432236505462336,2.3906630127831723,4.642648142030262
BoFireQparEGOWrapper,wfg7,115,1.0585750732394583,3.725541642711199,2.7231100201227494
BoFireQparEGOWrapper,wfg7,116,1.0756731497241845,3.383725913935781,2.943732279016057
BoFireQparEGOWrapper,wfg7,117,1.0783270962097988,0.1349172805291191,5.425456126156861
BoFireQparEGOWrapper,wfg7,118,1.0802065460472938,3.618233572929465,2.034812166113565
BoFireQparEGOWrapper,wfg7,119,1.0917760021311125,3.834013969432265,0.2271344445075461
BoFireQparEGOWrapper,wfg7,120,1.1082783411379666,3.28521946847685,3.4308899861176547
BoFireQparEGOWrapper,wfg7,121,1.1107084532736355,3.514026773583125,2.654110838140793
BoFireQparEGOWrapper,wfg7,122,1.116785983122578,3.756229732591516,1.5516585761472177
BoFireQparEGOWrapper,wfg7,123,1.1171830062125585,2.979071850573449,3.2435984830900493
BoFireQparEGOWrapper,wfg7,124,1.1296351939072111,1.0236490267495275,5.355526184374422
BoFireQparEGOWrapper,wfg7,125,1.1507181175535568,1.950392316168615,4.873912597292046
BoFireQparEGOWrapper,wfg7,126,1.1563974824067482,0.9909372372604276,5.284964152014205
BoFireQparEGOWrapper,wfg7,127,1.1706457971634217,1.6164684843896853,5.284006543072458
BoFireQparEGOWrapper,wfg7,128,1.174414589006769,2.867894235041364,3.5497109765448505
BoFireQparEGOWrapper,wfg7,129,1.1778820834424923,0.2434414215739055,5.396995723186999
BoFireQparEGOWrapper,wfg7,130,1.1781998261061766,3.5289106963698296,2.426464854447285
BoFireQparEGOWrapper,wfg7,131,1.185168914547342,3.79493310446892,0.5771460535900073
BoFireQparEGOWrapper,wfg7,132,1.1969074667020976,1.917199802489668,4.856662735287829
BoFireQparEGOWrapper,wfg7,133,1.200159556697398,0.2401393212381873,5.361564560087079
BoFireQparEGOWrapper,wfg7,134,1.203309329934258,3.2392800745985486,3.0538899346967336
BoFireQparEGOWrapper,wfg7,135,1.2150175403145391,3.43772060226448,2.640396868581494
BoFireQparEGOWrapper,wfg7,136,1.2261402605275629,3.492222869445716,2.2896279601898897
BoFireQparEGOWrapper,wfg7,137,1.229674244268758,2.219027031383125,4.801317904792735
BoFireQparEGOWrapper,wfg7,138,1.232705578479239,3.54470844245349,2.192538029806844
BoFireQparEGOWrapper,wfg7,139,1.2334604459082947,3.687606181591132,1.2567936485838622
BoFireQparEGOWrapper,wfg7,140,1.2373616547784698,3.7767358015448016,0.2727377130498851
BoFireQparEGOWrapper,wfg7,141,1.2390088823609084,2.03931643398371,4.558368905081223
BoFireQparEGOWrapper,wfg7,142,1.2463323149696235,0.250798374021053,5.209486797857665
BoFireQparEGOWrapper,wfg7,143,1.2465739742085589,2.3776437397882475,4.064740803384344
BoFireQparEGOWrapper,wfg7,144,1.2468951005863715,3.072020761822653,3.012489156208122
BoFireQparEGOWrapper,wfg7,145,1.2470253868102563,2.8374547521537545,3.630350380902328
BoFireQparEGOWrapper,wfg7,146,1.2538144126246868,3.196236082977176,2.5630229660995583
BoFireQparEGOWrapper,wfg7,147,1.2749993141612854,3.27043002774736,2.412836785095701
BoFireQparEGOWrapper,wfg7,148,1.2928175739671233,3.507014185661857,0.956564427045243
BoFireQparEGOWrapper,wfg7,149,1.298714629793756,3.040749196822383,2.7802577287395343
BoFireQparEGOWrapper,wfg7,150,1.3036600349137415,3.64663201383802,0.2485493513095105
BoFireQparEGOWrapper,wfg7,151,1.3107047412009885,2.614837436031177,3.667116201635722
BoFireQparEGOWrapper,wfg7,152,1.3131869324613006,1.5367234718173444,4.846165276805586
BoFireQparEGOWrapper,wfg7,153,1.3245612558557354,0.2116838287588864,5.197015762574796
BoFireQparEGOWrapper,wfg7,154,1.3254111090792944,2.498752194462936,4.044825831703818
BoFireQparEGOWrapper,wfg7,155,1.327950793134363,3.630009965066103,0.6370658680397627
BoFireQparEGOWrapper,wfg7,156,1.3494029312518354,1.445012750549176,4.587857903835342
BoFireQparEGOWrapper,wfg7,157,1.3545572175729164,2.928362110103319,3.3746383702199134
BoFireQparEGOWrapper,wfg7,158,1.3582858117381305,3.4079407055082203,0.1783028397919572
BoFireQparEGOWrapper,wfg7,159,1.3618061572433495,3.178065134863264,1.675907729951819
BoFireQparEGOWrapper,wfg7,160,1.365044771424343,0.1516009863085361,4.893087302202054
BoFireQparEGOWrapper,wfg7,161,1.3679960174540735,3.021474451226337,2.868098330916676
BoFireQparEGOWrapper,wfg7,162,1.3852418761658405,1.645326616328351,4.316564692716252
BoFireQparEGOWrapper,wfg7,163,1.3953111308939872,2.529339065154309,3.281424533664719
BoFireQparEGOWrapper,wfg7,164,1.3983382395332908,2.706215522244092,3.1828547240008893
BoFireQparEGOWrapper,wfg7,165,1.4058371524370146,2.1117519092570785,4.245980311305064
BoFireQparEGOWrapper,wfg7,166,1.4097671471861852,3.0935739708651147,2.5133530809856466
BoFireQparEGOWrapper,wfg7,167,1.4173551520194754,2.847032627326635,2.910856277576394
BoFireQparEGOWrapper,wfg7,168,1.4246405045401975,2.6733349905414308,3.0112439881231023
BoFireQparEGOWrapper,wfg7,169,1.4251789916767317,3.343725619812715,1.5018616140408456
BoFireQparEGOWrapper,wfg7,170,1.4275609312054705,1.3215561315749158,4.323190776241986
BoFireQparEGOWrapper,wfg7,171,1.428478802892862,2.3341643952696725,3.423950759163243
BoFireQparEGOWrapper,wfg7,172,1.4343671547509929,2.136323418739799,3.8615017271006615
BoFireQparEGOWrapper,wfg7,173,1.4556618392884666,2.201040962542059,3.4157566308226026
BoFireQparEGOWrapper,wfg7,174,1.4587127981586216,3.109944697287597,1.8797468522616667
BoFireQparEGOWrapper,wfg7,175,1.4702576285493474,3.179120263651054,0.1589221254952719
BoFireQparEGOWrapper,wfg7,176,1.488066117702887,0.1991995879263133,4.787162928646815
BoFireQparEGOWrapper,wfg7,177,1.4897806935768587,0.1434625883566938,4.580448957054196
BoFireQparEGOWrapper,wfg7,178,1.5037273548783734,2.759380551548839,2.675515174996028
BoFireQparEGOWrapper,wfg7,179,1.5105142799783866,0.2928254811820252,4.335629338359158
BoFireQparEGOWrapper,wfg7,180,1.5261328369242644,2.3622315260051647,2.8752002456494403
BoFireQparEGOWrapper,wfg7,181,1.5285731966499154,2.0993062678750904,3.6212977227660494
BoFireQparEGOWrapper,wfg7,182,1.5387617617249,0.1505383977343168,4.469742378219149
BoFireQparEGOWrapper,wfg7,183,1.5563680854664914,1.7755843595497416,3.472191140232397
BoFireQparEGOWrapper,wfg7,184,1.5599364237015945,1.4394232567709548,4.081548023561297
BoFireQparEGOWrapper,wfg7,185,1.5641138138983304,0.1499095164919871,4.392577998329435
BoFireQparEGOWrapper,wfg7,186,1.5672371047527769,0.1322529161267192,4.311652801940343
BoFireQparEGOWrapper,wfg7,187,1.5756240068961498,1.0809011677439009,4.267467877913383
BoFireQparEGOWrapper,wfg7,188,1.5785552331080406,0.9755797443434406,3.8507291670367874
BoFireQparEGOWrapper,wfg7,189,1.5871322984299785,3.0877612769693936,0.2021177358878909
BoFireQparEGOWrapper,wfg7,190,1.5937886313373486,2.1441002923475216,2.884999434537652
BoFireQparEGOWrapper,wfg7,191,1.5989500256336873,0.2819179002958843,4.109038046778217
BoFireQparEGOWrapper,wfg7,192,1.6051328787871926,0.3105782778157117,3.973105961157971
BoFireQparEGOWrapper,wfg7,193,1.632283323696597,2.516558063870503,2.784170451021119
BoFireQparEGOWrapper,wfg7,194,1.648014766775745,2.036854553434292,3.227922670164023
BoFireQparEGOWrapper,wfg7,195,1.6547223319425783,2.3821058414258154,2.7746437246682536
BoFireQparEGOWrapper,wfg7,196,1.6587887480502803,2.960111343338621,2.1624320720830283
BoFireQparEGOWrapper,wfg7,197,1.669631616319238,2.020101711386849,3.277998321935597
BoFireQparEGOWrapper,wfg7,198,1.6717874983003238,0.1653837204834453,4.112120210751237
BoFireQparEGOWrapper,wfg7,199,1.6800908218032085,2.697125462542173,0.1415154060892982
BoFireQparEGOWrapper,wfg7,200,1.6861956337119317,2.5942840161255223,2.525725546964787
BoFireQparEGOWrapper,wfg7,201,1.6869080602943258,1.5424149361496178,3.620049966574661
BoFireQparEGOWrapper,wfg7,202,1.692134360541039,2.38147400742048,1.836261469606054
BoFireQparEGOWrapper,wfg7,203,1.6952250146501766,0.8907956419973727,3.8670871906666777
BoFireQparEGOWrapper,wfg7,204,1.6987744316964446,0.2624293828958869,4.031126743570662
BoFireQparEGOWrapper,wfg7,205,1.719160236173212,0.2795377090186809,3.7861652858348553
BoFireQparEGOWrapper,wfg7,206,1.7251588180494268,1.6026932756961565,3.5707776394981634
BoFireQparEGOWrapper,wfg7,207,1.750727492511286,1.609356340523872,3.471435744517452
BoFireQparEGOWrapper,wfg7,208,1.7550963854825208,0.1365356032278324,3.661070884271819
BoFireQparEGOWrapper,wfg7,209,1.7609702227560808,2.68789525960481,0.1963467740976633
BoFireQparEGOWrapper,wfg7,210,1.7643353822325396,2.01081028648306,2.9875438181924405
BoFireQparEGOWrapper,wfg7,211,1.7839188630304583,2.646677612378017,0.2012203246311217
BoFireQparEGOWrapper,wfg7,212,1.785692553846243,1.9694969796304795,3.047339846268561
BoFireQparEGOWrapper,wfg7,213,1.7967803376580591,1.4977237883445074,3.653461324735061
BoFireQparEGOWrapper,wfg7,214,1.815457878612496,0.1320211794587662,3.3715223632031948
BoFireQparEGOWrapper,wfg7,215,1.8237046180512675,0.136822593086333,3.360153371125072
BoFireQparEGOWrapper,wfg7,216,1.8373781402433096,2.2692199103239297,2.861926297978404
BoFireQparEGOWrapper,wfg7,217,1.839459854513448,2.632731330159476,0.2376269277213416
BoFireQparEGOWrapper,wfg7,218,1.841676027170973,2.450640720631026,0.1912765608631607
BoFireQparEGOWrapper,wfg7,219,1.8510396290419864,0.1105519915089348,3.066279491186729
BoFireQparEGOWrapper,wfg7,220,1.865206492686451,2.3934729267105066,0.1945294239691367
BoFireQparEGOWrapper,wfg7,221,1.8942629798915047,2.360393514523468,1.070063418903664
BoFireQparEGOWrapper,wfg7,222,1.906196344990181,1.7051851223981664,3.040640676290984
BoFireQparEGOWrapper,wfg7,223,1.9145300682144664,2.347078267052893,2.232304908217327
BoFireQparEGOWrapper,wfg7,224,1.9327238392832,2.311354305162429,0.2260183811086747
BoFireQparEGOWrapper,wfg7,225,1.9372755654016336,1.068108853749707,3.0531782155602407
BoFireQparEGOWrapper,wfg7,226,1.938093972226492,2.053982212844168,0.173017950841742
BoFireQparEGOWrapper,wfg7,227,1.948537105072044,1.108577263696528,2.9440350453636484
BoFireQparEGOWrapper,wfg7,228,1.949382426282692,2.0063318225904427,1.8798101065194388
BoFireQparEGOWrapper,wfg7,229,1.9584245535799187,1.7647874782137138,2.29415610288586
BoFireQparEGOWrapper,wfg7,230,1.9594687646057725,1.6495901072189278,2.645239340316192
BoFireQparEGOWrapper,wfg7,231,1.966814660633466,1.569995573533942,2.3772259708884973
BoFireQparEGOWrapper,wfg7,232,1.9689552153379968,0.2948631564229101,3.041521796722898
BoFireQparEGOWrapper,wfg7,233,1.9701353769496328,0.536387813226707,2.8521420753826683
BoFireQparEGOWrapper,wfg7,234,1.975345718192507,0.1554412766204538,2.643719880779725
BoFireQparEGOWrapper,wfg7,235,1.9850726291979577,1.867743556322269,2.016795387221275
BoFireQparEGOWrapper,wfg7,236,2.00057472878837,0.966276390609714,2.3367961275817537
BoFireQparEGOWrapper,wfg7,237,2.0019308485661247,0.1589412779590721,2.4892856696108043
BoFireQparEGOWrapper,wfg7,238,2.009702193794052,1.8595035025789817,1.0062321348298546
BoFireQparEGOWrapper,wfg7,239,2.0163895644578003,1.772308692400355,0.1813852911991302
BoFireQparEGOWrapper,wfg7,240,2.018181211430579,1.734797165434059,0.1762450493091453
BoFireQparEGOWrapper,wfg7,241,2.0808247744844763,0.1293868155704261,1.4435439723002723
BoFireQparEGOWrapper,wfg7,242,2.0906061119878663,1.6634134242381378,1.3872742374892333
BoFireQparEGOWrapper,wfg7,243,2.1169469466980604,1.4045959709398332,0.2561886538017963
BoFireQparEGOWrapper,wfg7,244,2.127093563831083,0.2053051393612855,0.1274722223621912
BoFireQparEGOWrapper,wfg9,0,0.0719138050443907,4.005342025763948,
BoFireQparEGOWrapper,wfg9,1,0.1710176321787161,4.002785207575075,
BoFireQparEGOWrapper,wfg9,2,0.1896287984033191,4.002673635278902,
BoFireQparEGOWrapper,wfg9,3,0.2034467716412429,4.001473947287492,
BoFireQparEGOWrapper,wfg9,4,0.242160216475717,3.991780455658871,
BoFireQparEGOWrapper,wfg9,5,0.2508541624209702,3.982576245397888,
BoFireQparEGOWrapper,wfg9,6,0.2884203968057072,3.976480871456845,
BoFireQparEGOWrapper,wfg9,7,0.2975250156692731,3.970390729268124,
BoFireQparEGOWrapper,wfg9,8,0.3391427074244248,3.9670086901703714,
BoFireQparEGOWrapper,wfg9,9,0.3455368380714908,3.9547374858352433,
BoFireQparEGOWrapper,wfg9,10,0.3775416653280249,3.9489364546894974,
BoFireQparEGOWrapper,wfg9,11,0.3998133980113627,3.93773899361864,
BoFireQparEGOWrapper,wfg9,12,0.4204462753211618,3.9331704536399656,
BoFireQparEGOWrapper,wfg9,13,0.4497904446785605,3.922775596178155,
BoFireQparEGOWrapper,wfg9,14,0.4696885011116852,3.908405946636844,
BoFireQparEGOWrapper,wfg9,15,0.4814009485726118,3.900974150097973,
BoFireQparEGOWrapper,wfg9,16,0.490214967918181,3.89971451499149,
BoFireQparEGOWrapper,wfg9,17,0.5034294259759905,3.8944736809412985,
BoFireQparEGOWrapper,wfg9,18,0.5496094930920576,3.884544262150263,
BoFireQparEGOWrapper,wfg9,19,0.5591416472353616,3.8792553472143294,
BoFireQparEGOWrapper,wfg9,20,0.5609332498776469,3.866703180057047,
BoFireQparEGOWrapper,wfg9,21,0.5675851404127743,3.850815424958015,
BoFireQparEGOWrapper,wfg9,22,0.6051846260299788,3.84901745659392,
BoFireQparEGOWrapper,wfg9,23,0.6103756094206017,3.8313647015628174,
BoFireQparEGOWrapper,wfg9,24,0.6176998819495909,3.818051231612563,
BoFireQparEGOWrapper,wfg9,25,0.6522051178953496,3.794945622050853,
BoFireQparEGOWrapper,wfg9,26,0.7146752446608129,3.7753534761312975,
BoFireQparEGOWrapper,wfg9,27,0.7400081459283832,3.772443568043778,
BoFireQparEGOWrapper,wfg9,28,0.7415524920173311,3.763653244523133,
BoFireQparEGOWrapper,wfg9,29,0.7532634021729101,3.750362552668333,
BoFireQparEGOWrapper,wfg9,30,0.7573009646038564,3.741420804949783,
BoFireQparEGOWrapper,wfg9,31,0.7760155931299844,3.7132484595528985,
BoFireQparEGOWrapper,wfg9,32,0.7789230088579504,3.7050332623936737,
BoFireQparEGOWrapper,wfg9,33,0.793716139308275,3.692894701611226,
BoFireQparEGOWrapper,wfg9,34,0.7955306917647031,3.681990514436294,
BoFireQparEGOWrapper,wfg9,35,0.8213968162148941,3.662121320135153,
BoFireQparEGOWrapper,wfg9,36,0.8593238131639632,3.644064417369079,
BoFireQparEGOWrapper,wfg9,37,0.8731897064779399,3.63373056571707,
BoFireQparEGOWrapper,wfg9,38,0.8882525407180354,3.6114744293461984,
BoFireQparEGOWrapper,wfg9,39,0.8903823429013932,3.596212193071461,
BoFireQparEGOWrapper,wfg9,40,0.9088549726096516,3.589264669298901,
BoFireQparEGOWrapper,wfg9,41,0.945244073291432,3.5876623079730754,
BoFireQparEGOWrapper,wfg9,42,0.9737867958741164,3.5567117711937906,
BoFireQparEGOWrapper,wfg9,43,0.9838676335691302,3.516535196027366,
BoFireQparEGOWrapper,wfg9,44,1.0014970681397903,3.514264675005797,
BoFireQparEGOWrapper,wfg9,45,1.0025178078001549,3.480086847204231,
BoFireQparEGOWrapper,wfg9,46,1.03754577221549,3.470669496286676,
BoFireQparEGOWrapper,wfg9,47,1.045772686422095,3.444514011943541,
BoFireQparEGOWrapper,wfg9,48,1.054279624749466,3.440725242773203,
BoFireQparEGOWrapper,wfg9,49,1.058521699092286,3.4295347893538737,
BoFireQparEGOWrapper,wfg9,50,1.0716836159576124,3.422337854595088,
BoFireQparEGOWrapper,wfg9,51,1.087783752504184,3.403353638052556,
BoFireQparEGOWrapper,wfg9,52,1.1000802469432167,3.3767277444030697,
BoFireQparEGOWrapper,wfg9,53,1.1034084001056683,3.3543901261307623,
BoFireQparEGOWrapper,wfg9,54,1.123661159961136,3.350067646999789,
BoFireQparEGOWrapper,wfg9,55,1.1434723334926542,3.3006720999993338,
BoFireQparEGOWrapper,wfg9,56,1.1974571066545532,3.2571898426377737,
BoFireQparEGOWrapper,wfg9,57,1.2078365314990374,3.218491041491901,
BoFireQparEGOWrapper,wfg9,58,1.2165487235685744,3.2067213996416526,
BoFireQparEGOWrapper,wfg9,59,1.2177969623537,3.195415903465208,
BoFireQparEGOWrapper,wfg9,60,1.237283932884904,3.1930529166346866,
BoFireQparEGOWrapper,wfg9,61,1.2475161105200656,3.159846482990025,
BoFireQparEGOWrapper,wfg9,62,1.2484105276971629,3.159517318156789,
BoFireQparEGOWrapper,wfg9,63,1.2501305040019048,3.1359660631346444,
BoFireQparEGOWrapper,wfg9,64,1.2825790052737498,3.101627502270329,
BoFireQparEGOWrapper,wfg9,65,1.3025891961293985,3.095169022107168,
BoFireQparEGOWrapper,wfg9,66,1.3115757589669672,3.074307209174474,
BoFireQparEGOWrapper,wfg9,67,1.3175365282564702,3.0497444486733847,
BoFireQparEGOWrapper,wfg9,68,1.3315621347524604,3.038787454031902,
BoFireQparEGOWrapper,wfg9,69,1.347345095808324,3.0124463444898897,
BoFireQparEGOWrapper,wfg9,70,1.352249894102789,2.9780504490820223,
BoFireQparEGOWrapper,wfg9,71,1.3652909026014686,2.9483465790402783,
BoFireQparEGOWrapper,wfg9,72,1.3797932453491626,2.9352148100640663,
BoFireQparEGOWrapper,wfg9,73,1.4026204083308689,2.876151870886772,
BoFireQparEGOWrapper,wfg9,74,1.4169710687905728,2.865192922277575,
BoFireQparEGOWrapper,wfg9,75,1.4401152398445372,2.8311727812159897,
BoFireQparEGOWrapper,wfg9,76,1.465535452328329,2.792351196983,
BoFireQparEGOWrapper,wfg9,77,1.466157961661825,2.7836139836715685,
BoFireQparEGOWrapper,wfg9,78,1.473076425124217,2.759187764976208,
BoFireQparEGOWrapper,wfg9,79,1.4742580554767406,2.7338863457975755,
BoFireQparEGOWrapper,wfg9,80,1.4828450059066831,2.7266959926749808,
BoFireQparEGOWrapper,wfg9,81,1.4856454200622913,2.725324491892254,
BoFireQparEGOWrapper,wfg9,82,1.5014531809496412,2.676470817173827,
BoFireQparEGOWrapper,wfg9,83,1.52106796636512,2.652584898275648,
BoFireQparEGOWrapper,wfg9,84,1.5215963971560007,2.6473595987439533,
BoFireQparEGOWrapper,wfg9,85,1.5237793274204747,2.6299746738321,
BoFireQparEGOWrapper,wfg9,86,1.5331143294039644,2.619635270192242,
BoFireQparEGOWrapper,wfg9,87,1.538277755564102,2.60551363689029,
BoFireQparEGOWrapper,wfg9,88,1.552348613802695,2.5804798772263493,
BoFireQparEGOWrapper,wfg9,89,1.5565125360551375,2.548568912236368,
BoFireQparEGOWrapper,wfg9,90,1.5732938561598449,2.535866591658189,
BoFireQparEGOWrapper,wfg9,91,1.577897660086552,2.4847772505198606,
BoFireQparEGOWrapper,wfg9,92,1.5915432548232074,2.483309349967384,
BoFireQparEGOWrapper,wfg9,93,1.5928411323763845,2.465866058571564,
BoFireQparEGOWrapper,wfg9,94,1.6044551580031647,2.419223864541565,
BoFireQparEGOWrapper,wfg9,95,1.605137777274911,2.39529996951882,
BoFireQparEGOWrapper,wfg9,96,1.623316527125498,2.392152176495717,
BoFireQparEGOWrapper,wfg9,97,1.629170185518868,2.3593599229242894,
BoFireQparEGOWrapper,wfg9,98,1.6378858936262413,2.344911541462086,
BoFireQparEGOWrapper,wfg9,99,1.6397453516276104,2.336633007862644,
BoFireQparEGOWrapper,wfg9,100,1.6442602451892157,2.3324060127014783,
BoFireQparEGOWrapper,wfg9,101,1.666151763584311,2.3310247657235035,
BoFireQparEGOWrapper,wfg9,102,1.6692182007412482,2.2857543761746832,
BoFireQparEGOWrapper,wfg9,103,1.6695623115476432,2.270464876460404,
BoFireQparEGOWrapper,wfg9,104,1.6742939776942456,2.230264110443464,
BoFireQparEGOWrapper,wfg9,105,1.685133946433679,2.225070999938588,
BoFireQparEGOWrapper,wfg9,106,1.6904025658827688,2.177488697108279,
BoFireQparEGOWrapper,wfg9,107,1.6951592759027168,2.155413680133817,
BoFireQparEGOWrapper,wfg9,108,1.7118772268647713,2.1294626671182098,
BoFireQparEGOWrapper,wfg9,109,1.718510462718779,2.110375798705902,
BoFireQparEGOWrapper,wfg9,110,1.7244673206843963,2.054375540901618,
BoFireQparEGOWrapper,wfg9,111,1.7486289730374502,2.0482911625066493,
BoFireQparEGOWrapper,wfg9,112,1.7508359530085162,2.017281849632273,
BoFireQparEGOWrapper,wfg9,113,1.7540536267625215,1.9579548810991203,
BoFireQparEGOWrapper,wfg9,114,1.7631304630256246,1.951376505724512,
BoFireQparEGOWrapper,wfg9,115,1.7648994832492193,1.9277746418476696,
BoFireQparEGOWrapper,wfg9,116,1.7874834109468596,1.87191169252864,
BoFireQparEGOWrapper,wfg9,117,1.7954735271411897,1.7817873320651387,
BoFireQparEGOWrapper,wfg9,118,1.802439612215749,1.7572974043210652,
BoFireQparEGOWrapper,wfg9,119,1.818989452177576,1.7016151218455031,
BoFireQparEGOWrapper,wfg9,120,1.8218284584362865,1.6805091455181609,
BoFireQparEGOWrapper,wfg9,121,1.8253075091295785,1.6717289281368812,
BoFireQparEGOWrapper,wfg9,122,1.85035009681074,1.64837209809916,
BoFireQparEGOWrapper,wfg9,123,1.8522037351977148,1.6056491298768272,
BoFireQparEGOWrapper,wfg9,124,1.8547024968781536,1.564597454922478,
BoFireQparEGOWrapper,wfg9,125,1.8591817511130724,1.554899474589374,
BoFireQparEGOWrapper,wfg9,126,1.8624473131898445,1.50116463733044,
BoFireQparEGOWrapper,wfg9,127,1.873636937856872,1.4887028620888263,
BoFireQparEGOWrapper,wfg9,128,1.879483550345808,1.3782056532199347,
BoFireQparEGOWrapper,wfg9,129,1.897378527405152,1.3501731905553844,
BoFireQparEGOWrapper,wfg9,130,1.9026439075169457,1.3252348234936613,
BoFireQparEGOWrapper,wfg9,131,1.9091339063635644,1.29101055129549,
BoFireQparEGOWrapper,wfg9,132,1.911877340820709,1.2635182594981746,
BoFireQparEGOWrapper,wfg9,133,1.9151948166786248,1.2106145142601297,
BoFireQparEGOWrapper,wfg9,134,1.9197489512667656,1.1888072275498167,
BoFireQparEGOWrapper,wfg9,135,1.9241928755435125,1.1254216616034407,
BoFireQparEGOWrapper,wfg9,136,1.93026334238536,1.0998796167806877,
BoFireQparEGOWrapper,wfg9,137,1.9305932614045949,1.0950215175305402,
BoFireQparEGOWrapper,wfg9,138,1.9452291495163667,1.066540936192121,
BoFireQparEGOWrapper,wfg9,139,1.9492346982040285,1.0341678032001522,
BoFireQparEGOWrapper,wfg9,140,1.9601236745494723,1.0281013595298836,
BoFireQparEGOWrapper,wfg9,141,1.9620802443723528,0.9768157880879706,
BoFireQparEGOWrapper,wfg9,142,1.962235051135338,0.9494965647728172,
BoFireQparEGOWrapper,wfg9,143,1.9637789106160064,0.8906360311905225,
BoFireQparEGOWrapper,wfg9,144,1.9639650452963429,0.8106102606590359,
BoFireQparEGOWrapper,wfg9,145,1.970626539406862,0.7862932770796521,
BoFireQparEGOWrapper,wfg9,146,1.977234576133294,0.7619983278072606,
BoFireQparEGOWrapper,wfg9,147,1.9777253380901807,0.745248109144227,
BoFireQparEGOWrapper,wfg9,148,1.979951272733164,0.7063385319423156,
BoFireQparEGOWrapper,wfg9,149,1.98329040365234,0.7061498505053352,
BoFireQparEGOWrapper,wfg9,150,1.984507065834692,0.589556553482849,
BoFireQparEGOWrapper,wfg9,151,1.9892600274136183,0.5567264600759884,
BoFireQparEGOWrapper,wfg9,152,2.001138444107965,0.4275059989515249,
BoFireQparEGOWrapper,wfg9,153,2.019488940445775,0.3672910658326629,
BoFireQparEGOWrapper,wfg9,154,2.055846628939837,0.3513241263972576,
BoFireQparEGOWrapper,wfg9,155,2.058649136922368,0.3375715831660976,
BoFireQparEGOWrapper,zdt1,0,0.0,1.0,
BoFireQparEGOWrapper,zdt1,1,0.0,1.0,
BoFireQparEGOWrapper,zdt1,2,0.0840384977531358,0.7312849411924427,
BoFireQparEGOWrapper,zdt1,3,0.0879914893540685,0.7101257549394416,
BoFireQparEGOWrapper,zdt1,4,0.2556472269131623,0.4945708804128315,
BoFireQparEGOWrapper,zdt2,0,0.0,1.1220301949187796,
BoFireQparEGOWrapper,zdt3,0,0.0,1.6845684356199648,
BoFireQparEGOWrapper,zdt3,1,0.0593773153029079,1.0832336996339014,
BoFireQparEGOWrapper,zdt3,2,0.1142950855354783,0.9498377991663788,
BoFireQparEGOWrapper,zdt3,3,0.2469046921565585,0.7625757696280769,
BoFireQparEGOWrapper,zdt3,4,0.4464228915130315,0.6575811847303148,
BoFireQparEGOWrapper,zdt3,5,0.4583683278860117,0.0955807681669622,
BoFireQparEGOWrapper,zdt3,6,0.8439301217700695,-0.1274493309195019,
BoFireQparEGOWrapper,zdt3,7,0.8521946595432038,-0.3391236185886647,
BoFireQparEGOWrapper,zdt4,0,0.0,47.2214855989362,
BoFireQparEGOWrapper,zdt4,1,0.0498865903050909,41.15845224173568,
BoFireQparEGOWrapper,zdt6,0,0.2807753249428922,7.725467704132933,
BoFireQparEGOWrapper,zdt6,1,0.2807754131122133,0.921165167391666,
BoFireQparEGOWrapper,zdt6,2,0.2807782870486971,0.9211635535219994,
BoFireQparEGOWrapper,zdt6,3,0.3107978779645937,0.9034046790527056,
BoFireQparEGOWrapper,zdt6,4,0.9999741013460408,5.179663717835847e-05,
BoFireQparEGOWrapper,zdt6,5,1.0,0.0,
BoFireQparEGOWrapper,zdt6,6,1.0,0.0,
BoFireQparEGOWrapper,zdt6,7,1.0,0.0,
BoFireQparEGOWrapper,zdt6,8,1.0,0.0,
BoFireQparEGOWrapper,zdt6,9,1.0,0.0,
IOCSAMOCOBRAWrapper,dtlz1,0,0.0023285252429026,0.0870655714614467,144.6942439874658
IOCSAMOCOBRAWrapper,dtlz1,1,0.0215762041095405,2.216658968376523,109.61670915362356
IOCSAMOCOBRAWrapper,dtlz1,2,0.0286184490567654,0.0029107736946515,125.67039348136002
IOCSAMOCOBRAWrapper,dtlz1,3,0.0377349999373323,0.1220362743636443,85.76204011947733
IOCSAMOCOBRAWrapper,dtlz1,4,0.0701036730456099,0.0184855050629721,99.92155176371452
IOCSAMOCOBRAWrapper,dtlz1,5,0.1435840573808169,45.26185383489575,5.255027510964733
IOCSAMOCOBRAWrapper,dtlz1,6,0.2586278984518902,4.776678184880008,19.94809860664095
IOCSAMOCOBRAWrapper,dtlz1,7,0.2599401690074952,0.2504274912157789,38.60669707220686
IOCSAMOCOBRAWrapper,dtlz1,8,0.4252172351244239,0.0136146387368387,57.79638583246115
IOCSAMOCOBRAWrapper,dtlz1,9,0.5951623942610831,0.0009195913764673,64.43497897933608
IOCSAMOCOBRAWrapper,dtlz1,10,0.7574922016797963,3.7228441153954086,20.23565156318053
IOCSAMOCOBRAWrapper,dtlz1,11,0.8723545261994592,0.6196952372227938,24.732925824272417
IOCSAMOCOBRAWrapper,dtlz1,12,0.9352494045178062,7.445846678487646,8.718593090709785
IOCSAMOCOBRAWrapper,dtlz1,13,1.3741837730422308,7.414846763027486,11.769719781037304
IOCSAMOCOBRAWrapper,dtlz1,14,1.6754604665686077,24.474778176601745,1.5379335314665428
IOCSAMOCOBRAWrapper,dtlz1,15,1.766084705724232,3.1837396311859054,15.27728210840605
IOCSAMOCOBRAWrapper,dtlz1,16,1.8846614133288129,0.502032193370866,5.277340438477036
IOCSAMOCOBRAWrapper,dtlz1,17,1.90733815083584,0.1434990793259847,28.982840386360856
IOCSAMOCOBRAWrapper,dtlz1,18,2.0367123094592494,0.0599015421263684,54.727410143184
IOCSAMOCOBRAWrapper,dtlz1,19,2.054643122673067,0.0594551715914712,48.51159033949173
IOCSAMOCOBRAWrapper,dtlz1,20,2.535709295604352,9.900356324757198,0.323262420707356
IOCSAMOCOBRAWrapper,dtlz1,21,3.020485396078428,101.1322077838284,0.0781052692116124
IOCSAMOCOBRAWrapper,dtlz1,22,5.430164676493555,0.4214003195863573,18.053656326908367
IOCSAMOCOBRAWrapper,dtlz1,23,10.522827807157556,2.6554997319717377,1.0883590686308129
IOCSAMOCOBRAWrapper,dtlz1,24,14.379382113476046,79.61729490555484,0.2938707831674127
IOCSAMOCOBRAWrapper,dtlz1,25,20.3001022110876,5.169846038472272,1.058318529137626
IOCSAMOCOBRAWrapper,dtlz1,26,34.8536570535905,2.386991492888871,2.2977064705908536
IOCSAMOCOBRAWrapper,dtlz1,27,36.53209546880821,46.9657216132286,0.0837068834837376
IOCSAMOCOBRAWrapper,dtlz1,28,42.30448494286467,0.0049580322409798,27.389151436680216
IOCSAMOCOBRAWrapper,dtlz1,29,46.18893796033895,0.3512728542352223,23.13864213935898
IOCSAMOCOBRAWrapper,dtlz1,30,85.30623727505204,0.2172785535764385,6.608202522045074
IOCSAMOCOBRAWrapper,dtlz1,31,87.23649857435699,5.100294187411683,0.814799732856504
IOCSAMOCOBRAWrapper,dtlz1,32,131.4680653427339,2.3032839863875987,1.7789721525638151
IOCSAMOCOBRAWrapper,dtlz2,0,0.0001771388360666,0.1603662239615161,2.777962782620237
IOCSAMOCOBRAWrapper,dtlz2,1,0.0011382811807146,0.0005722161710052,2.6913271281806304
IOCSAMOCOBRAWrapper,dtlz2,2,0.0011581895160021,0.2202639317806502,2.633722279458592
IOCSAMOCOBRAWrapper,dtlz2,3,0.0012463647196568,1.808781499439583,2.258517714508532
IOCSAMOCOBRAWrapper,dtlz2,4,0.0016851863493326,0.0360687728129372,2.488450360664263
IOCSAMOCOBRAWrapper,dtlz2,5,0.001900501866488,0.1821538192364413,2.210654168058084
IOCSAMOCOBRAWrapper,dtlz2,6,0.0020808673068399,0.0070298695069874,2.271157508200676
IOCSAMOCOBRAWrapper,dtlz2,7,0.002498145725592,0.0219917971858348,1.8998889118046287
IOCSAMOCOBRAWrapper,dtlz2,8,0.0027886578063756,0.0006808137599298,2.21204970064319
IOCSAMOCOBRAWrapper,dtlz2,9,0.0036074037000803,2.569800851149883,1.8430896413484528
IOCSAMOCOBRAWrapper,dtlz2,10,0.0047649263738229,1.603912492551386,1.1393279011037878
IOCSAMOCOBRAWrapper,dtlz2,11,0.009512133274362,0.1780320367301098,1.833157325973056
IOCSAMOCOBRAWrapper,dtlz2,12,0.0110436530744258,1.542015995113295,1.790456648658895
IOCSAMOCOBRAWrapper,dtlz2,13,0.011892293289338,0.125837608438266,1.6928054640397956
IOCSAMOCOBRAWrapper,dtlz2,14,0.0150594816636661,0.0006648694077128,2.59894372047415
IOCSAMOCOBRAWrapper,dtlz2,15,0.0196627797438182,1.8175646914679529,1.1347119340504197
IOCSAMOCOBRAWrapper,dtlz2,16,0.0203197677889939,2.240251571345522,0.4437947013675198
IOCSAMOCOBRAWrapper,dtlz2,17,0.0277219354146988,0.0409708055233314,1.394445395481076
IOCSAMOCOBRAWrapper,dtlz2,18,0.0283652589263293,2.0424678078650733,0.7051565019665021
IOCSAMOCOBRAWrapper,dtlz2,19,0.0484509698092067,2.1410006037319755,0.4299660018820916
IOCSAMOCOBRAWrapper,dtlz2,20,0.0499332911707942,0.0091309829946336,1.713828223662184
IOCSAMOCOBRAWrapper,dtlz2,21,0.0515060034763702,1.926207666998164,0.9016538416193012
IOCSAMOCOBRAWrapper,dtlz2,22,0.0542099033251145,1.5634075802283718,1.0253856467736129
IOCSAMOCOBRAWrapper,dtlz2,23,0.0639934810931045,1.1570401471263103,0.9651257557967662
IOCSAMOCOBRAWrapper,dtlz2,24,0.0683357755176641,1.8221629290208368,0.4170277110696507
IOCSAMOCOBRAWrapper,dtlz2,25,0.0888282385381631,2.9159845578710564,0.1369521704850488
IOCSAMOCOBRAWrapper,dtlz2,26,0.1330375977127731,2.458429144881449,0.2515048510452408
IOCSAMOCOBRAWrapper,dtlz2,27,0.1343360957708388,2.445762478241707,0.4097642933091023
IOCSAMOCOBRAWrapper,dtlz2,28,0.1420135677335504,2.477939320973925,0.2196371770816715
IOCSAMOCOBRAWrapper,dtlz2,29,0.1513539474036342,2.4166715305890403,0.00230507044798
IOCSAMOCOBRAWrapper,dtlz2,30,0.206019542111403,1.7931769027281326,0.1636698444569693
IOCSAMOCOBRAWrapper,dtlz2,31,0.2407860736008893,1.7285600511672088,0.8113883759072381
IOCSAMOCOBRAWrapper,dtlz2,32,0.3392360989473888,2.127625192607514,0.0321765209570067
IOCSAMOCOBRAWrapper,dtlz2,33,0.3524334383030326,2.37496742695904,0.0260250633055984
IOCSAMOCOBRAWrapper,dtlz2,34,0.4133166119348177,0.9882941691828572,1.3546837196126744
IOCSAMOCOBRAWrapper,dtlz2,35,0.5130931202124165,1.404851249070369,0.4227085857559475
IOCSAMOCOBRAWrapper,dtlz2,36,0.6446844775877638,1.598826246693674,0.2466316625929836
IOCSAMOCOBRAWrapper,dtlz2,37,0.6552446369829047,2.2779607340311947,0.006527590088252
IOCSAMOCOBRAWrapper,dtlz2,38,0.7878306646937703,2.0861067091207284,0.0722379682872461
IOCSAMOCOBRAWrapper,dtlz2,39,0.8349168189018384,1.850934836848665,0.1058936962586035
IOCSAMOCOBRAWrapper,dtlz2,40,0.8411018036464295,1.959977415228704,0.0790817574718038
IOCSAMOCOBRAWrapper,dtlz2,41,0.8913759718800496,1.5973898210724835,0.0825433048056878
IOCSAMOCOBRAWrapper,dtlz2,42,0.988162397916739,2.2594403953736246,0.029974541650339
IOCSAMOCOBRAWrapper,dtlz2,43,1.0173134249108595,1.847265478433049,0.063255409229525
IOCSAMOCOBRAWrapper,dtlz2,44,1.0396368198920585,2.0196830054335884,0.0222551801632239
IOCSAMOCOBRAWrapper,dtlz2,45,1.0703660867718463,1.0918098890849228,1.2677450410684432
IOCSAMOCOBRAWrapper,dtlz2,46,1.0728642904397288,1.1800331698811404,0.764053280875022
IOCSAMOCOBRAWrapper,dtlz2,47,1.076743049095964,1.2759171845186676,0.0729765872914849
IOCSAMOCOBRAWrapper,dtlz2,48,1.0993596980644451,0.0018115965382568,2.2107855644578107
IOCSAMOCOBRAWrapper,dtlz2,49,1.1515199867726498,0.879203761463006,0.9511657827673832
IOCSAMOCOBRAWrapper,dtlz2,50,1.193044923970212,0.5431557947700966,1.118070300513283
IOCSAMOCOBRAWrapper,dtlz2,51,1.1935199045541791,0.0442523453858895,1.311032540262512
IOCSAMOCOBRAWrapper,dtlz2,52,1.221021313436774,0.844938841311421,1.1063459863755936
IOCSAMOCOBRAWrapper,dtlz2,53,1.257105493571685,1.966661122381784,0.0490859302121951
IOCSAMOCOBRAWrapper,dtlz2,54,1.2910973920923574,1.121674031572765,0.8457735258338862
IOCSAMOCOBRAWrapper,dtlz2,55,1.3105029622423914,0.0795748859159132,1.1666894093096356
IOCSAMOCOBRAWrapper,dtlz2,56,1.3658834111046756,1.937544332011933,0.0505821976720485
IOCSAMOCOBRAWrapper,dtlz2,57,1.4014257637202363,1.580048282552033,0.0109901324829863
IOCSAMOCOBRAWrapper,dtlz2,58,1.4092087956188242,0.306714872554824,0.3407989958320455
IOCSAMOCOBRAWrapper,dtlz2,59,1.5082505194017464,1.180710274979604,0.1588369490650185
IOCSAMOCOBRAWrapper,dtlz2,60,1.53179717853676,0.1543234197589554,0.9749814770576006
IOCSAMOCOBRAWrapper,dtlz2,61,1.6210053719154247,0.7549038681156931,0.0219125756130437
IOCSAMOCOBRAWrapper,dtlz2,62,1.643802656754804,0.192132975113152,0.7827534539937563
IOCSAMOCOBRAWrapper,dtlz2,63,1.643802656754804,0.192132975113152,0.7827534539937563
IOCSAMOCOBRAWrapper,dtlz2,64,1.643802656754804,0.192132975113152,0.7827534539937563
IOCSAMOCOBRAWrapper,dtlz2,65,1.643802656754804,0.192132975113152,0.7827534539937563
IOCSAMOCOBRAWrapper,dtlz2,66,1.643802656754804,0.192132975113152,0.7827534539937563
IOCSAMOCOBRAWrapper,dtlz2,67,1.656684722761936,1.4981215394166794,0.0014557366301896
IOCSAMOCOBRAWrapper,dtlz2,68,1.6750588692764423,0.0179783223296208,1.4222826255269327
IOCSAMOCOBRAWrapper,dtlz2,69,1.6995549913678407,0.4983976719092016,0.077760896714693
IOCSAMOCOBRAWrapper,dtlz2,70,1.7522461342836009,0.0087688379750546,1.557713737499915
IOCSAMOCOBRAWrapper,dtlz2,71,1.924633348013458,1.0054161347201416,0.0038581117135919
IOCSAMOCOBRAWrapper,dtlz2,72,1.9328029233358976,0.0443152002178815,1.0679147254995898
IOCSAMOCOBRAWrapper,dtlz2,73,1.938864945181751,0.0436684898903435,1.0971621725176597
IOCSAMOCOBRAWrapper,dtlz2,74,1.959889260673164,0.2772284830191038,0.4852543874694871
IOCSAMOCOBRAWrapper,dtlz2,75,1.988970138909232,0.3119243899367966,0.2579295679435641
IOCSAMOCOBRAWrapper,dtlz2,76,1.9960557038773143,0.2364745502561631,0.0842437868572298
IOCSAMOCOBRAWrapper,dtlz2,77,2.0230742894013205,0.1805811922904907,0.9674406133101772
IOCSAMOCOBRAWrapper,dtlz2,78,2.055896748534918,0.1780804653740908,0.6743891593385768
IOCSAMOCOBRAWrapper,dtlz2,79,2.0670397755214207,0.1439781072170483,1.0245209889221465
IOCSAMOCOBRAWrapper,dtlz2,80,2.1145108792547,0.013023915528582,0.8978692585117264
IOCSAMOCOBRAWrapper,dtlz2,81,2.1457773609893005,0.221156014809533,0.4233409003372861
IOCSAMOCOBRAWrapper,dtlz2,82,2.1664686547462013,0.0750957250504182,0.6954533713136101
IOCSAMOCOBRAWrapper,dtlz2,83,2.2049067378655525,0.0953950747328405,0.2808565820451937
IOCSAMOCOBRAWrapper,dtlz2,84,2.208776802448318,0.009555281320793,0.6255148607068358
IOCSAMOCOBRAWrapper,dtlz2,85,2.2117265684434133,0.1951778544015386,0.145960529016503
IOCSAMOCOBRAWrapper,dtlz2,86,2.215082570099236,0.0050350820426531,0.2170160203881302
IOCSAMOCOBRAWrapper,dtlz2,87,2.2616375065246186,0.0300338657625456,0.0305394612825171
IOCSAMOCOBRAWrapper,dtlz2,88,2.2639456473965405,0.4736528324035862,0.0077913872663817
IOCSAMOCOBRAWrapper,dtlz2,89,2.3192121942549733,0.4559046409878988,0.0029653889808884
IOCSAMOCOBRAWrapper,dtlz2,90,2.474510778900759,0.3790603276807912,0.0256198847235577
IOCSAMOCOBRAWrapper,dtlz4,0,0.0036119162592003,5.757656455064368e-51,1.3802710173104529
IOCSAMOCOBRAWrapper,dtlz4,1,0.0894066478219357,1.2533898442107518,5.571400366191288e-05
IOCSAMOCOBRAWrapper,dtlz4,2,0.0926465182126568,1.4889272740838992e-140,1.4251551054983642
IOCSAMOCOBRAWrapper,dtlz4,3,0.1244015176961053,1.0660397722962435e-41,1.1500011258679186
IOCSAMOCOBRAWrapper,dtlz4,4,0.129942611117197,1.2313274638562142,1.2949016962944675e-26
IOCSAMOCOBRAWrapper,dtlz4,5,0.2897600607672411,1.18784543378569,1.2947069210811977e-18
IOCSAMOCOBRAWrapper,dtlz4,6,0.3174189505920851,0.0065544239273589,1.018618277262474
IOCSAMOCOBRAWrapper,dtlz4,7,0.3250530404426446,1.142214743724704,3.5925459569384347e-94
IOCSAMOCOBRAWrapper,dtlz4,8,0.4495597951432715,1.1165106387795989,2.724582311451413e-99
IOCSAMOCOBRAWrapper,dtlz4,9,0.5522051948111663,9.403112134484868e-51,0.9026972338069508
IOCSAMOCOBRAWrapper,dtlz4,10,0.5823307532430865,1.0416157352219002,1.1793624813744665e-71
IOCSAMOCOBRAWrapper,dtlz4,11,0.6556424697914428,1.0526525105886537e-33,0.7814853457127536
IOCSAMOCOBRAWrapper,dtlz4,12,0.7070102503910056,5.909222853725648e-127,0.8362597898602938
IOCSAMOCOBRAWrapper,dtlz4,13,0.7102361755855265,0.9924449655177588,1.2982675813279512e-45
IOCSAMOCOBRAWrapper,dtlz4,14,0.7845868392578538,0.7540696010981445,2.384883561176499e-33
IOCSAMOCOBRAWrapper,dtlz4,15,0.7896731091577612,7.736920900669012e-12,0.6469240689249841
IOCSAMOCOBRAWrapper,dtlz4,16,0.8151167527784219,0.7774891879851891,1.5520485708221778e-78
IOCSAMOCOBRAWrapper,dtlz4,17,0.8328443623430768,0.9864022140503416,6.054516248103016e-91
IOCSAMOCOBRAWrapper,dtlz4,18,0.9111767473404924,3.0040733898818807e-55,0.7638594854690887
IOCSAMOCOBRAWrapper,dtlz4,19,0.914505639679016,4.323448923673073e-69,0.8305507804189157
IOCSAMOCOBRAWrapper,dtlz4,20,0.937845122614256,0.7235355811507921,1.339311323705134e-11
IOCSAMOCOBRAWrapper,dtlz4,21,0.9442091097356357,2.43383553227766e-51,0.4201889728383409
IOCSAMOCOBRAWrapper,dtlz4,22,0.9935579570740206,0.1884336370722171,8.645207315862123e-30
IOCSAMOCOBRAWrapper,dtlz4,23,0.9977587324834946,0.6220704055100875,9.417056777663557e-31
IOCSAMOCOBRAWrapper,dtlz4,24,1.004222585357859,0.0007170911897506,5.343727189089879e-28
IOCSAMOCOBRAWrapper,dtlz4,25,1.004222585357859,0.0007170911897506,5.343727189089879e-28
IOCSAMOCOBRAWrapper,dtlz4,26,1.004222585357859,0.0007170911897506,5.343727189089879e-28
IOCSAMOCOBRAWrapper,dtlz4,27,1.004222585357859,0.0007170911897506,5.343727189089879e-28
IOCSAMOCOBRAWrapper,dtlz4,28,1.004222585357859,0.0007170911897506,5.343727189089879e-28
IOCSAMOCOBRAWrapper,dtlz4,29,1.0049773332443317,7.306286444513092e-17,1.1935825240713671e-84
IOCSAMOCOBRAWrapper,dtlz4,30,1.006413215035268,2.782390184386554e-144,1.2512240620308128e-95
IOCSAMOCOBRAWrapper,dtlz4,31,1.022557888060275,1.1033058887081025e-15,1.0445322839223556e-107
IOCSAMOCOBRAWrapper,dtlz4,32,1.0270865224369352,1.831843613775951e-58,5.614603624766249e-107
IOCSAMOCOBRAWrapper,dtlz4,33,1.0312812163202794,3.4628681939444986e-159,1.0711671051314842e-95
IOCSAMOCOBRAWrapper,dtlz4,34,1.0336537527019831,1.559157771294537e-62,4.5904854325477245e-99
IOCSAMOCOBRAWrapper,dtlz4,35,1.0363780218218446,7.458075384279509e-55,3.942334546961833e-108
IOCSAMOCOBRAWrapper,dtlz4,36,1.0390168746332122,6.017536291155733e-62,2.3717266619701264e-204
IOCSAMOCOBRAWrapper,dtlz4,37,1.050379297637501,2.7763848292479507e-167,1.2423160987513727e-67
IOCSAMOCOBRAWrapper,dtlz4,38,1.051192428848403,2.87920952552558e-234,6.915089805539055e-16
IOCSAMOCOBRAWrapper,dtlz4,39,1.051970476230626,1.981500435643701e-54,2.384647369332209e-235
IOCSAMOCOBRAWrapper,dtlz4,40,1.0529792284013155,6.0641912457920616e-285,2.8966867006641e-13
IOCSAMOCOBRAWrapper,dtlz4,41,1.0636764886608177,1.1462388584396505e-65,1.863013432218182e-158
IOCSAMOCOBRAWrapper,dtlz4,42,1.0645045153765889,8.007589464687825e-217,1.6960093775949968e-121
IOCSAMOCOBRAWrapper,dtlz4,43,1.0750494451343575,1.2036162251281886e-230,7.5479457400141035e-53
IOCSAMOCOBRAWrapper,dtlz4,44,1.0784938150937688,1.1371354402818612e-74,3.47563494811572e-133
IOCSAMOCOBRAWrapper,dtlz4,45,1.093835931489218,3.24549120019872e-294,1.936732299291004e-07
IOCSAMOCOBRAWrapper,dtlz4,46,1.1435580089504604,6.847409493939127e-117,2.875222799670888e-150
IOCSAMOCOBRAWrapper,dtlz4,47,1.153557086552238,9.34059214909536e-243,4.110844146108938e-55
IOCSAMOCOBRAWrapper,dtlz4,48,1.1681601633539107,2.6663276817037824e-245,1.3820310616985296e-26
IOCSAMOCOBRAWrapper,dtlz4,49,1.1688880395907533,4.6431194267149054e-79,2.2062511640609814e-181
IOCSAMOCOBRAWrapper,dtlz4,50,1.1844663668517226,5.56069263591206e-13,1.0362026133785818e-264
IOCSAMOCOBRAWrapper,dtlz4,51,1.236776018301846,2.481517667107743e-112,1.3762147183989886e-218
IOCSAMOCOBRAWrapper,dtlz4,52,1.2384754237772342,3.6395845230813323e-153,1.1175667962534747e-122
IOCSAMOCOBRAWrapper,dtlz4,53,1.2410099705786706,1.9942040588250765e-243,8.547827402847884e-34
IOCSAMOCOBRAWrapper,dtlz4,54,1.2666476831858382,3.5970840962904875e-21,2.085276891233545e-244
IOCSAMOCOBRAWrapper,dtlz4,55,1.26809190196829,1.1394681967364748e-18,6.795724425675431e-245
IOCSAMOCOBRAWrapper,dtlz4,56,1.2692566061114443,3.0743945081799986e-69,5.583616088444497e-296
IOCSAMOCOBRAWrapper,dtlz4,57,1.2947787682188672,1.7091128458998764e-153,9.241126076239032e-141
IOCSAMOCOBRAWrapper,dtlz4,58,1.3474016123567514,1.2294017557726447e-154,9.569775273776589e-156
IOCSAMOCOBRAWrapper,dtlz4,59,1.356345114599965,2.673830056279332e-275,5.708104679756812e-18
IOCSAMOCOBRAWrapper,dtlz4,60,1.3841482352994836,5.657082728783947e-266,1.6071206355134432e-91
IOCSAMOCOBRAWrapper,dtlz7,0,0.0004805845439412,0.5330187383775619,20.808729548703017
IOCSAMOCOBRAWrapper,dtlz7,1,0.0013498004596503,0.5102999521945485,21.203264073274028
IOCSAMOCOBRAWrapper,dtlz7,2,0.0014947015234249,0.85239134095133,16.64743427653415
IOCSAMOCOBRAWrapper,dtlz7,3,0.002763212824655,0.5877543792369504,18.678235650364137
IOCSAMOCOBRAWrapper,dtlz7,4,0.0029252015702579,0.0050852712079176,17.1905105771264
IOCSAMOCOBRAWrapper,dtlz7,5,0.0062033461401378,0.7576112621631123,17.073172984457944
IOCSAMOCOBRAWrapper,dtlz7,6,0.0154434277872866,0.2529537578388149,16.41150510326598
IOCSAMOCOBRAWrapper,dtlz7,7,0.0183140431068352,0.9269871341052156,16.172449065637213
IOCSAMOCOBRAWrapper,dtlz7,8,0.0286640395406506,0.0785357096446062,16.127351409545593
IOCSAMOCOBRAWrapper,dtlz7,9,0.0291223171252873,0.798960375898573,15.5945033837786
IOCSAMOCOBRAWrapper,dtlz7,10,0.0393991622344011,0.0101984310590559,16.399490439149577
IOCSAMOCOBRAWrapper,dtlz7,11,0.0422235988954097,0.975593152208424,14.529708296941555
IOCSAMOCOBRAWrapper,dtlz7,12,0.0450802032231977,0.7838889130546921,15.70821986865674
IOCSAMOCOBRAWrapper,dtlz7,13,0.0473532284984751,0.8729031153662952,15.431747957697732
IOCSAMOCOBRAWrapper,dtlz7,14,0.0475934461543562,0.2714790412901942,15.705558131515009
IOCSAMOCOBRAWrapper,dtlz7,15,0.0537728657402052,0.6666167528368924,15.385569649846484
IOCSAMOCOBRAWrapper,dtlz7,16,0.0625,0.8888888888888888,12.249102860157889
IOCSAMOCOBRAWrapper,dtlz7,17,0.0625,0.8888888888888888,12.249102860157889
IOCSAMOCOBRAWrapper,dtlz7,18,0.0625,0.8888888888888888,12.249102860157889
IOCSAMOCOBRAWrapper,dtlz7,19,0.0625,0.8888888888888888,12.249102860157889
IOCSAMOCOBRAWrapper,dtlz7,20,0.0625,0.8888888888888888,12.249102860157889
IOCSAMOCOBRAWrapper,dtlz7,21,0.0680733518510744,0.5796407426055703,14.747561094370273
IOCSAMOCOBRAWrapper,dtlz7,22,0.0839491240539964,0.2163461764665316,15.907473052216773
IOCSAMOCOBRAWrapper,dtlz7,23,0.1011640840389804,0.1803753208939713,15.185309245169394
IOCSAMOCOBRAWrapper,dtlz7,24,0.1094287276812425,0.0047072310606129,19.585114226987937
IOCSAMOCOBRAWrapper,dtlz7,25,0.125,0.4444444444444444,11.157172294767417
IOCSAMOCOBRAWrapper,dtlz7,26,0.125,0.4444444444444444,11.157172294767417
IOCSAMOCOBRAWrapper,dtlz7,27,0.125,0.4444444444444444,11.157172294767417
IOCSAMOCOBRAWrapper,dtlz7,28,0.125,0.4444444444444444,11.157172294767417
IOCSAMOCOBRAWrapper,dtlz7,29,0.125,0.4444444444444444,11.157172294767417
IOCSAMOCOBRAWrapper,dtlz7,30,0.1265945651193735,0.2985510892367774,15.074196293146445
IOCSAMOCOBRAWrapper,dtlz7,31,0.1787248560429576,0.3970676530095389,15.047469646155484
IOCSAMOCOBRAWrapper,dtlz7,32,0.1875,0.1481481481481481,15.869170609946451
IOCSAMOCOBRAWrapper,dtlz7,33,0.1875,0.1481481481481481,15.869170609946451
IOCSAMOCOBRAWrapper,dtlz7,34,0.1875,0.1481481481481481,15.869170609946451
IOCSAMOCOBRAWrapper,dtlz7,35,0.1875,0.1481481481481481,15.869170609946451
IOCSAMOCOBRAWrapper,dtlz7,36,0.1875,0.1481481481481481,15.869170609946451
IOCSAMOCOBRAWrapper,dtlz7,37,0.2000622686508606,0.1190929241142523,15.779055278044478
IOCSAMOCOBRAWrapper,dtlz7,38,0.2154612764027674,0.0602384305061137,16.0657128854252
IOCSAMOCOBRAWrapper,dtlz7,39,0.25,0.6666666666666666,7.635157388694708
IOCSAMOCOBRAWrapper,dtlz7,40,0.25,0.6666666666666666,7.635157388694708
IOCSAMOCOBRAWrapper,dtlz7,41,0.25,0.6666666666666666,7.635157388694708
IOCSAMOCOBRAWrapper,dtlz7,42,0.25,0.6666666666666666,7.635157388694708
IOCSAMOCOBRAWrapper,dtlz7,43,0.25,0.6666666666666666,7.635157388694708
IOCSAMOCOBRAWrapper,dtlz7,44,0.257002949189444,0.0004023226064318,18.474590386069007
IOCSAMOCOBRAWrapper,dtlz7,45,0.2824453271137837,0.0188283334528364,14.319143266411135
IOCSAMOCOBRAWrapper,dtlz7,46,0.2893885211917586,0.0017722909931302,16.556510457735488
IOCSAMOCOBRAWrapper,dtlz7,47,0.375,0.2222222222222222,12.099636227158843
IOCSAMOCOBRAWrapper,dtlz7,48,0.375,0.2222222222222222,12.099636227158843
IOCSAMOCOBRAWrapper,dtlz7,49,0.375,0.2222222222222222,12.099636227158843
IOCSAMOCOBRAWrapper,dtlz7,50,0.375,0.2222222222222222,12.099636227158843
IOCSAMOCOBRAWrapper,dtlz7,51,0.375,0.2222222222222222,12.099636227158843
IOCSAMOCOBRAWrapper,dtlz7,52,0.456727109046468,0.1497995233012518,13.870307632694704
IOCSAMOCOBRAWrapper,dtlz7,53,0.5,0.3333333333333333,7.030967041995672
IOCSAMOCOBRAWrapper,dtlz7,54,0.5,0.3333333333333333,7.030967041995672
IOCSAMOCOBRAWrapper,dtlz7,55,0.5,0.3333333333333333,7.030967041995672
IOCSAMOCOBRAWrapper,dtlz7,56,0.5,0.3333333333333333,7.030967041995672
IOCSAMOCOBRAWrapper,dtlz7,57,0.5,0.3333333333333333,7.030967041995672
IOCSAMOCOBRAWrapper,dtlz7,58,0.75,0.1111111111111111,8.605234884121057
IOCSAMOCOBRAWrapper,dtlz7,59,0.75,0.1111111111111111,8.605234884121057
IOCSAMOCOBRAWrapper,dtlz7,60,0.75,0.1111111111111111,8.605234884121057
IOCSAMOCOBRAWrapper,dtlz7,61,0.75,0.1111111111111111,8.605234884121057
IOCSAMOCOBRAWrapper,dtlz7,62,0.75,0.1111111111111111,8.605234884121057
IOCSAMOCOBRAWrapper,dtlz7,63,0.8130737629481047,0.0406186270165794,14.168131568296204
IOCSAMOCOBRAWrapper,dtlz7,64,0.8413809269900352,0.0523963448245051,14.062058638608558
IOCSAMOCOBRAWrapper,dtlz7,65,0.9746634075888484,0.0355253840111537,13.22145127211204
IOCSAMOCOBRAWrapper,dtlz7,66,0.9969102852990168,0.0073463375145423,15.149286013667002
IOCSAMOCOBRAWrapper,wfg4,0,0.3317176299207787,4.076257788219669,
IOCSAMOCOBRAWrapper,wfg4,1,0.3799543942378772,4.049393519248437,
IOCSAMOCOBRAWrapper,wfg4,2,0.5228492408897841,3.957102427845488,
IOCSAMOCOBRAWrapper,wfg4,3,0.5244564450636449,3.943675607908191,
IOCSAMOCOBRAWrapper,wfg4,4,0.5538592870988632,3.9308644258011536,
IOCSAMOCOBRAWrapper,wfg4,5,0.6780838972786952,3.903287683907005,
IOCSAMOCOBRAWrapper,wfg4,6,0.7320582137063674,3.896845482348549,
IOCSAMOCOBRAWrapper,wfg4,7,0.7369581165254324,3.813020177358669,
IOCSAMOCOBRAWrapper,wfg4,8,0.7549035529039984,3.804478289700314,
IOCSAMOCOBRAWrapper,wfg4,9,0.7964963820661627,3.783935818480377,
IOCSAMOCOBRAWrapper,wfg4,10,0.8180742389608122,3.6778245556821534,
IOCSAMOCOBRAWrapper,wfg4,11,0.9132960715673176,3.65338994605196,
IOCSAMOCOBRAWrapper,wfg4,12,0.962971409182101,3.623529006938359,
IOCSAMOCOBRAWrapper,wfg4,13,1.0017574622003425,3.522539485778676,
IOCSAMOCOBRAWrapper,wfg4,14,1.0691368972587392,3.4876597225621366,
IOCSAMOCOBRAWrapper,wfg4,15,1.0865060089419674,3.379430908429683,
IOCSAMOCOBRAWrapper,wfg4,16,1.1888835646347244,3.353195656112141,
IOCSAMOCOBRAWrapper,wfg4,17,1.2485750194842975,3.2507610322850247,
IOCSAMOCOBRAWrapper,wfg4,18,1.273606111482863,3.1741683530238034,
IOCSAMOCOBRAWrapper,wfg4,19,1.301678346954945,3.138838207104873,
IOCSAMOCOBRAWrapper,wfg4,20,1.3445371258969283,2.992932437181541,
IOCSAMOCOBRAWrapper,wfg4,21,1.3971712497051412,2.95735307082322,
IOCSAMOCOBRAWrapper,wfg4,22,1.416480411548517,2.903149067935132,
IOCSAMOCOBRAWrapper,wfg4,23,1.5113833352282104,2.802229230950476,
IOCSAMOCOBRAWrapper,wfg4,24,1.5355419280613924,2.5876407903411764,
IOCSAMOCOBRAWrapper,wfg4,25,1.5585333000587096,2.574838476001742,
IOCSAMOCOBRAWrapper,wfg4,26,1.6920164311803372,2.500498107217353,
IOCSAMOCOBRAWrapper,wfg4,27,1.702800695615405,2.366688862271984,
IOCSAMOCOBRAWrapper,wfg4,28,1.7121725809302055,2.3299251348810324,
IOCSAMOCOBRAWrapper,wfg4,29,1.728161730246409,2.1582947384434688,
IOCSAMOCOBRAWrapper,wfg4,30,1.7459733221533031,2.009392248904339,
IOCSAMOCOBRAWrapper,wfg4,31,1.7902922168762376,1.846278660717899,
IOCSAMOCOBRAWrapper,wfg4,32,1.9392561355284723,1.8284872809139536,
IOCSAMOCOBRAWrapper,wfg4,33,2.0604929029862427,1.5925350928276505,
IOCSAMOCOBRAWrapper,wfg4,34,2.212131737412449,1.4437927210218142,
IOCSAMOCOBRAWrapper,wfg7,0,0.2403576913213593,0.2443175456142101,6.222461225622501
IOCSAMOCOBRAWrapper,wfg7,1,0.3015852458609351,0.3111594138279834,6.208659368197617
IOCSAMOCOBRAWrapper,wfg7,2,0.3275822767142168,4.027583324899458,2.505527148360756
IOCSAMOCOBRAWrapper,wfg7,3,0.3286274624463693,1.0773305423050012,6.204811290008818
IOCSAMOCOBRAWrapper,wfg7,4,0.3481512479661596,1.6481480551891623,6.003687458975846
IOCSAMOCOBRAWrapper,wfg7,5,0.3504322232165978,1.4331888333438318,6.107308922698035
IOCSAMOCOBRAWrapper,wfg7,6,0.3521637860373481,3.988167833301565,2.756098410584356
IOCSAMOCOBRAWrapper,wfg7,7,0.3637357373462309,2.7104716594916183,5.024511050825859
IOCSAMOCOBRAWrapper,wfg7,8,0.3660071593954516,3.567550353012228,3.917139544748701
IOCSAMOCOBRAWrapper,wfg7,9,0.385955993347066,2.925288273537828,5.020783774542047
IOCSAMOCOBRAWrapper,wfg7,10,0.390263091216162,2.1148651433842223,5.8037641061447705
IOCSAMOCOBRAWrapper,wfg7,11,0.3922584079727095,1.8759657454969592,5.921282335575321
IOCSAMOCOBRAWrapper,wfg7,12,0.3932008719129818,2.171817072042227,5.76722526296887
IOCSAMOCOBRAWrapper,wfg7,13,0.3980321046739116,2.4474047495649103,5.550443507247526
IOCSAMOCOBRAWrapper,wfg7,14,0.3991328015852759,1.3794416691837814,6.141122515903983
IOCSAMOCOBRAWrapper,wfg7,15,0.4014411849686198,2.434688289628138,5.5388043607680855
IOCSAMOCOBRAWrapper,wfg7,16,0.4080398320447008,1.1037152523099645,6.190930439058676
IOCSAMOCOBRAWrapper,wfg7,17,0.4081760608746365,1.2097768189147715,6.155499318992607
IOCSAMOCOBRAWrapper,wfg7,18,0.4119557871376242,1.587967581472553,6.088031585798456
IOCSAMOCOBRAWrapper,wfg7,19,0.4135468828066692,2.645187226547563,5.355439220219091
IOCSAMOCOBRAWrapper,wfg7,20,0.4142034737447996,2.1081564387167937,5.697140969042729
IOCSAMOCOBRAWrapper,wfg7,21,0.4211878752137179,4.113404271370248,1.7331275186183672
IOCSAMOCOBRAWrapper,wfg7,22,0.4235059620365767,2.5636162418136146,5.434642553796011
IOCSAMOCOBRAWrapper,wfg7,23,0.4247243154887608,3.202315498797264,4.645944323664931
IOCSAMOCOBRAWrapper,wfg7,24,0.4247521669841025,2.0885555651549645,5.877841155055907
IOCSAMOCOBRAWrapper,wfg7,25,0.4312914031380508,0.264186467243017,6.1403291332256345
IOCSAMOCOBRAWrapper,wfg7,26,0.4356543806184611,3.935854030647114,3.294520109261985
IOCSAMOCOBRAWrapper,wfg7,27,0.4439197433273161,3.134204760931385,4.880397894546034
IOCSAMOCOBRAWrapper,wfg7,28,0.4461827547903648,3.1076404060511287,4.922541329433251
IOCSAMOCOBRAWrapper,wfg7,29,0.4485190476936854,2.2740955097978515,5.627938892903134
IOCSAMOCOBRAWrapper,wfg7,30,0.4524902622050282,1.675343217811255,5.776217084541277
IOCSAMOCOBRAWrapper,wfg7,31,0.468085209229273,3.466207312108942,4.438096543068726
IOCSAMOCOBRAWrapper,wfg7,32,0.4716856316401027,2.6566501561497136,5.324601309433775
IOCSAMOCOBRAWrapper,wfg7,33,0.471701562858646,3.080136857055086,5.020453805064237
IOCSAMOCOBRAWrapper,wfg7,34,0.4884250734435433,2.3143289062797487,5.4778176063816
IOCSAMOCOBRAWrapper,wfg7,35,0.494565837379621,1.4823217392937618,5.90689874839291
IOCSAMOCOBRAWrapper,wfg7,36,0.4947294158306827,3.7620311138509073,3.8635755015276816
IOCSAMOCOBRAWrapper,wfg7,37,0.4947294158306827,3.7620311138509073,3.8635755015276816
IOCSAMOCOBRAWrapper,wfg7,38,0.4947294158306827,3.7620311138509073,3.8635755015276816
IOCSAMOCOBRAWrapper,wfg7,39,0.4947294158306827,3.7620311138509073,3.8635755015276816
IOCSAMOCOBRAWrapper,wfg7,40,0.4947294158306827,3.7620311138509073,3.8635755015276816
IOCSAMOCOBRAWrapper,wfg7,41,0.5190014736917389,3.897998424676481,3.729863739496727
IOCSAMOCOBRAWrapper,wfg7,42,0.5385155034074569,2.983385912237671,4.994316207935432
IOCSAMOCOBRAWrapper,wfg7,43,0.5396932262317404,3.2457500742766183,4.560277994311251
IOCSAMOCOBRAWrapper,wfg7,44,0.5417727545801214,3.1819717948966595,4.754767046923668
IOCSAMOCOBRAWrapper,wfg7,45,0.564709110893749,4.444899509026154,1.2684114661336787
IOCSAMOCOBRAWrapper,wfg7,46,0.5657980357499168,3.913803991940564,3.616810634472451
IOCSAMOCOBRAWrapper,wfg7,47,0.5750061361751041,3.529764416081731,4.339109444510094
IOCSAMOCOBRAWrapper,wfg7,48,0.5758708298263673,3.5446442210099227,3.945341964845211
IOCSAMOCOBRAWrapper,wfg7,49,0.5785288605621755,2.500990663122691,5.161155505305418
IOCSAMOCOBRAWrapper,wfg7,50,0.5974893305459424,2.916293498554631,4.996512266921874
IOCSAMOCOBRAWrapper,wfg7,51,0.5983625817179218,3.221104080837526,4.63569221255148
IOCSAMOCOBRAWrapper,wfg7,52,0.5995713138168786,4.031421138046075,2.461351138279973
IOCSAMOCOBRAWrapper,wfg7,53,0.6016224091931713,1.7909087290163677,5.549291563277905
IOCSAMOCOBRAWrapper,wfg7,54,0.6132771638359716,2.2144321457156906,5.338431569458453
IOCSAMOCOBRAWrapper,wfg7,55,0.6292932560139162,0.5452023573903482,6.100547461708505
IOCSAMOCOBRAWrapper,wfg7,56,0.6355223850065119,1.4304352166649927,5.880365970033012
IOCSAMOCOBRAWrapper,wfg7,57,0.6375615162530001,3.834939422409315,3.2665813704096025
IOCSAMOCOBRAWrapper,wfg7,58,0.6405967614439401,4.403088682768355,1.449362745976542
IOCSAMOCOBRAWrapper,wfg7,59,0.6555523987186725,2.7655941425896486,5.005119638902701
IOCSAMOCOBRAWrapper,wfg7,60,0.6572538149086125,3.54664725806886,3.673014592965656
IOCSAMOCOBRAWrapper,wfg7,61,0.6836445770651887,2.8236230459493674,4.943553955157375
IOCSAMOCOBRAWrapper,wfg7,62,0.6920287776369187,0.9983502941397572,6.097218578740514
IOCSAMOCOBRAWrapper,wfg7,63,0.6953383351293452,3.680642049522661,3.6120765439501903
IOCSAMOCOBRAWrapper,wfg7,64,0.6982722990816247,3.0736874112660915,4.942585673234796
IOCSAMOCOBRAWrapper,wfg7,65,0.7093566334346044,1.3971652026366497,6.056764099720767
IOCSAMOCOBRAWrapper,wfg7,66,0.7132079796954702,3.011894984612929,4.753001195971613
IOCSAMOCOBRAWrapper,wfg7,67,0.7191835712608101,3.535135603022824,4.10706606897573
IOCSAMOCOBRAWrapper,wfg7,68,0.7223814908007812,1.2324460622911375,5.9730404336532725
IOCSAMOCOBRAWrapper,wfg7,69,0.7289984152248319,3.3169452697365704,4.5001146429100976
IOCSAMOCOBRAWrapper,wfg7,70,0.7351498577611559,1.13705853085557,6.073370193086485
IOCSAMOCOBRAWrapper,wfg7,71,0.7384256071704705,2.967180089173555,4.76739248854133
IOCSAMOCOBRAWrapper,wfg7,72,0.7405157784436844,1.357645703161276,5.878784347567273
IOCSAMOCOBRAWrapper,wfg7,73,0.7406283369548172,3.6617515391930953,3.330460897022097
IOCSAMOCOBRAWrapper,wfg7,74,0.7455731628225046,3.286906645046364,4.518154288852215
IOCSAMOCOBRAWrapper,wfg7,75,0.7467467607153638,0.4223089527664989,6.054504782692027
IOCSAMOCOBRAWrapper,wfg7,76,0.7712606720581052,1.9712184725545472,5.544957535304701
IOCSAMOCOBRAWrapper,wfg7,77,0.7714834721695256,3.0928473938645373,4.520355596848171
IOCSAMOCOBRAWrapper,wfg7,78,0.774935533262981,3.406045345712519,4.266815926332061
IOCSAMOCOBRAWrapper,wfg7,79,0.7981959950953299,3.5001014982409573,3.940981894325552
IOCSAMOCOBRAWrapper,wfg7,80,0.8081324103612983,3.872526687649634,2.852253733760491
IOCSAMOCOBRAWrapper,wfg7,81,0.8182090285328388,0.4692597467550938,5.9254452566796525
IOCSAMOCOBRAWrapper,wfg7,82,0.8205513823718642,3.071980361324497,4.336048195178538
IOCSAMOCOBRAWrapper,wfg7,83,0.822895721615259,4.104257259055867,1.8751169660473503
IOCSAMOCOBRAWrapper,wfg7,84,0.8247924672874296,1.7134620842758497,5.724336859865513
IOCSAMOCOBRAWrapper,wfg7,85,0.8247924672874296,1.7134620842758497,5.724336859865513
IOCSAMOCOBRAWrapper,wfg7,86,0.8247924672874296,1.7134620842758497,5.724336859865513
IOCSAMOCOBRAWrapper,wfg7,87,0.8247924672874296,1.7134620842758497,5.724336859865513
IOCSAMOCOBRAWrapper,wfg7,88,0.8247924672874296,1.7134620842758497,5.724336859865513
IOCSAMOCOBRAWrapper,wfg7,89,0.8432124089456681,3.35159531657456,4.174839885951864
IOCSAMOCOBRAWrapper,wfg7,90,0.8451290272511065,3.709468750825277,2.702559698477145
IOCSAMOCOBRAWrapper,wfg7,91,0.8504200436591107,2.332892263370681,5.164976991949611
IOCSAMOCOBRAWrapper,wfg7,92,0.8528602646355226,3.0450944654744334,4.681121315716472
IOCSAMOCOBRAWrapper,wfg7,93,0.8612105590875406,0.904530569523226,5.810085830878657
IOCSAMOCOBRAWrapper,wfg7,94,0.8702994786689384,1.664354787889461,5.80921581597418
IOCSAMOCOBRAWrapper,wfg7,95,0.879534376852523,2.8934011842950613,4.629451436198132
IOCSAMOCOBRAWrapper,wfg7,96,0.8955489579282705,4.0562284941903854,2.359842251209056
IOCSAMOCOBRAWrapper,wfg7,97,0.9022657445147546,2.8015396966847472,4.77870676034586
IOCSAMOCOBRAWrapper,wfg7,98,0.9108747472799736,2.6377827738551693,5.0001983105329
IOCSAMOCOBRAWrapper,wfg7,99,0.9371491099865475,3.475697898156139,3.138042158054411
IOCSAMOCOBRAWrapper,wfg7,100,0.9465247349981454,3.1552533560631613,4.090218280910697
IOCSAMOCOBRAWrapper,wfg7,101,0.9498173572519044,0.4423313682335145,5.880306886721924
IOCSAMOCOBRAWrapper,wfg7,102,0.9599573119989742,1.4291137872014164,5.801608074944055
IOCSAMOCOBRAWrapper,wfg7,103,0.9629491512229428,2.7419572413138065,4.867545922751662
IOCSAMOCOBRAWrapper,wfg7,104,0.9743490962228196,2.141089118726899,5.120519847006406
IOCSAMOCOBRAWrapper,wfg7,105,0.9777399797158638,3.247351076171876,3.7057284473072425
IOCSAMOCOBRAWrapper,wfg7,106,0.9876604103153483,2.933987007241421,4.588223424745951
IOCSAMOCOBRAWrapper,wfg7,107,0.9926121574837692,3.838269252758536,0.9904966376647616
IOCSAMOCOBRAWrapper,wfg7,108,1.000821693851488,2.8261053243189824,4.649571210992404
IOCSAMOCOBRAWrapper,wfg7,109,1.007277766862225,2.6467803668218024,4.635428629935897
IOCSAMOCOBRAWrapper,wfg7,110,1.0129155098410665,3.597538647449522,2.6793452493783896
IOCSAMOCOBRAWrapper,wfg7,111,1.0242116076559822,2.9012923842619505,4.153906981637931
IOCSAMOCOBRAWrapper,wfg7,112,1.0272946823584672,2.7722479469919388,4.267360494665708
IOCSAMOCOBRAWrapper,wfg7,113,1.031361326180048,1.5509370150984745,5.574733531390611
IOCSAMOCOBRAWrapper,wfg7,114,1.0527802056980629,3.5690975337262785,2.311967043936237
IOCSAMOCOBRAWrapper,wfg7,115,1.0527802056980629,3.5690975337262785,2.311967043936237
IOCSAMOCOBRAWrapper,wfg7,116,1.0527802056980629,3.5690975337262785,2.311967043936237
IOCSAMOCOBRAWrapper,wfg7,117,1.0527802056980629,3.5690975337262785,2.311967043936237
IOCSAMOCOBRAWrapper,wfg7,118,1.0527802056980629,3.5690975337262785,2.311967043936237
IOCSAMOCOBRAWrapper,wfg7,119,1.0684681151597002,2.3025916275638973,4.77770137063872
IOCSAMOCOBRAWrapper,wfg7,120,1.0684681151597002,2.3025916275638973,4.77770137063872
IOCSAMOCOBRAWrapper,wfg7,121,1.0684681151597002,2.3025916275638973,4.77770137063872
IOCSAMOCOBRAWrapper,wfg7,122,1.0684681151597002,2.3025916275638973,4.77770137063872
IOCSAMOCOBRAWrapper,wfg7,123,1.0684681151597002,2.3025916275638973,4.77770137063872
IOCSAMOCOBRAWrapper,wfg7,124,1.071392098011851,1.343553476148403,5.808360532152454
IOCSAMOCOBRAWrapper,wfg7,125,1.077989768735523,2.641177755067116,4.58486368631385
IOCSAMOCOBRAWrapper,wfg7,126,1.0859285741018294,2.1161304544089057,4.663684143664233
IOCSAMOCOBRAWrapper,wfg7,127,1.086108082200876,1.985067808878024,5.490921516748226
IOCSAMOCOBRAWrapper,wfg7,128,1.08770514312461,1.009353617233238,5.706267280922498
IOCSAMOCOBRAWrapper,wfg7,129,1.089750329757766,1.5363000881370354,5.609466543480527
IOCSAMOCOBRAWrapper,wfg7,130,1.0927068569754737,2.6973044642369075,4.525369403525298
IOCSAMOCOBRAWrapper,wfg7,131,1.095168709889733,3.2234603855864905,4.037389757942338
IOCSAMOCOBRAWrapper,wfg7,132,1.0994230516579044,3.166981358386473,3.724394006640429
IOCSAMOCOBRAWrapper,wfg7,133,1.1055194398187973,2.9981491119455,4.135126599248858
IOCSAMOCOBRAWrapper,wfg7,134,1.109269367108983,3.677901067650762,1.6002458068199996
IOCSAMOCOBRAWrapper,wfg7,135,1.1115711133931845,1.5481331529095377,5.16359396273508
IOCSAMOCOBRAWrapper,wfg7,136,1.1115711133931845,1.5481331529095377,5.16359396273508
IOCSAMOCOBRAWrapper,wfg7,137,1.1115711133931845,1.5481331529095377,5.16359396273508
IOCSAMOCOBRAWrapper,wfg7,138,1.1115711133931845,1.5481331529095377,5.16359396273508
IOCSAMOCOBRAWrapper,wfg7,139,1.1115711133931845,1.5481331529095377,5.16359396273508
IOCSAMOCOBRAWrapper,wfg7,140,1.122293911381037,1.999865648484639,5.122191843354463
IOCSAMOCOBRAWrapper,wfg7,141,1.1227133662377875,2.659695433848727,4.231982981802676
IOCSAMOCOBRAWrapper,wfg7,142,1.1595886684158985,2.8644879057246784,4.157043515484736
IOCSAMOCOBRAWrapper,wfg7,143,1.1686777731787037,4.306015602231087,0.8081756008768156
IOCSAMOCOBRAWrapper,wfg7,144,1.1697744071517693,1.118760806471721,5.480766087571384
IOCSAMOCOBRAWrapper,wfg7,145,1.1784350406180255,2.908973244500178,3.646330734606445
IOCSAMOCOBRAWrapper,wfg7,146,1.1855432926521945,2.4617279672028936,4.25244287588748
IOCSAMOCOBRAWrapper,wfg7,147,1.2017882359975491,3.468404301974377,2.3566478115640086
IOCSAMOCOBRAWrapper,wfg7,148,1.2052659264996457,1.4959441115044407,5.354139979877398
IOCSAMOCOBRAWrapper,wfg7,149,1.2240736351488504,2.077245329343112,5.03421827041373
IOCSAMOCOBRAWrapper,wfg7,150,1.2263145574324994,2.7807969266991,4.0860077888726325
IOCSAMOCOBRAWrapper,wfg7,151,1.2290063853551785,1.2373070672475182,5.415745025063281
IOCSAMOCOBRAWrapper,wfg7,152,1.2505275673429552,2.231702233835801,4.496178857201781
IOCSAMOCOBRAWrapper,wfg7,153,1.2697742419994165,3.6477619019768777,2.1394247941851043
IOCSAMOCOBRAWrapper,wfg7,154,1.2709865330073302,1.6003756919508825,5.052555142501689
IOCSAMOCOBRAWrapper,wfg7,155,1.2814652430135522,3.467978646237256,2.063423365635765
IOCSAMOCOBRAWrapper,wfg7,156,1.285518540359471,3.3563312878889167,3.2473531794681247
IOCSAMOCOBRAWrapper,wfg7,157,1.288204859592247,2.6471597182848496,4.205225966078376
IOCSAMOCOBRAWrapper,wfg7,158,1.29017714379551,1.3785994355382094,5.3383065423944
IOCSAMOCOBRAWrapper,wfg7,159,1.2936086940875628,0.8753260146163606,5.6677637581382285
IOCSAMOCOBRAWrapper,wfg7,160,1.3136963426478374,3.228856480275414,3.5461069403669105
IOCSAMOCOBRAWrapper,wfg7,161,1.3186106372222928,2.3902828313956506,4.246026955628247
IOCSAMOCOBRAWrapper,wfg7,162,1.327482651249059,3.199794191654224,3.434716220952187
IOCSAMOCOBRAWrapper,wfg7,163,1.3307909034144374,2.013151113055258,4.870153718122499
IOCSAMOCOBRAWrapper,wfg7,164,1.3316832365757412,1.222378433590562,4.902143721810773
IOCSAMOCOBRAWrapper,wfg7,165,1.341723070867343,3.229379281980998,2.876762192584553
IOCSAMOCOBRAWrapper,wfg7,166,1.3421185205284951,1.019286105968001,5.05615310006627
IOCSAMOCOBRAWrapper,wfg7,167,1.3479238301451193,3.753921847117637,1.467692989251448
IOCSAMOCOBRAWrapper,wfg7,168,1.3514416510422755,3.755591277399215,1.2129157261471846
IOCSAMOCOBRAWrapper,wfg7,169,1.3617094184227252,2.295728017937962,4.420484737308982
IOCSAMOCOBRAWrapper,wfg7,170,1.3946265506598718,2.775724917871789,4.164736008049802
IOCSAMOCOBRAWrapper,wfg7,171,1.4065249537271536,3.018486417712904,3.493287226243704
IOCSAMOCOBRAWrapper,wfg7,172,1.4183701284334522,2.822729099286505,4.028365315053253
IOCSAMOCOBRAWrapper,wfg7,173,1.432743625506556,2.034134830512353,4.81493021205255
IOCSAMOCOBRAWrapper,wfg7,174,1.439729548241523,0.9744010371052096,5.225549611505525
IOCSAMOCOBRAWrapper,wfg7,175,1.439729548241523,0.9744010371052096,5.225549611505525
IOCSAMOCOBRAWrapper,wfg7,176,1.439729548241523,0.9744010371052096,5.225549611505525
IOCSAMOCOBRAWrapper,wfg7,177,1.439729548241523,0.9744010371052096,5.225549611505525
IOCSAMOCOBRAWrapper,wfg7,178,1.439729548241523,0.9744010371052096,5.225549611505525
IOCSAMOCOBRAWrapper,wfg7,179,1.44982813746095,1.774922468561594,4.871467355183707
IOCSAMOCOBRAWrapper,wfg7,180,1.4526672636993434,3.067628276003364,3.365752307647739
IOCSAMOCOBRAWrapper,wfg7,181,1.4700208570665108,1.980166756188093,4.466184161060634
IOCSAMOCOBRAWrapper,wfg7,182,1.4729146240474784,2.3854791905008543,4.125574038552224
IOCSAMOCOBRAWrapper,wfg7,183,1.475020455591347,0.7827111407050555,4.787305398377213
IOCSAMOCOBRAWrapper,wfg7,184,1.488579617768783,3.0817680749064875,2.300333914662283
IOCSAMOCOBRAWrapper,wfg7,185,1.488579617768783,3.0817680749064875,2.300333914662283
IOCSAMOCOBRAWrapper,wfg7,186,1.488579617768783,3.0817680749064875,2.300333914662283
IOCSAMOCOBRAWrapper,wfg7,187,1.488579617768783,3.0817680749064875,2.300333914662283
IOCSAMOCOBRAWrapper,wfg7,188,1.488579617768783,3.0817680749064875,2.300333914662283
IOCSAMOCOBRAWrapper,wfg7,189,1.4909651004864033,1.7101361050133488,4.397406817498274
IOCSAMOCOBRAWrapper,wfg7,190,1.49101675798127,1.4837793351004942,4.324410852641365
IOCSAMOCOBRAWrapper,wfg7,191,1.4929529437749962,2.4777333145192424,3.787753040116064
IOCSAMOCOBRAWrapper,wfg7,192,1.4994419616820078,2.642079211451435,3.153958401798227
IOCSAMOCOBRAWrapper,wfg7,193,1.52301322621411,3.710866745824001,0.9822846476584944
IOCSAMOCOBRAWrapper,wfg7,194,1.5355808287823776,3.736206589696636,0.9477369505954902
IOCSAMOCOBRAWrapper,wfg7,195,1.539769032470616,3.434284222032864,1.9559248611019608
IOCSAMOCOBRAWrapper,wfg7,196,1.5449566177989256,2.435879283447082,3.840596855531095
IOCSAMOCOBRAWrapper,wfg7,197,1.5491380029111954,2.995685791718224,2.765733063452659
IOCSAMOCOBRAWrapper,wfg7,198,1.5528650715390786,2.6188790319112294,2.718535037470822
IOCSAMOCOBRAWrapper,wfg7,199,1.5553813825552625,3.0147611394799405,2.5864308434818013
IOCSAMOCOBRAWrapper,wfg7,200,1.5610632596362328,3.365599428912431,1.991704770010358
IOCSAMOCOBRAWrapper,wfg7,201,1.5798595548007228,2.6682126446934418,2.5008834639541377
IOCSAMOCOBRAWrapper,wfg7,202,1.5876499648674691,2.3709868929735367,3.725687835132333
IOCSAMOCOBRAWrapper,wfg7,203,1.591572589081685,3.3155264465801126,2.1796638251523146
IOCSAMOCOBRAWrapper,wfg7,204,1.593210168728402,2.118998916743846,3.459250572229151
IOCSAMOCOBRAWrapper,wfg7,205,1.5935592998062675,2.1046789057769733,4.006303946111492
IOCSAMOCOBRAWrapper,wfg7,206,1.594245123641745,2.982686447141909,1.999001332914473
IOCSAMOCOBRAWrapper,wfg7,207,1.6026705756274302,0.325735833433454,4.789823104854306
IOCSAMOCOBRAWrapper,wfg7,208,1.607393760478919,3.4730848056898456,1.5241178656629102
IOCSAMOCOBRAWrapper,wfg7,209,1.6251320979079311,1.2835441975600663,4.463471163765231
IOCSAMOCOBRAWrapper,wfg7,210,1.6397331337945662,3.1127370120340445,0.9613813787012114
IOCSAMOCOBRAWrapper,wfg7,211,1.6619565322020955,2.031070192836317,3.647677227747119
IOCSAMOCOBRAWrapper,wfg7,212,1.6624023331564188,1.0746258692259412,4.464820866462003
IOCSAMOCOBRAWrapper,wfg7,213,1.6872429208756985,1.47095875596517,4.291233457803443
IOCSAMOCOBRAWrapper,wfg7,214,1.698746461642764,2.198091926742565,3.4039283360772976
IOCSAMOCOBRAWrapper,wfg7,215,1.7167971827769644,1.3627063252761675,4.276976171979545
IOCSAMOCOBRAWrapper,wfg7,216,1.7224642561922885,2.0789634524612217,3.6215145779496174
IOCSAMOCOBRAWrapper,wfg7,217,1.7293143025800852,1.195949514132708,4.301554277229441
IOCSAMOCOBRAWrapper,wfg7,218,1.7318591779064474,1.0588458039457105,4.478079154772418
IOCSAMOCOBRAWrapper,wfg7,219,1.7330801667553093,2.1130199268825267,3.189971075184323
IOCSAMOCOBRAWrapper,wfg7,220,1.756746786302103,2.607816395503254,2.781306718906208
IOCSAMOCOBRAWrapper,wfg7,221,1.7727675741241629,2.024673620663248,2.4826342177359453
IOCSAMOCOBRAWrapper,wfg7,222,1.7792736966532177,2.9271887685987563,1.9057794660599927
IOCSAMOCOBRAWrapper,wfg7,223,1.7850055321215037,0.8852632653309402,4.138845726274076
IOCSAMOCOBRAWrapper,wfg7,224,1.804498510576121,1.7501798713346008,4.048442814437772
IOCSAMOCOBRAWrapper,wfg7,225,1.870456074605586,2.511633332528323,1.8930934666261048
IOCSAMOCOBRAWrapper,wfg7,226,1.870919593588218,2.581103646704452,1.071872668044141
IOCSAMOCOBRAWrapper,wfg7,227,1.8778031072224093,1.3070500139357777,3.124643129132153
IOCSAMOCOBRAWrapper,wfg7,228,1.8829635969173395,0.6275551856023165,4.578585289325764
IOCSAMOCOBRAWrapper,wfg7,229,1.947788093435859,3.364320885394516,0.6017937770948607
IOCSAMOCOBRAWrapper,wfg7,230,1.954016819876763,1.282824594527078,3.9046958321379326
IOCSAMOCOBRAWrapper,wfg7,231,1.9554038765023047,0.6059228361171864,4.338630019379965
IOCSAMOCOBRAWrapper,wfg7,232,1.9674920867017849,0.5949562502638692,4.560492759237513
IOCSAMOCOBRAWrapper,wfg7,233,1.9748161736805887,0.8783926340300321,3.962246265261472
IOCSAMOCOBRAWrapper,wfg7,234,1.9828752301930863,2.306464820630504,2.396822489731079
IOCSAMOCOBRAWrapper,wfg7,235,2.026397892432592,1.327387671974753,2.105616342043601
IOCSAMOCOBRAWrapper,wfg7,236,2.034517488078804,2.4591780653886386,0.8054949915213667
IOCSAMOCOBRAWrapper,wfg7,237,2.0817299485067298,0.8308802705306411,4.253427322593777
IOCSAMOCOBRAWrapper,wfg7,238,2.1497527783335544,0.9890546605206252,3.5250784521031804
IOCSAMOCOBRAWrapper,wfg7,239,2.161829006723765,1.2371916861610373,2.6925911586049445
IOCSAMOCOBRAWrapper,wfg7,240,2.1723840496224063,2.4461033832752253,1.592110219821809
IOCSAMOCOBRAWrapper,wfg7,241,2.173653476138918,1.2929826200408987,2.6085631999992125
IOCSAMOCOBRAWrapper,wfg7,242,2.189046304053205,2.3489810605260253,1.1201181706618664
IOCSAMOCOBRAWrapper,wfg7,243,2.211577437504113,0.9888936379332104,3.948257379313509
IOCSAMOCOBRAWrapper,wfg7,244,2.236184970386211,2.290610519525337,1.800217293756062
IOCSAMOCOBRAWrapper,wfg7,245,2.239063118373405,1.0550511269146352,2.331318458775788
IOCSAMOCOBRAWrapper,wfg7,246,2.2792534658472183,2.22044069055343,1.7832946871312267
IOCSAMOCOBRAWrapper,wfg7,247,2.306532354500745,0.8666704305490844,2.624542374391414
IOCSAMOCOBRAWrapper,wfg7,248,2.3093212096684512,2.170524980609913,1.9512174538856768
IOCSAMOCOBRAWrapper,wfg7,249,2.309833435320186,2.1263987686871486,1.3023942174190193
IOCSAMOCOBRAWrapper,wfg7,250,2.3100721948151453,1.2439435735667417,1.3727824002087552
IOCSAMOCOBRAWrapper,wfg7,251,2.4905964154951694,2.055386569461061,1.2452162215555789
IOCSAMOCOBRAWrapper,wfg9,0,0.1628275379070134,4.077546782937682,
IOCSAMOCOBRAWrapper,wfg9,1,0.191663532521324,4.072409801517283,
IOCSAMOCOBRAWrapper,wfg9,2,0.2079920252479905,4.03083164044934,
IOCSAMOCOBRAWrapper,wfg9,3,0.2118386828142202,4.019063282481183,
IOCSAMOCOBRAWrapper,wfg9,4,0.3644397765421952,3.9472357345781672,
IOCSAMOCOBRAWrapper,wfg9,5,0.512549680045457,3.90795833832525,
IOCSAMOCOBRAWrapper,wfg9,6,0.5386054628647206,3.901366827907765,
IOCSAMOCOBRAWrapper,wfg9,7,0.6737973904714358,3.8281075808537177,
IOCSAMOCOBRAWrapper,wfg9,8,0.7128566044280729,3.82462487929956,
IOCSAMOCOBRAWrapper,wfg9,9,0.7472522646373754,3.813011125759556,
IOCSAMOCOBRAWrapper,wfg9,10,0.7583793531143657,3.768541934688205,
IOCSAMOCOBRAWrapper,wfg9,11,0.7928203027411108,3.7668756843565103,
IOCSAMOCOBRAWrapper,wfg9,12,0.8062398663591024,3.695285033844422,
IOCSAMOCOBRAWrapper,wfg9,13,0.9349383353430966,3.571640915860512,
IOCSAMOCOBRAWrapper,wfg9,14,0.963652429299998,3.5666131347067496,
IOCSAMOCOBRAWrapper,wfg9,15,1.00573320798054,3.53677681351104,
IOCSAMOCOBRAWrapper,wfg9,16,1.0745123222517503,3.454068980849199,
IOCSAMOCOBRAWrapper,wfg9,17,1.095830471135481,3.381224560173471,
IOCSAMOCOBRAWrapper,wfg9,18,1.1554303609474763,3.353016466962856,
IOCSAMOCOBRAWrapper,wfg9,19,1.18483978305118,3.2938342027903484,
IOCSAMOCOBRAWrapper,wfg9,20,1.1890957853811437,3.263933392469844,
IOCSAMOCOBRAWrapper,wfg9,21,1.1943010056957213,3.2198442822590945,
IOCSAMOCOBRAWrapper,wfg9,22,1.2745012287803654,3.143849651895434,
IOCSAMOCOBRAWrapper,wfg9,23,1.315926069897209,3.0543563581094846,
IOCSAMOCOBRAWrapper,wfg9,24,1.370261086047143,2.945667444390917,
IOCSAMOCOBRAWrapper,wfg9,25,1.3989124159768112,2.897714753705636,
IOCSAMOCOBRAWrapper,wfg9,26,1.4513720786355544,2.805127492382016,
IOCSAMOCOBRAWrapper,wfg9,27,1.453424682898222,2.785297271990077,
IOCSAMOCOBRAWrapper,wfg9,28,1.480333384926198,2.741133905324577,
IOCSAMOCOBRAWrapper,wfg9,29,1.5218138667093262,2.6975444032462472,
IOCSAMOCOBRAWrapper,wfg9,30,1.531151808458118,2.6425994572410536,
IOCSAMOCOBRAWrapper,wfg9,31,1.5402178794888146,2.641809513011159,
IOCSAMOCOBRAWrapper,wfg9,32,1.5552038011392584,2.546894044208716,
IOCSAMOCOBRAWrapper,wfg9,33,1.5668082214343575,2.5156447442176213,
IOCSAMOCOBRAWrapper,wfg9,34,1.6170214878384093,2.4054950326807467,
IOCSAMOCOBRAWrapper,wfg9,35,1.6519604143857016,2.335190059789123,
IOCSAMOCOBRAWrapper,wfg9,36,1.6691836271494116,2.301481006585751,
IOCSAMOCOBRAWrapper,wfg9,37,1.7183120700788668,2.256199224836507,
IOCSAMOCOBRAWrapper,wfg9,38,1.7319053263330615,2.0319362073172904,
IOCSAMOCOBRAWrapper,wfg9,39,1.7494644298960322,2.0182809755002302,
IOCSAMOCOBRAWrapper,wfg9,40,1.7584154941921333,1.978490568621432,
IOCSAMOCOBRAWrapper,wfg9,41,1.7596574649801062,1.978148463591625,
IOCSAMOCOBRAWrapper,wfg9,42,1.7718910053744112,1.933448021349876,
IOCSAMOCOBRAWrapper,wfg9,43,1.7727556453486122,1.9179576837337784,
IOCSAMOCOBRAWrapper,wfg9,44,1.778343060468043,1.886272778519137,
IOCSAMOCOBRAWrapper,wfg9,45,1.803685809532915,1.7494760481634029,
IOCSAMOCOBRAWrapper,wfg9,46,1.847829788743764,1.6806805294559657,
IOCSAMOCOBRAWrapper,wfg9,47,1.8664309588217405,1.5543473052169945,
IOCSAMOCOBRAWrapper,wfg9,48,1.8905876194379767,1.4353547388186716,
IOCSAMOCOBRAWrapper,wfg9,49,1.910732836170724,1.362166711053649,
IOCSAMOCOBRAWrapper,wfg9,50,1.918546746628744,1.2212543291537894,
IOCSAMOCOBRAWrapper,wfg9,51,1.9321291100635083,1.1079887559134318,
IOCSAMOCOBRAWrapper,wfg9,52,2.037839308065528,1.0738555619991568,
IOCSAMOCOBRAWrapper,wfg9,53,2.137544195463831,0.8106741552848838,
IOCSAMOCOBRAWrapper,zdt1,0,0.0004246817115632,6.439130476782704,
IOCSAMOCOBRAWrapper,zdt1,1,0.0011055477446058,6.021856681445764,
IOCSAMOCOBRAWrapper,zdt1,2,0.0016309584051219,5.583132791683252,
IOCSAMOCOBRAWrapper,zdt1,3,0.0027060231171719,4.750765808556461,
IOCSAMOCOBRAWrapper,zdt1,4,0.0141643051691443,4.73833774066933,
IOCSAMOCOBRAWrapper,zdt1,5,0.0161511588688937,4.679236012931986,
IOCSAMOCOBRAWrapper,zdt1,6,0.0174326028376822,4.0903989863858845,
IOCSAMOCOBRAWrapper,zdt1,7,0.03125,3.7545542073696,
IOCSAMOCOBRAWrapper,zdt1,8,0.03125,3.7545542073696,
IOCSAMOCOBRAWrapper,zdt1,9,0.03125,3.7545542073696,
IOCSAMOCOBRAWrapper,zdt1,10,0.03125,3.7545542073696,
IOCSAMOCOBRAWrapper,zdt1,11,0.03125,3.7545542073696,
IOCSAMOCOBRAWrapper,zdt1,12,0.0625,2.750510142838921,
IOCSAMOCOBRAWrapper,zdt1,13,0.0625,2.750510142838921,
IOCSAMOCOBRAWrapper,zdt1,14,0.0625,2.750510142838921,
IOCSAMOCOBRAWrapper,zdt1,15,0.0625,2.750510142838921,
IOCSAMOCOBRAWrapper,zdt1,16,0.0625,2.750510142838921,
IOCSAMOCOBRAWrapper,zdt1,17,0.125,1.852053750936718,
IOCSAMOCOBRAWrapper,zdt1,18,0.125,1.852053750936718,
IOCSAMOCOBRAWrapper,zdt1,19,0.125,1.852053750936718,
IOCSAMOCOBRAWrapper,zdt1,20,0.125,1.852053750936718,
IOCSAMOCOBRAWrapper,zdt1,21,0.125,1.852053750936718,
IOCSAMOCOBRAWrapper,zdt1,22,0.25,1.15997648829042,
IOCSAMOCOBRAWrapper,zdt1,23,0.25,1.15997648829042,
IOCSAMOCOBRAWrapper,zdt1,24,0.25,1.15997648829042,
IOCSAMOCOBRAWrapper,zdt1,25,0.25,1.15997648829042,
IOCSAMOCOBRAWrapper,zdt1,26,0.25,1.15997648829042,
IOCSAMOCOBRAWrapper,zdt1,27,0.5,0.576613132113447,
IOCSAMOCOBRAWrapper,zdt1,28,0.5,0.576613132113447,
IOCSAMOCOBRAWrapper,zdt1,29,0.5,0.576613132113447,
IOCSAMOCOBRAWrapper,zdt1,30,0.5,0.576613132113447,
IOCSAMOCOBRAWrapper,zdt1,31,0.5,0.576613132113447,
IOCSAMOCOBRAWrapper,zdt2,0,0.0008765600950274,5.42919384746737,
IOCSAMOCOBRAWrapper,zdt2,1,0.0024447090404315,4.934508756039649,
IOCSAMOCOBRAWrapper,zdt2,2,0.008275120763144,4.925580013425095,
IOCSAMOCOBRAWrapper,zdt2,3,0.0134265569378704,4.847035437605762,
IOCSAMOCOBRAWrapper,zdt2,4,0.0220290264264582,4.242253140879755,
IOCSAMOCOBRAWrapper,zdt2,5,0.03125,4.112832372481275,
IOCSAMOCOBRAWrapper,zdt2,6,0.03125,4.112832372481275,
IOCSAMOCOBRAWrapper,zdt2,7,0.03125,4.112832372481275,
IOCSAMOCOBRAWrapper,zdt2,8,0.03125,4.112832372481275,
IOCSAMOCOBRAWrapper,zdt2,9,0.03125,4.112832372481275,
IOCSAMOCOBRAWrapper,zdt2,10,0.0625,3.196331057581459,
IOCSAMOCOBRAWrapper,zdt2,11,0.0625,3.196331057581459,
IOCSAMOCOBRAWrapper,zdt2,12,0.0625,3.196331057581459,
IOCSAMOCOBRAWrapper,zdt2,13,0.0625,3.196331057581459,
IOCSAMOCOBRAWrapper,zdt2,14,0.0625,3.196331057581459,
IOCSAMOCOBRAWrapper,zdt2,15,0.125,2.393236392872861,
IOCSAMOCOBRAWrapper,zdt2,16,0.125,2.393236392872861,
IOCSAMOCOBRAWrapper,zdt2,17,0.125,2.393236392872861,
IOCSAMOCOBRAWrapper,zdt2,18,0.125,2.393236392872861,
IOCSAMOCOBRAWrapper,zdt2,19,0.125,2.393236392872861,
IOCSAMOCOBRAWrapper,zdt2,20,0.25,1.8037968171492904,
IOCSAMOCOBRAWrapper,zdt2,21,0.25,1.8037968171492904,
IOCSAMOCOBRAWrapper,zdt2,22,0.25,1.8037968171492904,
IOCSAMOCOBRAWrapper,zdt2,23,0.25,1.8037968171492904,
IOCSAMOCOBRAWrapper,zdt2,24,0.25,1.8037968171492904,
IOCSAMOCOBRAWrapper,zdt2,25,0.5,1.2427098623465818,
IOCSAMOCOBRAWrapper,zdt2,26,0.5,1.2427098623465818,
IOCSAMOCOBRAWrapper,zdt2,27,0.5,1.2427098623465818,
IOCSAMOCOBRAWrapper,zdt2,28,0.5,1.2427098623465818,
IOCSAMOCOBRAWrapper,zdt2,29,0.5,1.2427098623465818,
IOCSAMOCOBRAWrapper,zdt3,0,4.456370380589991e-05,6.139774320452585,
IOCSAMOCOBRAWrapper,zdt3,1,0.0001178108913116,5.740264975356455,
IOCSAMOCOBRAWrapper,zdt3,2,0.000196199305122,5.620138558793919,
IOCSAMOCOBRAWrapper,zdt3,3,0.0019703861878883,5.384266073515758,
IOCSAMOCOBRAWrapper,zdt3,4,0.004620662860877,5.240450718534732,
IOCSAMOCOBRAWrapper,zdt3,5,0.004822636408614,4.438163028789562,
IOCSAMOCOBRAWrapper,zdt3,6,0.0119969666629577,4.435102408208868,
IOCSAMOCOBRAWrapper,zdt3,7,0.0291451540793893,4.332195632142402,
IOCSAMOCOBRAWrapper,zdt3,8,0.03125,3.728570781985146,
IOCSAMOCOBRAWrapper,zdt3,9,0.03125,3.728570781985146,
IOCSAMOCOBRAWrapper,zdt3,10,0.03125,3.728570781985146,
IOCSAMOCOBRAWrapper,zdt3,11,0.03125,3.728570781985146,
IOCSAMOCOBRAWrapper,zdt3,12,0.03125,3.728570781985146,
IOCSAMOCOBRAWrapper,zdt3,13,0.0323141599035766,3.457851308917404,
IOCSAMOCOBRAWrapper,zdt3,14,0.0625,2.692767672056965,
IOCSAMOCOBRAWrapper,zdt3,15,0.0625,2.692767672056965,
IOCSAMOCOBRAWrapper,zdt3,16,0.0625,2.692767672056965,
IOCSAMOCOBRAWrapper,zdt3,17,0.0625,2.692767672056965,
IOCSAMOCOBRAWrapper,zdt3,18,0.0625,2.692767672056965,
IOCSAMOCOBRAWrapper,zdt3,19,0.125,1.940442098585036,
IOCSAMOCOBRAWrapper,zdt3,20,0.125,1.940442098585036,
IOCSAMOCOBRAWrapper,zdt3,21,0.125,1.940442098585036,
IOCSAMOCOBRAWrapper,zdt3,22,0.125,1.940442098585036,
IOCSAMOCOBRAWrapper,zdt3,23,0.125,1.940442098585036,
IOCSAMOCOBRAWrapper,zdt3,24,0.25,0.90997648829042,
IOCSAMOCOBRAWrapper,zdt3,25,0.25,0.90997648829042,
IOCSAMOCOBRAWrapper,zdt3,26,0.25,0.90997648829042,
IOCSAMOCOBRAWrapper,zdt3,27,0.25,0.90997648829042,
IOCSAMOCOBRAWrapper,zdt3,28,0.25,0.90997648829042,
IOCSAMOCOBRAWrapper,zdt3,29,0.5,0.5766131321134467,
IOCSAMOCOBRAWrapper,zdt3,30,0.5,0.5766131321134467,
IOCSAMOCOBRAWrapper,zdt3,31,0.5,0.5766131321134467,
IOCSAMOCOBRAWrapper,zdt3,32,0.5,0.5766131321134467,
IOCSAMOCOBRAWrapper,zdt3,33,0.5,0.5766131321134467,
IOCSAMOCOBRAWrapper,zdt4,0,0.0002851743054433,184.7581335790509,
IOCSAMOCOBRAWrapper,zdt4,1,0.0006402457806474,146.83723671592955,
IOCSAMOCOBRAWrapper,zdt4,2,0.0053823816286254,142.3843216238649,
IOCSAMOCOBRAWrapper,zdt4,3,0.0057879211753306,141.9570401530642,
IOCSAMOCOBRAWrapper,zdt4,4,0.0077164224272356,120.14499788711151,
IOCSAMOCOBRAWrapper,zdt4,5,0.0160577358129644,114.08444392413466,
IOCSAMOCOBRAWrapper,zdt4,6,0.0283143733543316,102.9041692527368,
IOCSAMOCOBRAWrapper,zdt4,7,0.0776411365614331,101.69436594772353,
IOCSAMOCOBRAWrapper,zdt4,8,0.0826530618714658,90.17635199213127,
IOCSAMOCOBRAWrapper,zdt4,9,0.1694679313134495,75.41596951303184,
IOCSAMOCOBRAWrapper,zdt4,10,0.2680868614892768,64.60460056977713,
IOCSAMOCOBRAWrapper,zdt4,11,0.3341517632565342,47.208887266256106,
IOCSAMOCOBRAWrapper,zdt6,0,0.2807817090072091,8.439238246891291,
IOCSAMOCOBRAWrapper,zdt6,1,0.2834142684510079,8.15326331535474,
IOCSAMOCOBRAWrapper,zdt6,2,0.2839491638746577,7.677463180740849,
IOCSAMOCOBRAWrapper,zdt6,3,0.2841327145053146,7.281874346861328,
IOCSAMOCOBRAWrapper,zdt6,4,0.6321205588285577,7.175059114507156,
IOCSAMOCOBRAWrapper,zdt6,5,0.6321205588285577,7.175059114507156,
IOCSAMOCOBRAWrapper,zdt6,6,0.6321205588285577,7.175059114507156,
IOCSAMOCOBRAWrapper,zdt6,7,0.6321205588285577,7.175059114507156,
IOCSAMOCOBRAWrapper,zdt6,8,0.6321205588285577,7.175059114507156,
IOCSAMOCOBRAWrapper,zdt6,9,0.8954709760361586,6.933631859260055,
IOCSAMOCOBRAWrapper,zdt6,10,1.0,6.078775703796209,
IOCSAMOCOBRAWrapper,zdt6,11,1.0,6.078775703796209,
IOCSAMOCOBRAWrapper,zdt6,12,1.0,6.078775703796209,
IOCSAMOCOBRAWrapper,zdt6,13,1.0,6.078775703796209,
IOCSAMOCOBRAWrapper,zdt6,14,1.0,6.078775703796209,
MOBOImprovedScalarizedEI,dtlz1,0,1.0109617807937215e-06,26.136877964927333,0.7336382744922182
MOBOImprovedScalarizedEI,dtlz1,1,11.165791416230366,16.377233229698373,0.0
MOBOImprovedScalarizedEI,dtlz1,2,13.336776225836108,9.70051139878644,4.4567991871273565
MOBOImprovedScalarizedEI,dtlz1,3,26.30580918234326,1.1901516341339475e-09,0.0
MOBOImprovedScalarizedEI,dtlz1,4,15.699141979424718,1.6920954823714354e-06,12.001815417749295
MOBOImprovedScalarizedEI,dtlz1,5,8.03316840660239e-07,4.29063437366595e-07,21.26041877741167
MOBOImprovedScalarizedEI,dtlz1,6,29.078713234431017,1.0309849720001004e-10,0.0
MOBOImprovedScalarizedEI,dtlz1,7,9.887436860570705e-08,5.769250725729324e-08,21.467984280685243
MOBOImprovedScalarizedEI,dtlz1,8,0.0001434519335104,26.20988829780165,9.48822484979477e-07
MOBOImprovedScalarizedEI,dtlz1,9,0.0,27.573899913870967,0.0
MOBOImprovedScalarizedEI,dtlz1,10,9.931207881249977,0.0,18.4452514242594
MOBOImprovedScalarizedEI,dtlz1,11,19.561225483881607,5.681610922988157,0.0
MOBOImprovedScalarizedEI,dtlz1,12,29.577200714136687,0.0,0.0
MOBOImprovedScalarizedEI,dtlz1,13,1.7656785351911386,21.61524157769704,1.3949069722782514e-10
MOBOImprovedScalarizedEI,dtlz1,14,15.768089202739022,15.8696619073885,1.0537487918947108e-14
MOBOImprovedScalarizedEI,dtlz1,15,26.60224631203443,0.0,5.906885272474058e-15
MOBOImprovedScalarizedEI,dtlz1,16,23.764355077926563,2.6614782923752034,0.0
MOBOImprovedScalarizedEI,dtlz1,17,13.14711932530686,12.930280057274894,6.354305263860509e-09
MOBOImprovedScalarizedEI,dtlz1,18,0.0,0.0,23.83201526622828
MOBOImprovedScalarizedEI,dtlz1,19,0.0,6.097555927419244,12.160562768246436
MOBOImprovedScalarizedEI,dtlz1,20,6.199312020130408,1.232813311618461,9.991441314863785
MOBOImprovedScalarizedEI,dtlz1,21,9.382750955053544e-07,26.43693068649157,0.0
MOBOImprovedScalarizedEI,dtlz1,22,6.733843761074314,0.0004205581913562,9.7396152319268
MOBOImprovedScalarizedEI,dtlz1,23,11.59545258717212,0.0,18.400969659412706
MOBOImprovedScalarizedEI,dtlz1,24,23.49683628282359,0.0,7.243679809617506
MOBOImprovedScalarizedEI,dtlz1,25,24.35545102255461,1.4000986921782534e-07,2.7039982655812628e-15
MOBOImprovedScalarizedEI,dtlz1,26,17.235404150278608,11.015813642671976,2.903521855735329e-05
MOBOImprovedScalarizedEI,dtlz1,27,26.420891231575872,7.626601261867258e-14,1.5294679502251748e-09
MOBOImprovedScalarizedEI,dtlz1,28,0.0,7.961393692174193e-07,17.041890130118162
MOBOImprovedScalarizedEI,dtlz1,29,2.830296279615951,15.066568926586216,9.26935778599564
MOBOImprovedScalarizedEI,dtlz1,30,16.77317216438909,0.0,17.6018718763402
MOBOImprovedScalarizedEI,dtlz1,31,17.83922816761293,0.0,10.128675391583394
MOBOImprovedScalarizedEI,dtlz1,32,0.0,26.451386995186667,1.4708225767953083e-09
MOBOImprovedScalarizedEI,dtlz1,33,0.0,19.68523383873926,1.488366513631607
MOBOImprovedScalarizedEI,dtlz1,34,9.57741272330959,15.054169509914503,2.0600534662515297
MOBOImprovedScalarizedEI,dtlz1,35,17.515627750436344,5.404144885315356e-09,1.1553218411677777
MOBOImprovedScalarizedEI,dtlz1,36,4.581677629224393,15.049167641380905,9.480768734499136
MOBOImprovedScalarizedEI,dtlz1,37,0.0,15.407098875183436,10.869006614593056
MOBOImprovedScalarizedEI,dtlz1,38,23.80143720834442,8.169047551425724e-10,5.043058163594061
MOBOImprovedScalarizedEI,dtlz1,39,11.045814746377475,16.097301398931773,1.4619211990496483
MOBOImprovedScalarizedEI,dtlz2,0,1.0828162389837743,0.0613877243474664,1.8617807216210245
MOBOImprovedScalarizedEI,dtlz2,1,0.1452371506174653,1.9870322798275213,0.9989399454770004
MOBOImprovedScalarizedEI,dtlz2,2,1.9400083768780008,0.0496291759832309,0.8952682228190877
MOBOImprovedScalarizedEI,dtlz2,3,0.046381246261484,1.0853705000426963,1.8068959644104987
MOBOImprovedScalarizedEI,dtlz2,4,0.5096577938899366,0.0627309455977931,1.9027151622608256
MOBOImprovedScalarizedEI,dtlz2,5,0.8936155267144483,1.5582545129062328,1.084411413036778
MOBOImprovedScalarizedEI,dtlz2,6,1.665024724846042,0.0,2.1042886361537705
MOBOImprovedScalarizedEI,dtlz2,7,1.2398352894877591e-16,1.053948046422692e-16,2.6575287572723565
MOBOImprovedScalarizedEI,dtlz2,8,1.2915553553958994,2.0549767031556265,0.0
MOBOImprovedScalarizedEI,dtlz2,9,2.144306718349513,1.434951278984353,0.0
MOBOImprovedScalarizedEI,dtlz2,10,1.5443687298434734,1.8991828712627985,0.2081953744357549
MOBOImprovedScalarizedEI,dtlz2,11,0.2318760609857342,1.592909096531446,1.0745247952967227
MOBOImprovedScalarizedEI,dtlz2,12,1.326108855324691,0.1528030345776638,0.7210904659928508
MOBOImprovedScalarizedEI,dtlz2,13,0.1707113269056126,1.980804432159929,0.3570537641488637
MOBOImprovedScalarizedEI,dtlz2,14,1.915879159663324,0.8973831324065827,0.3475241321807944
MOBOImprovedScalarizedEI,dtlz2,15,2.325782641462389,0.0,0.8824023598395302
MOBOImprovedScalarizedEI,dtlz2,16,1.9411347580276648,0.0,1.1631403742513304
MOBOImprovedScalarizedEI,dtlz2,17,2.0903938606328523,3.531872294305804e-14,6.472785048387301e-10
MOBOImprovedScalarizedEI,dtlz2,18,0.3663986824457326,1.5093735490599132,1.292192077164179
MOBOImprovedScalarizedEI,dtlz2,19,0.962406525722594,0.9777865027160652,1.3891260723723926
MOBOImprovedScalarizedEI,dtlz2,20,0.7189391530308368,1.6701795611322123,0.9451636321938582
MOBOImprovedScalarizedEI,dtlz2,21,0.6592136202279122,1.9432086729862967,0.4195761314350414
MOBOImprovedScalarizedEI,dtlz2,22,1.1807666930859928,1.3993316617047564,1.3181754208369594
MOBOImprovedScalarizedEI,dtlz2,23,0.3378443085726118,0.4263035458711616,1.8250274506466715
MOBOImprovedScalarizedEI,dtlz2,24,1.0691605057698803,0.6541741459281167,1.559461965550683
MOBOImprovedScalarizedEI,dtlz2,25,2.355344118363265,0.0,0.3211226429963924
MOBOImprovedScalarizedEI,dtlz2,26,1.4234450907667094e-10,2.0166606012577524,0.0007287728291023
MOBOImprovedScalarizedEI,dtlz2,27,1.2234753877659623e-16,1.0630770126974423e-16,2.646983456125556
MOBOImprovedScalarizedEI,dtlz2,28,3.0469590852677335e-17,1.152516724494956e-16,1.946868953494976
MOBOImprovedScalarizedEI,dtlz2,29,1.3062300701008742e-16,2.133235592515854,0.3990815935055889
MOBOImprovedScalarizedEI,dtlz2,30,8.829450121471584e-33,1.4419586329085235e-16,2.354897157143548
MOBOImprovedScalarizedEI,dtlz2,31,1.3773483818293036e-16,2.2493806096390685,0.0
MOBOImprovedScalarizedEI,dtlz2,32,2.373563242682088,0.0,0.0
MOBOImprovedScalarizedEI,dtlz2,33,0.0685233874283872,1.63362804238111,1.726191130614305
MOBOImprovedScalarizedEI,dtlz2,34,1.4924949419358764,1.3643203954410374,0.2898837523861657
MOBOImprovedScalarizedEI,dtlz2,35,1.907541014957246,0.9311577174396042,0.619073508863764
MOBOImprovedScalarizedEI,dtlz2,36,1.3042453856172231,0.1349636712414023,1.5939423650952904
MOBOImprovedScalarizedEI,dtlz2,37,1.0444747351729802,0.6013697758020842,1.8219189446975288
MOBOImprovedScalarizedEI,dtlz2,38,0.324029498300777,1.5803071090753595,1.5342473003681665
MOBOImprovedScalarizedEI,dtlz2,39,1.3907900122998442e-16,9.296235261702567e-17,2.7320053662546133
MOBOImprovedScalarizedEI,dtlz2,40,1.4212958752757096e-16,0.0,2.321152313083693
MOBOImprovedScalarizedEI,dtlz2,41,1.6552498804297756e-15,1.4063259243559966e-18,2.2756770672903217
MOBOImprovedScalarizedEI,dtlz2,42,2.324063758546298,9.988284002617456e-07,0.0
MOBOImprovedScalarizedEI,dtlz2,43,0.9403257022098198,1.5638885798764803,0.3867035230502197
MOBOImprovedScalarizedEI,dtlz2,44,2.0456974544417856,0.3394638037906921,0.3133893130540162
MOBOImprovedScalarizedEI,dtlz2,45,1.0199944513931576,1.350292464293265,1.3705624119597268
MOBOImprovedScalarizedEI,dtlz2,46,0.3777447877511754,1.3243417294484845,1.4765484697929394
MOBOImprovedScalarizedEI,dtlz2,47,0.554956997009201,1.8012310367996924,0.4755475463459869
MOBOImprovedScalarizedEI,dtlz2,48,2.1790894879446425e-17,0.3558723199965589,1.9944170787109203
MOBOImprovedScalarizedEI,dtlz2,49,1.313171537329402e-16,1.0262040391097651e-16,2.7217440939203383
MOBOImprovedScalarizedEI,dtlz4,0,1.0005680145078348,9.112496333426464e-60,1.6250143596186567e-41
MOBOImprovedScalarizedEI,dtlz4,1,1.0067778791104656,2.116171829561389e-68,3.273701740552833e-71
MOBOImprovedScalarizedEI,dtlz4,2,1.0003091972279992,8.059125376338768e-126,0.009050833221463
MOBOImprovedScalarizedEI,dtlz4,3,1.0024594995929286,1.1092289494274752e-79,1.0815479802018598e-40
MOBOImprovedScalarizedEI,dtlz4,4,9.644814648019142e-07,1.0009435201688588,9.101105399278913e-38
MOBOImprovedScalarizedEI,dtlz4,5,0.9633198084791972,0.5835561256422336,0.5743661751462343
MOBOImprovedScalarizedEI,dtlz4,6,6.493679762197215e-33,1.0604983847944351e-16,1.7319252955755005
MOBOImprovedScalarizedEI,dtlz4,7,1.059698206549813,0.0,2.5901173974960308e-36
MOBOImprovedScalarizedEI,dtlz4,8,5.548336057433296e-24,6.660237166808652e-17,1.087699273202003
MOBOImprovedScalarizedEI,dtlz4,9,1.406255118718288e-13,1.0080302905106684,2.304273443378028e-05
MOBOImprovedScalarizedEI,dtlz4,10,7.876540771951738e-17,1.2863367262194607,2.5e-323
MOBOImprovedScalarizedEI,dtlz4,11,1.009989778711308,2.3673986650816257e-07,1.0613758113391844e-265
MOBOImprovedScalarizedEI,dtlz4,12,1.1626083394119182,0.0,0.0
MOBOImprovedScalarizedEI,dtlz4,13,1.0183373616234133,3.2369498598378197e-164,0.0
MOBOImprovedScalarizedEI,dtlz4,14,6.362684593197134e-17,1.0391052502039095,3.3019781215843294e-05
MOBOImprovedScalarizedEI,dtlz4,15,6.510690112261838e-17,1.063276385778305,1.1928793306107055e-32
MOBOImprovedScalarizedEI,dtlz4,16,3.080376867170223e-26,5.030637191580301e-10,1.221842203978894
MOBOImprovedScalarizedEI,dtlz4,17,1.2717514779799024e-24,9.11615534579445e-12,1.105149776728866
MOBOImprovedScalarizedEI,dtlz4,18,9.12569812347542e-17,1.4903396031948293,0.0
MOBOImprovedScalarizedEI,dtlz4,19,4.843669455791081e-30,9.232410217402796e-17,1.5077670106729155
MOBOImprovedScalarizedEI,dtlz4,20,6.052748938016671e-05,1.197826088865937,0.0
MOBOImprovedScalarizedEI,dtlz4,21,1.0921220600719057,0.0,6.080793814795275e-42
MOBOImprovedScalarizedEI,dtlz4,22,3.0904524454695933e-07,1.1198368490010284,8.321264442936399e-43
MOBOImprovedScalarizedEI,dtlz4,23,1.7700683542645093e-13,1.268818504994495,0.0
MOBOImprovedScalarizedEI,dtlz4,24,7.072911132023817e-17,1.15509404620961,6.330955045810251e-173
MOBOImprovedScalarizedEI,dtlz4,25,1.5088022226068849e-05,1.120455416796161,3.6653355248771767e-134
MOBOImprovedScalarizedEI,dtlz4,26,2.2921738560631238e-14,1.3021675919728848,0.0
MOBOImprovedScalarizedEI,dtlz4,27,7.707833838265789e-17,1.2587847930737717,1.3135630832377405e-293
MOBOImprovedScalarizedEI,dtlz4,28,6.83865527899142e-17,1.1168371621520197,2.973310664080924e-34
MOBOImprovedScalarizedEI,dtlz4,29,1.0967577541257998,0.0,4.554013581021036e-128
MOBOImprovedScalarizedEI,dtlz4,30,0.0044118242257683,1.1065280669893671,9.93727743166441e-143
MOBOImprovedScalarizedEI,dtlz4,31,6.199638539430731e-17,0.0,1.0124778089073785
MOBOImprovedScalarizedEI,dtlz4,32,1.026637306245811,0.0,0.0384413879500816
MOBOImprovedScalarizedEI,dtlz4,33,1.0109170408179458,5.683686783131946e-83,1.0852507771919611e-05
MOBOImprovedScalarizedEI,dtlz4,34,0.9932697465223664,0.0378758036167706,0.1788681167076922
MOBOImprovedScalarizedEI,dtlz7,0,0.0331575539607206,1.6052255849349032e-08,5.961503038773196
MOBOImprovedScalarizedEI,dtlz7,1,0.0448839742885667,0.0004243092918854,5.936611328333278
MOBOImprovedScalarizedEI,dtlz7,2,0.2563132544829862,0.1250955032900001,5.427963109429495
MOBOImprovedScalarizedEI,dtlz7,3,0.0497209680132813,0.0,5.940558687409407
MOBOImprovedScalarizedEI,dtlz7,4,2.1470687604929637e-13,0.0,6.000000000000004
MOBOImprovedScalarizedEI,dtlz7,5,0.0556625368339916,0.0,5.921242264268964
MOBOImprovedScalarizedEI,dtlz7,6,2.1470687604929637e-13,0.0,6.000000000000004
MOBOImprovedScalarizedEI,dtlz7,7,0.0565917096710053,0.0252622870986698,5.890804471104346
MOBOImprovedScalarizedEI,dtlz7,8,0.0053798023309301,5.6089286884889765e-11,5.994555820134381
MOBOImprovedScalarizedEI,dtlz7,9,7.737581616701041e-09,0.0055352204613673,5.99464839236316
MOBOImprovedScalarizedEI,dtlz7,10,0.0209046711436288,3.9968662576010664e-08,5.977167955638775
MOBOImprovedScalarizedEI,dtlz7,11,9.310969396692943e-09,0.0221025104356622,5.974542221846306
MOBOImprovedScalarizedEI,dtlz7,12,0.1800986820705615,3.5926730760402456e-11,5.6711480490470185
MOBOImprovedScalarizedEI,dtlz7,13,0.0150623921491012,5.938294465062851e-11,5.984665581410205
MOBOImprovedScalarizedEI,dtlz7,14,3.743382025110376e-12,8.47543243929055e-16,5.999999999996551
MOBOImprovedScalarizedEI,dtlz7,15,5.958146441055075e-16,1.0659644004465925e-12,5.999999999999192
MOBOImprovedScalarizedEI,dtlz7,16,0.191104804814297,0.0,5.639590465656957
MOBOImprovedScalarizedEI,dtlz7,17,0.1514012281794392,0.275969488900213,5.522090741401543
MOBOImprovedScalarizedEI,dtlz7,18,3.532440774289139e-08,0.0349935293756842,5.956582039395573
MOBOImprovedScalarizedEI,dtlz7,19,0.0003829572237178,0.1125500306257495,5.838503701634286
MOBOImprovedScalarizedEI,dtlz7,20,0.0381708729879865,4.4234052723710645e-22,5.958152956590365
MOBOImprovedScalarizedEI,dtlz7,21,3.308986509566408e-13,5.011325734041098e-19,5.999999999999859
MOBOImprovedScalarizedEI,dtlz7,22,0.0002155983208748,0.1318328972657398,5.787603536008624
MOBOImprovedScalarizedEI,dtlz7,23,0.0,0.208035964676344,5.625685014763017
MOBOImprovedScalarizedEI,dtlz7,24,0.0,0.0428303343028981,5.944983515264123
MOBOImprovedScalarizedEI,dtlz7,25,1.3093098293747883e-09,0.0529536074649649,5.932076305883269
MOBOImprovedScalarizedEI,dtlz7,26,2.685733576604307e-10,0.2519885460236531,5.607695923054203
MOBOImprovedScalarizedEI,dtlz7,27,3.4562605652781253e-13,4.529520331176191e-19,5.999999999999852
MOBOImprovedScalarizedEI,dtlz7,28,3.7340293188263504e-17,0.0,6.000000000000008
MOBOImprovedScalarizedEI,dtlz7,29,3.4906865327027127e-17,0.0,6.000000000000011
MOBOImprovedScalarizedEI,dtlz7,30,3.4906865327027127e-17,0.0,6.000000000000011
MOBOImprovedScalarizedEI,dtlz7,31,2.685733576604307e-10,0.2519885460236531,5.607695923054203
MOBOImprovedScalarizedEI,dtlz7,32,0.0494726513581095,3.45459140844352e-06,5.932785691018515
MOBOImprovedScalarizedEI,dtlz7,33,0.0,2.989337699101944e-21,6.000000000000012
MOBOImprovedScalarizedEI,dtlz7,34,0.0,0.0,6.000000000000013
MOBOImprovedScalarizedEI,dtlz7,35,3.4906865327027127e-17,0.0,6.000000000000011
MOBOImprovedScalarizedEI,dtlz7,36,3.367309309339596e-13,5.010577796686698e-19,5.9999999999999405
MOBOImprovedScalarizedEI,dtlz7,37,0.0268716492795405,7.844247649220257e-16,5.96786638665454
MOBOImprovedScalarizedEI,dtlz7,38,1.905760289934682e-09,0.7913373298124493,5.504844887521903
MOBOImprovedScalarizedEI,dtlz7,39,1.5384647778340417e-15,3.5107028662593093e-12,5.9999999999976765
MOBOImprovedScalarizedEI,dtlz7,40,0.0636874406222706,5.404272886500127e-07,5.918898253178412
MOBOImprovedScalarizedEI,dtlz7,41,0.7428749990776478,2.414757178873412e-11,5.199745710391029
MOBOImprovedScalarizedEI,dtlz7,42,1.5384647778340417e-15,3.5107028662593093e-12,5.9999999999976765
MOBOImprovedScalarizedEI,dtlz7,43,1.0752759174913953e-12,4.6283986685189136e-35,5.999999999999402
MOBOImprovedScalarizedEI,dtlz7,44,1.5384647778340417e-15,3.5107028662593093e-12,5.9999999999976765
MOBOImprovedScalarizedEI,dtlz7,45,0.8990269476286866,0.0,5.209242856081613
MOBOImprovedScalarizedEI,dtlz7,46,0.0,2.0583130112901014e-13,5.999999999999906
MOBOImprovedScalarizedEI,dtlz7,47,0.0309152440383969,2.8822772738125163e-08,5.961532715479747
MOBOImprovedScalarizedEI,dtlz7,48,0.136220721531987,0.0,5.741546415116812
MOBOImprovedScalarizedEI,dtlz7,49,0.0,2.058570368836328e-13,5.999999999999904
MOBOImprovedScalarizedEI,dtlz7,50,0.0,0.2129129909309475,5.61306546453362
MOBOImprovedScalarizedEI,dtlz7,51,0.0,1.7116027989653984e-13,5.9999999999999405
MOBOImprovedScalarizedEI,dtlz7,52,0.8592478847667676,2.4340052939212524e-13,4.507152507106242
MOBOImprovedScalarizedEI,dtlz7,53,3.5064133676170694e-08,0.0040867607462556,5.996588642147829
MOBOImprovedScalarizedEI,dtlz7,54,0.1890951553140762,7.501336813537625e-06,5.655413226640941
MOBOImprovedScalarizedEI,dtlz7,55,0.2535143673751848,7.055902689190413e-06,5.579464406143044
MOBOImprovedScalarizedEI,dtlz7,56,0.1722762797898553,8.650264745371081e-06,5.678008642731811
MOBOImprovedScalarizedEI,dtlz7,57,0.2477682422371855,0.0,5.583490519804393
MOBOImprovedScalarizedEI,dtlz7,58,0.2240559491743658,0.0,5.600951901637793
MOBOImprovedScalarizedEI,dtlz7,59,0.2743884989419008,1.8501874396709208e-21,5.583190911715293
MOBOImprovedScalarizedEI,dtlz7,60,0.1677068619787382,1.777863314137187e-07,5.685099032346012
MOBOImprovedScalarizedEI,dtlz7,61,3.631157512918705e-05,0.0276856743749627,5.970493579570154
MOBOImprovedScalarizedEI,dtlz7,62,0.235764641034358,5.6711106864821335e-06,5.5800948707675255
MOBOImprovedScalarizedEI,dtlz7,63,3.632713996310612e-13,1.5920705438096657e-18,5.999999999999711
MOBOImprovedScalarizedEI,dtlz7,64,0.1679750083466032,1.5795751278629523e-11,5.692188740697764
MOBOImprovedScalarizedEI,dtlz7,65,0.2113609895457665,0.0,5.606812690305064
MOBOImprovedScalarizedEI,wfg4,0,1.6140470987995934,2.452671812998239,
MOBOImprovedScalarizedEI,wfg4,1,2.0121009299796926,0.0121009299796935,
MOBOImprovedScalarizedEI,wfg4,2,1.9429249415152496,1.2555563874414344,
MOBOImprovedScalarizedEI,wfg4,3,1.855622172224726,1.9608993508844803,
MOBOImprovedScalarizedEI,wfg4,4,1.7527248636389068,2.133757936738412,
MOBOImprovedScalarizedEI,wfg4,5,1.1339614193110084,3.412856076426629,
MOBOImprovedScalarizedEI,wfg4,6,1.880305551312893,1.5787245567591248,
MOBOImprovedScalarizedEI,wfg4,7,1.1501062881460593,3.378417180282617,
MOBOImprovedScalarizedEI,wfg4,8,1.9030536485964848,1.3177139507532998,
MOBOImprovedScalarizedEI,wfg4,9,1.2070602466034384,3.2390919289657427,
MOBOImprovedScalarizedEI,wfg4,10,1.92303203105261,1.274028062408099,
MOBOImprovedScalarizedEI,wfg4,11,0.952709002580984,3.587174529825216,
MOBOImprovedScalarizedEI,wfg4,12,0.5698376821444064,3.8593757418766192,
MOBOImprovedScalarizedEI,wfg4,13,0.4298049132499935,3.929850880749567,
MOBOImprovedScalarizedEI,wfg4,14,1.506974385998814,2.678275220619375,
MOBOImprovedScalarizedEI,wfg4,15,1.1977820812487108,3.306957484539409,
MOBOImprovedScalarizedEI,wfg4,16,1.1860033670060328,3.3199149000802093,
MOBOImprovedScalarizedEI,wfg4,17,1.9001521176075624,1.4720123795431386,
MOBOImprovedScalarizedEI,wfg4,18,1.610128193391085,2.498307299279406,
MOBOImprovedScalarizedEI,wfg4,19,1.995001139248528,0.8143265518952252,
MOBOImprovedScalarizedEI,wfg4,20,1.7171982304675115,2.247654927901624,
MOBOImprovedScalarizedEI,wfg4,21,0.2238609999430378,4.000328796643441,
MOBOImprovedScalarizedEI,wfg4,22,1.5950887359664896,2.6062036205443944,
MOBOImprovedScalarizedEI,wfg4,23,0.7668444173327954,3.7392025174333017,
MOBOImprovedScalarizedEI,wfg4,24,0.9619618495757156,3.577862096401904,
MOBOImprovedScalarizedEI,wfg4,25,0.1987263739221229,4.02361940090436,
MOBOImprovedScalarizedEI,wfg4,26,1.8004071695376656,1.980171342521219,
MOBOImprovedScalarizedEI,wfg4,27,1.9714405737770608,1.0482410199390857,
MOBOImprovedScalarizedEI,wfg4,28,0.8928379838013224,3.6059991052546754,
MOBOImprovedScalarizedEI,wfg4,29,1.1404947255774642,3.3908074813560662,
MOBOImprovedScalarizedEI,wfg4,30,1.4151718253648375,3.1106691857073043,
MOBOImprovedScalarizedEI,wfg4,31,1.478435760799742,2.744370281353356,
MOBOImprovedScalarizedEI,wfg4,32,1.6649527099907455,2.420672774045768,
MOBOImprovedScalarizedEI,wfg4,33,1.1514765335475816,3.321514411796278,
MOBOImprovedScalarizedEI,wfg4,34,0.2919910826057007,3.989083809967988,
MOBOImprovedScalarizedEI,wfg4,35,1.0710393371684497,3.470402165513662,
MOBOImprovedScalarizedEI,wfg4,36,1.6709681949596726,2.305185698158164,
MOBOImprovedScalarizedEI,wfg4,37,1.4246735097721133,2.967985256862609,
MOBOImprovedScalarizedEI,wfg4,38,1.9487206182253427,1.116435537679649,
MOBOImprovedScalarizedEI,wfg4,39,1.9742181645127463,0.8532474706015081,
MOBOImprovedScalarizedEI,wfg4,40,0.345262566070467,3.973153107133004,
MOBOImprovedScalarizedEI,wfg4,41,0.4895616022134488,3.907493490927062,
MOBOImprovedScalarizedEI,wfg4,42,1.3168011997545952,3.110805228473711,
MOBOImprovedScalarizedEI,wfg4,43,1.7816420635959334,2.1198043104876305,
MOBOImprovedScalarizedEI,wfg4,44,0.5503225288746709,3.865888188336005,
MOBOImprovedScalarizedEI,wfg4,45,0.3471915590764134,3.969588421898285,
MOBOImprovedScalarizedEI,wfg4,46,1.0949222076540486,3.425174446912542,
MOBOImprovedScalarizedEI,wfg4,47,1.0049410772673202,3.5121059801657446,
MOBOImprovedScalarizedEI,wfg4,48,0.8911557095444056,3.722408792868817,
MOBOImprovedScalarizedEI,wfg4,49,1.054816788502341,3.501729380043664,
MOBOImprovedScalarizedEI,wfg4,50,0.4020289858778814,3.9452881626862166,
MOBOImprovedScalarizedEI,wfg4,51,0.5453460640642218,3.8663540408099,
MOBOImprovedScalarizedEI,wfg4,52,0.3107238248770313,3.984411833661656,
MOBOImprovedScalarizedEI,wfg4,53,0.6511649254256302,3.819392707035216,
MOBOImprovedScalarizedEI,wfg4,54,1.9675664680973703,1.054678061990573,
MOBOImprovedScalarizedEI,wfg7,0,1.314502149823208,2.1262276878131656,4.4466459152217706
MOBOImprovedScalarizedEI,wfg7,1,1.2219930379574933,3.229903184549154,3.43129531808727
MOBOImprovedScalarizedEI,wfg7,2,1.2304224344052983,2.36595442704625,5.180147251366701
MOBOImprovedScalarizedEI,wfg7,3,0.6909092823675784,3.2364345005515887,4.595546284743112
MOBOImprovedScalarizedEI,wfg7,4,1.8008366424997595,2.865993325849308,2.194630267419792
MOBOImprovedScalarizedEI,wfg7,5,0.6069706070409611,3.434813098875781,4.850488062300244
MOBOImprovedScalarizedEI,wfg7,6,1.8962313620142328,2.115064928554695,0.1532866017269451
MOBOImprovedScalarizedEI,wfg7,7,1.4858244206119298,2.9989651583197925,0.1051033194709959
MOBOImprovedScalarizedEI,wfg7,8,1.820811225179611,0.1146109888286904,3.245094462876199
MOBOImprovedScalarizedEI,wfg7,9,0.1781534037586348,3.7633869518062446,2.835991624910635
MOBOImprovedScalarizedEI,wfg7,10,0.3991469286254752,0.1855575502674934,6.06979601796468
MOBOImprovedScalarizedEI,wfg7,11,0.0494867760670889,4.049483456560576,0.0496248903448698
MOBOImprovedScalarizedEI,wfg7,12,0.1706759610093512,0.1465548774130749,6.144929867584215
MOBOImprovedScalarizedEI,wfg7,13,1.4522895696983449,2.854714479726114,4.207675120200838
MOBOImprovedScalarizedEI,wfg7,14,0.6227450159234398,2.0775054916602977,5.7551931953696736
MOBOImprovedScalarizedEI,wfg7,15,1.2566302262804314,3.45545730848332,2.333959890120541
MOBOImprovedScalarizedEI,wfg7,16,1.214837217689737,2.4849764453857035,4.696754482691946
MOBOImprovedScalarizedEI,wfg7,17,1.1001942045237478,1.7270219214235465,5.320637987306627
MOBOImprovedScalarizedEI,wfg7,18,1.5533335983525325,2.721083398995507,3.8643571706575233
MOBOImprovedScalarizedEI,wfg7,19,0.6060747938465479,3.6997259339625206,4.409491140019166
MOBOImprovedScalarizedEI,wfg7,20,1.8352800521745087,2.150667181620568,0.1139570320540083
MOBOImprovedScalarizedEI,wfg7,21,1.3750014519524936,0.8389726451468008,5.237980520020434
MOBOImprovedScalarizedEI,wfg7,22,1.0245171320679949,1.6258654175910516,5.85615002251871
MOBOImprovedScalarizedEI,wfg7,23,1.9912646510313976,0.1255845359663667,2.210060940142784
MOBOImprovedScalarizedEI,wfg7,24,0.5186674521158463,4.038021486418424,0.1187885117104737
MOBOImprovedScalarizedEI,wfg7,25,2.0432515503915223,0.0432515503920428,0.0432558458596445
MOBOImprovedScalarizedEI,wfg7,26,1.5318431819279017,0.2833696308578285,4.97078085852907
MOBOImprovedScalarizedEI,wfg7,27,1.905247697413884,0.1170765267531902,2.80370739346246
MOBOImprovedScalarizedEI,wfg7,28,0.2330895509287527,0.1361381079835162,6.128964103982585
MOBOImprovedScalarizedEI,wfg7,29,1.0369058172091412,3.797137196471755,0.1814793092148712
MOBOImprovedScalarizedEI,wfg7,30,2.0369585594215947,1.1728764880977829,0.1102914646944886
MOBOImprovedScalarizedEI,wfg7,31,0.1580586473615833,0.1518610944174277,6.1518322870918
MOBOImprovedScalarizedEI,wfg7,32,1.7017108472195437,0.0604700636537918,3.478994990958948
MOBOImprovedScalarizedEI,wfg7,33,0.6497146262375123,3.387148296050342,4.74522031764524
MOBOImprovedScalarizedEI,wfg7,34,1.1815098719294648,3.263275611389881,4.353551201307143
MOBOImprovedScalarizedEI,wfg7,35,0.0757788483290234,4.002940811730055,1.212939748625146
MOBOImprovedScalarizedEI,wfg7,36,0.5725127054927452,2.694607745363437,5.639121350886097
MOBOImprovedScalarizedEI,wfg7,37,0.4988585897909678,3.525037386344816,4.422510492724991
MOBOImprovedScalarizedEI,wfg7,38,0.9407130720306072,1.2751173153869666,5.90422298102736
MOBOImprovedScalarizedEI,wfg7,39,0.670806618104269,0.1739600516713772,5.985869497353976
MOBOImprovedScalarizedEI,wfg7,40,1.235917739308067,0.4631752524335972,5.27260417939794
MOBOImprovedScalarizedEI,wfg7,41,0.7470614297348023,3.898030607516824,0.2638115139488298
MOBOImprovedScalarizedEI,wfg7,42,1.2502491310306816,3.7552963568968383,3.2938000475262617
MOBOImprovedScalarizedEI,wfg7,43,0.4943513371535921,2.1942901459317845,5.743548733765127
MOBOImprovedScalarizedEI,wfg7,44,1.170759459338923,1.6041392990839938,5.40603707239313
MOBOImprovedScalarizedEI,wfg7,45,1.0154960963372996,2.1838965995141875,5.250139729962654
MOBOImprovedScalarizedEI,wfg7,46,0.6278514198955123,3.923128781315256,0.077591656777306
MOBOImprovedScalarizedEI,wfg7,47,0.8042653485396145,3.8428304499365873,0.0994466397047842
MOBOImprovedScalarizedEI,wfg7,48,1.597668044135225,0.09650849093073,4.04788566369689
MOBOImprovedScalarizedEI,wfg7,49,0.5130251620864125,0.1342173995905815,6.0256126549169
MOBOImprovedScalarizedEI,wfg7,50,0.41741568074791,0.1648675712833302,6.075119858977071
MOBOImprovedScalarizedEI,wfg7,51,0.2519501749139911,3.923670239355024,2.632404181429594
MOBOImprovedScalarizedEI,wfg7,52,1.4508069602237268,0.7253937471664774,5.121567512664291
MOBOImprovedScalarizedEI,wfg7,53,0.6881013477949953,2.5936153725295843,5.173658452328601
MOBOImprovedScalarizedEI,wfg7,54,0.9844432625487832,2.252313287703819,5.205193561368424
MOBOImprovedScalarizedEI,wfg7,55,0.8185362809558104,3.169809320528892,4.581118975315356
MOBOImprovedScalarizedEI,wfg7,56,0.4500333849490557,2.7736995923807246,5.333722178314077
MOBOImprovedScalarizedEI,wfg7,57,0.2377976849411668,2.779933734877661,4.870234914211507
MOBOImprovedScalarizedEI,wfg7,58,2.0410206684866603,0.0527455987713399,0.6963265483953972
MOBOImprovedScalarizedEI,wfg7,59,0.6226745166141687,3.962002514467118,0.1121996456774767
MOBOImprovedScalarizedEI,wfg9,0,0.7445877427670498,3.725338805721001,
MOBOImprovedScalarizedEI,wfg9,1,0.4120074460363644,3.9454669946685335,
MOBOImprovedScalarizedEI,wfg9,2,1.185701939109796,3.2916130421629326,
MOBOImprovedScalarizedEI,wfg9,3,1.5973437846416791,2.540080731776984,
MOBOImprovedScalarizedEI,wfg9,4,1.3542203896141052,3.0514710056138905,
MOBOImprovedScalarizedEI,wfg9,5,1.722602404541533,2.0611277191227413,
MOBOImprovedScalarizedEI,wfg9,6,1.998548012454728,0.5296391834732633,
MOBOImprovedScalarizedEI,wfg9,7,1.2579422371666176,3.1637530368802085,
MOBOImprovedScalarizedEI,wfg9,8,0.5396594975965039,3.8560988851998017,
MOBOImprovedScalarizedEI,wfg9,9,0.1251673154465871,4.002700028174932,
MOBOImprovedScalarizedEI,wfg9,10,1.584372447995798,2.6187485687133707,
MOBOImprovedScalarizedEI,wfg9,11,0.6576141297620772,3.808020906410548,
MOBOImprovedScalarizedEI,wfg9,12,0.517701121849068,3.904568337342349,
MOBOImprovedScalarizedEI,wfg9,13,1.099745981512329,3.393197796182791,
MOBOImprovedScalarizedEI,wfg9,14,1.6275924661759964,2.4189840485474683,
MOBOImprovedScalarizedEI,wfg9,15,1.573301282399138,2.656681660431702,
MOBOImprovedScalarizedEI,wfg9,16,1.8825613285112683,1.5264942252548468,
MOBOImprovedScalarizedEI,wfg9,17,1.2217680310144463,3.2528663064964536,
MOBOImprovedScalarizedEI,wfg9,18,1.5825393589827548,2.636961826142893,
MOBOImprovedScalarizedEI,wfg9,19,1.361871051895444,2.995448547106114,
MOBOImprovedScalarizedEI,wfg9,20,1.6723198807655482,2.25995100223047,
MOBOImprovedScalarizedEI,wfg9,21,1.710645502493542,2.1401810570814512,
MOBOImprovedScalarizedEI,wfg9,22,1.6981166142439863,2.166430903822324,
MOBOImprovedScalarizedEI,wfg9,23,1.6192110333082508,2.4446506165894624,
MOBOImprovedScalarizedEI,wfg9,24,1.8663389549986884,1.6317758244505982,
MOBOImprovedScalarizedEI,wfg9,25,1.2802096420421818,3.152921181472354,
MOBOImprovedScalarizedEI,wfg9,26,0.960930517211909,3.528273235602076,
MOBOImprovedScalarizedEI,wfg9,27,1.667592556869397,2.2784185773202985,
MOBOImprovedScalarizedEI,wfg9,28,1.762865141086878,1.9535523782505075,
MOBOImprovedScalarizedEI,wfg9,29,0.8159317810301041,3.699416067090924,
MOBOImprovedScalarizedEI,wfg9,30,1.5092956821279824,2.752271260119645,
MOBOImprovedScalarizedEI,wfg9,31,1.4239122735509493,2.8425081809552344,
MOBOImprovedScalarizedEI,wfg9,32,1.980485744586732,0.7553592398984443,
MOBOImprovedScalarizedEI,wfg9,33,0.4796131935266123,3.90659280713964,
MOBOImprovedScalarizedEI,wfg9,34,1.9659677924690764,0.9003903306761584,
MOBOImprovedScalarizedEI,wfg9,35,0.1090956131116814,4.002770557901647,
MOBOImprovedScalarizedEI,wfg9,36,1.7922159949083143,1.8133588769963307,
MOBOImprovedScalarizedEI,wfg9,37,1.194631839664911,3.277700108136499,
MOBOImprovedScalarizedEI,wfg9,38,1.035117068275437,3.456705995047185,
MOBOImprovedScalarizedEI,wfg9,39,1.694682791784373,2.1922430088488385,
MOBOImprovedScalarizedEI,wfg9,40,1.9190698715683376,1.2354968070867516,
MOBOImprovedScalarizedEI,wfg9,41,0.5281812310601784,3.885942761422696,
MOBOImprovedScalarizedEI,wfg9,42,1.6931261305681462,2.2407488268640883,
MOBOImprovedScalarizedEI,wfg9,43,1.7804375650679047,1.8565446837002888,
MOBOImprovedScalarizedEI,wfg9,44,0.7196716670104716,3.7969558631703935,
MOBOImprovedScalarizedEI,wfg9,45,1.2559683630783327,3.167869261375001,
MOBOImprovedScalarizedEI,wfg9,46,1.948616590197052,1.0272207997132492,
MOBOImprovedScalarizedEI,wfg9,47,0.0692324040352389,4.0044091273609,
MOBOImprovedScalarizedEI,wfg9,48,1.4551474181624813,2.803848067339932,
MOBOImprovedScalarizedEI,wfg9,49,1.5103397684835982,2.700877719182298,
MOBOImprovedScalarizedEI,wfg9,50,0.6577574692227272,3.799124304162896,
MOBOImprovedScalarizedEI,wfg9,51,0.6118799753449875,3.8341164200923896,
MOBOImprovedScalarizedEI,wfg9,52,1.2546860023239843,3.1899255427539,
MOBOImprovedScalarizedEI,wfg9,53,0.2373614904104677,3.99397830499924,
MOBOImprovedScalarizedEI,wfg9,54,1.8146936753157163,1.7288465454005224,
MOBOImprovedScalarizedEI,wfg9,55,1.6024746439567046,2.481297920617404,
MOBOImprovedScalarizedEI,wfg9,56,0.4485025617395799,3.912988202255785,
MOBOImprovedScalarizedEI,wfg9,57,0.6400201138416584,3.808892697511468,
MOBOImprovedScalarizedEI,wfg9,58,1.534925916708302,2.698800706753897,
MOBOImprovedScalarizedEI,wfg9,59,0.1680552922447732,3.999754808855056,
MOBOImprovedScalarizedEI,wfg9,60,1.884821384602892,1.4253431276119235,
MOBOImprovedScalarizedEI,wfg9,61,1.5878690960988555,2.614877407175333,
MOBOImprovedScalarizedEI,wfg9,62,0.3506092635586285,3.9605062391589856,
MOBOImprovedScalarizedEI,wfg9,63,1.4888821919262143,2.770011514905322,
MOBOImprovedScalarizedEI,wfg9,64,1.1240105408240302,3.3696163624706905,
MOBOImprovedScalarizedEI,wfg9,65,1.640570531825601,2.317903243995395,
MOBOImprovedScalarizedEI,wfg9,66,0.8868326145735418,3.6040516742691504,
MOBOImprovedScalarizedEI,wfg9,67,1.0207463954452674,3.465305025975865,
MOBOImprovedScalarizedEI,wfg9,68,0.3630561876820384,3.952807161244944,
MOBOImprovedScalarizedEI,wfg9,69,1.6439760971894777,2.292713889565042,
MOBOImprovedScalarizedEI,wfg9,70,1.6783979198152892,2.2543118757619203,
MOBOImprovedScalarizedEI,wfg9,71,1.8516547194442257,1.6554196680806337,
MOBOImprovedScalarizedEI,wfg9,72,1.3778305002309463,2.948909590115329,
MOBOImprovedScalarizedEI,zdt1,0,0.0001305334544792,0.988644446203112,
MOBOImprovedScalarizedEI,zdt1,1,1.23004680911082e-05,0.9965391353137631,
MOBOImprovedScalarizedEI,zdt1,2,0.1550758140565492,0.6347618248267209,
MOBOImprovedScalarizedEI,zdt1,3,0.1572022189525007,0.6229075749616728,
MOBOImprovedScalarizedEI,zdt1,4,0.0001283005658176,0.9887119533113338,
MOBOImprovedScalarizedEI,zdt1,5,0.0694994955188887,0.7493508670663311,
MOBOImprovedScalarizedEI,zdt1,6,0.0445956707726346,0.7952920870570331,
MOBOImprovedScalarizedEI,zdt1,7,1.2888169289162202e-09,0.9999698816008408,
MOBOImprovedScalarizedEI,zdt1,8,0.0625158404002066,0.7627394536575371,
MOBOImprovedScalarizedEI,zdt1,9,0.0625158404002066,0.7627394536575373,
MOBOImprovedScalarizedEI,zdt1,10,2.5007433846923367e-09,0.9999521986758432,
MOBOImprovedScalarizedEI,zdt1,11,0.0445956707726346,0.7952920870570331,
MOBOImprovedScalarizedEI,zdt1,12,0.1900347240058264,0.5819243665398522,
MOBOImprovedScalarizedEI,zdt1,13,0.0445956707726346,0.7952920870570331,
MOBOImprovedScalarizedEI,zdt1,14,5.6686700987422766e-11,0.9999952332965972,
MOBOImprovedScalarizedEI,zdt1,15,0.1661043952233986,0.6030250648334814,
MOBOImprovedScalarizedEI,zdt1,16,2.536085501420688e-09,0.9999512640538328,
MOBOImprovedScalarizedEI,zdt1,17,2.219792386279057e-09,0.999953484372632,
MOBOImprovedScalarizedEI,zdt1,18,0.0445956707726346,0.7952920870570331,
MOBOImprovedScalarizedEI,zdt1,19,2.219780453170778e-09,0.9999541459029456,
MOBOImprovedScalarizedEI,zdt1,20,7.436067973486024e-11,0.9999917835134556,
MOBOImprovedScalarizedEI,zdt1,21,0.011476535045267,0.8953009087393279,
MOBOImprovedScalarizedEI,zdt1,22,0.045202427157096,0.7924071491709428,
MOBOImprovedScalarizedEI,zdt1,23,2.264296133875426e-09,0.9999524493203508,
MOBOImprovedScalarizedEI,zdt1,24,7.45208035440576e-11,0.999991744634938,
MOBOImprovedScalarizedEI,zdt1,25,4.126066460262638e-12,0.9999980037092664,
MOBOImprovedScalarizedEI,zdt1,26,4.163287790157858e-12,0.9999979790440277,
MOBOImprovedScalarizedEI,zdt1,27,5.724210584290539e-11,0.9999948684742408,
MOBOImprovedScalarizedEI,zdt1,28,2.070821538015529e-09,0.9999555321669428,
MOBOImprovedScalarizedEI,zdt1,29,0.0371199733071498,0.8120136652271913,
MOBOImprovedScalarizedEI,zdt1,30,7.436067973486024e-11,0.9999917835134556,
MOBOImprovedScalarizedEI,zdt1,31,0.2459656626811014,0.5180079650188597,
MOBOImprovedScalarizedEI,zdt1,32,2.7029743180986392e-08,0.999836321822448,
MOBOImprovedScalarizedEI,zdt1,33,0.0114538390260845,0.8953163650714976,
MOBOImprovedScalarizedEI,zdt1,34,0.0,1.0000000050779296,
MOBOImprovedScalarizedEI,zdt1,35,1.758527623439113e-17,0.999999999049792,
MOBOImprovedScalarizedEI,zdt1,36,1.1579752003117764e-11,0.9999966036838854,
MOBOImprovedScalarizedEI,zdt1,37,3.878032336348888e-05,0.9951649776406658,
MOBOImprovedScalarizedEI,zdt1,38,3.297432368222527e-05,0.99537075569654,
MOBOImprovedScalarizedEI,zdt1,39,2.5079476224913912e-06,0.998597321726502,
MOBOImprovedScalarizedEI,zdt1,40,4.162397292795344e-07,0.9994949967475208,
MOBOImprovedScalarizedEI,zdt1,41,0.8246066785614945,0.2041248018343257,
MOBOImprovedScalarizedEI,zdt1,42,0.9967446549428652,0.1339714601178782,
MOBOImprovedScalarizedEI,zdt1,43,6.228953662993878e-07,0.9992348785756614,
MOBOImprovedScalarizedEI,zdt1,44,6.248001401336972e-09,0.9999302357184664,
MOBOImprovedScalarizedEI,zdt1,45,0.0391725747997143,0.8070397291548003,
MOBOImprovedScalarizedEI,zdt1,46,0.0006714504182496,0.97423111503968,
MOBOImprovedScalarizedEI,zdt1,47,0.0946463359298269,0.701858403851121,
MOBOImprovedScalarizedEI,zdt1,48,6.400264426002623e-09,0.9999227671674245,
MOBOImprovedScalarizedEI,zdt1,49,8.019460245225312e-10,0.9999806551646324,
MOBOImprovedScalarizedEI,zdt1,50,6.478455641721181e-09,0.9999212147684916,
MOBOImprovedScalarizedEI,zdt1,51,7.180218116764226e-08,0.9997394539516432,
MOBOImprovedScalarizedEI,zdt1,52,6.027214577713319e-07,0.9992471402230704,
MOBOImprovedScalarizedEI,zdt1,53,0.0179565900933626,0.8671102693894642,
MOBOImprovedScalarizedEI,zdt1,54,6.754882852109142e-09,0.9999202376148866,
MOBOImprovedScalarizedEI,zdt1,55,0.4366985444056261,0.3778063616850966,
MOBOImprovedScalarizedEI,zdt1,56,0.0327151173364474,0.8206359146481185,
MOBOImprovedScalarizedEI,zdt1,57,0.0127290620842355,0.8894326706534427,
MOBOImprovedScalarizedEI,zdt1,58,1.6859576483519615e-10,0.9999872877150142,
MOBOImprovedScalarizedEI,zdt1,59,0.032670321692318,0.8210722479833047,
MOBOImprovedScalarizedEI,zdt1,60,0.1680657289381131,0.5993943273972097,
MOBOImprovedScalarizedEI,zdt1,61,7.21668320599344e-08,0.9997355903221072,
MOBOImprovedScalarizedEI,zdt1,62,0.0195275760267482,0.860813755722312,
MOBOImprovedScalarizedEI,zdt1,63,8.16613682749775e-08,0.99971574960334,
MOBOImprovedScalarizedEI,zdt1,64,0.1225639831481233,0.6608360192259866,
MOBOImprovedScalarizedEI,zdt1,65,8.167880437693967e-08,0.9997148766371196,
MOBOImprovedScalarizedEI,zdt1,66,0.0189132207761707,0.8632636714419808,
MOBOImprovedScalarizedEI,zdt1,67,0.0837094638339055,0.7206802262224064,
MOBOImprovedScalarizedEI,zdt1,68,0.0216939073670143,0.8532826680967144,
MOBOImprovedScalarizedEI,zdt1,69,0.1002565572764994,0.6904245021240658,
MOBOImprovedScalarizedEI,zdt1,70,1.333430656844354e-09,0.9999645540213684,
MOBOImprovedScalarizedEI,zdt1,71,0.0124838680388109,0.890273995281457,
MOBOImprovedScalarizedEI,zdt1,72,1.6650200601500648e-10,0.9999873737183794,
MOBOImprovedScalarizedEI,zdt1,73,0.0104836190975364,0.9043769799575804,
MOBOImprovedScalarizedEI,zdt1,74,7.197906689302489e-12,0.9999974097277664,
MOBOImprovedScalarizedEI,zdt1,75,8.161860540332189e-08,0.9997157807962068,
MOBOImprovedScalarizedEI,zdt1,76,2.650355900375167e-09,0.999948770735871,
MOBOImprovedScalarizedEI,zdt1,77,1.6203854492917408e-10,0.999988977566212,
MOBOImprovedScalarizedEI,zdt1,78,9.034868129493655e-12,0.99999700781451,
MOBOImprovedScalarizedEI,zdt1,79,0.0097677862333981,0.9230756761796164,
MOBOImprovedScalarizedEI,zdt1,80,8.15994168363681e-08,0.9997158316866188,
MOBOImprovedScalarizedEI,zdt1,81,6.478417966226697e-09,0.9999215983945862,
MOBOImprovedScalarizedEI,zdt1,82,0.032670321692318,0.8210722479833047,
MOBOImprovedScalarizedEI,zdt1,83,0.0169297472773678,0.8701564363752712,
MOBOImprovedScalarizedEI,zdt1,84,8.405713012103315e-12,0.9999971088022316,
MOBOImprovedScalarizedEI,zdt1,85,0.0195275760267482,0.860813755722312,
MOBOImprovedScalarizedEI,zdt1,86,2.2992989986849095e-11,0.999995368715282,
MOBOImprovedScalarizedEI,zdt1,87,8.938828543145241e-12,0.9999970120764308,
MOBOImprovedScalarizedEI,zdt1,88,0.0167360440215548,0.8710028557089184,
MOBOImprovedScalarizedEI,zdt1,89,0.1173760271265147,0.6649727770931783,
MOBOImprovedScalarizedEI,zdt1,90,0.0103467679051741,0.9060214281320376,
MOBOImprovedScalarizedEI,zdt1,91,0.0101870704270755,0.9129374698968988,
MOBOImprovedScalarizedEI,zdt1,92,1.1046383707518618e-11,0.9999968400118924,
MOBOImprovedScalarizedEI,zdt1,93,0.0116392227279677,0.8938753952866874,
MOBOImprovedScalarizedEI,zdt1,94,1.6235944859263478e-10,0.9999889448430468,
MOBOImprovedScalarizedEI,zdt1,95,1.2413442490729028e-11,0.9999965879321776,
MOBOImprovedScalarizedEI,zdt1,96,8.772623344796383e-12,0.9999970446570255,
MOBOImprovedScalarizedEI,zdt1,97,0.0128773525141743,0.8887152910164023,
MOBOImprovedScalarizedEI,zdt1,98,0.0218548833808966,0.8532239088845621,
MOBOImprovedScalarizedEI,zdt1,99,4.910080769696012e-08,0.999783505316714,
MOBOImprovedScalarizedEI,zdt1,100,0.0168502843540411,0.8704845707962037,
MOBOImprovedScalarizedEI,zdt1,101,0.017274373033761,0.869601699439804,
MOBOImprovedScalarizedEI,zdt1,102,0.0112556013077332,0.8995753553388233,
MOBOImprovedScalarizedEI,zdt1,103,0.0892573977374168,0.7111422532066478,
MOBOImprovedScalarizedEI,zdt1,104,0.1636210391240747,0.6070211531722716,
MOBOImprovedScalarizedEI,zdt1,105,0.844711779961138,0.1596275927931869,
MOBOImprovedScalarizedEI,zdt1,106,0.0030769612542571,0.9449815502536556,
MOBOImprovedScalarizedEI,zdt1,107,0.0001487379300836,0.9878233905637822,
MOBOImprovedScalarizedEI,zdt1,108,5.3305496760569655e-09,0.9999401454323584,
MOBOImprovedScalarizedEI,zdt1,109,5.964860995082263e-09,0.9999324560070442,
MOBOImprovedScalarizedEI,zdt1,110,0.1703792453840115,0.5932096619323317,
MOBOImprovedScalarizedEI,zdt1,111,0.9992491632273358,0.0449792770153067,
MOBOImprovedScalarizedEI,zdt1,112,0.0159859935548548,0.8747675450171585,
MOBOImprovedScalarizedEI,zdt1,113,0.1124182617464392,0.6708009817962216,
MOBOImprovedScalarizedEI,zdt1,114,0.0147859633571883,0.8791052962101075,
MOBOImprovedScalarizedEI,zdt1,115,0.0147859633571883,0.8791052962101076,
MOBOImprovedScalarizedEI,zdt1,116,0.0147857356409389,0.8791105767786574,
MOBOImprovedScalarizedEI,zdt1,117,0.0149578183247109,0.8783925152665522,
MOBOImprovedScalarizedEI,zdt1,118,0.0214014905531194,0.8542636828076041,
MOBOImprovedScalarizedEI,zdt1,119,0.0144541848945239,0.880269193656135,
MOBOImprovedScalarizedEI,zdt1,120,0.8160112353148712,0.2478260147669103,
MOBOImprovedScalarizedEI,zdt1,121,1.1587673197571904e-10,0.9999899543906192,
MOBOImprovedScalarizedEI,zdt1,122,0.0160628313039429,0.8737530656653235,
MOBOImprovedScalarizedEI,zdt1,123,0.0131867425296478,0.8858183024515525,
MOBOImprovedScalarizedEI,zdt1,124,0.0419012432586306,0.7979837221556817,
MOBOImprovedScalarizedEI,zdt1,125,0.0144348324464208,0.8803317072488203,
MOBOImprovedScalarizedEI,zdt1,126,0.1445541526488427,0.6382960154133278,
MOBOImprovedScalarizedEI,zdt1,127,0.0209700206841761,0.8555893323903713,
MOBOImprovedScalarizedEI,zdt1,128,0.1744169341924224,0.5914380612888469,
MOBOImprovedScalarizedEI,zdt1,129,0.020970772001948,0.8555867892886261,
MOBOImprovedScalarizedEI,zdt1,130,0.0209700206841761,0.8555893323903714,
MOBOImprovedScalarizedEI,zdt1,131,3.2666123519543616e-10,0.9999820359337056,
MOBOImprovedScalarizedEI,zdt1,132,0.0141299521976964,0.8813787461855184,
MOBOImprovedScalarizedEI,zdt1,133,0.0156205127645384,0.8755041985330833,
MOBOImprovedScalarizedEI,zdt1,134,3.341195056869321e-10,0.9999818664115696,
MOBOImprovedScalarizedEI,zdt1,135,0.0203416568155284,0.8583013046466527,
MOBOImprovedScalarizedEI,zdt1,136,0.015034260852056,0.8780002587620469,
MOBOImprovedScalarizedEI,zdt1,137,0.0132609017590212,0.8853373896007138,
MOBOImprovedScalarizedEI,zdt1,138,0.0135679066291497,0.8839511195250945,
MOBOImprovedScalarizedEI,zdt1,139,0.0149305843710739,0.8784086511469139,
MOBOImprovedScalarizedEI,zdt1,140,3.2666123519543616e-10,0.9999820359337056,
MOBOImprovedScalarizedEI,zdt1,141,0.0580493324436742,0.7715764947029367,
MOBOImprovedScalarizedEI,zdt1,142,2.4328987125623137e-10,0.9999844775377764,
MOBOImprovedScalarizedEI,zdt1,143,0.0209700206841761,0.8555893323903714,
MOBOImprovedScalarizedEI,zdt1,144,2.415005255120839e-10,0.999984484164702,
MOBOImprovedScalarizedEI,zdt1,145,0.0148478675040199,0.8785925814587721,
MOBOImprovedScalarizedEI,zdt1,146,0.0372857821263643,0.8094990842351864,
MOBOImprovedScalarizedEI,zdt1,147,2.433032277587944e-10,0.9999844726439476,
MOBOImprovedScalarizedEI,zdt1,148,0.1247451173890515,0.6519719903294988,
MOBOImprovedScalarizedEI,zdt1,149,0.2101644654172227,0.5500873195247558,
MOBOImprovedScalarizedEI,zdt1,150,1.4015054175980889e-11,0.9999963574301932,
MOBOImprovedScalarizedEI,zdt1,151,0.0211569723255868,0.8548244016631531,
MOBOImprovedScalarizedEI,zdt1,152,0.1767134416787134,0.5851927326311295,
MOBOImprovedScalarizedEI,zdt1,153,0.0160628313039429,0.8737530656653235,
MOBOImprovedScalarizedEI,zdt1,154,0.013913068013657,0.8821252652914529,
MOBOImprovedScalarizedEI,zdt1,155,2.437042664760403e-10,0.9999844486599176,
MOBOImprovedScalarizedEI,zdt1,156,0.0139848413176143,0.8818196317795026,
MOBOImprovedScalarizedEI,zdt1,157,0.0210135715994395,0.8554022399233634,
MOBOImprovedScalarizedEI,zdt1,158,1.4366633092571729e-11,0.9999963293520868,
MOBOImprovedScalarizedEI,zdt1,159,1.1563732472326712e-09,0.999971450276669,
MOBOImprovedScalarizedEI,zdt1,160,0.0200852212201989,0.8592291420850832,
MOBOImprovedScalarizedEI,zdt1,161,1.4032759137683472e-11,0.9999963385106648,
MOBOImprovedScalarizedEI,zdt1,162,0.0372857821263643,0.8094990842351864,
MOBOImprovedScalarizedEI,zdt1,163,2.442580057996794e-10,0.9999843862922752,
MOBOImprovedScalarizedEI,zdt1,164,0.8530797763691962,0.1584736275663963,
MOBOImprovedScalarizedEI,zdt1,165,5.88921730965401e-13,0.999999297611374,
MOBOImprovedScalarizedEI,zdt1,166,0.0372857821263643,0.8094990842351864,
MOBOImprovedScalarizedEI,zdt1,167,0.0205430751806682,0.8576272730979418,
MOBOImprovedScalarizedEI,zdt1,168,0.0212969956192966,0.854620559548858,
MOBOImprovedScalarizedEI,zdt1,169,0.0134829101308776,0.8843197826371167,
MOBOImprovedScalarizedEI,zdt1,170,2.3088869645114574e-10,0.9999848188752014,
MOBOImprovedScalarizedEI,zdt1,171,0.015034260852056,0.8780002587620469,
MOBOImprovedScalarizedEI,zdt1,172,0.0085216426343073,0.9268321087075628,
MOBOImprovedScalarizedEI,zdt1,173,0.7973813753647767,0.2603852776176506,
MOBOImprovedScalarizedEI,zdt1,174,0.016251161569871,0.873579601863758,
MOBOImprovedScalarizedEI,zdt1,175,0.0589270441574478,0.7689038653291996,
MOBOImprovedScalarizedEI,zdt1,176,0.016261897693277,0.8733429611886631,
MOBOImprovedScalarizedEI,zdt1,177,3.32276075410007e-06,0.9981926138554764,
MOBOImprovedScalarizedEI,zdt1,178,6.444443167437381e-08,0.999765163575777,
MOBOImprovedScalarizedEI,zdt1,179,0.002149444653072,0.9551591163878967,
MOBOImprovedScalarizedEI,zdt1,180,0.016309577066188,0.8729352359569365,
MOBOImprovedScalarizedEI,zdt1,181,0.0830354856553025,0.7323507257403421,
MOBOImprovedScalarizedEI,zdt1,182,0.0358003508389938,0.8142046787721354,
MOBOImprovedScalarizedEI,zdt1,183,1.7578064227337865e-06,0.9987113305739906,
MOBOImprovedScalarizedEI,zdt1,184,0.0296185893890233,0.8296823822893872,
MOBOImprovedScalarizedEI,zdt1,185,0.0296052499715975,0.8297970073244597,
MOBOImprovedScalarizedEI,zdt1,186,5.742294181306388e-07,0.999269878336454,
MOBOImprovedScalarizedEI,zdt1,187,0.0187413668093077,0.8644221506697122,
MOBOImprovedScalarizedEI,zdt1,188,2.364449628663867e-08,0.9998499905038244,
MOBOImprovedScalarizedEI,zdt1,189,0.0162673024185031,0.8732980250328637,
MOBOImprovedScalarizedEI,zdt1,190,0.016309577066188,0.8729352359569365,
MOBOImprovedScalarizedEI,zdt1,191,0.0291712802543377,0.830922141717933,
MOBOImprovedScalarizedEI,zdt1,192,6.500131349308355e-08,0.9997558930544176,
MOBOImprovedScalarizedEI,zdt1,193,0.0183005549321674,0.865391181270362,
MOBOImprovedScalarizedEI,zdt1,194,0.0189828048839744,0.8628018893063023,
MOBOImprovedScalarizedEI,zdt1,195,2.5094660824754186e-08,0.9998448373514284,
MOBOImprovedScalarizedEI,zdt1,196,0.0190445643405176,0.8626211394676954,
MOBOImprovedScalarizedEI,zdt1,197,0.016309577066188,0.8729352359569365,
MOBOImprovedScalarizedEI,zdt1,198,0.1183936538124097,0.66491949094794,
MOBOImprovedScalarizedEI,zdt1,199,2.039934733384337e-09,0.9999587130525148,
MOBOImprovedScalarizedEI,zdt1,200,1.8980333862884012e-09,0.9999599680378566,
MOBOImprovedScalarizedEI,zdt1,201,0.0184928143446285,0.8645498692031204,
MOBOImprovedScalarizedEI,zdt1,202,0.0344316463925892,0.8163409777750142,
MOBOImprovedScalarizedEI,zdt1,203,0.0154640241941594,0.8761846352317262,
MOBOImprovedScalarizedEI,zdt1,204,0.0297278457061788,0.8291361910781295,
MOBOImprovedScalarizedEI,zdt1,205,0.1282112357434177,0.6500661494427845,
MOBOImprovedScalarizedEI,zdt1,206,0.0187773947546497,0.8633760972856601,
MOBOImprovedScalarizedEI,zdt1,207,1.417540012694647e-09,0.9999642904137488,
MOBOImprovedScalarizedEI,zdt1,208,0.0279999278767439,0.8343145157399624,
MOBOImprovedScalarizedEI,zdt1,209,0.0224431997546569,0.8514688221945316,
MOBOImprovedScalarizedEI,zdt1,210,0.0359659493803039,0.8128855960911916,
MOBOImprovedScalarizedEI,zdt1,211,0.0190445643405176,0.8626211394676954,
MOBOImprovedScalarizedEI,zdt1,212,0.0191846649688516,0.8619956468418374,
MOBOImprovedScalarizedEI,zdt1,213,0.0196829356324651,0.8601796655712219,
MOBOImprovedScalarizedEI,zdt1,214,0.0261446381354971,0.8396076245792858,
MOBOImprovedScalarizedEI,zdt1,215,0.0163249504289334,0.8728691718531382,
MOBOImprovedScalarizedEI,zdt1,216,0.015256291828751,0.8775348398472835,
MOBOImprovedScalarizedEI,zdt1,217,0.0199048089147156,0.8593727530329425,
MOBOImprovedScalarizedEI,zdt1,218,0.0187774130301802,0.8633748498579146,
MOBOImprovedScalarizedEI,zdt1,219,0.0187773947546497,0.8633760972856601,
MOBOImprovedScalarizedEI,zdt1,220,0.0208979488457428,0.8560395477313198,
MOBOImprovedScalarizedEI,zdt1,221,0.0185240147990321,0.864436938586899,
MOBOImprovedScalarizedEI,zdt1,222,0.0307084495301303,0.8266537196633494,
MOBOImprovedScalarizedEI,zdt1,223,0.0162673024185031,0.8732980250328637,
MOBOImprovedScalarizedEI,zdt1,224,0.0222026976207843,0.8517985675792353,
MOBOImprovedScalarizedEI,zdt1,225,0.0201009162298277,0.85845798011847,
MOBOImprovedScalarizedEI,zdt1,226,0.0068074131422059,0.9343344931922576,
MOBOImprovedScalarizedEI,zdt1,227,0.2705362347564349,0.5002616853045471,
MOBOImprovedScalarizedEI,zdt1,228,0.3000464111808704,0.4688245314380362,
MOBOImprovedScalarizedEI,zdt1,229,0.0599181180130335,0.7673542655929017,
MOBOImprovedScalarizedEI,zdt1,230,0.0516587678703697,0.7775086524422804,
MOBOImprovedScalarizedEI,zdt1,231,0.3881448181105276,0.389589013886453,
MOBOImprovedScalarizedEI,zdt1,232,0.0248887318809386,0.843352485692546,
MOBOImprovedScalarizedEI,zdt1,233,0.0427165327618392,0.7958097621650626,
MOBOImprovedScalarizedEI,zdt1,234,0.4433843602811565,0.3523577819859659,
MOBOImprovedScalarizedEI,zdt1,235,0.0338438594597064,0.817316487366992,
MOBOImprovedScalarizedEI,zdt1,236,0.0232745564319204,0.8483339707745488,
MOBOImprovedScalarizedEI,zdt1,237,0.0500740056209472,0.7799598213530056,
MOBOImprovedScalarizedEI,zdt1,238,2.0986572673666072e-08,0.9998627091589696,
MOBOImprovedScalarizedEI,zdt1,239,0.0288073169767516,0.8310083713274293,
MOBOImprovedScalarizedEI,zdt1,240,0.0024265936000486,0.9523038709762736,
MOBOImprovedScalarizedEI,zdt1,241,0.0232745564319204,0.8483339707745488,
MOBOImprovedScalarizedEI,zdt1,242,0.0404530468610502,0.8012795968927537,
MOBOImprovedScalarizedEI,zdt1,243,0.0232745564319204,0.8483339707745488,
MOBOImprovedScalarizedEI,zdt1,244,0.0500740056209472,0.7799598213530056,
MOBOImprovedScalarizedEI,zdt1,245,0.0338438594597064,0.817316487366992,
MOBOImprovedScalarizedEI,zdt1,246,0.664515450049089,0.2631809183735766,
MOBOImprovedScalarizedEI,zdt1,247,0.0285533820053116,0.8317398869792187,
MOBOImprovedScalarizedEI,zdt1,248,2.0788755019001665e-08,0.9998628095118656,
MOBOImprovedScalarizedEI,zdt1,249,0.1378362556816466,0.6393316728272951,
MOBOImprovedScalarizedEI,zdt1,250,0.0341673075643714,0.8170947053604812,
MOBOImprovedScalarizedEI,zdt1,251,0.0249324547368908,0.8431286360874313,
MOBOImprovedScalarizedEI,zdt1,252,1.9585271465784424e-08,0.9998653365903968,
MOBOImprovedScalarizedEI,zdt1,253,0.3551991041985377,0.4155545782396909,
MOBOImprovedScalarizedEI,zdt1,254,0.0327533491782612,0.8203189441907532,
MOBOImprovedScalarizedEI,zdt1,255,0.0174072728672459,0.868803177165461,
MOBOImprovedScalarizedEI,zdt1,256,0.037710272837082,0.8077578840007804,
MOBOImprovedScalarizedEI,zdt1,257,1.4795112462067026e-08,0.999879444348184,
MOBOImprovedScalarizedEI,zdt1,258,1.5225917033813258e-08,0.9998779566282014,
MOBOImprovedScalarizedEI,zdt1,259,0.4622159366900884,0.3283085466247428,
MOBOImprovedScalarizedEI,zdt1,260,0.034692124136567,0.8149125772971927,
MOBOImprovedScalarizedEI,zdt1,261,1.2718940662389852e-08,0.9998874139181992,
MOBOImprovedScalarizedEI,zdt1,262,0.2822240409652863,0.4869310354789393,
MOBOImprovedScalarizedEI,zdt1,263,0.0395848414858203,0.8025184475882297,
MOBOImprovedScalarizedEI,zdt1,264,0.0190856815257647,0.862374517607728,
MOBOImprovedScalarizedEI,zdt1,265,1.3184759960728424e-08,0.9998854536008438,
MOBOImprovedScalarizedEI,zdt1,266,0.027640323561556,0.834346502650932,
MOBOImprovedScalarizedEI,zdt1,267,0.0246256731931518,0.8436273912920361,
MOBOImprovedScalarizedEI,zdt1,268,1.3184981884589074e-08,0.999885423683288,
MOBOImprovedScalarizedEI,zdt1,269,0.1050413899195745,0.6828331076213989,
MOBOImprovedScalarizedEI,zdt1,270,0.034692124136567,0.8149125772971927,
MOBOImprovedScalarizedEI,zdt1,271,0.0202382471070192,0.858398735978499,
MOBOImprovedScalarizedEI,zdt1,272,0.0284086866100854,0.8318210080134236,
MOBOImprovedScalarizedEI,zdt1,273,0.0338438594597064,0.817316487366992,
MOBOImprovedScalarizedEI,zdt1,274,0.0202385329390831,0.8583944824832558,
MOBOImprovedScalarizedEI,zdt1,275,0.0333503464445511,0.8186807527516705,
MOBOImprovedScalarizedEI,zdt1,276,3.802438319455102e-12,0.9999980772093884,
MOBOImprovedScalarizedEI,zdt1,277,0.0273452202545699,0.8351444789729188,
MOBOImprovedScalarizedEI,zdt1,278,0.0236114360265014,0.8469607095465537,
MOBOImprovedScalarizedEI,zdt1,279,0.0347875301601342,0.8145277393403563,
MOBOImprovedScalarizedEI,zdt1,280,0.0195895489578807,0.8605416753813833,
MOBOImprovedScalarizedEI,zdt1,281,0.0240296304803343,0.8459523609214918,
MOBOImprovedScalarizedEI,zdt1,282,1.4827513243762322e-08,0.999879151313414,
MOBOImprovedScalarizedEI,zdt1,283,0.0183039245119168,0.8653468195045135,
MOBOImprovedScalarizedEI,zdt1,284,1.1870034268800022e-08,0.9998912355617504,
MOBOImprovedScalarizedEI,zdt1,285,0.0202401490216909,0.8583936482793579,
MOBOImprovedScalarizedEI,zdt1,286,1.244536652920565e-08,0.9998886699963844,
MOBOImprovedScalarizedEI,zdt1,287,0.0285636301554512,0.8313293364901477,
MOBOImprovedScalarizedEI,zdt1,288,1.1817556810845467e-08,0.9998913192709044,
MOBOImprovedScalarizedEI,zdt1,289,1.4174802122932136e-08,0.9998818061026606,
MOBOImprovedScalarizedEI,zdt1,290,0.0275266404520859,0.8345991154751622,
MOBOImprovedScalarizedEI,zdt1,291,0.0344435471210449,0.81533211423665,
MOBOImprovedScalarizedEI,zdt1,292,0.0162837574773898,0.8732936150162085,
MOBOImprovedScalarizedEI,zdt1,293,0.0224477784176473,0.8509290617493007,
MOBOImprovedScalarizedEI,zdt1,294,1.4196732855740016e-08,0.999880917594585,
MOBOImprovedScalarizedEI,zdt1,295,0.1586628524466294,0.6089207291968776,
MOBOImprovedScalarizedEI,zdt1,296,1.1772528918617524e-08,0.9998915259664478,
MOBOImprovedScalarizedEI,zdt1,297,0.0280450616357545,0.8330883106207944,
MOBOImprovedScalarizedEI,zdt1,298,0.0163484592032648,0.8728680057197905,
MOBOImprovedScalarizedEI,zdt1,299,0.0273156576873209,0.8352292625289499,
MOBOImprovedScalarizedEI,zdt1,300,0.0269221659532998,0.8364232146052554,
MOBOImprovedScalarizedEI,zdt1,301,0.0338438594597064,0.817316487366992,
MOBOImprovedScalarizedEI,zdt1,302,0.0200971114832943,0.8588833665930455,
MOBOImprovedScalarizedEI,zdt1,303,0.0202382471070192,0.858398735978499,
MOBOImprovedScalarizedEI,zdt1,304,0.0155215487193215,0.8759752648672481,
MOBOImprovedScalarizedEI,zdt1,305,1.163581151508608e-08,0.9998921442083292,
MOBOImprovedScalarizedEI,zdt1,306,0.0200971114832943,0.8588833665930455,
MOBOImprovedScalarizedEI,zdt1,307,1.419604074817005e-08,0.9998816070552612,
MOBOImprovedScalarizedEI,zdt1,308,0.0273814774113335,0.83482257065827,
MOBOImprovedScalarizedEI,zdt1,309,0.0321722048119231,0.8210957255588589,
MOBOImprovedScalarizedEI,zdt1,310,3.787744196379389e-12,0.9999980791340912,
MOBOImprovedScalarizedEI,zdt1,311,0.0266962100354934,0.8369355631897032,
MOBOImprovedScalarizedEI,zdt1,312,0.0301384612138011,0.8270888262990015,
MOBOImprovedScalarizedEI,zdt1,313,0.1000168613810958,0.6921644076565144,
MOBOImprovedScalarizedEI,zdt1,314,1.163058968723574e-08,0.9998921698068464,
MOBOImprovedScalarizedEI,zdt1,315,0.025446043556859,0.8408401313710989,
MOBOImprovedScalarizedEI,zdt1,316,0.0238311020307786,0.8463441741660002,
MOBOImprovedScalarizedEI,zdt1,317,0.0232745564319204,0.8483339707745488,
MOBOImprovedScalarizedEI,zdt1,318,0.0246343105722359,0.8433678822568649,
MOBOImprovedScalarizedEI,zdt1,319,0.3937470222177813,0.3856639459129545,
MOBOImprovedScalarizedEI,zdt1,320,0.0202382471070192,0.858398735978499,
MOBOImprovedScalarizedEI,zdt1,321,0.024507419329092,0.8439998071366261,
MOBOImprovedScalarizedEI,zdt2,0,0.9186909915449584,0.949230658915257,
MOBOImprovedScalarizedEI,zdt2,1,5.163408682139159e-15,1.0000000000003213,
MOBOImprovedScalarizedEI,zdt2,2,5.3373094407239085e-20,1.0000000000003535,
MOBOImprovedScalarizedEI,zdt2,3,5.3373094407239085e-20,1.0000000000003535,
MOBOImprovedScalarizedEI,zdt2,4,5.3373094407239085e-20,1.0000000000003535,
MOBOImprovedScalarizedEI,zdt2,5,0.0,1.0000000000004432,
MOBOImprovedScalarizedEI,zdt2,6,5.3373094407239085e-20,1.0000000000003535,
MOBOImprovedScalarizedEI,zdt2,7,5.3373094407239085e-20,1.0000000000003535,
MOBOImprovedScalarizedEI,zdt2,8,5.131716129933607e-20,1.0000000000003595,
MOBOImprovedScalarizedEI,zdt3,0,0.0022791598804354,0.9548164573275072,
MOBOImprovedScalarizedEI,zdt3,1,1.276955155834585e-05,0.9992018164127686,
MOBOImprovedScalarizedEI,zdt3,2,1.276955155834585e-05,0.9992018164127686,
MOBOImprovedScalarizedEI,zdt3,3,0.0072987012451841,0.9180246176483962,
MOBOImprovedScalarizedEI,zdt3,4,0.0035892833382588,0.9419670830940592,
MOBOImprovedScalarizedEI,zdt3,5,0.0086840487742415,0.9088010184173833,
MOBOImprovedScalarizedEI,zdt3,6,0.0076794285313575,0.9180222902032557,
MOBOImprovedScalarizedEI,zdt3,7,0.0143982959277426,0.8779337764013555,
MOBOImprovedScalarizedEI,zdt3,8,0.0108751606812578,0.8944177905735154,
MOBOImprovedScalarizedEI,zdt3,9,0.2377750525434332,0.4119725810040557,
MOBOImprovedScalarizedEI,zdt3,10,0.0177109526539993,0.8623096470143722,
MOBOImprovedScalarizedEI,zdt3,11,0.0110538166975744,0.8930082898051893,
MOBOImprovedScalarizedEI,zdt3,12,0.0052012301486173,0.9329644105227224,
MOBOImprovedScalarizedEI,zdt3,13,0.0053627319306523,0.9313091676102562,
MOBOImprovedScalarizedEI,zdt3,14,0.0036882261427111,0.9404392828005508,
MOBOImprovedScalarizedEI,zdt3,15,1.3619196210625184e-07,0.9997059095681444,
MOBOImprovedScalarizedEI,zdt3,16,0.0,1.0000483823803488,
MOBOImprovedScalarizedEI,zdt3,17,0.0138320139795289,0.879218513498202,
MOBOImprovedScalarizedEI,zdt3,18,0.0108751606812578,0.8944177905735154,
MOBOImprovedScalarizedEI,zdt3,19,0.0110538166975744,0.8930082898051893,
MOBOImprovedScalarizedEI,zdt3,20,0.0112000462659672,0.8922854670478865,
MOBOImprovedScalarizedEI,zdt3,21,0.0136263765762916,0.8800687605361183,
MOBOImprovedScalarizedEI,zdt3,22,0.0104023672629251,0.8972074475533134,
MOBOImprovedScalarizedEI,zdt3,23,0.0435860272055313,0.7571857295762625,
MOBOImprovedScalarizedEI,zdt3,24,5.597610363770573e-07,0.9994684498401084,
MOBOImprovedScalarizedEI,zdt3,25,0.0138320139795289,0.879218513498202,
MOBOImprovedScalarizedEI,zdt3,26,0.0104219470418914,0.8961724052487209,
MOBOImprovedScalarizedEI,zdt3,27,8.623896290002766e-09,0.9999616714141636,
MOBOImprovedScalarizedEI,zdt3,28,8.264378503535506e-09,0.9999704934504464,
MOBOImprovedScalarizedEI,zdt3,29,0.0100683075353506,0.9009144039497824,
MOBOImprovedScalarizedEI,zdt3,30,0.0110910679060372,0.8928082637851681,
MOBOImprovedScalarizedEI,zdt3,31,0.0646940558185085,0.7008373601920653,
MOBOImprovedScalarizedEI,zdt3,32,0.0147762080624675,0.8738606450821038,
MOBOImprovedScalarizedEI,zdt3,33,0.0104018431901314,0.8972087054989694,
MOBOImprovedScalarizedEI,zdt3,34,0.0134096182060466,0.8807408136958161,
MOBOImprovedScalarizedEI,zdt3,35,1.2941128296601394e-16,1.000035026155001,
MOBOImprovedScalarizedEI,zdt3,36,0.0114395833149456,0.8910193056319274,
MOBOImprovedScalarizedEI,zdt3,37,0.010159145512291,0.8977764429775266,
MOBOImprovedScalarizedEI,zdt3,38,0.0211486361999274,0.8433581194055909,
MOBOImprovedScalarizedEI,zdt3,39,0.011066042179898,0.8929225016457656,
MOBOImprovedScalarizedEI,zdt3,40,0.025354929153135,0.8253267716550446,
MOBOImprovedScalarizedEI,zdt3,41,0.0211099878956962,0.8435934342099501,
MOBOImprovedScalarizedEI,zdt3,42,1.4537670808718602e-12,1.0000305333077972,
MOBOImprovedScalarizedEI,zdt3,43,0.4359528200067476,0.0444248363772203,
MOBOImprovedScalarizedEI,zdt3,44,0.8637360740412493,-0.4520432944139869,
MOBOImprovedScalarizedEI,zdt3,45,0.0678565241632286,0.6974096328490449,
MOBOImprovedScalarizedEI,zdt3,46,0.0080382988288679,0.913717593804688,
MOBOImprovedScalarizedEI,zdt3,47,0.0414845010280116,0.765537378043845,
MOBOImprovedScalarizedEI,zdt3,48,0.0008497687497356,0.9737581065132218,
MOBOImprovedScalarizedEI,zdt3,49,0.0414845010280116,0.765537378043845,
MOBOImprovedScalarizedEI,zdt3,50,0.0008497687497356,0.9737581065132218,
MOBOImprovedScalarizedEI,zdt3,51,0.0071851321158963,0.9211428377488824,
MOBOImprovedScalarizedEI,zdt3,52,0.0089507028530362,0.9047925905589153,
MOBOImprovedScalarizedEI,zdt3,53,0.0145231696142193,0.8768178979292737,
MOBOImprovedScalarizedEI,zdt3,54,0.2349379403798879,0.4664368681159374,
MOBOImprovedScalarizedEI,zdt3,55,0.8321363111587328,-0.3735976767830382,
MOBOImprovedScalarizedEI,zdt3,56,0.067277483734689,0.6984018679603171,
MOBOImprovedScalarizedEI,zdt3,57,0.0094673508628165,0.9047399147965768,
MOBOImprovedScalarizedEI,zdt3,58,0.011245015335714,0.8919602371181761,
MOBOImprovedScalarizedEI,zdt3,59,0.0181836684226527,0.8590835355733841,
MOBOImprovedScalarizedEI,zdt3,60,0.0113534995043886,0.8916059974869571,
MOBOImprovedScalarizedEI,zdt3,61,0.0474445567150623,0.7455140066469641,
MOBOImprovedScalarizedEI,zdt3,62,0.009784538455788,0.9039986375364476,
MOBOImprovedScalarizedEI,zdt3,63,3.888365343270728e-05,0.9947122388361128,
MOBOImprovedScalarizedEI,zdt3,64,0.0152425869258322,0.8709951861057138,
MOBOImprovedScalarizedEI,zdt3,65,0.0474445567150623,0.7455140066469641,
MOBOImprovedScalarizedEI,zdt3,66,0.0272760732614243,0.8170218787028486,
MOBOImprovedScalarizedEI,zdt3,67,0.0291908255334722,0.808166109093688,
MOBOImprovedScalarizedEI,zdt3,68,0.0389047021494604,0.7685132713539883,
MOBOImprovedScalarizedEI,zdt3,69,0.011863462685434,0.8893296935599678,
MOBOImprovedScalarizedEI,zdt3,70,0.0678401441026849,0.697789005968123,
MOBOImprovedScalarizedEI,zdt3,71,0.0163071105299771,0.8665931336628142,
MOBOImprovedScalarizedEI,zdt3,72,0.2389738536116832,0.3845489648487288,
MOBOImprovedScalarizedEI,zdt3,73,0.4487008624425953,-0.0523260259210578,
MOBOImprovedScalarizedEI,zdt3,74,0.0017136510063301,0.972110206228592,
MOBOImprovedScalarizedEI,zdt3,75,0.4490707319799403,-0.0714566891067573,
MOBOImprovedScalarizedEI,zdt3,76,0.2090118440094921,0.581081574968333,
MOBOImprovedScalarizedEI,zdt3,77,0.031423585002674,0.8030083601608877,
MOBOImprovedScalarizedEI,zdt3,78,0.4478718761389652,-0.048236343006819,
MOBOImprovedScalarizedEI,zdt3,79,0.4414344079459396,-0.0438836924380264,
MOBOImprovedScalarizedEI,zdt3,80,0.0034357881368786,0.9452547397735948,
MOBOImprovedScalarizedEI,zdt3,81,0.0186407261808289,0.857777370863932,
MOBOImprovedScalarizedEI,zdt3,82,0.0177288490457902,0.8601143657923389,
MOBOImprovedScalarizedEI,zdt3,83,0.0161154697228774,0.8673218944950473,
MOBOImprovedScalarizedEI,zdt3,84,0.4223699279736904,0.1253545792264631,
MOBOImprovedScalarizedEI,zdt3,85,0.0187401666630024,0.8573491728097782,
MOBOImprovedScalarizedEI,zdt3,86,0.0305815205219031,0.8061863128872225,
MOBOImprovedScalarizedEI,zdt3,87,0.0162038931118241,0.8665947800096498,
MOBOImprovedScalarizedEI,zdt3,88,0.0192059356600494,0.8529639201144809,
MOBOImprovedScalarizedEI,zdt3,89,0.0324366055238109,0.7976683557297578,
MOBOImprovedScalarizedEI,zdt3,90,0.0164910668790594,0.8650697649458582,
MOBOImprovedScalarizedEI,zdt3,91,0.0364349205075971,0.7801911985607661,
MOBOImprovedScalarizedEI,zdt3,92,0.0220688622500295,0.8383293457885375,
MOBOImprovedScalarizedEI,zdt3,93,0.0285853276478529,0.8133309802784663,
MOBOImprovedScalarizedEI,zdt3,94,0.0161829463535367,0.8669341448940191,
MOBOImprovedScalarizedEI,zdt3,95,0.0045701742668081,0.9376666473499232,
MOBOImprovedScalarizedEI,zdt3,96,0.0383013676634342,0.7756815117472344,
MOBOImprovedScalarizedEI,zdt3,97,0.0529280323031923,0.7227514835231854,
MOBOImprovedScalarizedEI,zdt3,98,0.0383013676634342,0.7756815117472344,
MOBOImprovedScalarizedEI,zdt3,99,0.0383013676634342,0.7756815117472344,
MOBOImprovedScalarizedEI,zdt3,100,0.0107508718225259,0.8961481280453993,
MOBOImprovedScalarizedEI,zdt3,101,0.0538460499383694,0.717825849809047,
MOBOImprovedScalarizedEI,zdt3,102,0.2159922283655053,0.5724464509155747,
MOBOImprovedScalarizedEI,zdt3,103,0.0182024065313088,0.8578395067569597,
MOBOImprovedScalarizedEI,zdt3,104,0.0201726679593392,0.84704205835706,
MOBOImprovedScalarizedEI,zdt3,105,0.0587670502630652,0.7039576763918829,
MOBOImprovedScalarizedEI,zdt3,106,0.0381159893259679,0.7762879794546086,
MOBOImprovedScalarizedEI,zdt3,107,0.0187706979145528,0.8552301524840003,
MOBOImprovedScalarizedEI,zdt3,108,0.0196634595994416,0.8510436253007748,
MOBOImprovedScalarizedEI,zdt3,109,0.0254223016978998,0.8232032739363593,
MOBOImprovedScalarizedEI,zdt3,110,0.0132537246192386,0.8842130431066717,
MOBOImprovedScalarizedEI,zdt3,111,0.05180669094478,0.7249268371473514,
MOBOImprovedScalarizedEI,zdt3,112,0.0174773791416334,0.8627630807062286,
MOBOImprovedScalarizedEI,zdt3,113,0.024615084639745,0.8265684251752364,
MOBOImprovedScalarizedEI,zdt3,114,0.0248155548388612,0.8257270696645697,
MOBOImprovedScalarizedEI,zdt3,115,0.0202662162287776,0.8463220996867261,
MOBOImprovedScalarizedEI,zdt3,116,0.0784911321155064,0.6742740114595012,
MOBOImprovedScalarizedEI,zdt3,117,0.0224335966112082,0.8368742705229363,
MOBOImprovedScalarizedEI,zdt3,118,0.0506372223646854,0.7309907828019315,
MOBOImprovedScalarizedEI,zdt3,119,0.0224215495766024,0.8374391189169701,
MOBOImprovedScalarizedEI,zdt3,120,0.0269926472510733,0.8226206037436257,
MOBOImprovedScalarizedEI,zdt3,121,0.0580518993672445,0.7056861229305716,
MOBOImprovedScalarizedEI,zdt3,122,0.0157927740364769,0.8673887346851068,
MOBOImprovedScalarizedEI,zdt3,123,2.8791423864102387e-08,0.999874654822668,
MOBOImprovedScalarizedEI,zdt3,124,0.0199314378790058,0.8479515975985192,
MOBOImprovedScalarizedEI,zdt3,125,0.0201726679593392,0.84704205835706,
MOBOImprovedScalarizedEI,zdt3,126,0.2335388204194961,0.4911770138547354,
MOBOImprovedScalarizedEI,zdt3,127,0.4188738197305287,0.3829898854348982,
MOBOImprovedScalarizedEI,zdt3,128,0.0495729509106104,0.7382761838717697,
MOBOImprovedScalarizedEI,zdt3,129,0.0020972284844272,0.9701244299332216,
MOBOImprovedScalarizedEI,zdt3,130,0.0451614276862239,0.7514176380437261,
MOBOImprovedScalarizedEI,zdt3,131,0.0452502350130437,0.7510107682245903,
MOBOImprovedScalarizedEI,zdt3,132,0.0465570344617206,0.7461888527132283,
MOBOImprovedScalarizedEI,zdt3,133,0.0443118979864066,0.7546797980320781,
MOBOImprovedScalarizedEI,zdt3,134,0.044513469117301,0.7535922457681506,
MOBOImprovedScalarizedEI,zdt3,135,0.0493257903746139,0.7407220416017241,
MOBOImprovedScalarizedEI,zdt3,136,0.0465570344617206,0.7461888527132283,
MOBOImprovedScalarizedEI,zdt3,137,0.046021619103568,0.7483425353795392,
MOBOImprovedScalarizedEI,zdt3,138,0.0155849224110458,0.8694617827686552,
MOBOImprovedScalarizedEI,zdt3,139,0.0125615509517586,0.887323550930633,
MOBOImprovedScalarizedEI,zdt3,140,0.0122675185432308,0.8882412441086543,
MOBOImprovedScalarizedEI,zdt3,141,0.0443118979864066,0.7546797980320781,
MOBOImprovedScalarizedEI,zdt3,142,9.651725379871036e-05,0.9912958777216349,
MOBOImprovedScalarizedEI,zdt3,143,0.0236113770538564,0.8332343786695152,
MOBOImprovedScalarizedEI,zdt3,144,0.0131674667724441,0.8850973993989956,
MOBOImprovedScalarizedEI,zdt3,145,0.0459882304086839,0.7484553225390476,
MOBOImprovedScalarizedEI,zdt3,146,0.0195012270305758,0.8517337459754103,
MOBOImprovedScalarizedEI,zdt3,147,0.0239542795728726,0.8317608826556079,
MOBOImprovedScalarizedEI,zdt3,148,0.4194787140752825,0.3663079613680334,
MOBOImprovedScalarizedEI,zdt3,149,0.0196235526368955,0.8514850729329891,
MOBOImprovedScalarizedEI,zdt3,150,0.0339490325931052,0.7914446854159081,
MOBOImprovedScalarizedEI,zdt3,151,0.0005121634399012,0.9781669293206838,
MOBOImprovedScalarizedEI,zdt3,152,0.0237659319038343,0.832580751712008,
MOBOImprovedScalarizedEI,zdt3,153,0.0279403850024178,0.8136957783182364,
MOBOImprovedScalarizedEI,zdt3,154,0.0423519551852263,0.7633151333611633,
MOBOImprovedScalarizedEI,zdt3,155,0.0452286957522596,0.7510936124477254,
MOBOImprovedScalarizedEI,zdt3,156,0.0287733137235681,0.8132409329748251,
MOBOImprovedScalarizedEI,zdt3,157,0.0150475469466218,0.8724587805002302,
MOBOImprovedScalarizedEI,zdt3,158,0.0459882304086839,0.7484553225390476,
MOBOImprovedScalarizedEI,zdt3,159,0.0307101467113054,0.8052093306981826,
MOBOImprovedScalarizedEI,zdt3,160,0.1961867207873182,0.6519356036258123,
MOBOImprovedScalarizedEI,zdt3,161,0.0239544892164561,0.8312686886731008,
MOBOImprovedScalarizedEI,zdt3,162,0.0194127368952101,0.8524141782486135,
MOBOImprovedScalarizedEI,zdt4,0,0.0,51.28365896809974,
MOBOImprovedScalarizedEI,zdt4,1,2.267079279571849e-06,42.31856981049667,
MOBOImprovedScalarizedEI,zdt6,0,0.378356226566105,0.8568465658186581,
MOBOImprovedScalarizedEI,zdt6,1,0.9995766899305616,0.5898888610645843,
MOBOImprovedScalarizedEI,zdt6,2,0.2807753188154196,7.98010412414655,
MOBOImprovedScalarizedEI,zdt6,3,1.0,0.0,
MOBOImprovedScalarizedEI,zdt6,4,0.2807753188173725,0.9358377232887892,
MOBOImprovedScalarizedEI,zdt6,5,0.2807809885459414,0.9288298672984512,
MOBOImprovedScalarizedEI,zdt6,6,0.2807809885459414,0.9288298672984512,
MOBOImprovedScalarizedEI,zdt6,7,0.2807753204323449,0.930283540176939,
MOBOImprovedScalarizedEI,zdt6,8,0.2807753204323447,0.9302835401769391,
MOBOImprovedScalarizedEI,zdt6,9,0.2807753204323447,0.9302835401769391,
MOBOImprovedScalarizedEI,zdt6,10,0.2807753202702649,0.930300134137002,
MOBOImprovedScalarizedEI,zdt6,11,1.0,0.0,
MOBOImprovedScalarizedEI,zdt6,12,1.0,0.0,
MOBOImprovedScalarizedEI,zdt6,13,0.280797273451703,0.928382357665817,
MOBOImprovedScalarizedEI,zdt6,14,0.280797273451703,0.928382357665817,
MOBOImprovedScalarizedEI,zdt6,15,0.280797273451703,0.928382357665817,
MOBORandomForestLCBPBI_CD,dtlz1,0,0.0078192212972026,7.06598880785974,55.46181470037735
MOBORandomForestLCBPBI_CD,dtlz1,1,0.0203638634834074,0.0013224270171397,92.57869515023998
MOBORandomForestLCBPBI_CD,dtlz1,2,0.0759287669236636,0.1722131156182042,24.1639083297072
MOBORandomForestLCBPBI_CD,dtlz1,3,0.1497062407006238,0.2976917529070139,4.539551141582928
MOBORandomForestLCBPBI_CD,dtlz1,4,1.8674841878583297,3.330824093123569,4.052181412614254
MOBORandomForestLCBPBI_CD,dtlz1,5,8.212058690386819,156.56171157989166,1.9485755581056527
MOBORandomForestLCBPBI_CD,dtlz1,6,11.083442850197583,42.27573074355587,3.194436517207717
MOBORandomForestLCBPBI_CD,dtlz1,7,13.78425614286452,0.2087572542482779,16.136842953714552
MOBORandomForestLCBPBI_CD,dtlz1,8,29.04557422099093,138.50514034605496,1.3031403935891583
MOBORandomForestLCBPBI_CD,dtlz1,9,45.42121283219495,85.37857558645945,0.7371295584964638
MOBORandomForestLCBPBI_CD,dtlz1,10,132.81371462830407,130.98015210740462,0.3766639148960475
MOBORandomForestLCBPBI_CD,dtlz1,11,142.19947247089434,38.70006446867025,1.5051359992505309
MOBORandomForestLCBPBI_CD,dtlz2,0,7.954155927035093e-05,0.0546258743965984,2.6940438273250247
MOBORandomForestLCBPBI_CD,dtlz2,1,0.000323847239627,0.0077524699764694,2.5704745305915218
MOBORandomForestLCBPBI_CD,dtlz2,2,0.000345155094884,0.0001987255707593,2.2877961661417667
MOBORandomForestLCBPBI_CD,dtlz2,3,0.000582021231855,0.0001539437123182,2.928107856248078
MOBORandomForestLCBPBI_CD,dtlz2,4,0.0010757772198996,2.179398404506016,0.939325243412968
MOBORandomForestLCBPBI_CD,dtlz2,5,0.0017514857242896,2.138149285019324,0.5925378358902125
MOBORandomForestLCBPBI_CD,dtlz2,6,0.0017785325146439,0.2639168805899191,2.2661828091667124
MOBORandomForestLCBPBI_CD,dtlz2,7,0.0033501867075815,0.430038070684397,1.919061990044996
MOBORandomForestLCBPBI_CD,dtlz2,8,0.0038034810022942,0.2598015695959162,2.0661039282174407
MOBORandomForestLCBPBI_CD,dtlz2,9,0.0038659387125706,0.0272083040084141,2.202364962968483
MOBORandomForestLCBPBI_CD,dtlz2,10,0.0061130140257479,1.741779666816042,0.9502536341529344
MOBORandomForestLCBPBI_CD,dtlz2,11,0.0067153481776925,0.0095943768709422,1.9738388294884008
MOBORandomForestLCBPBI_CD,dtlz2,12,0.0096294547368262,0.484352799085525,1.6509247876191244
MOBORandomForestLCBPBI_CD,dtlz2,13,0.0100836942481443,0.1922799755699043,1.886752824171123
MOBORandomForestLCBPBI_CD,dtlz2,14,0.0119094136165245,1.7193117545152772,1.6385952281571965
MOBORandomForestLCBPBI_CD,dtlz2,15,0.0143979355351634,1.5884068491465164,1.5115705450912191
MOBORandomForestLCBPBI_CD,dtlz2,16,0.0159171658974736,1.5566336590039114,0.924248660874694
MOBORandomForestLCBPBI_CD,dtlz2,17,0.0181660765745238,0.1820560121880135,1.910229134195991
MOBORandomForestLCBPBI_CD,dtlz2,18,0.019208569061397,2.7687017514028582,0.2531053264000331
MOBORandomForestLCBPBI_CD,dtlz2,19,0.0222948912254709,1.9314109656418967,0.5263135361815493
MOBORandomForestLCBPBI_CD,dtlz2,20,0.0225577916989839,1.6572511008858375,0.2786861533859505
MOBORandomForestLCBPBI_CD,dtlz2,21,0.0236561083953007,0.0185069470518089,1.789109545963758
MOBORandomForestLCBPBI_CD,dtlz2,22,0.0271831112270064,1.382331336181542,0.9120498761507256
MOBORandomForestLCBPBI_CD,dtlz2,23,0.0310413126028412,2.878524510591697,0.0810446919945661
MOBORandomForestLCBPBI_CD,dtlz2,24,0.0322229154415737,2.724546951648409,0.0394924671934704
MOBORandomForestLCBPBI_CD,dtlz2,25,0.0398403064746708,2.6459620716174093,0.2090992138945412
MOBORandomForestLCBPBI_CD,dtlz2,26,0.0407809788313873,0.0007809617000104,1.971934628799136
MOBORandomForestLCBPBI_CD,dtlz2,27,0.0520020995797237,2.4893039863316533,0.0876884659639641
MOBORandomForestLCBPBI_CD,dtlz2,28,0.0613812374877642,1.974532843712646,0.1739951042175897
MOBORandomForestLCBPBI_CD,dtlz2,29,0.0627382452312641,0.0230650973505967,1.671412242141928
MOBORandomForestLCBPBI_CD,dtlz2,30,0.0800235520858387,1.97339179479176,0.1050439599886757
MOBORandomForestLCBPBI_CD,dtlz2,31,0.0943318583553145,1.2408836521343964,1.2386314045003273
MOBORandomForestLCBPBI_CD,dtlz2,32,0.1003637231775456,1.6307120170197238,0.6903613196735956
MOBORandomForestLCBPBI_CD,dtlz2,33,0.1038009624604175,1.8285064902488048,0.2296525736300317
MOBORandomForestLCBPBI_CD,dtlz2,34,0.1352748498072885,0.0160952976367977,1.855027332406938
MOBORandomForestLCBPBI_CD,dtlz2,35,0.1670294181801871,2.33118939040354,0.0149835001381542
MOBORandomForestLCBPBI_CD,dtlz2,36,0.2044059038296578,1.6145371036705918,0.5358180578821103
MOBORandomForestLCBPBI_CD,dtlz2,37,0.2792238805497347,1.6131854054949617,0.854536822268498
MOBORandomForestLCBPBI_CD,dtlz2,38,0.2973218641416486,0.6186216740719422,1.6053575795177804
MOBORandomForestLCBPBI_CD,dtlz2,39,0.298977397564969,1.1326258146715846,1.3904088864683863
MOBORandomForestLCBPBI_CD,dtlz2,40,0.3076100442031796,1.524411268849453,0.9073491136238536
MOBORandomForestLCBPBI_CD,dtlz2,41,0.3160156845321072,1.3482526627553018,1.1590734346162668
MOBORandomForestLCBPBI_CD,dtlz2,42,0.3312347455528981,0.0127751891709998,1.9331970880964733
MOBORandomForestLCBPBI_CD,dtlz2,43,0.3398540268923056,1.6541795807032735,0.0500384805926246
MOBORandomForestLCBPBI_CD,dtlz2,44,0.3654843687090857,0.1426668267858993,1.642641931338028
MOBORandomForestLCBPBI_CD,dtlz2,45,0.369138290871569,1.3527568671611625,0.9302695090318814
MOBORandomForestLCBPBI_CD,dtlz2,46,0.3754903849825475,2.2152689002749546,0.011808432732298
MOBORandomForestLCBPBI_CD,dtlz2,47,0.3818695217436272,0.7243272803080412,1.3988316842610236
MOBORandomForestLCBPBI_CD,dtlz2,48,0.4411716579376668,0.6152208179246864,1.5607531742715244
MOBORandomForestLCBPBI_CD,dtlz2,49,0.4494169294672507,0.4828348118526781,1.5632291674084668
MOBORandomForestLCBPBI_CD,dtlz2,50,0.5187816886041777,1.7064597619494937,0.0268948553393015
MOBORandomForestLCBPBI_CD,dtlz2,51,0.6069723343943344,2.018195882203373,0.0089343263981714
MOBORandomForestLCBPBI_CD,dtlz2,52,0.6078009841456702,1.8477806097105,0.0017135964447917
MOBORandomForestLCBPBI_CD,dtlz2,53,0.6382206807172327,0.0007327981656351,2.1261159739939006
MOBORandomForestLCBPBI_CD,dtlz2,54,0.662029291535048,1.564663133145394,0.1440672290541635
MOBORandomForestLCBPBI_CD,dtlz2,55,0.6747458859006792,0.4208257587358264,1.3356064384497848
MOBORandomForestLCBPBI_CD,dtlz2,56,0.7122415522058889,1.3399442444474805,0.952834745835661
MOBORandomForestLCBPBI_CD,dtlz2,57,0.7147890506091333,0.3215379612054777,1.4458551655549752
MOBORandomForestLCBPBI_CD,dtlz2,58,0.7680563398939018,0.1681964902739062,1.5310330303369095
MOBORandomForestLCBPBI_CD,dtlz2,59,0.8099909535030873,1.053589137475618,1.2095864953491189
MOBORandomForestLCBPBI_CD,dtlz2,60,0.8565848554148686,1.536578377557009,0.587999881170351
MOBORandomForestLCBPBI_CD,dtlz2,61,0.960786749894286,1.4429763933831918,0.0779845749437185
MOBORandomForestLCBPBI_CD,dtlz2,62,0.9632125062011656,1.7306660301305403,0.0037414078101274
MOBORandomForestLCBPBI_CD,dtlz2,63,0.973448891262387,1.2386897104319032,1.014788073434195
MOBORandomForestLCBPBI_CD,dtlz2,64,0.9893120800762631,1.3134638979803055,0.9796155205077764
MOBORandomForestLCBPBI_CD,dtlz2,65,1.015693644515719,0.0027031160562277,1.2461022931550128
MOBORandomForestLCBPBI_CD,dtlz2,66,1.074914167210642,1.1711111471021716,0.9483419190933562
MOBORandomForestLCBPBI_CD,dtlz2,67,1.147406998680988,1.3648029134670396,0.8133560416978749
MOBORandomForestLCBPBI_CD,dtlz2,68,1.1830721415278498,1.5398072559623437,0.0469952588108815
MOBORandomForestLCBPBI_CD,dtlz2,69,1.2269978186713626,0.923396702518271,0.8476754220473175
MOBORandomForestLCBPBI_CD,dtlz2,70,1.2607978795137464,0.947257007315015,0.1056782584024656
MOBORandomForestLCBPBI_CD,dtlz2,71,1.2792317338877346,0.649553969711328,0.690323350058417
MOBORandomForestLCBPBI_CD,dtlz2,72,1.3255414527809646,0.3649632663854502,1.202017837246756
MOBORandomForestLCBPBI_CD,dtlz2,73,1.371967709997183,0.5568710915431042,1.113144424965373
MOBORandomForestLCBPBI_CD,dtlz2,74,1.3800489734539747,1.093124745021471,0.0570616531047107
MOBORandomForestLCBPBI_CD,dtlz2,75,1.386936959658274,1.4638961630998788,0.0381920050192042
MOBORandomForestLCBPBI_CD,dtlz2,76,1.3958181243520733,0.8423601538530342,0.6705982825370203
MOBORandomForestLCBPBI_CD,dtlz2,77,1.4617885298109,0.1236156115077518,1.1088374495078168
MOBORandomForestLCBPBI_CD,dtlz2,78,1.5488893192937625,0.1261492787548011,1.0629602316279214
MOBORandomForestLCBPBI_CD,dtlz2,79,1.5510262865602458,0.7393415926183083,0.6293751099328544
MOBORandomForestLCBPBI_CD,dtlz2,80,1.5564784011131283,0.717260749772724,0.5536670436863306
MOBORandomForestLCBPBI_CD,dtlz2,81,1.568699459173515,0.0183541949283596,1.2054295031772309
MOBORandomForestLCBPBI_CD,dtlz2,82,1.6178068609982923,0.4277958830202356,0.5554492689775014
MOBORandomForestLCBPBI_CD,dtlz2,83,1.6427847753681233,0.8995967551200306,0.4613176632009937
MOBORandomForestLCBPBI_CD,dtlz2,84,1.6483592812938956,0.5855809316424642,0.5223533104315453
MOBORandomForestLCBPBI_CD,dtlz2,85,1.6652155445113694,0.2525010865163407,0.7847916135496276
MOBORandomForestLCBPBI_CD,dtlz2,86,1.6713503343530458,0.8802421209953597,0.0452704575957975
MOBORandomForestLCBPBI_CD,dtlz2,87,1.6771173859410566,0.8578554291994744,0.3197032750961223
MOBORandomForestLCBPBI_CD,dtlz2,88,1.6820733446702243,0.2114033079290383,0.7391338055311485
MOBORandomForestLCBPBI_CD,dtlz2,89,1.710756648143595,0.6630903617172499,0.3638639971760795
MOBORandomForestLCBPBI_CD,dtlz2,90,1.7311373777647263,0.8561301805274413,0.1361298057239508
MOBORandomForestLCBPBI_CD,dtlz2,91,1.74065478000352,0.0423813234284939,1.1149981218549463
MOBORandomForestLCBPBI_CD,dtlz2,92,1.764438880086287,0.0955978645318349,0.0771199929062977
MOBORandomForestLCBPBI_CD,dtlz2,93,1.782340425562801,0.3027979231883775,0.0541061080026765
MOBORandomForestLCBPBI_CD,dtlz2,94,1.8445037453387447,1.3282571585982097,0.0248456824318096
MOBORandomForestLCBPBI_CD,dtlz2,95,1.8913187958377016,1.7131084641229437,0.0155875906531202
MOBORandomForestLCBPBI_CD,dtlz2,96,1.915855634561337,0.702892779562707,0.021825605631756
MOBORandomForestLCBPBI_CD,dtlz2,97,1.938502051592014,0.0859376391972236,0.5669137234660638
MOBORandomForestLCBPBI_CD,dtlz2,98,1.940675332989692,0.2570627155045188,0.0656218486301759
MOBORandomForestLCBPBI_CD,dtlz2,99,1.953183750640036,0.0460513275300824,1.000183544524479
MOBORandomForestLCBPBI_CD,dtlz2,100,1.965892763011996,0.8805478750706887,0.0030509468440897
MOBORandomForestLCBPBI_CD,dtlz2,101,1.988998332702013,0.0890961210212966,0.3411809335915738
MOBORandomForestLCBPBI_CD,dtlz2,102,2.0033267457409663,0.1357535146392404,0.0377176908203433
MOBORandomForestLCBPBI_CD,dtlz2,103,2.0529250515144533,1.0555376871162867,9.230986901261832e-05
MOBORandomForestLCBPBI_CD,dtlz2,104,2.053644239795903,0.0114268732946827,1.1110263801389677
MOBORandomForestLCBPBI_CD,dtlz2,105,2.081061082347769,0.0506389156209072,0.7841679827932831
MOBORandomForestLCBPBI_CD,dtlz2,106,2.089509626536149,0.082104987331463,0.0517718008165123
MOBORandomForestLCBPBI_CD,dtlz2,107,2.1307610768238736,0.0172869662100362,0.8345847871328425
MOBORandomForestLCBPBI_CD,dtlz2,108,2.135195127151633,0.0150253885816195,0.6085220060651628
MOBORandomForestLCBPBI_CD,dtlz2,109,2.187392161343117,0.0774415410170354,0.6053212645717934
MOBORandomForestLCBPBI_CD,dtlz2,110,2.207476116168253,0.4684704107773465,0.0025797309140126
MOBORandomForestLCBPBI_CD,dtlz2,111,2.2813784763947376,0.2931105793555694,0.0203260230783193
MOBORandomForestLCBPBI_CD,dtlz2,112,2.369889463009796,0.1598686709566992,0.0194771914925818
MOBORandomForestLCBPBI_CD,dtlz2,113,2.40321588380506,0.0063107419436863,0.9858443932089423
MOBORandomForestLCBPBI_CD,dtlz2,114,2.4059478956268854,0.0192510378098498,0.2414075515323356
MOBORandomForestLCBPBI_CD,dtlz2,115,2.4322629739697,0.0056964276747264,1.186054674820333
MOBORandomForestLCBPBI_CD,dtlz2,116,2.4681642333086,0.0151001884129551,0.5107319104033265
MOBORandomForestLCBPBI_CD,dtlz2,117,2.671415483564369,0.012590399578811,0.1628842313841096
MOBORandomForestLCBPBI_CD,dtlz2,118,2.782551409184017,0.0015758770168683,0.4759739117001064
MOBORandomForestLCBPBI_CD,dtlz2,119,2.900448735988732,0.0816211541418149,0.0651336272831815
MOBORandomForestLCBPBI_CD,dtlz2,120,2.948870428576937,0.0261895325640748,0.0382584349935039
MOBORandomForestLCBPBI_CD,dtlz2,121,3.0296659702333297,0.0106321407559921,0.1974695160073893
MOBORandomForestLCBPBI_CD,dtlz4,0,0.0283364682120102,1.3127957554045426,0.5393021139237376
MOBORandomForestLCBPBI_CD,dtlz4,1,0.0366968529036024,1.4058401089160577,1.3050010123484158e-07
MOBORandomForestLCBPBI_CD,dtlz4,2,0.0418916306842962,3.3445417736191505e-18,1.3046371557078522
MOBORandomForestLCBPBI_CD,dtlz4,3,0.0451573911281751,9.276028305504157e-110,1.6208185878622758
MOBORandomForestLCBPBI_CD,dtlz4,4,0.0468344256141264,1.0087646041851246,1.7798703995671505e-82
MOBORandomForestLCBPBI_CD,dtlz4,5,0.0536887644793966,6.08955734651522e-05,1.1163137207397116
MOBORandomForestLCBPBI_CD,dtlz4,6,0.0642651316275728,8.01138674499893e-136,1.2083695948193651
MOBORandomForestLCBPBI_CD,dtlz4,7,0.0887931951443392,1.3671975282606394,1.7501038715266608e-92
MOBORandomForestLCBPBI_CD,dtlz4,8,0.1418095298513645,4.1129740631749305e-25,1.157526151548434
MOBORandomForestLCBPBI_CD,dtlz4,9,0.2349806705661324,2.868415949226577e-09,1.0577903299136495
MOBORandomForestLCBPBI_CD,dtlz4,10,0.2455094569222348,0.9817511478652704,1.6487225576927125e-18
MOBORandomForestLCBPBI_CD,dtlz4,11,0.2566325406619572,1.168503698793716e-09,1.1487993601179058
MOBORandomForestLCBPBI_CD,dtlz4,12,0.2647042454575045,1.3585171673321332,3.0705760506498883e-220
MOBORandomForestLCBPBI_CD,dtlz4,13,0.2806723875746907,2.589970623983288e-12,1.0430769592962863
MOBORandomForestLCBPBI_CD,dtlz4,14,0.2826111626692915,9.896817262857376e-40,1.1061060476717686
MOBORandomForestLCBPBI_CD,dtlz4,15,0.2861702895440356,1.663753847403007e-32,1.0830987080418648
MOBORandomForestLCBPBI_CD,dtlz4,16,0.3345522830950793,4.248926663718588e-16,1.02500553179825
MOBORandomForestLCBPBI_CD,dtlz4,17,0.3845737752776358,1.912817201440543e-55,1.068170986713256
MOBORandomForestLCBPBI_CD,dtlz4,18,0.3847166006446946,0.9571659735679892,1.7523256000125193e-36
MOBORandomForestLCBPBI_CD,dtlz4,19,0.409695723749567,1.0645769675454924,2.7109317121021136e-116
MOBORandomForestLCBPBI_CD,dtlz4,20,0.4186185602893176,3.971562111463307e-40,0.924045752982776
MOBORandomForestLCBPBI_CD,dtlz4,21,0.4215913259517804,1.0233904784302148e-55,1.0996750453572015
MOBORandomForestLCBPBI_CD,dtlz4,22,0.4366324145039608,1.0011389263568826,1.5937566299752414e-42
MOBORandomForestLCBPBI_CD,dtlz4,23,0.4377452905057487,0.9031524218561178,1.553206467744306e-59
MOBORandomForestLCBPBI_CD,dtlz4,24,0.4768278597757407,6.22699322055923e-119,1.1912348075011678
MOBORandomForestLCBPBI_CD,dtlz4,25,0.4858169811725639,1.162889664236449,6.632354418525393e-143
MOBORandomForestLCBPBI_CD,dtlz4,26,0.4979763565331062,1.678971992483559e-227,1.0254076354051225
MOBORandomForestLCBPBI_CD,dtlz4,27,0.4992187587028721,0.8736166753101305,1.7043971679005292e-10
MOBORandomForestLCBPBI_CD,dtlz4,28,0.5170100379804567,0.982619257194894,2.945650290769873e-109
MOBORandomForestLCBPBI_CD,dtlz4,29,0.5352525772824134,9.53652196054864e-95,0.9806962019085494
MOBORandomForestLCBPBI_CD,dtlz4,30,0.5609856817699984,2.8479463434126246e-32,0.907949256336228
MOBORandomForestLCBPBI_CD,dtlz4,31,0.568198897460375,1.4874969491650372e-45,0.9796980884652142
MOBORandomForestLCBPBI_CD,dtlz4,32,0.5696193365540474,0.912719128184782,1.423326774920635e-111
MOBORandomForestLCBPBI_CD,dtlz4,33,0.6072310557166813,1.6354365475758037e-49,0.8703505238131898
MOBORandomForestLCBPBI_CD,dtlz4,34,0.6130342165747872,0.8281933858285069,2.069117347904682e-07
MOBORandomForestLCBPBI_CD,dtlz4,35,0.6197806247931312,0.9403016295576708,6.853393417989596e-144
MOBORandomForestLCBPBI_CD,dtlz4,36,0.6284835112777266,6.90332140677332e-125,0.9836579712083364
MOBORandomForestLCBPBI_CD,dtlz4,37,0.6399255688312073,0.8105519155703679,7.412090478550013e-43
MOBORandomForestLCBPBI_CD,dtlz4,38,0.6607242862360196,0.9029045095816604,1.9935305098428597e-160
MOBORandomForestLCBPBI_CD,dtlz4,39,0.6650630998454762,0.792307849513026,1.5030329117813463e-27
MOBORandomForestLCBPBI_CD,dtlz4,40,0.6785289021146533,1.3389908934334709,2.051861513002999e-191
MOBORandomForestLCBPBI_CD,dtlz4,41,0.6925724708090988,1.6863124889191306e-119,0.7257981665253945
MOBORandomForestLCBPBI_CD,dtlz4,42,0.7035670224842538,0.7442212336380094,1.1229575653450749e-89
MOBORandomForestLCBPBI_CD,dtlz4,43,0.7477715283691818,0.7359874220825778,2.7206721832455428e-08
MOBORandomForestLCBPBI_CD,dtlz4,44,0.7554373589847185,0.8296124615685938,1.1268576522336733e-93
MOBORandomForestLCBPBI_CD,dtlz4,45,0.7744155044302579,0.6772303099471417,3.2113140344842857e-110
MOBORandomForestLCBPBI_CD,dtlz4,46,0.7780926554926982,2.6602911647461583e-41,0.6473303305129009
MOBORandomForestLCBPBI_CD,dtlz4,47,0.7925937323055039,0.6412008787696653,3.8761200422829113e-20
MOBORandomForestLCBPBI_CD,dtlz4,48,0.8245921539186442,2.1037847166070453e-140,0.7632759688907216
MOBORandomForestLCBPBI_CD,dtlz4,49,0.8435556712286533,0.764922180078018,7.862534752443466e-222
MOBORandomForestLCBPBI_CD,dtlz4,50,0.8438250112319099,2.4144077141810824e-07,0.570410705487856
MOBORandomForestLCBPBI_CD,dtlz4,51,0.8497176499132936,2.464912805722408e-75,0.6118332478159512
MOBORandomForestLCBPBI_CD,dtlz4,52,0.8603821287189917,0.5832298736019352,0.020849176937997
MOBORandomForestLCBPBI_CD,dtlz4,53,0.8729502197255781,0.7108433091765778,2.2533315113957718e-136
MOBORandomForestLCBPBI_CD,dtlz4,54,0.8764036724745483,1.1634122824398928e-20,0.5726616039702236
MOBORandomForestLCBPBI_CD,dtlz4,55,0.8869043310297624,0.6329118833123187,3.1172362104832914e-67
MOBORandomForestLCBPBI_CD,dtlz4,56,0.8960308436709694,4.047458145765256e-20,0.5304382899091261
MOBORandomForestLCBPBI_CD,dtlz4,57,0.8971322579961624,4.933329728500859e-142,0.7733250453672266
MOBORandomForestLCBPBI_CD,dtlz4,58,0.8999885690115471,0.8509404664192058,1.2170443e-317
MOBORandomForestLCBPBI_CD,dtlz4,59,0.9102745525828012,0.5152885177750344,6.922641340890938e-44
MOBORandomForestLCBPBI_CD,dtlz4,60,0.9113284326523884,0.4471982957252766,6.198732077672214e-14
MOBORandomForestLCBPBI_CD,dtlz4,61,0.9151882052368407,0.4222011574901214,3.3312524853477298e-74
MOBORandomForestLCBPBI_CD,dtlz4,62,0.9192281039021608,0.5014859563991249,1.412598945094438e-111
MOBORandomForestLCBPBI_CD,dtlz4,63,0.9302698571137612,0.0280898832190072,0.4836502466618918
MOBORandomForestLCBPBI_CD,dtlz4,64,0.9324100328785758,2.283983221294341e-117,0.3862846602916802
MOBORandomForestLCBPBI_CD,dtlz4,65,0.932623139894175,0.4407027236688882,3.160038860385848e-227
MOBORandomForestLCBPBI_CD,dtlz4,66,0.9608785250831716,0.3444074903253957,3.695294528481022e-77
MOBORandomForestLCBPBI_CD,dtlz4,67,0.9689050271335397,1.0059822241678896e-38,0.3525746050294442
MOBORandomForestLCBPBI_CD,dtlz4,68,0.9694975494672124,1.1596356768298377e-07,0.2819562690075757
MOBORandomForestLCBPBI_CD,dtlz4,69,0.9708396122552404,1.1911739785892328e-39,0.3531497956713403
MOBORandomForestLCBPBI_CD,dtlz4,70,0.9723480038359836,0.4060053316963163,1.8736210268956694e-196
MOBORandomForestLCBPBI_CD,dtlz4,71,0.9800164534492204,1.3336779699222806e-42,0.3205733952593485
MOBORandomForestLCBPBI_CD,dtlz4,72,0.9829823450426582,4.866895454593694e-19,0.2388373956903094
MOBORandomForestLCBPBI_CD,dtlz4,73,0.991030506520765,0.1487241978814174,4.16085906845573e-45
MOBORandomForestLCBPBI_CD,dtlz4,74,0.9928180023500656,0.158974039248339,2.19297142158656e-71
MOBORandomForestLCBPBI_CD,dtlz4,75,0.9928924227596784,8.695033979436703e-39,0.2886734657139158
MOBORandomForestLCBPBI_CD,dtlz4,76,0.9957254852404874,2.8742105668350306e-58,0.1249889688898137
MOBORandomForestLCBPBI_CD,dtlz4,77,1.0002206019803035,1.2890834354316136e-44,2.255047431513688e-92
MOBORandomForestLCBPBI_CD,dtlz4,78,1.000267722390535,1.1559939255439606e-93,2.8072009245750286e-27
MOBORandomForestLCBPBI_CD,dtlz4,79,1.0005817453245571,4.62368992176217e-50,3.974100848921265e-114
MOBORandomForestLCBPBI_CD,dtlz4,80,1.0006933794645712,3.086376455243352e-59,2.9702072088505114e-157
MOBORandomForestLCBPBI_CD,dtlz4,81,1.000936945634238,1.6695092578567597e-67,7.491962749753462e-44
MOBORandomForestLCBPBI_CD,dtlz4,82,1.001006334595166,1.0063244926941679e-80,3.9888988178153384e-51
MOBORandomForestLCBPBI_CD,dtlz4,83,1.001274643921391,2.173303223518063e-99,1.4698326473993625e-12
MOBORandomForestLCBPBI_CD,dtlz4,84,1.001304445233794,1.2261575449784096e-67,1.2666036148956748e-105
MOBORandomForestLCBPBI_CD,dtlz4,85,1.0013154979604086,4.769973199740886e-82,9.578250647546402e-93
MOBORandomForestLCBPBI_CD,dtlz4,86,1.0013902753779595,5.417430232044686e-97,2.684795948254915e-80
MOBORandomForestLCBPBI_CD,dtlz4,87,1.0015361415014694,4.4383284200137255e-112,3.254998067067537e-25
MOBORandomForestLCBPBI_CD,dtlz4,88,1.0019668434094604,3.892310075041937e-158,1.2484762197076704e-31
MOBORandomForestLCBPBI_CD,dtlz4,89,1.0022336718581435,8.986294350511396e-174,1.7722738586578392e-59
MOBORandomForestLCBPBI_CD,dtlz4,90,1.0024456059485851,8.143856284587585e-90,2.7527035964556296e-124
MOBORandomForestLCBPBI_CD,dtlz4,91,1.0025383061665143,7.90963523831767e-235,1.2054540179368963e-32
MOBORandomForestLCBPBI_CD,dtlz4,92,1.003063997905307,1.4390538407192465e-102,3.7515365476293487e-76
MOBORandomForestLCBPBI_CD,dtlz4,93,1.003742586170245,2.055630263667403e-15,3.4083780455726214e-198
MOBORandomForestLCBPBI_CD,dtlz4,94,1.0038336007402135,7.82754969440778e-62,5.854411863786961e-125
MOBORandomForestLCBPBI_CD,dtlz4,95,1.0049695249423831,0.0,2.0765332719201978e-56
MOBORandomForestLCBPBI_CD,dtlz4,96,1.005085368858449,2.728680156818589e-32,0.0
MOBORandomForestLCBPBI_CD,dtlz4,97,1.0060578452262816,6.804101577093769e-197,1.6351552323417763e-133
MOBORandomForestLCBPBI_CD,dtlz4,98,1.0062922120689834,7.858038296501181e-98,5.500883146478561e-182
MOBORandomForestLCBPBI_CD,dtlz4,99,1.0063685427373807,5.75236966303385e-47,5.91618230276054e-191
MOBORandomForestLCBPBI_CD,dtlz4,100,1.0064265178152727,5.089914244317499e-215,1.6230381227920333e-66
MOBORandomForestLCBPBI_CD,dtlz4,101,1.019379308585412,5.151936112481317e-100,4.067293145388745e-144
MOBORandomForestLCBPBI_CD,dtlz4,102,1.0212615377878254,7.396956266720002e-180,1.058275907275424e-273
MOBORandomForestLCBPBI_CD,dtlz4,103,1.026273668478474,1.3661499858793999e-232,2.1297518732729947e-84
MOBORandomForestLCBPBI_CD,dtlz4,104,1.2373275684592973,3.517875452092949e-207,1.1705455703297076e-237
MOBORandomForestLCBPBI_CD,dtlz4,105,1.2424951989236654,2.134046170093014e-245,7.429693807497459e-207
MOBORandomForestLCBPBI_CD,dtlz7,0,0.0001688869670033,0.0872044079005718,17.653872699868636
MOBORandomForestLCBPBI_CD,dtlz7,1,0.0002993214875459,0.0534885199740529,17.999299912035358
MOBORandomForestLCBPBI_CD,dtlz7,2,0.0003243796527385,0.5197135889902711,15.58929352123221
MOBORandomForestLCBPBI_CD,dtlz7,3,0.000363515689969,0.1875103646889329,17.08428437961487
MOBORandomForestLCBPBI_CD,dtlz7,4,0.0005659665912389,0.2399231065064668,15.672974768536603
MOBORandomForestLCBPBI_CD,dtlz7,5,0.0011041052639484,0.15614630933851,14.594958356621472
MOBORandomForestLCBPBI_CD,dtlz7,6,0.0013793250545859,0.0313349403440952,20.768228692770325
MOBORandomForestLCBPBI_CD,dtlz7,7,0.0018007392063736,0.1500022672116756,14.89910995515453
MOBORandomForestLCBPBI_CD,dtlz7,8,0.0042505748569965,0.0935917515307664,16.392692372632634
MOBORandomForestLCBPBI_CD,dtlz7,9,0.0043702134862542,0.0036447122693061,15.13359249141168
MOBORandomForestLCBPBI_CD,dtlz7,10,0.0058880094438791,0.3293739445507526,14.10433993715897
MOBORandomForestLCBPBI_CD,dtlz7,11,0.0077904807403683,0.8335329787805676,13.82431109726608
MOBORandomForestLCBPBI_CD,dtlz7,12,0.0125531209632754,0.0019408194348216,16.571701412595843
MOBORandomForestLCBPBI_CD,dtlz7,13,0.0137853091582655,0.0021953415125608,13.432235518712458
MOBORandomForestLCBPBI_CD,dtlz7,14,0.0148429898545145,0.0012987600639462,19.120115057603144
MOBORandomForestLCBPBI_CD,dtlz7,15,0.0172204850241541,0.0005539692938327,22.651326648121007
MOBORandomForestLCBPBI_CD,dtlz7,16,0.0258152345195412,0.0016154563054442,15.26818769986176
MOBORandomForestLCBPBI_CD,dtlz7,17,0.0305900173261761,0.0013674953952431,15.67834803737925
MOBORandomForestLCBPBI_CD,dtlz7,18,0.0306776110082864,0.0810593152418732,13.36453641257591
MOBORandomForestLCBPBI_CD,dtlz7,19,0.0448023462668061,0.058271431364119,12.877922793014116
MOBORandomForestLCBPBI_CD,dtlz7,20,0.0530689535662531,0.241090583615005,12.791454439355684
MOBORandomForestLCBPBI_CD,dtlz7,21,0.0894159842282533,0.7450087498873472,12.59721812872002
MOBORandomForestLCBPBI_CD,dtlz7,22,0.0940092615783214,0.8461288074031472,12.329411361948583
MOBORandomForestLCBPBI_CD,dtlz7,23,0.1123409997671842,0.875282833352685,12.2728955156901
MOBORandomForestLCBPBI_CD,dtlz7,24,0.1218088082969188,0.1219750326126813,12.375470431820904
MOBORandomForestLCBPBI_CD,dtlz7,25,0.1356981107965111,0.2913164589554071,11.5291481671362
MOBORandomForestLCBPBI_CD,dtlz7,26,0.138617243617773,0.0010486105456948,17.276033311195906
MOBORandomForestLCBPBI_CD,dtlz7,27,0.1475369725376367,3.483239561319351e-05,18.51229497064533
MOBORandomForestLCBPBI_CD,dtlz7,28,0.1478517996147275,0.0006664963439106,17.297810423016628
MOBORandomForestLCBPBI_CD,dtlz7,29,0.1635709349066019,0.0006205309182405,17.200366833539967
MOBORandomForestLCBPBI_CD,dtlz7,30,0.1833670902997255,0.0021173525601625,15.055795211291434
MOBORandomForestLCBPBI_CD,dtlz7,31,0.2548895208165049,0.000827245414257,16.17615729092656
MOBORandomForestLCBPBI_CD,dtlz7,32,0.4696124186739325,0.1380195328965783,12.262456832409978
MOBORandomForestLCBPBI_CD,dtlz7,33,0.5180488219484687,0.0005230037495493,17.16005142404078
MOBORandomForestLCBPBI_CD,dtlz7,34,0.7601184025406837,0.0403828443959355,12.517774269155822
MOBORandomForestLCBPBI_CD,dtlz7,35,0.8129028743132949,0.0020950576290488,13.987475421318154
MOBORandomForestLCBPBI_CD,dtlz7,36,0.8368961941450834,0.0001768488436937,17.583013337898915
MOBORandomForestLCBPBI_CD,wfg4,0,0.4349322473243321,4.023671094074803,
MOBORandomForestLCBPBI_CD,wfg4,1,0.4427901005704041,4.00064240964571,
MOBORandomForestLCBPBI_CD,wfg4,2,0.4569801307911635,3.987083627228997,
MOBORandomForestLCBPBI_CD,wfg4,3,0.5022491724202459,3.947306276293198,
MOBORandomForestLCBPBI_CD,wfg4,4,0.5437015972219055,3.8733764592646303,
MOBORandomForestLCBPBI_CD,wfg4,5,0.6722901471455303,3.829630729997065,
MOBORandomForestLCBPBI_CD,wfg4,6,0.7166122703692669,3.805028869888704,
MOBORandomForestLCBPBI_CD,wfg4,7,0.73502645814668,3.76512956560924,
MOBORandomForestLCBPBI_CD,wfg4,8,0.7386049443319799,3.726508747073474,
MOBORandomForestLCBPBI_CD,wfg4,9,0.8136408066672045,3.67108954502901,
MOBORandomForestLCBPBI_CD,wfg4,10,0.8860903362011571,3.621108157930711,
MOBORandomForestLCBPBI_CD,wfg4,11,0.9659118334933688,3.609181576398744,
MOBORandomForestLCBPBI_CD,wfg4,12,0.967840150096029,3.5875750753807485,
MOBORandomForestLCBPBI_CD,wfg4,13,0.9797444258820512,3.5557152690809164,
MOBORandomForestLCBPBI_CD,wfg4,14,1.0253454701602502,3.5430509838993296,
MOBORandomForestLCBPBI_CD,wfg4,15,1.0289109682914552,3.510929822464913,
MOBORandomForestLCBPBI_CD,wfg4,16,1.0422694573644558,3.4835220131695883,
MOBORandomForestLCBPBI_CD,wfg4,17,1.0511110380456112,3.4326078784068303,
MOBORandomForestLCBPBI_CD,wfg4,18,1.0694487831451598,3.404520682354264,
MOBORandomForestLCBPBI_CD,wfg4,19,1.1142006283483437,3.3956006477958165,
MOBORandomForestLCBPBI_CD,wfg4,20,1.1204667794019407,3.3925870592180543,
MOBORandomForestLCBPBI_CD,wfg4,21,1.134374335186335,3.3259432206465567,
MOBORandomForestLCBPBI_CD,wfg4,22,1.1728165934446455,3.3048894603769634,
MOBORandomForestLCBPBI_CD,wfg4,23,1.1820758686081618,3.2633773942512194,
MOBORandomForestLCBPBI_CD,wfg4,24,1.2070868843819815,3.25366254850207,
MOBORandomForestLCBPBI_CD,wfg4,25,1.2174480597274202,3.2406304678331974,
MOBORandomForestLCBPBI_CD,wfg4,26,1.2227446266108692,3.1812375089810643,
MOBORandomForestLCBPBI_CD,wfg4,27,1.2837622386312926,3.180858617929521,
MOBORandomForestLCBPBI_CD,wfg4,28,1.2849878723181227,3.1325343454841508,
MOBORandomForestLCBPBI_CD,wfg4,29,1.2899028978810685,3.082964580860248,
MOBORandomForestLCBPBI_CD,wfg4,30,1.3083028657591838,3.0623845211105944,
MOBORandomForestLCBPBI_CD,wfg4,31,1.333478591928014,3.039903890914739,
MOBORandomForestLCBPBI_CD,wfg4,32,1.3358337625897692,3.033101670599376,
MOBORandomForestLCBPBI_CD,wfg4,33,1.3594503886075386,3.021941387399382,
MOBORandomForestLCBPBI_CD,wfg4,34,1.3700087800580911,3.021572618332084,
MOBORandomForestLCBPBI_CD,wfg4,35,1.375210251671426,3.001532598738726,
MOBORandomForestLCBPBI_CD,wfg4,36,1.402651456199738,2.9731227954359496,
MOBORandomForestLCBPBI_CD,wfg4,37,1.404884316664638,2.917106458023047,
MOBORandomForestLCBPBI_CD,wfg4,38,1.4228456263519214,2.881252440463165,
MOBORandomForestLCBPBI_CD,wfg4,39,1.423532400062805,2.8738199141451504,
MOBORandomForestLCBPBI_CD,wfg4,40,1.435222519254496,2.8507341627227967,
MOBORandomForestLCBPBI_CD,wfg4,41,1.492891254086158,2.7949006154395946,
MOBORandomForestLCBPBI_CD,wfg4,42,1.5011848913375536,2.790230204400052,
MOBORandomForestLCBPBI_CD,wfg4,43,1.513304991099337,2.75220338705483,
MOBORandomForestLCBPBI_CD,wfg4,44,1.518537267045015,2.750389886223077,
MOBORandomForestLCBPBI_CD,wfg4,45,1.5270063954060047,2.7210464219745143,
MOBORandomForestLCBPBI_CD,wfg4,46,1.5341530332483695,2.666992582894628,
MOBORandomForestLCBPBI_CD,wfg4,47,1.5676621785652105,2.577863153497032,
MOBORandomForestLCBPBI_CD,wfg4,48,1.6075877389658912,2.4433426479243003,
MOBORandomForestLCBPBI_CD,wfg4,49,1.6691670902901672,2.38103921169064,
MOBORandomForestLCBPBI_CD,wfg4,50,1.6876094280846632,2.3544846167750646,
MOBORandomForestLCBPBI_CD,wfg4,51,1.706494276123165,2.2596465415316667,
MOBORandomForestLCBPBI_CD,wfg4,52,1.7240271013208075,2.0701954791590604,
MOBORandomForestLCBPBI_CD,wfg4,53,1.8157609369431744,2.008298708457083,
MOBORandomForestLCBPBI_CD,wfg4,54,1.8727311400763829,1.9435905746960336,
MOBORandomForestLCBPBI_CD,wfg4,55,1.8857612082667297,1.8651929561808185,
MOBORandomForestLCBPBI_CD,wfg4,56,1.9283154064639392,1.5111030636302365,
MOBORandomForestLCBPBI_CD,wfg4,57,1.9572775340863309,1.5106161659373003,
MOBORandomForestLCBPBI_CD,wfg4,58,1.966319333080717,1.5051634810175063,
MOBORandomForestLCBPBI_CD,wfg4,59,1.9960859045344856,1.3001393044246252,
MOBORandomForestLCBPBI_CD,wfg7,0,0.2956672640452884,0.2779238971913622,6.220789452322364
MOBORandomForestLCBPBI_CD,wfg7,1,0.3341288789958472,3.1995558015082604,4.463803426425167
MOBORandomForestLCBPBI_CD,wfg7,2,0.3504709863669217,3.307537029198548,4.104013419244226
MOBORandomForestLCBPBI_CD,wfg7,3,0.371348459350841,1.5438476830332375,6.0543448188830284
MOBORandomForestLCBPBI_CD,wfg7,4,0.3778057335856149,1.338273778184651,6.190483486274604
MOBORandomForestLCBPBI_CD,wfg7,5,0.3798332321780093,2.800710944512542,4.963177655127092
MOBORandomForestLCBPBI_CD,wfg7,6,0.3942478573067755,4.091567112595259,2.26630727871281
MOBORandomForestLCBPBI_CD,wfg7,7,0.3958715398483101,2.4805249526259887,5.338309619433411
MOBORandomForestLCBPBI_CD,wfg7,8,0.4001918472344536,1.9836145868219728,5.905761193171752
MOBORandomForestLCBPBI_CD,wfg7,9,0.4007806448369982,3.703606361199415,3.767509138034912
MOBORandomForestLCBPBI_CD,wfg7,10,0.409337965936086,2.78124001021873,5.002619665774648
MOBORandomForestLCBPBI_CD,wfg7,11,0.4114595429244324,1.975765891825119,5.910528005137232
MOBORandomForestLCBPBI_CD,wfg7,12,0.4121564528333573,3.620933677382585,3.99453475100312
MOBORandomForestLCBPBI_CD,wfg7,13,0.4128159085147271,4.19792613321831,1.8675212860022044
MOBORandomForestLCBPBI_CD,wfg7,14,0.4173811782514406,3.103723524133792,4.533852490565876
MOBORandomForestLCBPBI_CD,wfg7,15,0.422950156698492,0.3571099801225526,6.174749548848026
MOBORandomForestLCBPBI_CD,wfg7,16,0.4241710184938585,2.308616747102988,5.716554697740227
MOBORandomForestLCBPBI_CD,wfg7,17,0.4254835276541058,2.559184548110641,5.31194453232073
MOBORandomForestLCBPBI_CD,wfg7,18,0.431799812670126,3.617607512698579,3.795912474555128
MOBORandomForestLCBPBI_CD,wfg7,19,0.4326669079333476,2.1718169023076075,5.832628907673715
MOBORandomForestLCBPBI_CD,wfg7,20,0.4373567232433076,3.0709461847878305,4.8008914704109324
MOBORandomForestLCBPBI_CD,wfg7,21,0.4388749885516194,1.9259719105457649,5.933562986023043
MOBORandomForestLCBPBI_CD,wfg7,22,0.4402931396868687,2.356785279754854,5.603469293398212
MOBORandomForestLCBPBI_CD,wfg7,23,0.4480557591280156,1.589675497792861,6.051237609108348
MOBORandomForestLCBPBI_CD,wfg7,24,0.4493794293226562,1.6281202796669203,5.960783835971774
MOBORandomForestLCBPBI_CD,wfg7,25,0.467669886068967,2.3053867275485533,5.615186983274438
MOBORandomForestLCBPBI_CD,wfg7,26,0.4721275640551439,1.0480406191757543,6.15133126703199
MOBORandomForestLCBPBI_CD,wfg7,27,0.4839466236738888,0.8026677927075064,6.174473862916225
MOBORandomForestLCBPBI_CD,wfg7,28,0.4992173711297575,2.6653898736473174,5.0568556272248175
MOBORandomForestLCBPBI_CD,wfg7,29,0.5092394951377692,3.956760172199098,3.53418123965484
MOBORandomForestLCBPBI_CD,wfg7,30,0.509424002581045,0.402314063175086,6.130672458485623
MOBORandomForestLCBPBI_CD,wfg7,31,0.5200495944292796,3.820185421588135,3.284410948596768
MOBORandomForestLCBPBI_CD,wfg7,32,0.5227350275829592,3.749406214156553,3.5749653046117227
MOBORandomForestLCBPBI_CD,wfg7,33,0.5285986994299487,2.1635157048246296,5.900944491495322
MOBORandomForestLCBPBI_CD,wfg7,34,0.5355227979675762,2.3470881213376544,5.405176898384191
MOBORandomForestLCBPBI_CD,wfg7,35,0.541885977962719,1.2533434186711845,6.099370305843491
MOBORandomForestLCBPBI_CD,wfg7,36,0.5434491647993154,1.4658255387611838,6.006890475913155
MOBORandomForestLCBPBI_CD,wfg7,37,0.5473497832550619,1.976847359023855,5.836680080860412
MOBORandomForestLCBPBI_CD,wfg7,38,0.5545376753106659,1.183476297438012,6.04999274197306
MOBORandomForestLCBPBI_CD,wfg7,39,0.5741609342772238,2.0832752695694863,5.806046437008368
MOBORandomForestLCBPBI_CD,wfg7,40,0.6078938622186023,1.0135155780368172,6.035261766295228
MOBORandomForestLCBPBI_CD,wfg7,41,0.614701847338382,2.19587294055962,5.7257382866553375
MOBORandomForestLCBPBI_CD,wfg7,42,0.6158044063498747,3.0907201194097715,4.612320023463492
MOBORandomForestLCBPBI_CD,wfg7,43,0.6280718632046475,2.634564436371635,4.979847765197384
MOBORandomForestLCBPBI_CD,wfg7,44,0.6423784689203669,3.9490370932230654,2.8051477721161784
MOBORandomForestLCBPBI_CD,wfg7,45,0.6659564550840555,1.7909176525423267,5.930072556445171
MOBORandomForestLCBPBI_CD,wfg7,46,0.665965810637725,2.245539026388134,5.527068710943953
MOBORandomForestLCBPBI_CD,wfg7,47,0.6736365029815343,2.971397296597514,4.955081842968204
MOBORandomForestLCBPBI_CD,wfg7,48,0.6928717813485473,2.5618040401726407,5.089542003521464
MOBORandomForestLCBPBI_CD,wfg7,49,0.7119227673194403,1.5896756909917165,5.792940637496797
MOBORandomForestLCBPBI_CD,wfg7,50,0.7124308992225411,4.096769860631797,1.7791393650370917
MOBORandomForestLCBPBI_CD,wfg7,51,0.7125671758301747,2.1147223947537945,5.689240028693871
MOBORandomForestLCBPBI_CD,wfg7,52,0.7196266757108642,1.0887815816352098,5.948420646273275
MOBORandomForestLCBPBI_CD,wfg7,53,0.7263509715674497,1.5545627952867158,5.768098616600884
MOBORandomForestLCBPBI_CD,wfg7,54,0.7288022675476462,1.1922301318349229,5.66609027990718
MOBORandomForestLCBPBI_CD,wfg7,55,0.7396513450662221,3.8006287043984015,2.596937351717118
MOBORandomForestLCBPBI_CD,wfg7,56,0.7422562408357523,3.528555244309024,3.4491752379611964
MOBORandomForestLCBPBI_CD,wfg7,57,0.7679755422030949,3.518491268143329,3.782115502443164
MOBORandomForestLCBPBI_CD,wfg7,58,0.7990244937393434,2.804676801944644,4.6382565140189245
MOBORandomForestLCBPBI_CD,wfg7,59,0.8096937518348104,2.7761339120543456,4.631728250362358
MOBORandomForestLCBPBI_CD,wfg7,60,0.8286402027826352,2.340302938435028,5.09713300817479
MOBORandomForestLCBPBI_CD,wfg7,61,0.8423406400149702,3.740810372997452,2.8769723828307754
MOBORandomForestLCBPBI_CD,wfg7,62,0.8426361688904408,3.112618908724884,4.401550852890049
MOBORandomForestLCBPBI_CD,wfg7,63,0.843218924654521,0.8750681785402434,5.9080026912861
MOBORandomForestLCBPBI_CD,wfg7,64,0.8639025512002236,1.6198965562665906,5.643413840415814
MOBORandomForestLCBPBI_CD,wfg7,65,0.8768963612577807,2.069883208544125,5.6033858973996304
MOBORandomForestLCBPBI_CD,wfg7,66,0.8877675699209769,2.3174265700311274,5.258264743152257
MOBORandomForestLCBPBI_CD,wfg7,67,0.9041033422156096,0.6572780148397263,6.089901635899404
MOBORandomForestLCBPBI_CD,wfg7,68,0.9108892766179776,1.4743601742881074,5.646171916470177
MOBORandomForestLCBPBI_CD,wfg7,69,0.921638425648892,1.1515835156427467,5.879051043119076
MOBORandomForestLCBPBI_CD,wfg7,70,0.9335619174327991,2.9466862907978912,4.244246207730553
MOBORandomForestLCBPBI_CD,wfg7,71,0.9491364748721348,1.6500831061167731,5.633063552937378
MOBORandomForestLCBPBI_CD,wfg7,72,0.950564360925097,1.0563237703245218,5.731711834375285
MOBORandomForestLCBPBI_CD,wfg7,73,0.952341095625728,2.52193791935664,5.03275093476779
MOBORandomForestLCBPBI_CD,wfg7,74,0.953574207441496,3.4499873418626543,3.83791285849088
MOBORandomForestLCBPBI_CD,wfg7,75,0.9609805020905596,2.7468039301108087,4.795166319827016
MOBORandomForestLCBPBI_CD,wfg7,76,0.9673452428760752,4.08560988379411,2.200894820570375
MOBORandomForestLCBPBI_CD,wfg7,77,0.9754331953057048,2.737198694289294,4.966370279407254
MOBORandomForestLCBPBI_CD,wfg7,78,0.9757421562324572,1.7225119920778016,5.597623141891679
MOBORandomForestLCBPBI_CD,wfg7,79,0.9794737742514286,2.7728007138680604,4.698206764394069
MOBORandomForestLCBPBI_CD,wfg7,80,0.9867735590555488,3.695987144658967,3.125517831051941
MOBORandomForestLCBPBI_CD,wfg7,81,0.9882950801450175,1.84291890060516,5.421231555649015
MOBORandomForestLCBPBI_CD,wfg7,82,1.0014250110736476,1.6693693255333704,5.596920143359359
MOBORandomForestLCBPBI_CD,wfg7,83,1.01165931341601,2.208593464094657,5.3862689261341234
MOBORandomForestLCBPBI_CD,wfg7,84,1.0210339374657895,0.8780520513247303,5.86619638643752
MOBORandomForestLCBPBI_CD,wfg7,85,1.0265538081666397,3.13187012414612,3.972994142134713
MOBORandomForestLCBPBI_CD,wfg7,86,1.0293497914875382,2.1970668518217136,5.338498330348218
MOBORandomForestLCBPBI_CD,wfg7,87,1.0328752584533545,0.914071573084243,5.843791462695104
MOBORandomForestLCBPBI_CD,wfg7,88,1.0356931463628245,0.5974436137361436,6.044693650423956
MOBORandomForestLCBPBI_CD,wfg7,89,1.0393391684334363,1.7674027448312113,5.5626684922818725
MOBORandomForestLCBPBI_CD,wfg7,90,1.0459478715659762,0.7681022836237066,5.91493814026582
MOBORandomForestLCBPBI_CD,wfg7,91,1.0503543615504645,4.054024540051533,1.962180995292681
MOBORandomForestLCBPBI_CD,wfg7,92,1.0516455673721283,0.8704045353585086,5.91054768575755
MOBORandomForestLCBPBI_CD,wfg7,93,1.0548538348161831,2.5676635406578456,4.590668163444255
MOBORandomForestLCBPBI_CD,wfg7,94,1.0573591257369075,2.1665285544359003,5.411418613105623
MOBORandomForestLCBPBI_CD,wfg7,95,1.0593368137062291,0.9873927393349994,5.396811957478671
MOBORandomForestLCBPBI_CD,wfg7,96,1.059549406380672,2.287705083952376,5.109910101284193
MOBORandomForestLCBPBI_CD,wfg7,97,1.0595572310208452,2.819022612947647,4.361660838898386
MOBORandomForestLCBPBI_CD,wfg7,98,1.0677802297578387,4.030770277637824,1.7462069898056751
MOBORandomForestLCBPBI_CD,wfg7,99,1.0728877341890644,3.364157590290029,3.7446695373207097
MOBORandomForestLCBPBI_CD,wfg7,100,1.0822931919180283,3.932474971314293,2.431662024673343
MOBORandomForestLCBPBI_CD,wfg7,101,1.0829713775004248,1.802945869225617,5.112380669684465
MOBORandomForestLCBPBI_CD,wfg7,102,1.0837412840925602,3.3387249654125983,2.9048311170235595
MOBORandomForestLCBPBI_CD,wfg7,103,1.089846645685665,1.790153400415804,5.344261293148152
MOBORandomForestLCBPBI_CD,wfg7,104,1.0951288712910356,3.651787427407413,2.8543201810433363
MOBORandomForestLCBPBI_CD,wfg7,105,1.1119185481471276,0.9769021946578798,5.64381919236146
MOBORandomForestLCBPBI_CD,wfg7,106,1.1122916807331378,4.132962545173102,1.4090924112434988
MOBORandomForestLCBPBI_CD,wfg7,107,1.1125342609194275,3.2654163263889764,3.957355847150757
MOBORandomForestLCBPBI_CD,wfg7,108,1.1153311077794554,2.7263105178709,4.413257360967853
MOBORandomForestLCBPBI_CD,wfg7,109,1.122597167245171,2.2635288487188965,4.7537044673395785
MOBORandomForestLCBPBI_CD,wfg7,110,1.134583437246241,2.0022713300704176,4.972240567453021
MOBORandomForestLCBPBI_CD,wfg7,111,1.1473273561317452,3.904477371076843,2.023861958694857
MOBORandomForestLCBPBI_CD,wfg7,112,1.1594834191662184,3.0605968003125965,4.030648556815077
MOBORandomForestLCBPBI_CD,wfg7,113,1.16023826224682,3.257043459400881,3.848179102298317
MOBORandomForestLCBPBI_CD,wfg7,114,1.166494481520591,3.2154325502936607,3.816165183078642
MOBORandomForestLCBPBI_CD,wfg7,115,1.1682627547664732,3.4485363591786182,2.859102089102235
MOBORandomForestLCBPBI_CD,wfg7,116,1.1689811111750013,0.7350550097005274,5.839264525177659
MOBORandomForestLCBPBI_CD,wfg7,117,1.1717884166299246,0.5952235789264226,5.703213059499216
MOBORandomForestLCBPBI_CD,wfg7,118,1.1741830338365915,3.0117512920040825,4.016172972568408
MOBORandomForestLCBPBI_CD,wfg7,119,1.1804170588574916,2.67005226205531,4.570192767461219
MOBORandomForestLCBPBI_CD,wfg7,120,1.1805761949630829,2.8054703247523203,3.2203335562795963
MOBORandomForestLCBPBI_CD,wfg7,121,1.183063590910856,2.5215523482447173,4.676381901889648
MOBORandomForestLCBPBI_CD,wfg7,122,1.1874250844345495,0.5803024266177523,5.84102594760682
MOBORandomForestLCBPBI_CD,wfg7,123,1.194407916188227,1.6082766812470592,5.130351874003108
MOBORandomForestLCBPBI_CD,wfg7,124,1.2044559999940634,2.593143890615095,4.4015824756090485
MOBORandomForestLCBPBI_CD,wfg7,125,1.216191236936493,2.407287633420112,4.501597803426389
MOBORandomForestLCBPBI_CD,wfg7,126,1.2199250091254554,0.9812844284907052,5.335300906905248
MOBORandomForestLCBPBI_CD,wfg7,127,1.2340734171472645,2.2793179294531365,4.572239641429087
MOBORandomForestLCBPBI_CD,wfg7,128,1.2343261333954,1.1889122473483529,5.14579517459539
MOBORandomForestLCBPBI_CD,wfg7,129,1.2458215023020074,3.585383913440459,2.582422841652539
MOBORandomForestLCBPBI_CD,wfg7,130,1.2490590465702978,2.196625942105272,4.818964326250699
MOBORandomForestLCBPBI_CD,wfg7,131,1.2499590646637504,0.7568985037498157,5.637328709163216
MOBORandomForestLCBPBI_CD,wfg7,132,1.2553606035479297,3.542808303942774,2.76162513648074
MOBORandomForestLCBPBI_CD,wfg7,133,1.2563054311021755,2.21862471016055,4.6039492911924444
MOBORandomForestLCBPBI_CD,wfg7,134,1.2563841366708868,1.7466375416944275,5.016464780565002
MOBORandomForestLCBPBI_CD,wfg7,135,1.261446206104266,3.267065351403988,3.068720096050924
MOBORandomForestLCBPBI_CD,wfg7,136,1.274437902082462,3.257198770423567,3.160188349823259
MOBORandomForestLCBPBI_CD,wfg7,137,1.2934429157809366,2.112653599390545,4.869753511973374
MOBORandomForestLCBPBI_CD,wfg7,138,1.2939809606801649,2.550963161213145,4.4454477019895
MOBORandomForestLCBPBI_CD,wfg7,139,1.299252715214184,2.30148151635035,4.368547988544777
MOBORandomForestLCBPBI_CD,wfg7,140,1.3027188865988006,1.532050660793219,4.796091047544715
MOBORandomForestLCBPBI_CD,wfg7,141,1.306545281957614,2.486779972833751,4.319406202729712
MOBORandomForestLCBPBI_CD,wfg7,142,1.307814558925974,0.937403862819686,5.308458552665863
MOBORandomForestLCBPBI_CD,wfg7,143,1.3236762352233469,4.384880597740312,0.8169861889923825
MOBORandomForestLCBPBI_CD,wfg7,144,1.3294212831872054,2.4122115385746468,4.258574899928077
MOBORandomForestLCBPBI_CD,wfg7,145,1.3300464276878186,1.920569005359074,4.492555578180629
MOBORandomForestLCBPBI_CD,wfg7,146,1.3329995700312178,3.528148932111388,2.7574861277111404
MOBORandomForestLCBPBI_CD,wfg7,147,1.3344623231969572,2.2636600007361145,4.28618294968197
MOBORandomForestLCBPBI_CD,wfg7,148,1.3351794933872296,3.603157037909732,1.8603856132451173
MOBORandomForestLCBPBI_CD,wfg7,149,1.343957698797175,1.1766998145210654,5.055756835193735
MOBORandomForestLCBPBI_CD,wfg7,150,1.3446833496018815,1.886297829946979,4.620135386567988
MOBORandomForestLCBPBI_CD,wfg7,151,1.3456782424907288,2.3035257113311096,3.97787043290252
MOBORandomForestLCBPBI_CD,wfg7,152,1.3461135596027496,4.417506844323107,0.8011984184877253
MOBORandomForestLCBPBI_CD,wfg7,153,1.3475956988297964,0.5708530119933535,5.863972094726049
MOBORandomForestLCBPBI_CD,wfg7,154,1.3500337440862566,1.106057446712709,5.2296037931118535
MOBORandomForestLCBPBI_CD,wfg7,155,1.350491627756349,3.222828006883931,2.9799352251971425
MOBORandomForestLCBPBI_CD,wfg7,156,1.3672460620939904,0.4942028315574687,5.503772522192052
MOBORandomForestLCBPBI_CD,wfg7,157,1.3728058863542634,3.8433245270890968,1.6619702318804437
MOBORandomForestLCBPBI_CD,wfg7,158,1.374084259322133,2.1077919179304634,4.395384498835625
MOBORandomForestLCBPBI_CD,wfg7,159,1.3767131803250443,0.7962886110353016,5.409901280769254
MOBORandomForestLCBPBI_CD,wfg7,160,1.3813120364414853,2.6212870736471383,3.740619713870739
MOBORandomForestLCBPBI_CD,wfg7,161,1.3845671574242984,3.242500338455552,2.9008589076433493
MOBORandomForestLCBPBI_CD,wfg7,162,1.3867801611412869,2.690774548035775,3.7310387063203256
MOBORandomForestLCBPBI_CD,wfg7,163,1.3879639353396056,0.8697895088453285,5.338014040952024
MOBORandomForestLCBPBI_CD,wfg7,164,1.3889041051439546,1.4980084424826323,4.868141597813385
MOBORandomForestLCBPBI_CD,wfg7,165,1.3945006527226702,0.7317943699240307,5.115458620419728
MOBORandomForestLCBPBI_CD,wfg7,166,1.3958511424968243,2.4780215024571666,3.6497732208762304
MOBORandomForestLCBPBI_CD,wfg7,167,1.40469690602769,2.636418642263751,3.1474117746650463
MOBORandomForestLCBPBI_CD,wfg7,168,1.4079990820063355,3.101286688887733,2.711878885378487
MOBORandomForestLCBPBI_CD,wfg7,169,1.4097941510003962,0.9417815380054796,5.043784333023033
MOBORandomForestLCBPBI_CD,wfg7,170,1.42354696623624,1.4609894618198846,4.8338531206698185
MOBORandomForestLCBPBI_CD,wfg7,171,1.4329896302538194,2.895104855846346,2.294321328279072
MOBORandomForestLCBPBI_CD,wfg7,172,1.4356043167777812,2.2369418722693344,4.040776656527573
MOBORandomForestLCBPBI_CD,wfg7,173,1.4365617724273814,3.2513770365626806,2.090748883075931
MOBORandomForestLCBPBI_CD,wfg7,174,1.438788129349081,2.1280487535388684,4.083540855126653
MOBORandomForestLCBPBI_CD,wfg7,175,1.4436198992007288,1.1934939940835387,4.618148908542151
MOBORandomForestLCBPBI_CD,wfg7,176,1.4536766913770172,3.410012753685903,1.4196715843391003
MOBORandomForestLCBPBI_CD,wfg7,177,1.455312778422997,2.619644470490739,3.337137173871967
MOBORandomForestLCBPBI_CD,wfg7,178,1.4880999990025328,1.6967323079653298,3.899618808152724
MOBORandomForestLCBPBI_CD,wfg7,179,1.4932335371532155,1.6313192168712505,4.378295569679177
MOBORandomForestLCBPBI_CD,wfg7,180,1.4999302252042843,1.674744666556628,4.37423543570912
MOBORandomForestLCBPBI_CD,wfg7,181,1.5050818560457797,0.6446790221428678,4.967518726958069
MOBORandomForestLCBPBI_CD,wfg7,182,1.548433567871091,3.3157845187312645,1.8700559174110047
MOBORandomForestLCBPBI_CD,wfg7,183,1.5621806952086847,1.78969002510303,3.888294608182166
MOBORandomForestLCBPBI_CD,wfg7,184,1.5631103825086892,2.761697428187989,2.62346357013658
MOBORandomForestLCBPBI_CD,wfg7,185,1.5667621015324389,3.549145538195258,1.2162589848076288
MOBORandomForestLCBPBI_CD,wfg7,186,1.5735420356572796,0.3407993628046278,4.698558343040142
MOBORandomForestLCBPBI_CD,wfg7,187,1.588650926605888,3.542627208560825,1.2139783674308648
MOBORandomForestLCBPBI_CD,wfg7,188,1.6135671346671985,2.4849385265040227,3.343218621629185
MOBORandomForestLCBPBI_CD,wfg7,189,1.632824831367356,2.1027586125030666,3.483723238593076
MOBORandomForestLCBPBI_CD,wfg7,190,1.6439270614984482,2.2338274741300745,3.362780823853599
MOBORandomForestLCBPBI_CD,wfg7,191,1.6454424521603397,1.542673867711666,4.605112335776417
MOBORandomForestLCBPBI_CD,wfg7,192,1.6467612081496548,2.6274204477163554,2.7462415468589
MOBORandomForestLCBPBI_CD,wfg7,193,1.6471655480616605,0.8344851794959914,4.336381709676916
MOBORandomForestLCBPBI_CD,wfg7,194,1.648333453128044,1.835718567551695,3.746626700237036
MOBORandomForestLCBPBI_CD,wfg7,195,1.6527909430058467,2.837216329317383,1.439271641288089
MOBORandomForestLCBPBI_CD,wfg7,196,1.6562995011465014,3.3352663931262017,1.2095449928659336
MOBORandomForestLCBPBI_CD,wfg7,197,1.6620758837584129,2.486981809802028,3.2884087858599083
MOBORandomForestLCBPBI_CD,wfg7,198,1.6688147075042663,3.4691381355870066,0.9661796120619556
MOBORandomForestLCBPBI_CD,wfg7,199,1.6730327859510004,1.6551149683158068,3.9362901055736352
MOBORandomForestLCBPBI_CD,wfg7,200,1.677666724840452,2.791313663697804,1.983998003599727
MOBORandomForestLCBPBI_CD,wfg7,201,1.683786429627401,2.575240090776963,3.2200055603744744
MOBORandomForestLCBPBI_CD,wfg7,202,1.6910912841360637,1.6270672348275728,4.27273075760027
MOBORandomForestLCBPBI_CD,wfg7,203,1.698264598776027,2.4777583209774927,3.1875135628390727
MOBORandomForestLCBPBI_CD,wfg7,204,1.698304349921952,2.0650793779497114,3.448744422146864
MOBORandomForestLCBPBI_CD,wfg7,205,1.7052192704687603,2.7458103057435617,1.5930812224045203
MOBORandomForestLCBPBI_CD,wfg7,206,1.708715749183637,2.2590093749082483,3.308462070713973
MOBORandomForestLCBPBI_CD,wfg7,207,1.709733901700698,2.2669126597587304,2.3776436994334085
MOBORandomForestLCBPBI_CD,wfg7,208,1.7152823534948771,1.4567078416212669,4.213738688677318
MOBORandomForestLCBPBI_CD,wfg7,209,1.7189833158026986,0.4668804628902232,4.073833896711022
MOBORandomForestLCBPBI_CD,wfg7,210,1.720559970403361,2.0804734852743225,3.4281157819581094
MOBORandomForestLCBPBI_CD,wfg7,211,1.722154481619127,1.92135390059036,3.5601156780294003
MOBORandomForestLCBPBI_CD,wfg7,212,1.7282806202129344,1.7431688559894485,3.540299136637558
MOBORandomForestLCBPBI_CD,wfg7,213,1.7318209478649818,0.3494764369956243,4.133722167367141
MOBORandomForestLCBPBI_CD,wfg7,214,1.740565683065132,1.995339351627184,2.7896654912055387
MOBORandomForestLCBPBI_CD,wfg7,215,1.7477297894516528,1.783683676868855,3.4743331572094
MOBORandomForestLCBPBI_CD,wfg7,216,1.74856724565023,2.5464949904049328,2.3637485850173543
MOBORandomForestLCBPBI_CD,wfg7,217,1.7691732564066622,1.4220090326357324,3.530998793683825
MOBORandomForestLCBPBI_CD,wfg7,218,1.7693037291727045,2.799423626148669,1.5634533220850864
MOBORandomForestLCBPBI_CD,wfg7,219,1.7876610145866327,2.5958826089378544,2.104534008641285
MOBORandomForestLCBPBI_CD,wfg7,220,1.7890161696782911,1.9332792687060127,3.181726950088407
MOBORandomForestLCBPBI_CD,wfg7,221,1.8016733231898032,1.8849957794365928,3.270975431096617
MOBORandomForestLCBPBI_CD,wfg7,222,1.81768658177928,1.5020479477844542,3.4115558558808248
MOBORandomForestLCBPBI_CD,wfg7,223,1.821572044851051,1.1219779680484816,3.254963036173846
MOBORandomForestLCBPBI_CD,wfg7,224,1.834256977380721,2.425594521592013,0.6572715770241533
MOBORandomForestLCBPBI_CD,wfg7,225,1.8496142121665256,2.111720927375622,2.7239920844716283
MOBORandomForestLCBPBI_CD,wfg7,226,1.881271012043591,1.9152701443664089,3.0801319030662384
MOBORandomForestLCBPBI_CD,wfg7,227,1.8966616531972216,2.1459137783769853,2.653303031197692
MOBORandomForestLCBPBI_CD,wfg7,228,1.902405688291665,1.894463310310764,2.991112975777716
MOBORandomForestLCBPBI_CD,wfg7,229,1.928819900640886,1.9986208830985983,2.713634606024458
MOBORandomForestLCBPBI_CD,wfg7,230,1.929449262811229,0.90822182775861,3.357606058453727
MOBORandomForestLCBPBI_CD,wfg7,231,1.9350958283684696,1.067561528600475,3.3499193552031907
MOBORandomForestLCBPBI_CD,wfg7,232,1.942017463424424,2.225213007425596,0.6727017845021093
MOBORandomForestLCBPBI_CD,wfg7,233,1.999166889332844,2.155061868586144,1.96241575861292
MOBORandomForestLCBPBI_CD,wfg7,234,2.0054440947099184,2.0894473323307228,2.6038674435516524
MOBORandomForestLCBPBI_CD,wfg7,235,2.014280868499603,1.6129676419650725,3.050228580699097
MOBORandomForestLCBPBI_CD,wfg7,236,2.0162993123170616,2.057446934113215,2.532942681066332
MOBORandomForestLCBPBI_CD,wfg7,237,2.024218562725505,0.9942754100256193,3.2364327052727275
MOBORandomForestLCBPBI_CD,wfg7,238,2.025188552284483,1.8180369348069807,2.200019592700561
MOBORandomForestLCBPBI_CD,wfg7,239,2.03563299450337,1.5007630828462752,2.535363387885758
MOBORandomForestLCBPBI_CD,wfg7,240,2.039414218042762,0.7958484686069722,3.499658332647844
MOBORandomForestLCBPBI_CD,wfg7,241,2.050237704130387,1.1794728532241805,2.548040869421079
MOBORandomForestLCBPBI_CD,wfg7,242,2.076062902237363,1.9882899897787816,2.11355600476136
MOBORandomForestLCBPBI_CD,wfg7,243,2.096607799093853,2.017811683559785,2.035285474974374
MOBORandomForestLCBPBI_CD,wfg7,244,2.100709882201304,1.0700856690714085,3.039453850371504
MOBORandomForestLCBPBI_CD,wfg7,245,2.1022834238942627,1.0426296934597137,2.3909730816605985
MOBORandomForestLCBPBI_CD,wfg7,246,2.1041811963025774,0.8431683758800637,2.730075403532605
MOBORandomForestLCBPBI_CD,wfg7,247,2.123630853164584,0.7697831186360262,3.043120752376569
MOBORandomForestLCBPBI_CD,wfg7,248,2.138093111280424,1.1693664269683022,1.5873232377919757
MOBORandomForestLCBPBI_CD,wfg7,249,2.1640359258374087,2.0666896343953867,1.248977106913296
MOBORandomForestLCBPBI_CD,wfg7,250,2.182346659739907,0.6291764066198787,4.000631813689173
MOBORandomForestLCBPBI_CD,wfg7,251,2.195463779197256,1.655049939012623,0.9513578624695678
MOBORandomForestLCBPBI_CD,wfg7,252,2.241351597602947,0.814968615797556,2.895794865192768
MOBORandomForestLCBPBI_CD,wfg7,253,2.246456520712372,0.727728152590739,3.0616496209690323
MOBORandomForestLCBPBI_CD,wfg7,254,2.314310168012765,1.244491941925634,1.5107731307721208
MOBORandomForestLCBPBI_CD,wfg7,255,2.3610080877631527,0.8181205533504265,2.672914076431076
MOBORandomForestLCBPBI_CD,wfg7,256,2.377524626382716,1.8153004263545545,0.8780727822136587
MOBORandomForestLCBPBI_CD,wfg7,257,2.379198019064619,1.0070109425339135,1.9180356417436832
MOBORandomForestLCBPBI_CD,wfg7,258,2.48125805647853,1.184760182572418,0.8763779066280607
MOBORandomForestLCBPBI_CD,wfg9,0,0.1210642885488724,4.03061219085305,
MOBORandomForestLCBPBI_CD,wfg9,1,0.2450173970866943,3.989176075702518,
MOBORandomForestLCBPBI_CD,wfg9,2,0.2823747169775603,3.979318538757688,
MOBORandomForestLCBPBI_CD,wfg9,3,0.3100008764480125,3.971666022884325,
MOBORandomForestLCBPBI_CD,wfg9,4,0.3676103123657571,3.959381370560565,
MOBORandomForestLCBPBI_CD,wfg9,5,0.3934666057011758,3.9490089159064494,
MOBORandomForestLCBPBI_CD,wfg9,6,0.4187549532681706,3.944547052800421,
MOBORandomForestLCBPBI_CD,wfg9,7,0.5144082156476185,3.9347791747018057,
MOBORandomForestLCBPBI_CD,wfg9,8,0.5286176051606196,3.933160384305006,
MOBORandomForestLCBPBI_CD,wfg9,9,0.568884792119833,3.886919861320842,
MOBORandomForestLCBPBI_CD,wfg9,10,0.572673607470179,3.857319376883192,
MOBORandomForestLCBPBI_CD,wfg9,11,0.6235435110977487,3.848784292987359,
MOBORandomForestLCBPBI_CD,wfg9,12,0.6274083321682249,3.843690324155048,
MOBORandomForestLCBPBI_CD,wfg9,13,0.6325049916730809,3.819506651239848,
MOBORandomForestLCBPBI_CD,wfg9,14,0.6540760930469015,3.806615908541933,
MOBORandomForestLCBPBI_CD,wfg9,15,0.6733575862027825,3.794672190728932,
MOBORandomForestLCBPBI_CD,wfg9,16,0.6980951461647917,3.7629087699960326,
MOBORandomForestLCBPBI_CD,wfg9,17,0.7039804087718626,3.7617812746064345,
MOBORandomForestLCBPBI_CD,wfg9,18,0.7420602193311925,3.754019073481877,
MOBORandomForestLCBPBI_CD,wfg9,19,0.7648997285202682,3.729847833448449,
MOBORandomForestLCBPBI_CD,wfg9,20,0.7650480047591125,3.7194170333160894,
MOBORandomForestLCBPBI_CD,wfg9,21,0.7822515043207882,3.695229839186273,
MOBORandomForestLCBPBI_CD,wfg9,22,0.8107850565936341,3.691736336725272,
MOBORandomForestLCBPBI_CD,wfg9,23,0.817950350121323,3.665342584324809,
MOBORandomForestLCBPBI_CD,wfg9,24,0.8653518464677556,3.649031008391072,
MOBORandomForestLCBPBI_CD,wfg9,25,0.8757303477376239,3.624399256545749,
MOBORandomForestLCBPBI_CD,wfg9,26,0.882592641203924,3.6222165593431033,
MOBORandomForestLCBPBI_CD,wfg9,27,0.9036859932177872,3.619227657094352,
MOBORandomForestLCBPBI_CD,wfg9,28,0.9373302056218088,3.561670400543367,
MOBORandomForestLCBPBI_CD,wfg9,29,0.9526932411873864,3.541108089688196,
MOBORandomForestLCBPBI_CD,wfg9,30,0.9649968661338022,3.5310732378284,
MOBORandomForestLCBPBI_CD,wfg9,31,0.9824676760916604,3.523881176641712,
MOBORandomForestLCBPBI_CD,wfg9,32,1.0141203418536944,3.4888411431021216,
MOBORandomForestLCBPBI_CD,wfg9,33,1.017834050243775,3.459356410061244,
MOBORandomForestLCBPBI_CD,wfg9,34,1.0443009506922774,3.442629381920129,
MOBORandomForestLCBPBI_CD,wfg9,35,1.0575493447045623,3.430859761098447,
MOBORandomForestLCBPBI_CD,wfg9,36,1.0605198882812743,3.424221065763956,
MOBORandomForestLCBPBI_CD,wfg9,37,1.0834836681881863,3.3932366171087103,
MOBORandomForestLCBPBI_CD,wfg9,38,1.0953261564366343,3.391062439058654,
MOBORandomForestLCBPBI_CD,wfg9,39,1.1013713372180147,3.385588878534932,
MOBORandomForestLCBPBI_CD,wfg9,40,1.1018291127282902,3.3827813108218643,
MOBORandomForestLCBPBI_CD,wfg9,41,1.1026492445775198,3.372214031647419,
MOBORandomForestLCBPBI_CD,wfg9,42,1.1040536742994111,3.345117171068755,
MOBORandomForestLCBPBI_CD,wfg9,43,1.139289116857826,3.3166195815464,
MOBORandomForestLCBPBI_CD,wfg9,44,1.153523238246933,3.274534188146875,
MOBORandomForestLCBPBI_CD,wfg9,45,1.1775711598558931,3.267677024206493,
MOBORandomForestLCBPBI_CD,wfg9,46,1.199477209710731,3.261099870771879,
MOBORandomForestLCBPBI_CD,wfg9,47,1.2007390688906885,3.226406521655813,
MOBORandomForestLCBPBI_CD,wfg9,48,1.2057866940314064,3.224475030333163,
MOBORandomForestLCBPBI_CD,wfg9,49,1.213651675273558,3.220619941251021,
MOBORandomForestLCBPBI_CD,wfg9,50,1.230786511323981,3.210516210168938,
MOBORandomForestLCBPBI_CD,wfg9,51,1.2308339060959228,3.18250892272044,
MOBORandomForestLCBPBI_CD,wfg9,52,1.232271374657574,3.1552773085317827,
MOBORandomForestLCBPBI_CD,wfg9,53,1.2654362170111708,3.1236752139155173,
MOBORandomForestLCBPBI_CD,wfg9,54,1.2917354890193076,3.0934230213009983,
MOBORandomForestLCBPBI_CD,wfg9,55,1.2952897320775782,3.079379995290271,
MOBORandomForestLCBPBI_CD,wfg9,56,1.2982236345279785,3.0675135177952235,
MOBORandomForestLCBPBI_CD,wfg9,57,1.3205728954804807,3.042494640220512,
MOBORandomForestLCBPBI_CD,wfg9,58,1.3278186009135529,3.028477946863053,
MOBORandomForestLCBPBI_CD,wfg9,59,1.3336329978249817,3.0222948811244,
MOBORandomForestLCBPBI_CD,wfg9,60,1.339990001081656,3.010685736121468,
MOBORandomForestLCBPBI_CD,wfg9,61,1.3437463716094251,2.981504282809624,
MOBORandomForestLCBPBI_CD,wfg9,62,1.3519859655285849,2.967759306894725,
MOBORandomForestLCBPBI_CD,wfg9,63,1.3841096138255349,2.9411347027667416,
MOBORandomForestLCBPBI_CD,wfg9,64,1.384270735284057,2.927165910692255,
MOBORandomForestLCBPBI_CD,wfg9,65,1.3966874269699343,2.9019586283497003,
MOBORandomForestLCBPBI_CD,wfg9,66,1.399694322446479,2.897533210551249,
MOBORandomForestLCBPBI_CD,wfg9,67,1.402361315172031,2.864614462954806,
MOBORandomForestLCBPBI_CD,wfg9,68,1.4141176950397072,2.853781239088232,
MOBORandomForestLCBPBI_CD,wfg9,69,1.419415371400163,2.8459635697450394,
MOBORandomForestLCBPBI_CD,wfg9,70,1.42145846422644,2.831207462482936,
MOBORandomForestLCBPBI_CD,wfg9,71,1.4344546908378444,2.828160641470912,
MOBORandomForestLCBPBI_CD,wfg9,72,1.4475036233437375,2.799299393878663,
MOBORandomForestLCBPBI_CD,wfg9,73,1.4604222117979768,2.7982298540330723,
MOBORandomForestLCBPBI_CD,wfg9,74,1.461234225055856,2.7938223868701493,
MOBORandomForestLCBPBI_CD,wfg9,75,1.463538000596493,2.769867553685856,
MOBORandomForestLCBPBI_CD,wfg9,76,1.4711918263211736,2.737062398142609,
MOBORandomForestLCBPBI_CD,wfg9,77,1.4850831614897442,2.72069296409791,
MOBORandomForestLCBPBI_CD,wfg9,78,1.497471820281576,2.6985969785832635,
MOBORandomForestLCBPBI_CD,wfg9,79,1.5031296631743998,2.684276540521385,
MOBORandomForestLCBPBI_CD,wfg9,80,1.509458687018606,2.6681099627695786,
MOBORandomForestLCBPBI_CD,wfg9,81,1.5142577463486893,2.667274396149365,
MOBORandomForestLCBPBI_CD,wfg9,82,1.5197736024431274,2.6505131436102523,
MOBORandomForestLCBPBI_CD,wfg9,83,1.5231389429751885,2.646976837642929,
MOBORandomForestLCBPBI_CD,wfg9,84,1.527859637849059,2.6230677000385723,
MOBORandomForestLCBPBI_CD,wfg9,85,1.5355281315275784,2.6021479675756893,
MOBORandomForestLCBPBI_CD,wfg9,86,1.5392840281811204,2.579490208777821,
MOBORandomForestLCBPBI_CD,wfg9,87,1.53978748940611,2.572608669879767,
MOBORandomForestLCBPBI_CD,wfg9,88,1.5497438354407318,2.551712933668046,
MOBORandomForestLCBPBI_CD,wfg9,89,1.5641214317052765,2.550173024580089,
MOBORandomForestLCBPBI_CD,wfg9,90,1.572367237770885,2.48059117968006,
MOBORandomForestLCBPBI_CD,wfg9,91,1.5949835991651835,2.4798794249297025,
MOBORandomForestLCBPBI_CD,wfg9,92,1.5965701795354443,2.465543267022742,
MOBORandomForestLCBPBI_CD,wfg9,93,1.5987191499855713,2.4308857071214582,
MOBORandomForestLCBPBI_CD,wfg9,94,1.6087492059820987,2.419058665271709,
MOBORandomForestLCBPBI_CD,wfg9,95,1.6215416821708737,2.413243658798849,
MOBORandomForestLCBPBI_CD,wfg9,96,1.6223621850016494,2.3841740515905294,
MOBORandomForestLCBPBI_CD,wfg9,97,1.6245143600552063,2.3431597579520407,
MOBORandomForestLCBPBI_CD,wfg9,98,1.641168435341514,2.3197788358247267,
MOBORandomForestLCBPBI_CD,wfg9,99,1.646597920592901,2.286325686410718,
MOBORandomForestLCBPBI_CD,wfg9,100,1.6560138762718613,2.273122187177984,
MOBORandomForestLCBPBI_CD,wfg9,101,1.6644518983583578,2.2712576350488,
MOBORandomForestLCBPBI_CD,wfg9,102,1.6765183322766626,2.270835854815906,
MOBORandomForestLCBPBI_CD,wfg9,103,1.6798853550920712,2.250629419586041,
MOBORandomForestLCBPBI_CD,wfg9,104,1.6802774434170025,2.2492868851846057,
MOBORandomForestLCBPBI_CD,wfg9,105,1.6821957655653608,2.2476449794995936,
MOBORandomForestLCBPBI_CD,wfg9,106,1.6841450342468676,2.23235474316394,
MOBORandomForestLCBPBI_CD,wfg9,107,1.684765330528914,2.2199056363251675,
MOBORandomForestLCBPBI_CD,wfg9,108,1.686581392472166,2.204620964165086,
MOBORandomForestLCBPBI_CD,wfg9,109,1.688845804894206,2.191951891984525,
MOBORandomForestLCBPBI_CD,wfg9,110,1.6935092447575804,2.1559062019255,
MOBORandomForestLCBPBI_CD,wfg9,111,1.7068061485428068,2.1556635492758853,
MOBORandomForestLCBPBI_CD,wfg9,112,1.7132737364097437,2.1260390362424206,
MOBORandomForestLCBPBI_CD,wfg9,113,1.7143312213890072,2.11122474033246,
MOBORandomForestLCBPBI_CD,wfg9,114,1.7247661526167235,2.077837411442436,
MOBORandomForestLCBPBI_CD,wfg9,115,1.725807012371667,2.0379788459181807,
MOBORandomForestLCBPBI_CD,wfg9,116,1.7328046381367108,2.0350847287847618,
MOBORandomForestLCBPBI_CD,wfg9,117,1.7352836229261412,2.0080761226659214,
MOBORandomForestLCBPBI_CD,wfg9,118,1.7470930702297751,1.986587389092194,
MOBORandomForestLCBPBI_CD,wfg9,119,1.753768485324506,1.9847180401207831,
MOBORandomForestLCBPBI_CD,wfg9,120,1.760800030458931,1.9627653130231568,
MOBORandomForestLCBPBI_CD,wfg9,121,1.7691262237825958,1.9570374454219488,
MOBORandomForestLCBPBI_CD,wfg9,122,1.769843680601713,1.8683814965526884,
MOBORandomForestLCBPBI_CD,wfg9,123,1.7891266618227923,1.822110195434966,
MOBORandomForestLCBPBI_CD,wfg9,124,1.7941860574052753,1.8078987046952364,
MOBORandomForestLCBPBI_CD,wfg9,125,1.8048811876647983,1.7982924497194237,
MOBORandomForestLCBPBI_CD,wfg9,126,1.8058163192286063,1.7947033568507875,
MOBORandomForestLCBPBI_CD,wfg9,127,1.816065580227565,1.7303921298429346,
MOBORandomForestLCBPBI_CD,wfg9,128,1.828121451656896,1.696774090581146,
MOBORandomForestLCBPBI_CD,wfg9,129,1.8308379719506604,1.688822354944821,
MOBORandomForestLCBPBI_CD,wfg9,130,1.8365044991679835,1.6872279144295448,
MOBORandomForestLCBPBI_CD,wfg9,131,1.838599716643901,1.6782267912691715,
MOBORandomForestLCBPBI_CD,wfg9,132,1.8460757042902307,1.6399573157486882,
MOBORandomForestLCBPBI_CD,wfg9,133,1.8480331990267769,1.5702203134639403,
MOBORandomForestLCBPBI_CD,wfg9,134,1.8629237751216567,1.532369415272845,
MOBORandomForestLCBPBI_CD,wfg9,135,1.8751950728387248,1.4390477620769253,
MOBORandomForestLCBPBI_CD,wfg9,136,1.889986244283652,1.3602740408046434,
MOBORandomForestLCBPBI_CD,wfg9,137,1.8987625708943423,1.3576864786567244,
MOBORandomForestLCBPBI_CD,wfg9,138,1.906263541067372,1.33273888612265,
MOBORandomForestLCBPBI_CD,wfg9,139,1.9073490554016863,1.2682452810474525,
MOBORandomForestLCBPBI_CD,wfg9,140,1.9137506027467968,1.2261192008753703,
MOBORandomForestLCBPBI_CD,wfg9,141,1.9176352464196336,1.204114434757505,
MOBORandomForestLCBPBI_CD,wfg9,142,1.921777603019038,1.1992243441009691,
MOBORandomForestLCBPBI_CD,wfg9,143,1.9300643848656829,1.168173815135947,
MOBORandomForestLCBPBI_CD,wfg9,144,1.932433948958389,1.1632849321121943,
MOBORandomForestLCBPBI_CD,wfg9,145,1.934117333800447,1.1046295699645532,
MOBORandomForestLCBPBI_CD,wfg9,146,1.939326793753372,1.0830415087860812,
MOBORandomForestLCBPBI_CD,wfg9,147,1.9438765856805127,1.0750238602589903,
MOBORandomForestLCBPBI_CD,wfg9,148,1.944538865066656,1.0415902371087111,
MOBORandomForestLCBPBI_CD,wfg9,149,1.9516076987820337,0.9927844087105532,
MOBORandomForestLCBPBI_CD,wfg9,150,1.95834358061538,0.9835847535469704,
MOBORandomForestLCBPBI_CD,wfg9,151,1.970582470904131,0.9294134576544067,
MOBORandomForestLCBPBI_CD,wfg9,152,1.973636424348933,0.8655120007491987,
MOBORandomForestLCBPBI_CD,wfg9,153,1.990655944590988,0.6593361754422329,
MOBORandomForestLCBPBI_CD,wfg9,154,1.9958751308375664,0.5140113051803898,
MOBORandomForestLCBPBI_CD,wfg9,155,2.0018230070118785,0.4564848224170605,
MOBORandomForestLCBPBI_CD,wfg9,156,2.007084168034893,0.3390112280943591,
MOBORandomForestLCBPBI_CD,wfg9,157,2.0941977861029093,0.3158268961130109,
MOBORandomForestLCBPBI_CD,zdt1,0,0.0001927083358168,5.886275564457087,
MOBORandomForestLCBPBI_CD,zdt1,1,0.0003391848877072,4.613198743379091,
MOBORandomForestLCBPBI_CD,zdt1,2,0.001764765009284,4.585725268113223,
MOBORandomForestLCBPBI_CD,zdt1,3,0.0025576585903763,4.561587357837905,
MOBORandomForestLCBPBI_CD,zdt1,4,0.0026495922356843,3.950618615350527,
MOBORandomForestLCBPBI_CD,zdt1,5,0.0119507424533367,3.83888942367023,
MOBORandomForestLCBPBI_CD,zdt1,6,0.0354077452793717,3.8021304051870897,
MOBORandomForestLCBPBI_CD,zdt1,7,0.0370909282937645,3.664065331301421,
MOBORandomForestLCBPBI_CD,zdt1,8,0.0379469757899642,3.6245518952411504,
MOBORandomForestLCBPBI_CD,zdt1,9,0.0387862809002399,3.263629764427477,
MOBORandomForestLCBPBI_CD,zdt1,10,0.1272886088117957,2.996509291162114,
MOBORandomForestLCBPBI_CD,zdt1,11,0.1690526502206921,2.8868642866263867,
MOBORandomForestLCBPBI_CD,zdt1,12,0.2109158495441079,2.848605496901236,
MOBORandomForestLCBPBI_CD,zdt1,13,0.2262800401076674,2.7192102963727183,
MOBORandomForestLCBPBI_CD,zdt1,14,0.3779922621324658,2.464230628938831,
MOBORandomForestLCBPBI_CD,zdt1,15,0.3832962634041905,2.404212404725767,
MOBORandomForestLCBPBI_CD,zdt1,16,0.4838066063821316,2.2764143722901085,
MOBORandomForestLCBPBI_CD,zdt1,17,0.5581913534551859,1.8445381275193689,
MOBORandomForestLCBPBI_CD,zdt1,18,0.7506773695349693,1.6038276560696991,
MOBORandomForestLCBPBI_CD,zdt2,0,5.115568637847901e-05,5.280955096725045,
MOBORandomForestLCBPBI_CD,zdt2,1,8.836109191179276e-05,4.781681301109366,
MOBORandomForestLCBPBI_CD,zdt2,2,0.0001730155199766,4.747120067626459,
MOBORandomForestLCBPBI_CD,zdt2,3,0.0004502292722463,4.625155189726319,
MOBORandomForestLCBPBI_CD,zdt2,4,0.0014950176700949,4.498784315156474,
MOBORandomForestLCBPBI_CD,zdt2,5,0.0017425594851374,4.157441416467756,
MOBORandomForestLCBPBI_CD,zdt2,6,0.0035237958654761,4.01649154453474,
MOBORandomForestLCBPBI_CD,zdt2,7,0.0053716385737061,3.773561351583818,
MOBORandomForestLCBPBI_CD,zdt2,8,0.0233878521248698,3.753965333498608,
MOBORandomForestLCBPBI_CD,zdt2,9,0.027289692312479,3.4788026854826968,
MOBORandomForestLCBPBI_CD,zdt3,0,0.0005218833684921,4.913761715119156,
MOBORandomForestLCBPBI_CD,zdt3,1,0.0005418434739112,4.643892370046922,
MOBORandomForestLCBPBI_CD,zdt3,2,0.0011319713667035,4.435910147102304,
MOBORandomForestLCBPBI_CD,zdt3,3,0.0059087593108415,3.8216976230413415,
MOBORandomForestLCBPBI_CD,zdt3,4,0.0143078239634633,3.4965227625962285,
MOBORandomForestLCBPBI_CD,zdt3,5,0.023847185075283,3.37336816985766,
MOBORandomForestLCBPBI_CD,zdt3,6,0.0640934165567159,3.200398182630672,
MOBORandomForestLCBPBI_CD,zdt3,7,0.1847356716170907,3.076127673703412,
MOBORandomForestLCBPBI_CD,zdt3,8,0.2302863495424389,3.0019625727198416,
MOBORandomForestLCBPBI_CD,zdt3,9,0.2316204169765114,2.5331478668633203,
MOBORandomForestLCBPBI_CD,zdt3,10,0.2390916505828499,2.4999383701830395,
MOBORandomForestLCBPBI_CD,zdt3,11,0.242762129753828,2.4584056467815327,
MOBORandomForestLCBPBI_CD,zdt3,12,0.4465815331786871,2.4061734566907247,
MOBORandomForestLCBPBI_CD,zdt3,13,0.4671977059915662,2.186706441031232,
MOBORandomForestLCBPBI_CD,zdt3,14,0.4681069357320666,2.136526160223703,
MOBORandomForestLCBPBI_CD,zdt3,15,0.4681900925934315,2.049378178258842,
MOBORandomForestLCBPBI_CD,zdt3,16,0.8470677062869072,1.6839008464586274,
MOBORandomForestLCBPBI_CD,zdt4,0,5.60954213142395e-05,79.91686282024203,
MOBORandomForestLCBPBI_CD,zdt4,1,0.0070538287982344,77.74245179724295,
MOBORandomForestLCBPBI_CD,zdt4,2,0.0144722461700439,75.93710421761577,
MOBORandomForestLCBPBI_CD,zdt4,3,0.0447020232677459,72.26776850249387,
MOBORandomForestLCBPBI_CD,zdt4,4,0.0643343776464462,68.64587313631525,
MOBORandomForestLCBPBI_CD,zdt4,5,0.105120307765901,68.4571495204835,
MOBORandomForestLCBPBI_CD,zdt4,6,0.1058370620012283,58.83067859439127,
MOBORandomForestLCBPBI_CD,zdt4,7,0.8069352461025119,55.97280398432141,
MOBORandomForestLCBPBI_CD,zdt6,0,0.2807753189590797,8.133815093211338,
MOBORandomForestLCBPBI_CD,zdt6,1,0.2807753207205051,8.003962986270023,
MOBORandomForestLCBPBI_CD,zdt6,2,0.2807758481417455,7.996976231508403,
MOBORandomForestLCBPBI_CD,zdt6,3,0.2807787594412214,7.791459048776888,
MOBORandomForestLCBPBI_CD,zdt6,4,0.2807813420552144,7.089942967620711,
MOBORandomForestLCBPBI_CD,zdt6,5,0.2808896688647524,6.953267068238587,
MOBORandomForestLCBPBI_CD,zdt6,6,0.3065740878738802,6.738071971371417,
MOBORandomForestLCBPBI_CD,zdt6,7,0.3484292791796619,6.611404509303657,
MOBORandomForestLCBPBI_CD,zdt6,8,0.9857889372476824,6.43180800784407,
MOBORandomForestParEGO_Batch_Refined,dtlz1,0,0.0297377679967402,27.214059761123035,39.456213160985065
MOBORandomForestParEGO_Batch_Refined,dtlz1,1,0.0796065065788389,0.036595308292516,138.66764972758665
MOBORandomForestParEGO_Batch_Refined,dtlz1,2,0.0839503075235495,28.571777354183947,3.3247654224583507
MOBORandomForestParEGO_Batch_Refined,dtlz1,3,0.0932702840979373,0.0440144357602651,82.33141720074703
MOBORandomForestParEGO_Batch_Refined,dtlz1,4,0.3008409128030608,15.868524547963055,25.569168839717385
MOBORandomForestParEGO_Batch_Refined,dtlz1,5,0.3060515591458555,8.990751665198925,41.444450302542776
MOBORandomForestParEGO_Batch_Refined,dtlz1,6,0.4690716392383116,42.12105612523857,0.5284594300908477
MOBORandomForestParEGO_Batch_Refined,dtlz1,7,0.4714172515748253,6.055455675243741,30.4292074314822
MOBORandomForestParEGO_Batch_Refined,dtlz1,8,0.4809698147347869,1.0913626214985004,4.71257292392712
MOBORandomForestParEGO_Batch_Refined,dtlz1,9,0.5359530643776123,0.2515119800710411,73.32862416029836
MOBORandomForestParEGO_Batch_Refined,dtlz1,10,0.5634093636889035,0.3518099768498234,67.1823154943428
MOBORandomForestParEGO_Batch_Refined,dtlz1,11,0.7554611481484907,50.35377497401377,0.0060950407995154
MOBORandomForestParEGO_Batch_Refined,dtlz1,12,0.7651947502701082,0.7598910080844533,38.51234352889357
MOBORandomForestParEGO_Batch_Refined,dtlz1,13,0.911063147878712,0.5738268383279076,23.550130619513283
MOBORandomForestParEGO_Batch_Refined,dtlz1,14,0.9164411987085336,19.42133583175692,2.4638943420377344
MOBORandomForestParEGO_Batch_Refined,dtlz1,15,1.0472066614443123,0.3299586017676492,20.88102113068604
MOBORandomForestParEGO_Batch_Refined,dtlz1,16,1.2294499990255077,26.35878315785003,2.2711214462015152
MOBORandomForestParEGO_Batch_Refined,dtlz1,17,1.3679839185506977,0.0297817518086419,47.39758650811034
MOBORandomForestParEGO_Batch_Refined,dtlz1,18,1.498189529727981,23.629730452506625,0.2973601144328945
MOBORandomForestParEGO_Batch_Refined,dtlz1,19,1.9061749337047944,0.2223929790192789,27.69456606946013
MOBORandomForestParEGO_Batch_Refined,dtlz1,20,2.017807701171899,0.021779947320394,172.4030718848905
MOBORandomForestParEGO_Batch_Refined,dtlz1,21,2.222234988151925,0.0201030983287145,69.21886677745673
MOBORandomForestParEGO_Batch_Refined,dtlz1,22,3.3387412434294017,6.968209683429192,2.9071264613484287
MOBORandomForestParEGO_Batch_Refined,dtlz1,23,4.3877122250729,0.0709033007600834,43.87737780352885
MOBORandomForestParEGO_Batch_Refined,dtlz1,24,4.857038599738539,0.802812592137364,11.542129187445678
MOBORandomForestParEGO_Batch_Refined,dtlz1,25,11.358769668206572,2.489572216788972,0.8156308158391915
MOBORandomForestParEGO_Batch_Refined,dtlz1,26,16.12987153519015,4.077368390459338,0.5839387013846454
MOBORandomForestParEGO_Batch_Refined,dtlz1,27,16.581670567421046,3.4191379004504863,0.257664075977215
MOBORandomForestParEGO_Batch_Refined,dtlz1,28,30.31861985033518,0.2324118046627451,2.264483933791479
MOBORandomForestParEGO_Batch_Refined,dtlz1,29,40.36707294621303,0.2116246858958474,1.3034959764017806
MOBORandomForestParEGO_Batch_Refined,dtlz1,30,56.98370169857664,0.727847879325687,0.629582894593251
MOBORandomForestParEGO_Batch_Refined,dtlz1,31,60.47316992241304,0.1828933485725977,14.23894314904144
MOBORandomForestParEGO_Batch_Refined,dtlz1,32,75.87424542019228,40.09675913431572,0.2277200421997393
MOBORandomForestParEGO_Batch_Refined,dtlz1,33,84.11642608108005,18.955375501016977,0.2278273154063249
MOBORandomForestParEGO_Batch_Refined,dtlz1,34,87.24133723628991,0.0993745175358969,3.193430524564413
MOBORandomForestParEGO_Batch_Refined,dtlz1,35,123.79564103250436,0.0826225241475287,30.854297232542525
MOBORandomForestParEGO_Batch_Refined,dtlz1,36,125.12391351142244,48.46955650372642,0.1442185320837886
MOBORandomForestParEGO_Batch_Refined,dtlz1,37,161.9374989567612,0.3495324245854754,0.5765443264030785
MOBORandomForestParEGO_Batch_Refined,dtlz1,38,207.67995352538176,36.760859529081166,0.1910790756325202
MOBORandomForestParEGO_Batch_Refined,dtlz2,0,0.0001735845903386,0.1742796940280765,2.173850224070058
MOBORandomForestParEGO_Batch_Refined,dtlz2,1,0.0002378954538778,0.0002155687823506,2.0077701364685376
MOBORandomForestParEGO_Batch_Refined,dtlz2,2,0.0002658606592964,0.0001073837506734,2.413567432695489
MOBORandomForestParEGO_Batch_Refined,dtlz2,3,0.0007986698190898,2.838902469143995,0.4314185308552049
MOBORandomForestParEGO_Batch_Refined,dtlz2,4,0.0009582561816637,1.4806911790673298,1.5238483770952531
MOBORandomForestParEGO_Batch_Refined,dtlz2,5,0.002455786611042,2.652427062135361,0.1168349917789442
MOBORandomForestParEGO_Batch_Refined,dtlz2,6,0.0038623117568846,2.262723946250377,0.943029485816202
MOBORandomForestParEGO_Batch_Refined,dtlz2,7,0.0060976843558703,2.4388087231721784,0.0438963293897931
MOBORandomForestParEGO_Batch_Refined,dtlz2,8,0.0063718012359132,1.9991798161800656,0.4253863840987397
MOBORandomForestParEGO_Batch_Refined,dtlz2,9,0.0065099723992158,1.3316223624862935,1.9460472721081328
MOBORandomForestParEGO_Batch_Refined,dtlz2,10,0.0072453283623468,0.0678075021664025,1.9960721917462825
MOBORandomForestParEGO_Batch_Refined,dtlz2,11,0.0102273584817152,1.4170868462741135,1.4519500298224224
MOBORandomForestParEGO_Batch_Refined,dtlz2,12,0.0130533850442478,2.4248436775084654,0.3260243289665928
MOBORandomForestParEGO_Batch_Refined,dtlz2,13,0.0132296570093399,0.9743614600564156,1.5401240522106874
MOBORandomForestParEGO_Batch_Refined,dtlz2,14,0.0146119177355408,2.436551456562293,0.314377563809213
MOBORandomForestParEGO_Batch_Refined,dtlz2,15,0.0153944853741296,2.386834414585168,0.0037366494940433
MOBORandomForestParEGO_Batch_Refined,dtlz2,16,0.0184380151143687,2.191327533074753,0.3314327138274602
MOBORandomForestParEGO_Batch_Refined,dtlz2,17,0.0185805187477121,2.1172003473457286,0.2906048473005846
MOBORandomForestParEGO_Batch_Refined,dtlz2,18,0.0192999348452461,2.1909943570559256,0.2840101091828126
MOBORandomForestParEGO_Batch_Refined,dtlz2,19,0.0229657601074326,1.9656456199375016,0.1239475765267595
MOBORandomForestParEGO_Batch_Refined,dtlz2,20,0.0233009217550843,0.6216570059728421,1.908241138907082
MOBORandomForestParEGO_Batch_Refined,dtlz2,21,0.0249336954061795,1.833091396849964,1.3562642612059417
MOBORandomForestParEGO_Batch_Refined,dtlz2,22,0.0260880880102876,1.6631403009963075,1.1957347900439683
MOBORandomForestParEGO_Batch_Refined,dtlz2,23,0.0278062499837511,2.1238950474685026,0.1182224310670221
MOBORandomForestParEGO_Batch_Refined,dtlz2,24,0.0302887064319252,1.5667978511142018,1.4476507855633616
MOBORandomForestParEGO_Batch_Refined,dtlz2,25,0.0314085856355864,0.0117101344226916,1.9865492061908552
MOBORandomForestParEGO_Batch_Refined,dtlz2,26,0.0362232398650505,0.0158290310458221,1.84196684885908
MOBORandomForestParEGO_Batch_Refined,dtlz2,27,0.0362500834664074,1.9478625640611849,0.6551228819592482
MOBORandomForestParEGO_Batch_Refined,dtlz2,28,0.0385449094631015,0.7759812636928853,1.7166320888071418
MOBORandomForestParEGO_Batch_Refined,dtlz2,29,0.0409872993741334,1.893993498688996,0.5859837564266065
MOBORandomForestParEGO_Batch_Refined,dtlz2,30,0.0420463082258564,2.0115572274560183,0.0830323057137574
MOBORandomForestParEGO_Batch_Refined,dtlz2,31,0.0440162040587981,0.0012677388479035,1.8765095419858813
MOBORandomForestParEGO_Batch_Refined,dtlz2,32,0.0450820728736156,0.4144823488534896,1.695599539758352
MOBORandomForestParEGO_Batch_Refined,dtlz2,33,0.0514464144070402,0.0156675308828954,1.8279449442665725
MOBORandomForestParEGO_Batch_Refined,dtlz2,34,0.077526064091946,1.571492549262915,1.381331682254165
MOBORandomForestParEGO_Batch_Refined,dtlz2,35,0.0864276637941233,1.582960814659008,0.4153486452942253
MOBORandomForestParEGO_Batch_Refined,dtlz2,36,0.0989027736979678,1.4933083622816383,0.3848611483183228
MOBORandomForestParEGO_Batch_Refined,dtlz2,37,0.1000330078151364,2.1431449642437146,0.0203483381836818
MOBORandomForestParEGO_Batch_Refined,dtlz2,38,0.1281642542785705,0.0741024008543752,1.8231016948461185
MOBORandomForestParEGO_Batch_Refined,dtlz2,39,0.1367385174070155,0.1012575278756174,1.7764725212037855
MOBORandomForestParEGO_Batch_Refined,dtlz2,40,0.1470732382944188,1.6974301819415103,0.1555393808561566
MOBORandomForestParEGO_Batch_Refined,dtlz2,41,0.1484211553580065,2.026370708322996,0.0477636895900712
MOBORandomForestParEGO_Batch_Refined,dtlz2,42,0.1747783423393112,1.1794991609231813,1.4733893191779328
MOBORandomForestParEGO_Batch_Refined,dtlz2,43,0.1785674324287679,0.102630067932508,1.7720736377361948
MOBORandomForestParEGO_Batch_Refined,dtlz2,44,0.1822065746719642,0.0339658101916772,1.6879326196713802
MOBORandomForestParEGO_Batch_Refined,dtlz2,45,0.2057942508296618,1.5606797855841743,0.1777324053417206
MOBORandomForestParEGO_Batch_Refined,dtlz2,46,0.2163355901346665,1.9431640473424725,0.030680814875352
MOBORandomForestParEGO_Batch_Refined,dtlz2,47,0.2300566268574298,1.9289796475125591,0.0958080052263921
MOBORandomForestParEGO_Batch_Refined,dtlz2,48,0.3461078439456527,2.3049763763471485,0.01147466514651
MOBORandomForestParEGO_Batch_Refined,dtlz2,49,0.3654492878765034,1.9096328278234864,0.1278984694711412
MOBORandomForestParEGO_Batch_Refined,dtlz2,50,0.3973555955649245,0.2696949631730403,1.49596925806766
MOBORandomForestParEGO_Batch_Refined,dtlz2,51,0.4479520962303227,1.1633095084547134,0.9035332060062654
MOBORandomForestParEGO_Batch_Refined,dtlz2,52,0.5367777824308622,1.8434893091804687,0.0067134887197365
MOBORandomForestParEGO_Batch_Refined,dtlz2,53,0.6768705793187973,0.361305247467525,1.4189309794405676
MOBORandomForestParEGO_Batch_Refined,dtlz2,54,0.7940584245033401,2.074183475033528,0.0064124702154209
MOBORandomForestParEGO_Batch_Refined,dtlz2,55,0.9133088850996663,0.008508947523354,1.6391308013440609
MOBORandomForestParEGO_Batch_Refined,dtlz2,56,1.0949804164444796,0.9750855174841256,0.9466594225381296
MOBORandomForestParEGO_Batch_Refined,dtlz2,57,1.0962072236441356,0.0914662890663657,1.5339106056129588
MOBORandomForestParEGO_Batch_Refined,dtlz2,58,1.1394585713377314,2.70352433005389,0.0020722349261441
MOBORandomForestParEGO_Batch_Refined,dtlz2,59,1.1423057922077542,1.3668529082811138,0.0415125216416651
MOBORandomForestParEGO_Batch_Refined,dtlz2,60,1.1732646015228316,1.0259963049842746,0.9207204560527906
MOBORandomForestParEGO_Batch_Refined,dtlz2,61,1.207893364581864,0.1754657945330194,1.2278786160377984
MOBORandomForestParEGO_Batch_Refined,dtlz2,62,1.240949978672951,0.0753079256610311,1.5516060956341482
MOBORandomForestParEGO_Batch_Refined,dtlz2,63,1.2616540145876245,0.0206318849374957,1.5941350470044064
MOBORandomForestParEGO_Batch_Refined,dtlz2,64,1.3147603599144473,1.4773868696614043,0.0035338951274134
MOBORandomForestParEGO_Batch_Refined,dtlz2,65,1.4312136854171114,0.1727140628858456,1.4765760897750233
MOBORandomForestParEGO_Batch_Refined,dtlz2,66,1.4388295569002658,0.0435664690507584,1.1335669128069694
MOBORandomForestParEGO_Batch_Refined,dtlz2,67,1.439635653231603,0.8297195205359591,0.2413048524207916
MOBORandomForestParEGO_Batch_Refined,dtlz2,68,1.5347682711870818,0.9884487321873724,0.0802364721847155
MOBORandomForestParEGO_Batch_Refined,dtlz2,69,1.5478257428089408,0.3785698080539791,0.5686190388516371
MOBORandomForestParEGO_Batch_Refined,dtlz2,70,1.5750807862579757,0.3740355176879706,0.0245136510349207
MOBORandomForestParEGO_Batch_Refined,dtlz2,71,1.6111865838325548,1.380607671167219,0.0069182194876985
MOBORandomForestParEGO_Batch_Refined,dtlz2,72,1.6234047786204382,0.0246326798667718,0.0948138895611154
MOBORandomForestParEGO_Batch_Refined,dtlz2,73,1.6806782329697922,1.3177496429720887,0.0203792975978823
MOBORandomForestParEGO_Batch_Refined,dtlz2,74,1.7401131417364264,1.346998854965101,0.00550632963282
MOBORandomForestParEGO_Batch_Refined,dtlz2,75,1.794570387250382,0.0386277816629099,0.0919479276968307
MOBORandomForestParEGO_Batch_Refined,dtlz2,76,1.828138579042732,1.0650605066389551,0.0169011174490567
MOBORandomForestParEGO_Batch_Refined,dtlz2,77,1.8598298859975848,0.3262295601697831,0.0272813963293179
MOBORandomForestParEGO_Batch_Refined,dtlz2,78,1.8687313035916984,0.2225188455276752,0.048754624765803
MOBORandomForestParEGO_Batch_Refined,dtlz2,79,1.904173349352307,0.0235781546027483,0.3054554391799669
MOBORandomForestParEGO_Batch_Refined,dtlz2,80,1.90976686420637,0.0169210828319948,0.010555873062528
MOBORandomForestParEGO_Batch_Refined,dtlz2,81,1.9129518281883773,0.004263878009444,0.4444735447242607
MOBORandomForestParEGO_Batch_Refined,dtlz2,82,2.061233931315353,0.0041402828250451,0.9959501254531524
MOBORandomForestParEGO_Batch_Refined,dtlz2,83,2.131295820989643,0.8435538160823445,0.0036010003430022
MOBORandomForestParEGO_Batch_Refined,dtlz2,84,2.1833497883731163,0.0102043240250294,0.0288247449734264
MOBORandomForestParEGO_Batch_Refined,dtlz2,85,2.321413343953734,0.0002570617592538,0.1232424072867802
MOBORandomForestParEGO_Batch_Refined,dtlz2,86,2.323427116641021,0.5301236534775753,0.0083205191191467
MOBORandomForestParEGO_Batch_Refined,dtlz2,87,2.3576956528072484,0.0046397261074675,0.0209500621291773
MOBORandomForestParEGO_Batch_Refined,dtlz2,88,2.359934103675347,0.7638476807848685,0.0031439016820106
MOBORandomForestParEGO_Batch_Refined,dtlz2,89,2.4037774025130765,0.17070738535651,0.005363586992973
MOBORandomForestParEGO_Batch_Refined,dtlz2,90,2.4247717520971173,0.0925908673143119,0.0071311619015602
MOBORandomForestParEGO_Batch_Refined,dtlz2,91,2.502090061697712,0.0481973857306392,0.0082387107496998
MOBORandomForestParEGO_Batch_Refined,dtlz2,92,2.5343835996432915,0.0693654474958301,0.0017111633810569
MOBORandomForestParEGO_Batch_Refined,dtlz2,93,2.737481554492123,0.0548951307407824,0.0077956276824737
MOBORandomForestParEGO_Batch_Refined,dtlz4,0,0.0059326936416866,0.0238832307550789,1.0711700146243612
MOBORandomForestParEGO_Batch_Refined,dtlz4,1,0.0070720545221773,1.321695078817715,7.300152019931103e-14
MOBORandomForestParEGO_Batch_Refined,dtlz4,2,0.0088709082131497,1.234144997101802,1.986401861052088e-83
MOBORandomForestParEGO_Batch_Refined,dtlz4,3,0.0122168598017568,1.0597175013871591,3.0199046633634898e-33
MOBORandomForestParEGO_Batch_Refined,dtlz4,4,0.0152212045253936,1.078317215489108,7.282773443767971e-101
MOBORandomForestParEGO_Batch_Refined,dtlz4,5,0.0222854323943575,1.551608446307855e-21,1.2940538593021182
MOBORandomForestParEGO_Batch_Refined,dtlz4,6,0.0226910750388881,1.524534504241042e-19,1.176142466201413
MOBORandomForestParEGO_Batch_Refined,dtlz4,7,0.0250283623695454,1.2767639671601838,1.567736859250702e-112
MOBORandomForestParEGO_Batch_Refined,dtlz4,8,0.0262734594702053,1.4942371948069644e-57,1.3573242202752511
MOBORandomForestParEGO_Batch_Refined,dtlz4,9,0.0268648229075322,3.0023201174397584e-84,1.3388816868074522
MOBORandomForestParEGO_Batch_Refined,dtlz4,10,0.0308992668964079,5.2316280100511e-26,1.2627170988462486
MOBORandomForestParEGO_Batch_Refined,dtlz4,11,0.0379521602076564,6.833986211877805e-19,1.1628143160458777
MOBORandomForestParEGO_Batch_Refined,dtlz4,12,0.0419187035556046,1.0273703763904107,1.854991227056548e-22
MOBORandomForestParEGO_Batch_Refined,dtlz4,13,0.0516672890306604,6.728728344628171e-140,1.1714606401026075
MOBORandomForestParEGO_Batch_Refined,dtlz4,14,0.0554511402026412,1.37859061421165e-90,1.0839994257321717
MOBORandomForestParEGO_Batch_Refined,dtlz4,15,0.0954079012007609,1.095423529006989e-09,1.0354320488764508
MOBORandomForestParEGO_Batch_Refined,dtlz4,16,0.1113556885799336,1.007185744854164,3.308962460851225e-51
MOBORandomForestParEGO_Batch_Refined,dtlz4,17,0.1150476646172766,1.1387072859774363e-137,1.050482111058231
MOBORandomForestParEGO_Batch_Refined,dtlz4,18,0.1174630988008902,1.7594716684397224e-60,1.002365036391001
MOBORandomForestParEGO_Batch_Refined,dtlz4,19,0.1899427562970948,2.6671436913396526e-48,1.000761261757093
MOBORandomForestParEGO_Batch_Refined,dtlz4,20,0.2494614460230655,7.435959296348184e-276,1.2060897020624162
MOBORandomForestParEGO_Batch_Refined,dtlz4,21,0.2547018780978859,0.0011966068335037,0.9976374412315396
MOBORandomForestParEGO_Batch_Refined,dtlz4,22,0.269208045858209,2.0650845144306008e-188,1.1090486484495887
MOBORandomForestParEGO_Batch_Refined,dtlz4,23,0.2801336806175473,1.6497948733088487e-94,0.9895440251869854
MOBORandomForestParEGO_Batch_Refined,dtlz4,24,0.2825280319331013,0.9324704359927712,0.6449820156546362
MOBORandomForestParEGO_Batch_Refined,dtlz4,25,0.2933650563897967,1.3364745600521776e-63,0.9878568002176628
MOBORandomForestParEGO_Batch_Refined,dtlz4,26,0.3132775310016725,1.004183057548288,1.5673461242385818e-126
MOBORandomForestParEGO_Batch_Refined,dtlz4,27,0.3530748965995742,3.628998315636296e-142,1.065857410962974
MOBORandomForestParEGO_Batch_Refined,dtlz4,28,0.3995226797998711,0.9727514702171934,0.0179153627589833
MOBORandomForestParEGO_Batch_Refined,dtlz4,29,0.4096928758065895,0.999101838012506,9.508033140772504e-60
MOBORandomForestParEGO_Batch_Refined,dtlz4,30,0.4247787716321318,1.9266466901586004e-148,0.9305539698078384
MOBORandomForestParEGO_Batch_Refined,dtlz4,31,0.4364547536627136,5.643245879025186e-284,1.1212008813600218
MOBORandomForestParEGO_Batch_Refined,dtlz4,32,0.4594703461872048,0.9847264908956604,8.404404744747489e-27
MOBORandomForestParEGO_Batch_Refined,dtlz4,33,0.4662510146076106,0.9630364737129574,5.514526117289479e-127
MOBORandomForestParEGO_Batch_Refined,dtlz4,34,0.4973595139674542,1.1844303305955235,2.2566168861509567e-169
MOBORandomForestParEGO_Batch_Refined,dtlz4,35,0.504210836520843,0.8955830177780736,5.594614727096036e-37
MOBORandomForestParEGO_Batch_Refined,dtlz4,36,0.5288085044314924,0.8893415798512236,2.279054860185164e-40
MOBORandomForestParEGO_Batch_Refined,dtlz4,37,0.538209470912075,3.0253301586586444e-16,0.8938349865829128
MOBORandomForestParEGO_Batch_Refined,dtlz4,38,0.5431593807092258,6.218924705006834e-07,0.8599603891219691
MOBORandomForestParEGO_Batch_Refined,dtlz4,39,0.5556739134443824,0.8643914485344326,7.97215736656857e-163
MOBORandomForestParEGO_Batch_Refined,dtlz4,40,0.5684696925645593,1.9783058417395082e-66,0.8670301967160844
MOBORandomForestParEGO_Batch_Refined,dtlz4,41,0.6111600210753305,4.218328462872152e-12,0.8648363637236819
MOBORandomForestParEGO_Batch_Refined,dtlz4,42,0.6172363905574962,0.8438722395938338,1.8170358989122552e-113
MOBORandomForestParEGO_Batch_Refined,dtlz4,43,0.6314775023062393,8.25496900934272e-30,0.8422090398892532
MOBORandomForestParEGO_Batch_Refined,dtlz4,44,0.6364886433227215,0.7960052204758724,9.96175162856648e-63
MOBORandomForestParEGO_Batch_Refined,dtlz4,45,0.6402810178310331,2.0681142381630392e-61,0.8630164572732493
MOBORandomForestParEGO_Batch_Refined,dtlz4,46,0.6517483735348049,0.0006722966266013,0.8349388523642738
MOBORandomForestParEGO_Batch_Refined,dtlz4,47,0.6561002594853349,6.879988755125786e-149,0.8068076855028584
MOBORandomForestParEGO_Batch_Refined,dtlz4,48,0.6630430748157268,0.7634234347631143,1.05928731332814e-05
MOBORandomForestParEGO_Batch_Refined,dtlz4,49,0.6888969958066071,3.727725406857779e-180,0.9436659212283116
MOBORandomForestParEGO_Batch_Refined,dtlz4,50,0.7154285283867591,3.660712730723845e-16,0.7640538760539188
MOBORandomForestParEGO_Batch_Refined,dtlz4,51,0.7178080842393224,1.881003889137233e-51,0.7936238204510463
MOBORandomForestParEGO_Batch_Refined,dtlz4,52,0.7355695291814435,4.515881128193047e-227,0.8828255816440321
MOBORandomForestParEGO_Batch_Refined,dtlz4,53,0.7441945930495888,0.7175231731587945,5.3079692403577286e-27
MOBORandomForestParEGO_Batch_Refined,dtlz4,54,0.7590109795870347,3.5358981860199563e-75,0.7636546935527658
MOBORandomForestParEGO_Batch_Refined,dtlz4,55,0.7650841372072331,7.23254340810023e-59,0.7230728521481035
MOBORandomForestParEGO_Batch_Refined,dtlz4,56,0.7651209653232893,0.7508783683288746,3.61805297948856e-84
MOBORandomForestParEGO_Batch_Refined,dtlz4,57,0.7701211973963538,0.7184197599443961,6.832813473624687e-102
MOBORandomForestParEGO_Batch_Refined,dtlz4,58,0.7935461866230602,0.6542539805065236,8.360057021712028e-06
MOBORandomForestParEGO_Batch_Refined,dtlz4,59,0.8066299995399003,0.7011962328526649,3.71905553808889e-08
MOBORandomForestParEGO_Batch_Refined,dtlz4,60,0.8090733386148523,0.6582498567025062,5.0601321442515165e-64
MOBORandomForestParEGO_Batch_Refined,dtlz4,61,0.8194443981992,1.8568219450147461e-118,0.7335805109617992
MOBORandomForestParEGO_Batch_Refined,dtlz4,62,0.8528036080736717,0.6417887673420355,6.027854667821723e-25
MOBORandomForestParEGO_Batch_Refined,dtlz4,63,0.8571479577005113,0.5556490231951722,2.3566917666217983e-57
MOBORandomForestParEGO_Batch_Refined,dtlz4,64,0.8648328903486205,4.168920742691896e-139,0.5654165393138888
MOBORandomForestParEGO_Batch_Refined,dtlz4,65,0.8786450345881301,0.5190506618867685,4.7080804087931416e-32
MOBORandomForestParEGO_Batch_Refined,dtlz4,66,0.9077863242918396,0.4304303442828052,8.420933622911059e-28
MOBORandomForestParEGO_Batch_Refined,dtlz4,67,0.9078387655325532,5.634159534743951e-23,0.5143193021647131
MOBORandomForestParEGO_Batch_Refined,dtlz4,68,0.9114265791037526,2.2900406872630032e-65,0.5591076186516567
MOBORandomForestParEGO_Batch_Refined,dtlz4,69,0.914676961845944,1.0020791432038928e-16,0.4445271097312251
MOBORandomForestParEGO_Batch_Refined,dtlz4,70,0.9199446567573611,1.7757763509878263e-100,0.5220913189614242
MOBORandomForestParEGO_Batch_Refined,dtlz4,71,0.9262865441474664,0.410435839609,1.4563829348778396e-06
MOBORandomForestParEGO_Batch_Refined,dtlz4,72,0.927274854143118,1.1068607443120925e-12,0.4360907385044056
MOBORandomForestParEGO_Batch_Refined,dtlz4,73,0.9388485053742162,0.4887771568646791,5.689743446032971e-31
MOBORandomForestParEGO_Batch_Refined,dtlz4,74,0.9406930457673276,0.3717963507152207,1.8770129170537843e-31
MOBORandomForestParEGO_Batch_Refined,dtlz4,75,0.9452060152099232,0.5675968077091975,6.903154915830834e-88
MOBORandomForestParEGO_Batch_Refined,dtlz4,76,0.9462742228980816,0.5345807300046723,6.978333859301908e-35
MOBORandomForestParEGO_Batch_Refined,dtlz4,77,0.9535798814990916,3.5329723931971453e-70,0.4478924636555614
MOBORandomForestParEGO_Batch_Refined,dtlz4,78,0.9537416014575434,1.432427924569326e-36,0.429593888843627
MOBORandomForestParEGO_Batch_Refined,dtlz4,79,0.9636337297978632,0.4151866675890389,3.8539588860759297e-48
MOBORandomForestParEGO_Batch_Refined,dtlz4,80,0.9656054085000814,0.7316387673262588,3.809627624867365e-106
MOBORandomForestParEGO_Batch_Refined,dtlz4,81,0.9694953555916384,0.3646171636578927,7.037440087125061e-08
MOBORandomForestParEGO_Batch_Refined,dtlz4,82,0.9715155723918152,1.6872582544515016e-57,0.319606015003595
MOBORandomForestParEGO_Batch_Refined,dtlz4,83,0.97512852443793,0.5215605066268952,4.582462665659953e-128
MOBORandomForestParEGO_Batch_Refined,dtlz4,84,0.9806666416712246,1.020047428793882e-50,0.2897797939537764
MOBORandomForestParEGO_Batch_Refined,dtlz4,85,0.9833109611590484,1.5672691264445125e-20,0.219658410495619
MOBORandomForestParEGO_Batch_Refined,dtlz4,86,0.983334231272716,0.305471273776716,1.7175884693435229e-13
MOBORandomForestParEGO_Batch_Refined,dtlz4,87,0.9868490755860015,0.2917353772322322,1.3451551449277729e-36
MOBORandomForestParEGO_Batch_Refined,dtlz4,88,0.9881928803050526,8.462645520299579e-117,0.3191793874577392
MOBORandomForestParEGO_Batch_Refined,dtlz4,89,0.9889522057801682,1.395547271395186e-31,0.1514595193431953
MOBORandomForestParEGO_Batch_Refined,dtlz4,90,0.99030881642161,2.7744151839882197e-234,1.0561409947998524
MOBORandomForestParEGO_Batch_Refined,dtlz4,91,0.9905845558812136,0.2607784218534112,3.8755941164072905e-25
MOBORandomForestParEGO_Batch_Refined,dtlz4,92,0.9950338113869291,0.1779480812823015,2.1110440139314848e-19
MOBORandomForestParEGO_Batch_Refined,dtlz4,93,0.9961309033599668,0.247789180472942,4.526677252556483e-53
MOBORandomForestParEGO_Batch_Refined,dtlz4,94,1.000138079779246,2.576515427478937e-05,0.081394803705882
MOBORandomForestParEGO_Batch_Refined,dtlz4,95,1.0005823878942857,1.3781801514251397e-12,6.359422420624594e-09
MOBORandomForestParEGO_Batch_Refined,dtlz4,96,1.000710711497737,7.010157024755256e-14,1.9020379505140515e-46
MOBORandomForestParEGO_Batch_Refined,dtlz4,97,1.001193819804015,2.065850640809208e-19,1.728908555559901e-09
MOBORandomForestParEGO_Batch_Refined,dtlz4,98,1.0012856386012925,1.961672035039339e-132,3.231284244627938e-43
MOBORandomForestParEGO_Batch_Refined,dtlz4,99,1.0035498146121884,1.2406541547383218e-34,7.28961906510072e-75
MOBORandomForestParEGO_Batch_Refined,dtlz4,100,1.0049803394933814,4.13256348828298e-147,7.555794731686976e-68
MOBORandomForestParEGO_Batch_Refined,dtlz4,101,1.0057616040634527,3.237511892329478e-44,1.0458892605323908e-107
MOBORandomForestParEGO_Batch_Refined,dtlz4,102,1.005862534712378,0.1440201294990004,4.656452594815666e-109
MOBORandomForestParEGO_Batch_Refined,dtlz4,103,1.0066170879745526,5.674316063049415e-163,1.1933038352792654e-27
MOBORandomForestParEGO_Batch_Refined,dtlz4,104,1.0083139077393886,2.5297282237503766e-09,5.82184598886237e-119
MOBORandomForestParEGO_Batch_Refined,dtlz4,105,1.0093716525456744,7.809620404055693e-30,2.048869603352185e-120
MOBORandomForestParEGO_Batch_Refined,dtlz4,106,1.0108687099460134,5.16671158703658e-72,9.473700004174851e-287
MOBORandomForestParEGO_Batch_Refined,dtlz4,107,1.0116171368398377,2.4054746309406613e-82,1.0088333610013737e-148
MOBORandomForestParEGO_Batch_Refined,dtlz4,108,1.0122189934257748,1.3071665691330126e-237,1.48191007250491e-61
MOBORandomForestParEGO_Batch_Refined,dtlz4,109,1.012609676626463,5.4648952568161e-128,2.578289004042635e-145
MOBORandomForestParEGO_Batch_Refined,dtlz4,110,1.017929935540654,2.9237112196650937e-106,8.026485495318517e-256
MOBORandomForestParEGO_Batch_Refined,dtlz4,111,1.0530865412626045,1.020661867292592e-186,3.3004514304873927e-80
MOBORandomForestParEGO_Batch_Refined,dtlz4,112,1.072173468952702,1.036210825732004e-145,9.563374799944524e-100
MOBORandomForestParEGO_Batch_Refined,dtlz4,113,1.0847896454819508,7.550632632513105e-142,1.5456868990690734e-121
MOBORandomForestParEGO_Batch_Refined,dtlz4,114,1.1027528152749515,3.697066713354025e-134,5.98933893680417e-168
MOBORandomForestParEGO_Batch_Refined,dtlz4,115,1.140252486734248,1.1490206956549549e-111,8.177637920175448e-243
MOBORandomForestParEGO_Batch_Refined,dtlz4,116,1.1412672222210531,1.8914362325273562e-144,5.421966421249428e-129
MOBORandomForestParEGO_Batch_Refined,dtlz4,117,1.1465192082601274,4.564425428076502e-152,7.788921382784604e-99
MOBORandomForestParEGO_Batch_Refined,dtlz4,118,1.1727624597203556,2.2115134625593168e-157,2.308999796661175e-124
MOBORandomForestParEGO_Batch_Refined,dtlz4,119,1.2038038108980478,6.256951843928456e-195,5.131268892318704e-89
MOBORandomForestParEGO_Batch_Refined,dtlz4,120,1.2753132286007725,0.0,4.426136254361522e-21
MOBORandomForestParEGO_Batch_Refined,dtlz4,121,1.307707772330564,6.385545405381176e-204,2.4847272110053614e-78
MOBORandomForestParEGO_Batch_Refined,dtlz7,0,0.0001053845535909,0.7516685147983577,18.66084825040469
MOBORandomForestParEGO_Batch_Refined,dtlz7,1,0.0001096415724525,0.9976128113337628,16.890297743098603
MOBORandomForestParEGO_Batch_Refined,dtlz7,2,0.0001156682172197,0.5469401543831296,20.19875906663042
MOBORandomForestParEGO_Batch_Refined,dtlz7,3,0.0001187420546428,0.0064323823634083,19.784081810831
MOBORandomForestParEGO_Batch_Refined,dtlz7,4,0.0002034477110632,0.8601292403570908,17.36377300797696
MOBORandomForestParEGO_Batch_Refined,dtlz7,5,0.0002345979385964,0.7877130361697866,13.778979639980564
MOBORandomForestParEGO_Batch_Refined,dtlz7,6,0.0002445087427695,0.4008359415849751,17.902560086431414
MOBORandomForestParEGO_Batch_Refined,dtlz7,7,0.0009227315228042,0.2558464113596803,17.450800391151905
MOBORandomForestParEGO_Batch_Refined,dtlz7,8,0.0015684372424541,0.0045649773565005,19.18803294832067
MOBORandomForestParEGO_Batch_Refined,dtlz7,9,0.0015923586923114,0.0492361798761784,17.15667245812073
MOBORandomForestParEGO_Batch_Refined,dtlz7,10,0.0022921045604901,0.0006452637115262,17.680960099036806
MOBORandomForestParEGO_Batch_Refined,dtlz7,11,0.0026979991074528,0.431003377380467,15.61711654740105
MOBORandomForestParEGO_Batch_Refined,dtlz7,12,0.0041762384171671,0.1487709282503718,16.864150255651378
MOBORandomForestParEGO_Batch_Refined,dtlz7,13,0.0051621367037879,0.0044401337478151,17.613608441149534
MOBORandomForestParEGO_Batch_Refined,dtlz7,14,0.0052453119203204,0.0249401702951462,16.012511503943614
MOBORandomForestParEGO_Batch_Refined,dtlz7,15,0.0081394766935546,0.2376951301447288,15.571098256750716
MOBORandomForestParEGO_Batch_Refined,dtlz7,16,0.00878609883538,0.9219138412574616,13.25534121556364
MOBORandomForestParEGO_Batch_Refined,dtlz7,17,0.0109879538040549,0.1075337808609769,15.747803313705957
MOBORandomForestParEGO_Batch_Refined,dtlz7,18,0.01325728815003,0.0542259545197316,15.806985277232256
MOBORandomForestParEGO_Batch_Refined,dtlz7,19,0.0137599956994089,0.0016693010641917,16.977222304880986
MOBORandomForestParEGO_Batch_Refined,dtlz7,20,0.0144078312515216,0.0175658739294107,16.779995160731158
MOBORandomForestParEGO_Batch_Refined,dtlz7,21,0.015253180943515,0.0173221690588997,16.65882857171095
MOBORandomForestParEGO_Batch_Refined,dtlz7,22,0.0163228599975003,0.4327829193546241,13.90910095544597
MOBORandomForestParEGO_Batch_Refined,dtlz7,23,0.0236166376685873,0.0131254756172013,15.203730503668552
MOBORandomForestParEGO_Batch_Refined,dtlz7,24,0.024265941389322,0.2240100337241941,15.07780134215534
MOBORandomForestParEGO_Batch_Refined,dtlz7,25,0.0264957305784734,0.226094620259617,12.469580785919357
MOBORandomForestParEGO_Batch_Refined,dtlz7,26,0.0332242138881052,0.0059767540124989,16.58124899613803
MOBORandomForestParEGO_Batch_Refined,dtlz7,27,0.0426089757246313,0.1245630372073923,14.806436548820765
MOBORandomForestParEGO_Batch_Refined,dtlz7,28,0.0438112451589477,0.2032030593862411,14.05138161111711
MOBORandomForestParEGO_Batch_Refined,dtlz7,29,0.0493974235842866,0.0054472315895927,16.788521763509884
MOBORandomForestParEGO_Batch_Refined,dtlz7,30,0.0608594807898536,0.0470823847723805,15.057915485630948
MOBORandomForestParEGO_Batch_Refined,dtlz7,31,0.0633107199228935,0.0287772454775157,14.886482740388026
MOBORandomForestParEGO_Batch_Refined,dtlz7,32,0.0758417860125721,0.167127570298144,14.32190870459286
MOBORandomForestParEGO_Batch_Refined,dtlz7,33,0.0951601481479136,0.115059698022899,14.44368377010108
MOBORandomForestParEGO_Batch_Refined,dtlz7,34,0.1006852599675752,0.1719935565124981,12.277588163475436
MOBORandomForestParEGO_Batch_Refined,dtlz7,35,0.1215768134486748,0.0013418186571171,16.96716147186584
MOBORandomForestParEGO_Batch_Refined,dtlz7,36,0.1551998524389187,0.00576023684399,15.458934093257817
MOBORandomForestParEGO_Batch_Refined,dtlz7,37,0.1857222724575151,0.0001294658974834,19.728421638015533
MOBORandomForestParEGO_Batch_Refined,dtlz7,38,0.1913681083907221,0.0001201488132897,20.519869142819136
MOBORandomForestParEGO_Batch_Refined,dtlz7,39,0.2395599551413029,0.0853650991494325,14.771892083220404
MOBORandomForestParEGO_Batch_Refined,dtlz7,40,0.2463393568205018,0.0051595596386238,16.42117472864856
MOBORandomForestParEGO_Batch_Refined,dtlz7,41,0.271827126436845,0.0086330558685714,13.417131456238492
MOBORandomForestParEGO_Batch_Refined,dtlz7,42,0.3109940401585894,0.0534217838051249,12.925059487388028
MOBORandomForestParEGO_Batch_Refined,dtlz7,43,0.3142203697116322,0.2453619004609765,11.759978378557705
MOBORandomForestParEGO_Batch_Refined,dtlz7,44,0.4704866552520091,0.0022250378636725,14.350993296522525
MOBORandomForestParEGO_Batch_Refined,dtlz7,45,0.6650461521239747,0.1402703609571984,12.76627062409698
MOBORandomForestParEGO_Batch_Refined,dtlz7,46,0.7046428779533789,4.9712657708650286e-05,16.097339130170983
MOBORandomForestParEGO_Batch_Refined,dtlz7,47,0.793189623615814,0.8504899221839536,11.491989670778452
MOBORandomForestParEGO_Batch_Refined,dtlz7,48,0.8285556678265632,0.1040532931588468,12.443623391077214
MOBORandomForestParEGO_Batch_Refined,dtlz7,49,0.8615791701774123,0.0020974386818669,15.126027557586127
MOBORandomForestParEGO_Batch_Refined,dtlz7,50,0.9391718846855944,0.81606834641846,11.65997219309202
MOBORandomForestParEGO_Batch_Refined,wfg4,0,0.1634856203968564,4.079482221783845,
MOBORandomForestParEGO_Batch_Refined,wfg4,1,0.3519778847226389,4.044658298364428,
MOBORandomForestParEGO_Batch_Refined,wfg4,2,0.398181435072746,3.980936149101607,
MOBORandomForestParEGO_Batch_Refined,wfg4,3,0.4445969744325593,3.974068143710332,
MOBORandomForestParEGO_Batch_Refined,wfg4,4,0.448871674026309,3.952038055262374,
MOBORandomForestParEGO_Batch_Refined,wfg4,5,0.4719781674965845,3.942227186784228,
MOBORandomForestParEGO_Batch_Refined,wfg4,6,0.4882187920845498,3.917035894301506,
MOBORandomForestParEGO_Batch_Refined,wfg4,7,0.5835331605495923,3.88930154040546,
MOBORandomForestParEGO_Batch_Refined,wfg4,8,0.6306011559879342,3.831934783308169,
MOBORandomForestParEGO_Batch_Refined,wfg4,9,0.6925264383150178,3.827279224306519,
MOBORandomForestParEGO_Batch_Refined,wfg4,10,0.7029744207865208,3.782256451709475,
MOBORandomForestParEGO_Batch_Refined,wfg4,11,0.7768006939663208,3.775347938143052,
MOBORandomForestParEGO_Batch_Refined,wfg4,12,0.7909745737632902,3.7418326172957177,
MOBORandomForestParEGO_Batch_Refined,wfg4,13,0.7944625930732173,3.736720439938878,
MOBORandomForestParEGO_Batch_Refined,wfg4,14,0.8158812516126963,3.7252968339103134,
MOBORandomForestParEGO_Batch_Refined,wfg4,15,0.8634677723847788,3.7106196732373578,
MOBORandomForestParEGO_Batch_Refined,wfg4,16,0.9068349162165004,3.709649644764924,
MOBORandomForestParEGO_Batch_Refined,wfg4,17,0.9154800172296446,3.6913969555131976,
MOBORandomForestParEGO_Batch_Refined,wfg4,18,0.9253565236134738,3.619204120597578,
MOBORandomForestParEGO_Batch_Refined,wfg4,19,1.0102648680488802,3.51653228985468,
MOBORandomForestParEGO_Batch_Refined,wfg4,20,1.0484392374284104,3.501060846512113,
MOBORandomForestParEGO_Batch_Refined,wfg4,21,1.0986678716380986,3.4138334018738727,
MOBORandomForestParEGO_Batch_Refined,wfg4,22,1.1372397044926468,3.333711355011116,
MOBORandomForestParEGO_Batch_Refined,wfg4,23,1.1482758989970874,3.3273564081770286,
MOBORandomForestParEGO_Batch_Refined,wfg4,24,1.2088176778608508,3.2442674231787096,
MOBORandomForestParEGO_Batch_Refined,wfg4,25,1.217459601164103,3.231252421768108,
MOBORandomForestParEGO_Batch_Refined,wfg4,26,1.2444632148695718,3.2067988777205487,
MOBORandomForestParEGO_Batch_Refined,wfg4,27,1.27334411205399,3.197024380747409,
MOBORandomForestParEGO_Batch_Refined,wfg4,28,1.2800939114092853,3.1857325966666425,
MOBORandomForestParEGO_Batch_Refined,wfg4,29,1.292922967063049,3.12208682073202,
MOBORandomForestParEGO_Batch_Refined,wfg4,30,1.3526348607812788,3.0584712918167423,
MOBORandomForestParEGO_Batch_Refined,wfg4,31,1.3571721764908142,2.975515477314207,
MOBORandomForestParEGO_Batch_Refined,wfg4,32,1.4258712645746132,2.901654944630912,
MOBORandomForestParEGO_Batch_Refined,wfg4,33,1.4493308331319876,2.8701290910455213,
MOBORandomForestParEGO_Batch_Refined,wfg4,34,1.5224730630166017,2.753419052562162,
MOBORandomForestParEGO_Batch_Refined,wfg4,35,1.524330150029941,2.656711901691544,
MOBORandomForestParEGO_Batch_Refined,wfg4,36,1.604992587420873,2.530049932465244,
MOBORandomForestParEGO_Batch_Refined,wfg4,37,1.6413809780396211,2.4158883274219867,
MOBORandomForestParEGO_Batch_Refined,wfg4,38,1.6713450033705195,2.4147288979598502,
MOBORandomForestParEGO_Batch_Refined,wfg4,39,1.694527870252126,2.266175176123723,
MOBORandomForestParEGO_Batch_Refined,wfg4,40,1.733513932792618,2.2522469936054823,
MOBORandomForestParEGO_Batch_Refined,wfg4,41,1.7335182982772597,2.242757952095173,
MOBORandomForestParEGO_Batch_Refined,wfg4,42,1.758392971025581,2.1051752051573405,
MOBORandomForestParEGO_Batch_Refined,wfg4,43,1.827720786978904,2.051408371035192,
MOBORandomForestParEGO_Batch_Refined,wfg4,44,1.8653336039045687,1.8919289785885067,
MOBORandomForestParEGO_Batch_Refined,wfg4,45,1.8796350481448256,1.8296420046311024,
MOBORandomForestParEGO_Batch_Refined,wfg4,46,1.8832776990998832,1.741888686041579,
MOBORandomForestParEGO_Batch_Refined,wfg4,47,1.9087220768939703,1.7309328295818611,
MOBORandomForestParEGO_Batch_Refined,wfg4,48,1.9836256525830795,1.1791308682668775,
MOBORandomForestParEGO_Batch_Refined,wfg4,49,2.2648446963086792,0.8358225910973871,
MOBORandomForestParEGO_Batch_Refined,wfg7,0,0.2181857704136126,0.2181857445970376,6.218185693334039
MOBORandomForestParEGO_Batch_Refined,wfg7,1,0.3151279350218082,0.9627300496363432,6.173815015928298
MOBORandomForestParEGO_Batch_Refined,wfg7,2,0.3152914488913241,3.1956341282929546,4.4691051945527125
MOBORandomForestParEGO_Batch_Refined,wfg7,3,0.3198642685245066,4.237149452798717,1.5050820831202465
MOBORandomForestParEGO_Batch_Refined,wfg7,4,0.3288347793054431,0.4420003901822545,6.198142907117406
MOBORandomForestParEGO_Batch_Refined,wfg7,5,0.3311690242913723,2.7572367342434245,5.083358168629658
MOBORandomForestParEGO_Batch_Refined,wfg7,6,0.3424996633253654,3.7236924008707857,3.455534047622882
MOBORandomForestParEGO_Batch_Refined,wfg7,7,0.3467572337115651,3.823208799196403,3.2664027809786025
MOBORandomForestParEGO_Batch_Refined,wfg7,8,0.351320148856304,2.731854157760331,5.169536681711574
MOBORandomForestParEGO_Batch_Refined,wfg7,9,0.3578189271129097,1.3856745786279778,6.155332914628934
MOBORandomForestParEGO_Batch_Refined,wfg7,10,0.3591149890031997,3.805249977242219,3.400101601271701
MOBORandomForestParEGO_Batch_Refined,wfg7,11,0.3606946713122391,3.379294953407328,4.27118152588331
MOBORandomForestParEGO_Batch_Refined,wfg7,12,0.3630314286417412,3.926572753343615,2.890447933299707
MOBORandomForestParEGO_Batch_Refined,wfg7,13,0.3702993585396014,2.4265811260727417,5.401658248155852
MOBORandomForestParEGO_Batch_Refined,wfg7,14,0.3705436965397682,1.5666788001483756,6.094879590728386
MOBORandomForestParEGO_Batch_Refined,wfg7,15,0.3716967635328573,2.6727818627522573,5.274020337337688
MOBORandomForestParEGO_Batch_Refined,wfg7,16,0.3721367341587146,3.1837157521845194,4.639744314955713
MOBORandomForestParEGO_Batch_Refined,wfg7,17,0.3729885709051616,2.10041182155884,5.758946290730054
MOBORandomForestParEGO_Batch_Refined,wfg7,18,0.3755960781421426,4.235556943928905,1.9281556123013512
MOBORandomForestParEGO_Batch_Refined,wfg7,19,0.3768958428165951,3.053341887992548,4.802587105710598
MOBORandomForestParEGO_Batch_Refined,wfg7,20,0.3781017291649104,1.843200961171528,5.811850872329128
MOBORandomForestParEGO_Batch_Refined,wfg7,21,0.378469959138498,2.015893541391252,5.776757266920392
MOBORandomForestParEGO_Batch_Refined,wfg7,22,0.3827807195870417,2.8949727719090426,5.051770437070537
MOBORandomForestParEGO_Batch_Refined,wfg7,23,0.3875134932837579,3.5209071507482737,4.116984600115068
MOBORandomForestParEGO_Batch_Refined,wfg7,24,0.3897533992468788,2.720207579912649,5.2659197421626
MOBORandomForestParEGO_Batch_Refined,wfg7,25,0.3903233163550562,1.4023892418528507,6.134411060481684
MOBORandomForestParEGO_Batch_Refined,wfg7,26,0.3960994374748536,3.8546579272242063,3.197179128584705
MOBORandomForestParEGO_Batch_Refined,wfg7,27,0.4056254647966105,1.4914614126362735,5.991164919400752
MOBORandomForestParEGO_Batch_Refined,wfg7,28,0.4076242583998344,4.257994566729555,1.1960145180197548
MOBORandomForestParEGO_Batch_Refined,wfg7,29,0.4077389972121935,3.1250441793118653,4.795945887362151
MOBORandomForestParEGO_Batch_Refined,wfg7,30,0.4214472054352268,3.702679041112489,3.479030959022204
MOBORandomForestParEGO_Batch_Refined,wfg7,31,0.4290505418269864,1.4281201364629097,6.112806188891636
MOBORandomForestParEGO_Batch_Refined,wfg7,32,0.4397590077830999,4.072145978147687,2.500931735484345
MOBORandomForestParEGO_Batch_Refined,wfg7,33,0.4398446432262876,2.2445986938857225,5.645824197242309
MOBORandomForestParEGO_Batch_Refined,wfg7,34,0.4472502375445426,3.6010217795915755,3.669096986348716
MOBORandomForestParEGO_Batch_Refined,wfg7,35,0.4500531206596516,3.570249654123567,3.773833348010425
MOBORandomForestParEGO_Batch_Refined,wfg7,36,0.475635082694689,3.7958543446899022,3.419614038992687
MOBORandomForestParEGO_Batch_Refined,wfg7,37,0.4833642474194901,4.419581576549932,0.5134064407271705
MOBORandomForestParEGO_Batch_Refined,wfg7,38,0.494567303012681,1.3039565571642822,6.161503545945712
MOBORandomForestParEGO_Batch_Refined,wfg7,39,0.4982335359815173,2.212713356068174,5.671385587333525
MOBORandomForestParEGO_Batch_Refined,wfg7,40,0.5054611677099636,2.186392517919593,5.601189438814863
MOBORandomForestParEGO_Batch_Refined,wfg7,41,0.5107949820684566,4.156342674915689,2.3141558790993955
MOBORandomForestParEGO_Batch_Refined,wfg7,42,0.517784173886529,4.20932015192646,1.9234938704436888
MOBORandomForestParEGO_Batch_Refined,wfg7,43,0.5196942836212554,2.007970119557517,5.778735839609365
MOBORandomForestParEGO_Batch_Refined,wfg7,44,0.5407761537061926,3.314507677272314,4.41399434612857
MOBORandomForestParEGO_Batch_Refined,wfg7,45,0.5479440049345871,0.8417148139280693,6.096034238564696
MOBORandomForestParEGO_Batch_Refined,wfg7,46,0.5483332539456721,3.296848623382096,4.400075648761852
MOBORandomForestParEGO_Batch_Refined,wfg7,47,0.5599653979590017,2.8181700975227386,4.978611539293853
MOBORandomForestParEGO_Batch_Refined,wfg7,48,0.5690765380184256,3.676862745043224,3.131535263699349
MOBORandomForestParEGO_Batch_Refined,wfg7,49,0.5835177139528434,2.3997611639688925,5.432282527183961
MOBORandomForestParEGO_Batch_Refined,wfg7,50,0.5917917173286409,4.20635217557143,1.0398418397494984
MOBORandomForestParEGO_Batch_Refined,wfg7,51,0.6170325485994554,0.3616936694234486,6.190645505593463
MOBORandomForestParEGO_Batch_Refined,wfg7,52,0.621413750845247,1.7922049459179303,5.838342272946984
MOBORandomForestParEGO_Batch_Refined,wfg7,53,0.6395382739852649,4.045731979011323,1.7857735492174684
MOBORandomForestParEGO_Batch_Refined,wfg7,54,0.6519083546144846,3.4757313748060827,3.38024225785766
MOBORandomForestParEGO_Batch_Refined,wfg7,55,0.6567059188058844,0.8665415559409376,5.999257114772337
MOBORandomForestParEGO_Batch_Refined,wfg7,56,0.6585401114480194,2.408851000197969,5.391559120958847
MOBORandomForestParEGO_Batch_Refined,wfg7,57,0.66513702881997,3.0304697418565736,4.615441447913866
MOBORandomForestParEGO_Batch_Refined,wfg7,58,0.6751565547445524,4.193926583048952,1.6555639327651914
MOBORandomForestParEGO_Batch_Refined,wfg7,59,0.6871962519318886,4.018742481164323,2.83433342714463
MOBORandomForestParEGO_Batch_Refined,wfg7,60,0.7123192921933188,2.3521166944708467,5.332809271686363
MOBORandomForestParEGO_Batch_Refined,wfg7,61,0.723662879316608,2.869058168021529,4.6692429744753445
MOBORandomForestParEGO_Batch_Refined,wfg7,62,0.7242587672463716,2.040492034915602,5.658706392235308
MOBORandomForestParEGO_Batch_Refined,wfg7,63,0.7474737782851383,4.235694753549579,0.9402566917792448
MOBORandomForestParEGO_Batch_Refined,wfg7,64,0.7485546268628037,0.7820423603529081,6.140332351043647
MOBORandomForestParEGO_Batch_Refined,wfg7,65,0.7549424270566276,4.184634657343306,0.6098843183063893
MOBORandomForestParEGO_Batch_Refined,wfg7,66,0.7564742281793078,0.613154604706782,6.072263965772716
MOBORandomForestParEGO_Batch_Refined,wfg7,67,0.7697758276062723,1.53045951293647,5.801207781475101
MOBORandomForestParEGO_Batch_Refined,wfg7,68,0.7768737484748218,2.2528782461305297,5.449839252617575
MOBORandomForestParEGO_Batch_Refined,wfg7,69,0.7792950887391381,1.419903078266741,5.728264360876776
MOBORandomForestParEGO_Batch_Refined,wfg7,70,0.7901149792318787,4.125152874511333,1.0451079920115995
MOBORandomForestParEGO_Batch_Refined,wfg7,71,0.8117808936953608,2.527163972425562,5.18749419168882
MOBORandomForestParEGO_Batch_Refined,wfg7,72,0.8133634238276862,2.776417436551184,4.90290031403353
MOBORandomForestParEGO_Batch_Refined,wfg7,73,0.8136146166745812,0.5993129090149267,5.986851608906458
MOBORandomForestParEGO_Batch_Refined,wfg7,74,0.8346852577023278,2.1749012314361225,5.38741531963303
MOBORandomForestParEGO_Batch_Refined,wfg7,75,0.8442153237436545,4.135822083363324,0.9904091066105316
MOBORandomForestParEGO_Batch_Refined,wfg7,76,0.8452640825583019,1.269039436120178,5.7037026123125205
MOBORandomForestParEGO_Batch_Refined,wfg7,77,0.8618396892409159,3.708830263706735,2.627887324393657
MOBORandomForestParEGO_Batch_Refined,wfg7,78,0.8713060859739687,2.063632609689095,5.451958252318346
MOBORandomForestParEGO_Batch_Refined,wfg7,79,0.8743317910938391,2.300591491917553,5.152222988395902
MOBORandomForestParEGO_Batch_Refined,wfg7,80,0.8820229429354078,3.0358836986472286,4.418249845917344
MOBORandomForestParEGO_Batch_Refined,wfg7,81,0.8933676968447204,1.4874615505736748,5.668835013469527
MOBORandomForestParEGO_Batch_Refined,wfg7,82,0.9048438733319252,2.8329170008325675,4.738017614403022
MOBORandomForestParEGO_Batch_Refined,wfg7,83,0.9077691131623402,2.648743521650558,5.024447179988909
MOBORandomForestParEGO_Batch_Refined,wfg7,84,0.9452887004837688,2.084796079327458,5.333711707126649
MOBORandomForestParEGO_Batch_Refined,wfg7,85,0.94684872072349,3.8616537671866,2.222387548469833
MOBORandomForestParEGO_Batch_Refined,wfg7,86,0.954699590822076,2.770401228146796,4.454990326683163
MOBORandomForestParEGO_Batch_Refined,wfg7,87,0.9554544127197316,1.7688312614705517,5.46173037680416
MOBORandomForestParEGO_Batch_Refined,wfg7,88,0.9622686167259392,2.990949457064158,3.9620687130983
MOBORandomForestParEGO_Batch_Refined,wfg7,89,0.9731122289677062,4.08855406284162,1.5051777950240544
MOBORandomForestParEGO_Batch_Refined,wfg7,90,0.9742492280823802,3.2073434695742424,3.810451595861809
MOBORandomForestParEGO_Batch_Refined,wfg7,91,0.9958505646719666,3.6236718829197176,3.238378740921818
MOBORandomForestParEGO_Batch_Refined,wfg7,92,1.0003487389143502,1.833308499696632,5.4580939569049
MOBORandomForestParEGO_Batch_Refined,wfg7,93,1.0143156867384986,0.5592473198334269,5.949425748973964
MOBORandomForestParEGO_Batch_Refined,wfg7,94,1.0248487709036025,1.04540541330108,5.624066439970443
MOBORandomForestParEGO_Batch_Refined,wfg7,95,1.024926186965631,3.817733157272704,1.115967819340755
MOBORandomForestParEGO_Batch_Refined,wfg7,96,1.0348610403787133,0.8244903792220649,5.943109776574676
MOBORandomForestParEGO_Batch_Refined,wfg7,97,1.0547977365174408,3.592838155324059,3.2556534813681903
MOBORandomForestParEGO_Batch_Refined,wfg7,98,1.0727981838143088,0.8966701067179631,5.85231503682544
MOBORandomForestParEGO_Batch_Refined,wfg7,99,1.0776518236920536,4.110602271760297,0.8119694331258411
MOBORandomForestParEGO_Batch_Refined,wfg7,100,1.0867018962393715,2.0752932427571724,5.342125407804816
MOBORandomForestParEGO_Batch_Refined,wfg7,101,1.1004657454717952,2.011485600809786,5.120155551045731
MOBORandomForestParEGO_Batch_Refined,wfg7,102,1.1131622626150208,3.58599444383895,3.11580531721681
MOBORandomForestParEGO_Batch_Refined,wfg7,103,1.1193059198156097,4.049884614303696,0.6804988805136112
MOBORandomForestParEGO_Batch_Refined,wfg7,104,1.1321807823630243,2.603118638707877,5.119359807778327
MOBORandomForestParEGO_Batch_Refined,wfg7,105,1.132618442338858,2.739736845897003,4.588557906403496
MOBORandomForestParEGO_Batch_Refined,wfg7,106,1.1406163238994589,2.649728789711229,4.626423404741016
MOBORandomForestParEGO_Batch_Refined,wfg7,107,1.1433968312144278,1.3457869427248272,5.306858327580204
MOBORandomForestParEGO_Batch_Refined,wfg7,108,1.1444036509820097,3.319061316124861,2.8422576991615345
MOBORandomForestParEGO_Batch_Refined,wfg7,109,1.1699603072303149,3.9475545308825537,0.9646762006327656
MOBORandomForestParEGO_Batch_Refined,wfg7,110,1.1731991842463534,2.7469241363501418,4.507468491264912
MOBORandomForestParEGO_Batch_Refined,wfg7,111,1.1743105187573732,3.74092604418683,1.9357839563561188
MOBORandomForestParEGO_Batch_Refined,wfg7,112,1.175617308061098,2.3159949420069657,4.4824564575412
MOBORandomForestParEGO_Batch_Refined,wfg7,113,1.1867508797346418,3.6287371727303888,2.3843268356754304
MOBORandomForestParEGO_Batch_Refined,wfg7,114,1.1892317827660126,0.8932956351428061,5.937452780453798
MOBORandomForestParEGO_Batch_Refined,wfg7,115,1.1974766199242977,3.129471112170801,3.873558786447284
MOBORandomForestParEGO_Batch_Refined,wfg7,116,1.2040206436604726,2.0050138590846456,5.061308973593821
MOBORandomForestParEGO_Batch_Refined,wfg7,117,1.2066010903078808,3.832786285203628,0.8000575470998806
MOBORandomForestParEGO_Batch_Refined,wfg7,118,1.20695488364249,1.8408844759292944,5.167531639704525
MOBORandomForestParEGO_Batch_Refined,wfg7,119,1.217890330873607,3.711502789476836,1.7952693362826666
MOBORandomForestParEGO_Batch_Refined,wfg7,120,1.2234307357111835,0.610072399703906,5.815621808091881
MOBORandomForestParEGO_Batch_Refined,wfg7,121,1.2255835433317377,0.9646438613010078,5.702491758658023
MOBORandomForestParEGO_Batch_Refined,wfg7,122,1.226014884907739,1.9490646553894184,4.937390135314149
MOBORandomForestParEGO_Batch_Refined,wfg7,123,1.226479058509584,3.575648379495936,2.25143813164492
MOBORandomForestParEGO_Batch_Refined,wfg7,124,1.2266435711489203,2.7540041726631737,4.128637223379171
MOBORandomForestParEGO_Batch_Refined,wfg7,125,1.2410523546561305,3.7725906674851566,1.378862175861652
MOBORandomForestParEGO_Batch_Refined,wfg7,126,1.2567739366262425,1.359296727562063,5.200068386011544
MOBORandomForestParEGO_Batch_Refined,wfg7,127,1.2651993381258912,3.3096094732561427,3.3286952453619887
MOBORandomForestParEGO_Batch_Refined,wfg7,128,1.2740889833323616,1.7832183641308703,5.087987492006694
MOBORandomForestParEGO_Batch_Refined,wfg7,129,1.275917882561318,1.609634044682349,4.9619626701061055
MOBORandomForestParEGO_Batch_Refined,wfg7,130,1.2775007560435117,2.218417100013732,4.802806418818273
MOBORandomForestParEGO_Batch_Refined,wfg7,131,1.279130061419505,1.2405538721342575,4.983592620533892
MOBORandomForestParEGO_Batch_Refined,wfg7,132,1.2899768270509928,2.9446094325447314,3.775044245255007
MOBORandomForestParEGO_Batch_Refined,wfg7,133,1.292359095136838,1.950928124229503,4.898986983815674
MOBORandomForestParEGO_Batch_Refined,wfg7,134,1.323294526547793,3.3413084707966454,2.632507072871838
MOBORandomForestParEGO_Batch_Refined,wfg7,135,1.327824711817597,3.782780012402256,0.8616543113656524
MOBORandomForestParEGO_Batch_Refined,wfg7,136,1.331146150760842,3.4648155785636776,1.8588098986025228
MOBORandomForestParEGO_Batch_Refined,wfg7,137,1.3312191794345145,2.912144441686905,4.049862119756856
MOBORandomForestParEGO_Batch_Refined,wfg7,138,1.3390465025198068,2.0425605038561208,4.401591200717488
MOBORandomForestParEGO_Batch_Refined,wfg7,139,1.3431175290005737,2.9688220730532344,3.4069733687466925
MOBORandomForestParEGO_Batch_Refined,wfg7,140,1.3505349314215986,3.7338076452208058,1.1605691242375975
MOBORandomForestParEGO_Batch_Refined,wfg7,141,1.353130162691292,0.3635737720647201,5.216118205207227
MOBORandomForestParEGO_Batch_Refined,wfg7,142,1.3716846100723687,1.2730732850919462,4.94602212243617
MOBORandomForestParEGO_Batch_Refined,wfg7,143,1.3785861941812716,3.4339955741698995,0.6160548263935781
MOBORandomForestParEGO_Batch_Refined,wfg7,144,1.4091075209587351,3.332972965546648,1.906179529071697
MOBORandomForestParEGO_Batch_Refined,wfg7,145,1.411180045452585,3.096181608233879,2.3142783587070928
MOBORandomForestParEGO_Batch_Refined,wfg7,146,1.4113935805731876,2.665888495369852,4.252992908325363
MOBORandomForestParEGO_Batch_Refined,wfg7,147,1.431523516984858,1.581218734363122,4.848168895032748
MOBORandomForestParEGO_Batch_Refined,wfg7,148,1.4480775005683777,0.4723590120866904,5.110194702539754
MOBORandomForestParEGO_Batch_Refined,wfg7,149,1.460999732899493,2.3065456784496168,4.3354665156312855
MOBORandomForestParEGO_Batch_Refined,wfg7,150,1.483173840921291,2.7558500727143667,3.2777584205191537
MOBORandomForestParEGO_Batch_Refined,wfg7,151,1.4900078126683969,3.399991402264459,1.7140104546629618
MOBORandomForestParEGO_Batch_Refined,wfg7,152,1.4975607851613906,2.421349532749158,4.213229228029396
MOBORandomForestParEGO_Batch_Refined,wfg7,153,1.5117364856172937,1.6466099582374918,4.725198671020589
MOBORandomForestParEGO_Batch_Refined,wfg7,154,1.514663559522461,3.3162505735506924,2.157829264168005
MOBORandomForestParEGO_Batch_Refined,wfg7,155,1.5156492643736597,2.553647536488066,4.087969244678496
MOBORandomForestParEGO_Batch_Refined,wfg7,156,1.5257359800627648,3.425909785513508,0.9675217744367688
MOBORandomForestParEGO_Batch_Refined,wfg7,157,1.5309462701471244,1.8845474926738075,4.374155945559865
MOBORandomForestParEGO_Batch_Refined,wfg7,158,1.53984592949288,0.7395110314358546,4.980474982298175
MOBORandomForestParEGO_Batch_Refined,wfg7,159,1.5460877540037492,2.864472756042068,1.7015911772769068
MOBORandomForestParEGO_Batch_Refined,wfg7,160,1.5485958656840697,2.3841424851561284,4.312984004157346
MOBORandomForestParEGO_Batch_Refined,wfg7,161,1.573892120243361,3.2144734057778352,1.5522623002565894
MOBORandomForestParEGO_Batch_Refined,wfg7,162,1.5756486262795435,2.9716274680436823,1.0239523208923766
MOBORandomForestParEGO_Batch_Refined,wfg7,163,1.590160724073676,2.590839141279273,3.513691866179974
MOBORandomForestParEGO_Batch_Refined,wfg7,164,1.601895592568892,2.183930669312746,3.686422311756853
MOBORandomForestParEGO_Batch_Refined,wfg7,165,1.6036603569681211,2.5700727164875348,3.311298606885308
MOBORandomForestParEGO_Batch_Refined,wfg7,166,1.6038934347754523,2.651296672210953,2.9558245557528764
MOBORandomForestParEGO_Batch_Refined,wfg7,167,1.6171423599259087,1.890611941715668,4.35544637245349
MOBORandomForestParEGO_Batch_Refined,wfg7,168,1.6277611910753385,1.6254515435880683,4.525211023045242
MOBORandomForestParEGO_Batch_Refined,wfg7,169,1.6292516673340938,1.92087956731148,3.798921674283084
MOBORandomForestParEGO_Batch_Refined,wfg7,170,1.6469086220051783,1.7233769690233889,3.74212621364492
MOBORandomForestParEGO_Batch_Refined,wfg7,171,1.6498522932315207,3.403162852616864,0.8320667626391727
MOBORandomForestParEGO_Batch_Refined,wfg7,172,1.6504827359771292,1.1167563144372543,4.552872419388508
MOBORandomForestParEGO_Batch_Refined,wfg7,173,1.6616140525492893,2.668067850472285,1.5982056534529403
MOBORandomForestParEGO_Batch_Refined,wfg7,174,1.6832331912908272,3.2398469971215524,0.9934503521532648
MOBORandomForestParEGO_Batch_Refined,wfg7,175,1.6903206055685982,2.580482113888207,3.1832358219520884
MOBORandomForestParEGO_Batch_Refined,wfg7,176,1.6926766069935062,1.6082179391982592,4.021930903204968
MOBORandomForestParEGO_Batch_Refined,wfg7,177,1.6965114929859078,1.2276587951001376,4.474292609059543
MOBORandomForestParEGO_Batch_Refined,wfg7,178,1.7029940063673763,3.729694829909646,0.5877949553863289
MOBORandomForestParEGO_Batch_Refined,wfg7,179,1.719997411826265,2.399493826542458,1.2547693482839146
MOBORandomForestParEGO_Batch_Refined,wfg7,180,1.7259485641829115,1.103820674600685,4.684412857532532
MOBORandomForestParEGO_Batch_Refined,wfg7,181,1.7306397461597616,1.2264128612843357,4.518883338204354
MOBORandomForestParEGO_Batch_Refined,wfg7,182,1.7316065448427436,3.059772196705699,0.5288654578367057
MOBORandomForestParEGO_Batch_Refined,wfg7,183,1.7322298727439474,1.304071926471886,4.462357095096925
MOBORandomForestParEGO_Batch_Refined,wfg7,184,1.7397015088081056,1.0327134794792965,4.477594256208985
MOBORandomForestParEGO_Batch_Refined,wfg7,185,1.7423413782013422,1.3559415097054337,4.20487695972174
MOBORandomForestParEGO_Batch_Refined,wfg7,186,1.747619958762092,0.7346804264571348,4.596522068141688
MOBORandomForestParEGO_Batch_Refined,wfg7,187,1.753496010576352,2.7714647993700554,0.9884218003169856
MOBORandomForestParEGO_Batch_Refined,wfg7,188,1.772057604001349,2.192003014945985,3.1906506818073352
MOBORandomForestParEGO_Batch_Refined,wfg7,189,1.7923175093470896,1.1179814893957314,4.310431015604513
MOBORandomForestParEGO_Batch_Refined,wfg7,190,1.8095285055167267,1.4613111506379213,3.511380160066909
MOBORandomForestParEGO_Batch_Refined,wfg7,191,1.812665029640776,2.180808257630924,2.230048017374241
MOBORandomForestParEGO_Batch_Refined,wfg7,192,1.8465483056848784,2.2335047983345806,1.8031732821213409
MOBORandomForestParEGO_Batch_Refined,wfg7,193,1.858262123772558,1.1152340083897403,3.854187517280377
MOBORandomForestParEGO_Batch_Refined,wfg7,194,1.864332832669152,1.992441541003592,3.504565606453699
MOBORandomForestParEGO_Batch_Refined,wfg7,195,1.8762037214958591,0.912791162754488,3.9830776263330447
MOBORandomForestParEGO_Batch_Refined,wfg7,196,1.8834263350714688,2.0319434501697424,2.561561674494016
MOBORandomForestParEGO_Batch_Refined,wfg7,197,1.8973027242537543,1.0160782463290157,3.680803017169161
MOBORandomForestParEGO_Batch_Refined,wfg7,198,1.9104972381480445,0.5727217737774293,4.002606050615461
MOBORandomForestParEGO_Batch_Refined,wfg7,199,1.9140690659594533,0.5423346248081188,3.482968207299647
MOBORandomForestParEGO_Batch_Refined,wfg7,200,1.9149502794383093,1.5185662037173608,2.8213662861970903
MOBORandomForestParEGO_Batch_Refined,wfg7,201,1.9214016555024471,2.4919624189502723,0.9650474215466324
MOBORandomForestParEGO_Batch_Refined,wfg7,202,1.9594500596382047,2.241653942916886,1.7004353687487337
MOBORandomForestParEGO_Batch_Refined,wfg7,203,1.9695681072755844,1.4393417367501116,2.7217901800236963
MOBORandomForestParEGO_Batch_Refined,wfg7,204,1.9844491288661736,2.0923485550262457,1.3505544866715748
MOBORandomForestParEGO_Batch_Refined,wfg7,205,1.9846569635259053,2.861014187630821,0.7043373243351232
MOBORandomForestParEGO_Batch_Refined,wfg7,206,2.0077749027278,2.1805226390690247,1.1451647946842682
MOBORandomForestParEGO_Batch_Refined,wfg7,207,2.009944700548324,2.0876170016484275,1.7905270661156036
MOBORandomForestParEGO_Batch_Refined,wfg7,208,2.01646536449152,1.4341159781631418,1.9722905098739367
MOBORandomForestParEGO_Batch_Refined,wfg7,209,2.0279311508568925,2.318189929850906,0.7119620456326807
MOBORandomForestParEGO_Batch_Refined,wfg7,210,2.0322498000675093,2.42342940015806,0.3794424711139504
MOBORandomForestParEGO_Batch_Refined,wfg7,211,2.033916754597093,0.9524838915509206,2.293648144616153
MOBORandomForestParEGO_Batch_Refined,wfg7,212,2.0365235776006707,2.205219023403187,1.1412211649437831
MOBORandomForestParEGO_Batch_Refined,wfg7,213,2.04447663771522,2.082642392822098,1.635852518847381
MOBORandomForestParEGO_Batch_Refined,wfg7,214,2.0596639216056296,2.3039445848701137,1.0885673775942155
MOBORandomForestParEGO_Batch_Refined,wfg7,215,2.08231232212128,1.6452601809459797,1.4152571437588104
MOBORandomForestParEGO_Batch_Refined,wfg7,216,2.083034298348005,2.286998200841873,0.9240620974432354
MOBORandomForestParEGO_Batch_Refined,wfg7,217,2.0974368639382304,1.9379551244906097,1.22533555068865
MOBORandomForestParEGO_Batch_Refined,wfg7,218,2.123109307717556,0.874626941965762,3.0246096775209965
MOBORandomForestParEGO_Batch_Refined,wfg7,219,2.158669579167482,0.39181455247926,1.978767835653945
MOBORandomForestParEGO_Batch_Refined,wfg7,220,2.189361413529658,1.6002653121760737,1.1531604652669063
MOBORandomForestParEGO_Batch_Refined,wfg7,221,2.193763293754387,1.873013733846492,0.5600543599232618
MOBORandomForestParEGO_Batch_Refined,wfg7,222,2.2102430577000205,1.24372917452229,1.961729901849322
MOBORandomForestParEGO_Batch_Refined,wfg7,223,2.2219583456586043,1.4874177476453392,0.4812004604268249
MOBORandomForestParEGO_Batch_Refined,wfg7,224,2.2717479778772183,0.8204852012544727,1.9727454261410529
MOBORandomForestParEGO_Batch_Refined,wfg7,225,2.2867257379974104,1.3475862833306027,1.5101181752440194
MOBORandomForestParEGO_Batch_Refined,wfg7,226,2.306802546567627,0.6921663989971948,1.976348239643695
MOBORandomForestParEGO_Batch_Refined,wfg7,227,2.3095800189557663,0.9160414052901472,1.1581133276251017
MOBORandomForestParEGO_Batch_Refined,wfg7,228,2.4197234676936445,0.7025785355373229,0.972412465501906
MOBORandomForestParEGO_Batch_Refined,wfg7,229,2.462100028970333,1.3298103807988608,0.7340333234555482
MOBORandomForestParEGO_Batch_Refined,wfg9,0,0.1500723432450559,4.0677416641216295,
MOBORandomForestParEGO_Batch_Refined,wfg9,1,0.2103325733374711,4.064428814652031,
MOBORandomForestParEGO_Batch_Refined,wfg9,2,0.2716237610314801,4.05545938798695,
MOBORandomForestParEGO_Batch_Refined,wfg9,3,0.2830617856940922,3.998807938975953,
MOBORandomForestParEGO_Batch_Refined,wfg9,4,0.3085225149066202,3.983857522675621,
MOBORandomForestParEGO_Batch_Refined,wfg9,5,0.4189746779110616,3.9320578994705886,
MOBORandomForestParEGO_Batch_Refined,wfg9,6,0.4431127408866347,3.919658257267412,
MOBORandomForestParEGO_Batch_Refined,wfg9,7,0.5304287407608103,3.910420201062593,
MOBORandomForestParEGO_Batch_Refined,wfg9,8,0.6020389757253497,3.870669644527233,
MOBORandomForestParEGO_Batch_Refined,wfg9,9,0.6159919989644371,3.838164111275211,
MOBORandomForestParEGO_Batch_Refined,wfg9,10,0.6823985402777835,3.820138425353615,
MOBORandomForestParEGO_Batch_Refined,wfg9,11,0.7145783016916051,3.80688684671169,
MOBORandomForestParEGO_Batch_Refined,wfg9,12,0.7420172513081039,3.7241871579997934,
MOBORandomForestParEGO_Batch_Refined,wfg9,13,0.7519556882029933,3.712408164840524,
MOBORandomForestParEGO_Batch_Refined,wfg9,14,0.7698379824799567,3.712135305803376,
MOBORandomForestParEGO_Batch_Refined,wfg9,15,0.8379950489072481,3.667299634004205,
MOBORandomForestParEGO_Batch_Refined,wfg9,16,0.8383224328589209,3.658882159206617,
MOBORandomForestParEGO_Batch_Refined,wfg9,17,0.8487353187555624,3.65268460923658,
MOBORandomForestParEGO_Batch_Refined,wfg9,18,0.8901583951017366,3.6118496763107832,
MOBORandomForestParEGO_Batch_Refined,wfg9,19,0.923126762241164,3.576512499050035,
MOBORandomForestParEGO_Batch_Refined,wfg9,20,0.9934072857514064,3.528853188337558,
MOBORandomForestParEGO_Batch_Refined,wfg9,21,1.0182217626241934,3.4774194249233377,
MOBORandomForestParEGO_Batch_Refined,wfg9,22,1.0283698393338196,3.4760588054151302,
MOBORandomForestParEGO_Batch_Refined,wfg9,23,1.0293608354153558,3.470251758001843,
MOBORandomForestParEGO_Batch_Refined,wfg9,24,1.0532631999982247,3.453373115494847,
MOBORandomForestParEGO_Batch_Refined,wfg9,25,1.1104988201733097,3.3541405078801083,
MOBORandomForestParEGO_Batch_Refined,wfg9,26,1.1383799694027654,3.3435481023858857,
MOBORandomForestParEGO_Batch_Refined,wfg9,27,1.146601569665901,3.3057253291936872,
MOBORandomForestParEGO_Batch_Refined,wfg9,28,1.1910732212033874,3.2647488922647527,
MOBORandomForestParEGO_Batch_Refined,wfg9,29,1.222600409634717,3.2306526031493425,
MOBORandomForestParEGO_Batch_Refined,wfg9,30,1.2362667400898733,3.165877691728368,
MOBORandomForestParEGO_Batch_Refined,wfg9,31,1.2674426808355024,3.148902354104304,
MOBORandomForestParEGO_Batch_Refined,wfg9,32,1.2825111404891978,3.126402347020288,
MOBORandomForestParEGO_Batch_Refined,wfg9,33,1.314402256756073,3.0755997504577843,
MOBORandomForestParEGO_Batch_Refined,wfg9,34,1.328165089479515,3.0223703968908167,
MOBORandomForestParEGO_Batch_Refined,wfg9,35,1.3585185951802097,2.995384880282515,
MOBORandomForestParEGO_Batch_Refined,wfg9,36,1.372320775128144,2.953905042234823,
MOBORandomForestParEGO_Batch_Refined,wfg9,37,1.3738194825568213,2.951066263690463,
MOBORandomForestParEGO_Batch_Refined,wfg9,38,1.4103409233110582,2.902342747038555,
MOBORandomForestParEGO_Batch_Refined,wfg9,39,1.411276494850367,2.8878496370917546,
MOBORandomForestParEGO_Batch_Refined,wfg9,40,1.4318470399427734,2.837113305975096,
MOBORandomForestParEGO_Batch_Refined,wfg9,41,1.4391521562968586,2.831680294842517,
MOBORandomForestParEGO_Batch_Refined,wfg9,42,1.4522227769033265,2.777204958913515,
MOBORandomForestParEGO_Batch_Refined,wfg9,43,1.4663565976446618,2.76236345303702,
MOBORandomForestParEGO_Batch_Refined,wfg9,44,1.4702029855840273,2.737900931825887,
MOBORandomForestParEGO_Batch_Refined,wfg9,45,1.498578541542114,2.729019850316001,
MOBORandomForestParEGO_Batch_Refined,wfg9,46,1.5161869762349371,2.657648255819468,
MOBORandomForestParEGO_Batch_Refined,wfg9,47,1.5211834130387416,2.611379866040992,
MOBORandomForestParEGO_Batch_Refined,wfg9,48,1.545979996033524,2.5690954126184864,
MOBORandomForestParEGO_Batch_Refined,wfg9,49,1.5486932772485544,2.5578734445333966,
MOBORandomForestParEGO_Batch_Refined,wfg9,50,1.5659536547351942,2.536470322811794,
MOBORandomForestParEGO_Batch_Refined,wfg9,51,1.573659355641145,2.5063491532868243,
MOBORandomForestParEGO_Batch_Refined,wfg9,52,1.5773836811126198,2.486837685595565,
MOBORandomForestParEGO_Batch_Refined,wfg9,53,1.588627678197756,2.480671721582887,
MOBORandomForestParEGO_Batch_Refined,wfg9,54,1.5937503467270242,2.4768612153468443,
MOBORandomForestParEGO_Batch_Refined,wfg9,55,1.607385086658471,2.453765134291314,
MOBORandomForestParEGO_Batch_Refined,wfg9,56,1.6147469512527333,2.4458319475602144,
MOBORandomForestParEGO_Batch_Refined,wfg9,57,1.6186432547006169,2.419540219247225,
MOBORandomForestParEGO_Batch_Refined,wfg9,58,1.6241938445303352,2.3496186632054905,
MOBORandomForestParEGO_Batch_Refined,wfg9,59,1.6434721719412222,2.331952097479024,
MOBORandomForestParEGO_Batch_Refined,wfg9,60,1.654290569794871,2.294713193024248,
MOBORandomForestParEGO_Batch_Refined,wfg9,61,1.6673048382524558,2.293199495026991,
MOBORandomForestParEGO_Batch_Refined,wfg9,62,1.6677893859219972,2.2693448559854,
MOBORandomForestParEGO_Batch_Refined,wfg9,63,1.6787008079361054,2.25172570677005,
MOBORandomForestParEGO_Batch_Refined,wfg9,64,1.6792120039812612,2.240484602278534,
MOBORandomForestParEGO_Batch_Refined,wfg9,65,1.6851836209263622,2.21696717921936,
MOBORandomForestParEGO_Batch_Refined,wfg9,66,1.703762588048137,2.2007622217332026,
MOBORandomForestParEGO_Batch_Refined,wfg9,67,1.7051438481640973,2.1665564184920827,
MOBORandomForestParEGO_Batch_Refined,wfg9,68,1.7113244316741163,2.1320258064225603,
MOBORandomForestParEGO_Batch_Refined,wfg9,69,1.7274429080700842,2.087657394562328,
MOBORandomForestParEGO_Batch_Refined,wfg9,70,1.744411837608239,2.0159997445354025,
MOBORandomForestParEGO_Batch_Refined,wfg9,71,1.7634337378687792,1.9370546365427068,
MOBORandomForestParEGO_Batch_Refined,wfg9,72,1.7887875594512437,1.887824934203024,
MOBORandomForestParEGO_Batch_Refined,wfg9,73,1.7945257372317232,1.845601816894604,
MOBORandomForestParEGO_Batch_Refined,wfg9,74,1.813111718761148,1.82206504425778,
MOBORandomForestParEGO_Batch_Refined,wfg9,75,1.8143304522391803,1.7361415232884738,
MOBORandomForestParEGO_Batch_Refined,wfg9,76,1.8360225319707608,1.6762408342590718,
MOBORandomForestParEGO_Batch_Refined,wfg9,77,1.8447121907875583,1.6346776506109717,
MOBORandomForestParEGO_Batch_Refined,wfg9,78,1.8543337399474629,1.6035878504837866,
MOBORandomForestParEGO_Batch_Refined,wfg9,79,1.8624103838739825,1.5425454236748135,
MOBORandomForestParEGO_Batch_Refined,wfg9,80,1.872491294588059,1.537812527212563,
MOBORandomForestParEGO_Batch_Refined,wfg9,81,1.883764978544212,1.5059399017228468,
MOBORandomForestParEGO_Batch_Refined,wfg9,82,1.885044007303082,1.4830197101048015,
MOBORandomForestParEGO_Batch_Refined,wfg9,83,1.888106753966832,1.4351936101431433,
MOBORandomForestParEGO_Batch_Refined,wfg9,84,1.8925876121028344,1.3985397252703948,
MOBORandomForestParEGO_Batch_Refined,wfg9,85,1.9050110492305443,1.3127161807308492,
MOBORandomForestParEGO_Batch_Refined,wfg9,86,1.9090655848199152,1.2400105258437373,
MOBORandomForestParEGO_Batch_Refined,wfg9,87,1.9199727564575688,1.221405731249097,
MOBORandomForestParEGO_Batch_Refined,wfg9,88,1.957608424352264,1.0140556323196748,
MOBORandomForestParEGO_Batch_Refined,wfg9,89,1.9606328097131656,0.997510561057586,
MOBORandomForestParEGO_Batch_Refined,wfg9,90,1.961861405554294,0.8707230735406988,
MOBORandomForestParEGO_Batch_Refined,wfg9,91,1.9678675412274549,0.8484435511519323,
MOBORandomForestParEGO_Batch_Refined,wfg9,92,1.9851625263288983,0.7385816127988348,
MOBORandomForestParEGO_Batch_Refined,wfg9,93,2.0684886490478807,0.7371442054448152,
MOBORandomForestParEGO_Batch_Refined,wfg9,94,2.1340106439751976,0.6990902997245428,
MOBORandomForestParEGO_Batch_Refined,zdt1,0,8.771656931451325e-06,5.820255642025021,
MOBORandomForestParEGO_Batch_Refined,zdt1,1,1.9016020648141863e-05,4.78498695307101,
MOBORandomForestParEGO_Batch_Refined,zdt1,2,0.0013102523737161,4.382605161524543,
MOBORandomForestParEGO_Batch_Refined,zdt1,3,0.007013130821535,3.6223095629747712,
MOBORandomForestParEGO_Batch_Refined,zdt1,4,0.1047541741933822,3.2731944877115526,
MOBORandomForestParEGO_Batch_Refined,zdt1,5,0.1259566479280611,3.249724597135588,
MOBORandomForestParEGO_Batch_Refined,zdt1,6,0.3017922059023259,3.2467177280361623,
MOBORandomForestParEGO_Batch_Refined,zdt1,7,0.3156491835456571,2.994405745185416,
MOBORandomForestParEGO_Batch_Refined,zdt1,8,0.3750515483023529,2.767690092369991,
MOBORandomForestParEGO_Batch_Refined,zdt1,9,0.435198042140184,2.463651461476397,
MOBORandomForestParEGO_Batch_Refined,zdt1,10,0.6027873411074075,2.2036035117007446,
MOBORandomForestParEGO_Batch_Refined,zdt1,11,0.9247523267452232,1.916705492342527,
MOBORandomForestParEGO_Batch_Refined,zdt2,0,0.0001416919915956,5.612553870403607,
MOBORandomForestParEGO_Batch_Refined,zdt2,1,0.0004088192009682,5.062276618186077,
MOBORandomForestParEGO_Batch_Refined,zdt2,2,0.0012208307974176,4.492552098383919,
MOBORandomForestParEGO_Batch_Refined,zdt2,3,0.0032983887662694,4.205687318487056,
MOBORandomForestParEGO_Batch_Refined,zdt2,4,0.0108122616952975,4.186366383845912,
MOBORandomForestParEGO_Batch_Refined,zdt2,5,0.0198161998671685,4.074617292820948,
MOBORandomForestParEGO_Batch_Refined,zdt2,6,0.0370325058431025,4.024510125218095,
MOBORandomForestParEGO_Batch_Refined,zdt2,7,0.0465721575087344,3.890848660540738,
MOBORandomForestParEGO_Batch_Refined,zdt2,8,0.0566053677337961,3.422999214352441,
MOBORandomForestParEGO_Batch_Refined,zdt3,0,0.0006030059995435,5.634981781556629,
MOBORandomForestParEGO_Batch_Refined,zdt3,1,0.0006455793645588,5.436332876022052,
MOBORandomForestParEGO_Batch_Refined,zdt3,2,0.0010364617011358,5.072508926685371,
MOBORandomForestParEGO_Batch_Refined,zdt3,3,0.0017640585708456,4.950655861036498,
MOBORandomForestParEGO_Batch_Refined,zdt3,4,0.0022012985335263,4.881983757222913,
MOBORandomForestParEGO_Batch_Refined,zdt3,5,0.0027650455770528,3.7966726040942698,
MOBORandomForestParEGO_Batch_Refined,zdt3,6,0.0770796117586724,3.611821673982423,
MOBORandomForestParEGO_Batch_Refined,zdt3,7,0.1151157426231797,3.585131311231105,
MOBORandomForestParEGO_Batch_Refined,zdt3,8,0.1664221027378004,3.371350740540501,
MOBORandomForestParEGO_Batch_Refined,zdt3,9,0.2033061082297865,3.354369002664157,
MOBORandomForestParEGO_Batch_Refined,zdt3,10,0.2040849448117802,3.204969769256662,
MOBORandomForestParEGO_Batch_Refined,zdt3,11,0.2131958191212831,3.0584577794746,
MOBORandomForestParEGO_Batch_Refined,zdt3,12,0.2336534165579613,3.0403561506136043,
MOBORandomForestParEGO_Batch_Refined,zdt3,13,0.2363414490917481,2.9809898692384778,
MOBORandomForestParEGO_Batch_Refined,zdt3,14,0.2546864419374907,2.7692810074121925,
MOBORandomForestParEGO_Batch_Refined,zdt3,15,0.2654066812605747,2.672792909256815,
MOBORandomForestParEGO_Batch_Refined,zdt3,16,0.4007678954449153,2.367506780172356,
MOBORandomForestParEGO_Batch_Refined,zdt3,17,0.609025146010334,2.255975782870123,
MOBORandomForestParEGO_Batch_Refined,zdt3,18,0.6251415382440776,2.200166469861125,
MOBORandomForestParEGO_Batch_Refined,zdt3,19,0.6274320882226841,1.934425294360192,
MOBORandomForestParEGO_Batch_Refined,zdt3,20,0.8412072523952319,1.9343769760154976,
MOBORandomForestParEGO_Batch_Refined,zdt3,21,0.8424149523655178,1.757951220509449,
MOBORandomForestParEGO_Batch_Refined,zdt3,22,0.8437272693077897,1.6492646228117818,
MOBORandomForestParEGO_Batch_Refined,zdt3,23,0.8602604740202726,1.5283115840020611,
MOBORandomForestParEGO_Batch_Refined,zdt4,0,0.0001006980973463,177.3173496037084,
MOBORandomForestParEGO_Batch_Refined,zdt4,1,0.0001969063762933,115.9631322962045,
MOBORandomForestParEGO_Batch_Refined,zdt4,2,0.0013413436121285,106.04368937666403,
MOBORandomForestParEGO_Batch_Refined,zdt4,3,0.0023242569044666,105.996195912739,
MOBORandomForestParEGO_Batch_Refined,zdt4,4,0.002911934069231,87.11973892209315,
MOBORandomForestParEGO_Batch_Refined,zdt4,5,0.0191661171932292,84.4378806277807,
MOBORandomForestParEGO_Batch_Refined,zdt4,6,0.0224035915308637,68.06477178570077,
MOBORandomForestParEGO_Batch_Refined,zdt4,7,0.0667980835984913,55.37119058496829,
MOBORandomForestParEGO_Batch_Refined,zdt6,0,0.2807762186742151,8.378817978008966,
MOBORandomForestParEGO_Batch_Refined,zdt6,1,0.2807770355890786,7.928131848032891,
MOBORandomForestParEGO_Batch_Refined,zdt6,2,0.2807794930367192,7.692850828503837,
MOBORandomForestParEGO_Batch_Refined,zdt6,3,0.2808272150833744,7.666072973187439,
MOBORandomForestParEGO_Batch_Refined,zdt6,4,0.2814028681925471,7.587683050871338,
MOBORandomForestParEGO_Batch_Refined,zdt6,5,0.2828995585558489,7.282815337440605,
MOBORandomForestParEGO_Batch_Refined,zdt6,6,0.284621206099522,7.187279353179764,
MOBORandomForestParEGO_Batch_Refined,zdt6,7,0.2875188007685245,7.1252968487589605,
MOBORandomForestParEGO_Batch_Refined,zdt6,8,0.2891702382366716,7.032182259375944,
MOBORandomForestParEGO_Batch_Refined,zdt6,9,0.3884218845641894,6.736447772329019,
MOBORandomForestParEGO_Batch_Refined,zdt6,10,0.5113012604639384,6.533263487851161,
MOBORandomForestParEGO_Batch_Refined,zdt6,11,0.991267842174375,6.314064512630176,
MOBO_MOEAD_EI_Hybrid_Fixed,dtlz1,0,0.0,0.0,3.99124047223599
MOBO_MOEAD_EI_Hybrid_Fixed,dtlz1,1,0.0,2.0546619053933775,3.3076750559254364
MOBO_MOEAD_EI_Hybrid_Fixed,dtlz1,2,0.0,0.0,3.99124047223599
MOBO_MOEAD_EI_Hybrid_Fixed,dtlz1,3,0.0,0.0,3.99124047223599
MOBO_MOEAD_EI_Hybrid_Fixed,dtlz1,4,0.0,0.0,3.99124047223599
MOBO_MOEAD_EI_Hybrid_Fixed,dtlz1,5,0.0,0.0,3.99124047223599
MOBO_MOEAD_EI_Hybrid_Fixed,dtlz1,6,0.0,0.0,3.99124047223599
MOBO_MOEAD_EI_Hybrid_Fixed,dtlz1,7,0.0,0.0038773131331626,3.866659915039525
MOBO_MOEAD_EI_Hybrid_Fixed,dtlz1,8,0.0,0.3253082956666737,3.665932176569316
MOBO_MOEAD_EI_Hybrid_Fixed,dtlz1,9,0.0,0.0,3.99124047223599
MOBO_MOEAD_EI_Hybrid_Fixed,dtlz1,10,0.0,0.0,3.99124047223599
MOBO_MOEAD_EI_Hybrid_Fixed,dtlz1,11,2.0892815178029215e-07,0.0022492140805567,3.9889910492272818
MOBO_MOEAD_EI_Hybrid_Fixed,dtlz1,12,1.7190709440856205e-06,0.1712133728137002,3.8200253803513458
MOBO_MOEAD_EI_Hybrid_Fixed,dtlz1,13,1.7403916932535813e-06,0.1733368438598025,3.2849081145296792
MOBO_MOEAD_EI_Hybrid_Fixed,dtlz1,14,1.9407597062806363e-06,0.0036605622943878,3.987577969181896
MOBO_MOEAD_EI_Hybrid_Fixed,dtlz1,15,6.002655120525615e-06,0.0028730929465555,3.9883613766343142
MOBO_MOEAD_EI_Hybrid_Fixed,dtlz1,16,4.447715904515796e-05,0.0028346184426309,3.9883613766343142
MOBO_MOEAD_EI_Hybrid_Fixed,dtlz1,17,4.447715904515796e-05,0.0028346184426309,3.9883613766343142
MOBO_MOEAD_EI_Hybrid_Fixed,dtlz1,18,0.0184414689308392,0.1548971153206565,3.2849081145296792
MOBO_MOEAD_EI_Hybrid_Fixed,dtlz1,19,0.0234816935373079,0.0815243271048706,3.3532643861111153
MOBO_MOEAD_EI_Hybrid_Fixed,dtlz1,20,0.048206126677349,0.1066100410608644,2.9349108314330024
MOBO_MOEAD_EI_Hybrid_Fixed,dtlz1,21,0.2019472916605776,2.7117520655150145,2.5338241022523795
MOBO_MOEAD_EI_Hybrid_Fixed,dtlz1,22,0.2019472916605776,2.7117520655150145,2.5338241022523795
MOBO_MOEAD_EI_Hybrid_Fixed,dtlz1,23,0.2019472916605776,2.7117520655150145,2.5338241022523795
MOBO_MOEAD_EI_Hybrid_Fixed,dtlz1,24,2.146554201590547,33.26245986481785,2.1545951630985565
MOBO_MOEAD_EI_Hybrid_Fixed,dtlz1,25,2.624455649253609,7.1620312510498145,1.9935074693189911
MOBO_MOEAD_EI_Hybrid_Fixed,dtlz1,26,2.8631344038968973,1.4755874224586132,2.3944253680837484
MOBO_MOEAD_EI_Hybrid_Fixed,dtlz1,27,2.919334836512959,1.1627558742008894,2.652558540271176
MOBO_MOEAD_EI_Hybrid_Fixed,dtlz1,28,2.9234379065286897,1.5077387147648027,2.324506928412311
MOBO_MOEAD_EI_Hybrid_Fixed,dtlz1,29,2.9626521548531497,1.345772282244836,2.4390089823124006
MOBO_MOEAD_EI_Hybrid_Fixed,dtlz1,30,2.9868400488794262,35.01315995112057,0.0
MOBO_MOEAD_EI_Hybrid_Fixed,dtlz1,31,2.991841216162921,1.6162539835969203,2.244876343432701
MOBO_MOEAD_EI_Hybrid_Fixed,dtlz1,32,2.991841216162921,1.6162539835969203,2.244876343432701
MOBO_MOEAD_EI_Hybrid_Fixed,dtlz1,33,3.0418249959233656,1.563611200366286,2.2462446493823625
MOBO_MOEAD_EI_Hybrid_Fixed,dtlz1,34,3.0834002506392197,1.2250241864587663,2.4390089823124006
MOBO_MOEAD_EI_Hybrid_Fixed,dtlz1,35,3.4097036854405185,29.120363857107705,1.4703632354551517
MOBO_MOEAD_EI_Hybrid_Fixed,dtlz1,36,3.4640150673835364,1.3796991758340622,1.8909350077674263
MOBO_MOEAD_EI_Hybrid_Fixed,dtlz1,37,4.007769179931874,28.45369235537044,1.4768280995631244
MOBO_MOEAD_EI_Hybrid_Fixed,dtlz1,38,4.111465009343574,32.88411383557607,0.0
MOBO_MOEAD_EI_Hybrid_Fixed,dtlz1,39,4.1204116423782375,1.6409941082819084,0.9732435003248784
MOBO_MOEAD_EI_Hybrid_Fixed,dtlz1,40,4.1204116423782375,1.6409941082819084,0.9732435003248784
MOBO_MOEAD_EI_Hybrid_Fixed,dtlz1,41,4.165499730927114,1.5959060197330328,0.9732435003248784
MOBO_MOEAD_EI_Hybrid_Fixed,dtlz1,42,4.7809581671421135,0.0039113276438989,1.9614570306333752
MOBO_MOEAD_EI_Hybrid_Fixed,dtlz1,43,4.791197917033547,1.9081412819537105,0.0353100519977672
MOBO_MOEAD_EI_Hybrid_Fixed,dtlz1,44,7.88226349924642,0.9037052768228522,1.567922910392307
MOBO_MOEAD_EI_Hybrid_Fixed,dtlz1,45,7.88226349924642,0.9037052768228522,1.567922910392307
MOBO_MOEAD_EI_Hybrid_Fixed,dtlz1,46,7.92382236308846,1.109584858310672,1.320484465062448
MOBO_MOEAD_EI_Hybrid_Fixed,dtlz1,47,7.97217790867258,0.6801353594854231,1.7015784183035767
MOBO_MOEAD_EI_Hybrid_Fixed,dtlz1,48,8.083660475125564,28.911918369794087,0.0
MOBO_MOEAD_EI_Hybrid_Fixed,dtlz1,49,8.26088296455331,0.8455848430394795,1.2474238788687908
MOBO_MOEAD_EI_Hybrid_Fixed,dtlz1,50,8.483531678665436,0.9625189886765108,0.9078410191196322
MOBO_MOEAD_EI_Hybrid_Fixed,dtlz1,51,8.709735054978378,0.0306317714039624,0.1820329361857722
MOBO_MOEAD_EI_Hybrid_Fixed,dtlz1,52,9.446050667341948,0.0,0.9078410191196322
MOBO_MOEAD_EI_Hybrid_Fixed,dtlz1,53,9.770872125286216,0.0273880338062326,0.220591220714455
MOBO_MOEAD_EI_Hybrid_Fixed,dtlz1,54,9.881349917292727,0.0,0.4725417691688529
MOBO_MOEAD_EI_Hybrid_Fixed,dtlz1,55,9.881349917292727,0.0,0.4725417691688529
MOBO_MOEAD_EI_Hybrid_Fixed,dtlz1,56,11.730442299451074,7.300310035182876,0.0
MOBO_MOEAD_EI_Hybrid_Fixed,dtlz1,57,12.929760115347438,6.100992219286511,0.0
MOBO_MOEAD_EI_Hybrid_Fixed,dtlz1,58,13.170490984109144,0.3117461421313463,0.0030187194403732
MOBO_MOEAD_EI_Hybrid_Fixed,dtlz1,59,14.405987550636295,0.0,0.0444899909087821
MOBO_MOEAD_EI_Hybrid_Fixed,dtlz1,60,14.49364496732373,0.0,0.0048067488815095
MOBO_MOEAD_EI_Hybrid_Fixed,dtlz1,61,18.418163820737632,0.0,0.0
MOBO_MOEAD_EI_Hybrid_Fixed,dtlz2,0,5.079749805351989e-33,8.295860992555092e-17,1.354816915102541
MOBO_MOEAD_EI_Hybrid_Fixed,dtlz2,1,2.1918934105668366e-19,8.099706336130948e-17,1.3227872721442848
MOBO_MOEAD_EI_Hybrid_Fixed,dtlz2,2,5.3651023450522056e-18,7.838176086406639e-17,1.2830664736801545
MOBO_MOEAD_EI_Hybrid_Fixed,dtlz2,3,3.9901994625797017e-17,0.6516490249038065,1.1101634268398353
MOBO_MOEAD_EI_Hybrid_Fixed,dtlz2,4,4.3562046299621626e-17,6.560579762159841e-17,1.286106880022274
MOBO_MOEAD_EI_Hybrid_Fixed,dtlz2,5,5.0621931322967866e-17,0.8267188769564062,1.0545681612380085
MOBO_MOEAD_EI_Hybrid_Fixed,dtlz2,6,5.777372431298689e-17,0.9435165200809116,0.9515012793198871
MOBO_MOEAD_EI_Hybrid_Fixed,dtlz2,7,6.020465745086784e-17,4.2457801320278976e-17,1.203122045326634
MOBO_MOEAD_EI_Hybrid_Fixed,dtlz2,8,6.177154503373334e-17,1.008805887162586,0.8193022481164991
MOBO_MOEAD_EI_Hybrid_Fixed,dtlz2,9,6.19099334592095e-17,1.011065941662749,0.6822368227867255
MOBO_MOEAD_EI_Hybrid_Fixed,dtlz2,10,6.295559292303765e-17,1.0281428566484605,0.6543619193319323
MOBO_MOEAD_EI_Hybrid_Fixed,dtlz2,11,7.546813664724288e-17,1.2324882031257784,0.5792236249761108
MOBO_MOEAD_EI_Hybrid_Fixed,dtlz2,12,7.678416012334342e-17,1.253980497508401,0.1865237629533163
MOBO_MOEAD_EI_Hybrid_Fixed,dtlz2,13,8.185515849728054e-17,1.3367961857128323,0.0
MOBO_MOEAD_EI_Hybrid_Fixed,dtlz2,14,4.77648182516256e-07,0.9526962231178782,0.8008423908015302
MOBO_MOEAD_EI_Hybrid_Fixed,dtlz2,15,2.047878702534333e-05,0.9509246892481856,0.7972281754208003
MOBO_MOEAD_EI_Hybrid_Fixed,dtlz2,16,2.6217551906032828e-05,1.2464195436330865,0.1837293653460015
MOBO_MOEAD_EI_Hybrid_Fixed,dtlz2,17,2.7074280361944888e-05,0.7824670382583219,0.9232768601636996
MOBO_MOEAD_EI_Hybrid_Fixed,dtlz2,18,4.573993466865088e-05,0.6275749548177749,1.10633813061326
MOBO_MOEAD_EI_Hybrid_Fixed,dtlz2,19,0.0039889374359238,0.6649145319469523,1.0487759261842826
MOBO_MOEAD_EI_Hybrid_Fixed,dtlz2,20,0.0042026515263481,0.6671326802512415,1.0485463424200894
MOBO_MOEAD_EI_Hybrid_Fixed,dtlz2,21,0.0081479699294244,0.0159756566829676,1.1670481900023848
MOBO_MOEAD_EI_Hybrid_Fixed,dtlz2,22,0.00903232351048,0.0324434570055973,1.1426139094503422
MOBO_MOEAD_EI_Hybrid_Fixed,dtlz2,23,0.0090349830027639,0.0103889223789984,1.1679236247354925
MOBO_MOEAD_EI_Hybrid_Fixed,dtlz2,24,0.0111057586212886,0.039784982909322,1.125198167649503
MOBO_MOEAD_EI_Hybrid_Fixed,dtlz2,25,0.0126317438368023,0.0451379214271834,1.1236300783696551
MOBO_MOEAD_EI_Hybrid_Fixed,dtlz2,26,0.0146755927146853,0.0341366219789892,1.1397112657782
MOBO_MOEAD_EI_Hybrid_Fixed,dtlz2,27,0.0171198027088911,1.1980524929680818,0.3108931680269915
MOBO_MOEAD_EI_Hybrid_Fixed,dtlz2,28,0.0171881351142643,0.9480998911361184,0.8047778773599316
MOBO_MOEAD_EI_Hybrid_Fixed,dtlz2,29,0.0186473854234576,0.0439330719046791,1.1123786467944403
MOBO_MOEAD_EI_Hybrid_Fixed,dtlz2,30,0.0274987339252314,1.3149985058583642,0.039661271235917
MOBO_MOEAD_EI_Hybrid_Fixed,dtlz2,31,0.0291235343341799,0.0380195815346793,1.1162369963494507
MOBO_MOEAD_EI_Hybrid_Fixed,dtlz2,32,0.0385253222034677,1.1324496891069753,0.504960117100598
MOBO_MOEAD_EI_Hybrid_Fixed,dtlz2,33,0.0395691700642249,0.9270714920518944,0.9151504462294456
MOBO_MOEAD_EI_Hybrid_Fixed,dtlz2,34,0.0449705473480036,1.2894497913979144,0.0068501183548321
MOBO_MOEAD_EI_Hybrid_Fixed,dtlz2,35,0.0667269197161628,1.239693098860904,0.0345908394505682
MOBO_MOEAD_EI_Hybrid_Fixed,dtlz2,36,0.1060069934658038,0.3806576621877295,1.0813430604148009
MOBO_MOEAD_EI_Hybrid_Fixed,dtlz2,37,0.1076427230127853,0.5971515648631683,1.0805764035318637
MOBO_MOEAD_EI_Hybrid_Fixed,dtlz2,38,0.1120125319743579,1.2879837883998997,0.0
MOBO_MOEAD_EI_Hybrid_Fixed,dtlz2,39,0.1645776395306755,0.9693414300528648,0.7903357931395792
MOBO_MOEAD_EI_Hybrid_Fixed,dtlz2,40,0.1680010770381533,0.9975660474051894,0.6731946014286553
MOBO_MOEAD_EI_Hybrid_Fixed,dtlz2,41,0.1709530780480191,1.0128418177655076,0.6715642058584419
MOBO_MOEAD_EI_Hybrid_Fixed,dtlz2,42,0.1879544149467104,0.5729029943279188,1.0790203648868086
MOBO_MOEAD_EI_Hybrid_Fixed,dtlz2,43,0.2000513910168916,0.9379418489950212,0.7292526856342852
MOBO_MOEAD_EI_Hybrid_Fixed,dtlz2,44,0.2023670210495176,1.1972546854890176,0.0117012091009597
MOBO_MOEAD_EI_Hybrid_Fixed,dtlz2,45,0.2132468632428944,0.9969616986689064,0.7093720081031865
MOBO_MOEAD_EI_Hybrid_Fixed,dtlz2,46,0.2228718441860386,0.3331829266020314,1.0908081467813855
MOBO_MOEAD_EI_Hybrid_Fixed,dtlz2,47,0.239395121255838,0.3133410080754238,1.0751426618112156
MOBO_MOEAD_EI_Hybrid_Fixed,dtlz2,48,0.2415574434925661,1.1101871682479223,0.4980825860645169
MOBO_MOEAD_EI_Hybrid_Fixed,dtlz2,49,0.241975319516561,0.6153474430152976,0.9359049643136704
MOBO_MOEAD_EI_Hybrid_Fixed,dtlz2,50,0.2478301423018094,1.1518708807482128,0.3067966392067855
MOBO_MOEAD_EI_Hybrid_Fixed,dtlz2,51,0.2584768905120981,1.2136525590711529,0.0
MOBO_MOEAD_EI_Hybrid_Fixed,dtlz2,52,0.2594245324932385,0.6069250090534486,0.9262790320944498
MOBO_MOEAD_EI_Hybrid_Fixed,dtlz2,53,0.2706099639233644,0.5574397976423707,1.0180447674031703
MOBO_MOEAD_EI_Hybrid_Fixed,dtlz2,54,0.3018786357173297,1.0026911383007515,0.4751552065645584
MOBO_MOEAD_EI_Hybrid_Fixed,dtlz2,55,0.3032513540885895,0.9794134368674436,0.6590832148074738
MOBO_MOEAD_EI_Hybrid_Fixed,dtlz2,56,0.3099055871123971,0.922448189793038,0.7978614772629286
MOBO_MOEAD_EI_Hybrid_Fixed,dtlz2,57,0.3218397774183786,0.554370174018288,0.9581038176650576
MOBO_MOEAD_EI_Hybrid_Fixed,dtlz2,58,0.3280311480184954,0.8901875712312853,0.821998263727741
MOBO_MOEAD_EI_Hybrid_Fixed,dtlz2,59,0.3293283012178219,0.9068577146804124,0.8012946426451165
MOBO_MOEAD_EI_Hybrid_Fixed,dtlz2,60,0.3296923217852839,0.8962470166175516,0.8148137158073057
MOBO_MOEAD_EI_Hybrid_Fixed,dtlz2,61,0.346044659814614,1.142927101021518,0.430204559095096
MOBO_MOEAD_EI_Hybrid_Fixed,dtlz2,62,0.3465614685881312,0.9582939343303172,0.6855030298533652
MOBO_MOEAD_EI_Hybrid_Fixed,dtlz2,63,0.3647259342930339,1.1348840896010086,0.3099654547681718
MOBO_MOEAD_EI_Hybrid_Fixed,dtlz2,64,0.3800178180501035,0.9261337371344036,0.7664076068377491
MOBO_MOEAD_EI_Hybrid_Fixed,dtlz2,65,0.383429302206122,1.095462911246483,0.2805486251827512
MOBO_MOEAD_EI_Hybrid_Fixed,dtlz2,66,0.39874137414116,0.4481419197458978,1.0607002426042305
MOBO_MOEAD_EI_Hybrid_Fixed,dtlz2,67,0.4124092290544762,1.1793955074837486,0.0510608926569348
MOBO_MOEAD_EI_Hybrid_Fixed,dtlz2,68,0.4240403796366493,0.8461833575722097,0.6392862710399524
MOBO_MOEAD_EI_Hybrid_Fixed,dtlz2,69,0.4427497528305909,0.8778913532186692,0.6058442102457386
MOBO_MOEAD_EI_Hybrid_Fixed,dtlz2,70,0.4590807685921125,0.5278497843092694,0.9631993627649104
MOBO_MOEAD_EI_Hybrid_Fixed,dtlz2,71,0.48827609844894,0.9981508193650648,0.5007681040040106
MOBO_MOEAD_EI_Hybrid_Fixed,dtlz2,72,0.5123240527636922,1.1735786042870513,0.1078423819141256
MOBO_MOEAD_EI_Hybrid_Fixed,dtlz2,73,0.5189178044426332,1.0679365219250398,0.1368091389570489
MOBO_MOEAD_EI_Hybrid_Fixed,dtlz2,74,0.5350750471317597,0.6932858843426092,0.8047509419205364
MOBO_MOEAD_EI_Hybrid_Fixed,dtlz2,75,0.5408688898459585,1.114463533152832,0.107971612922269
MOBO_MOEAD_EI_Hybrid_Fixed,dtlz2,76,0.5422212829931167,1.1006865040139422,0.0030680448273042
MOBO_MOEAD_EI_Hybrid_Fixed,dtlz2,77,0.5500753792121222,1.0863655854718235,9.052991246797268e-05
MOBO_MOEAD_EI_Hybrid_Fixed,dtlz2,78,0.5525726389543199,0.8256524942811114,0.6128217564738508
MOBO_MOEAD_EI_Hybrid_Fixed,dtlz2,79,0.5748803242862843,1.0307969152154202,0.4551533780076949
MOBO_MOEAD_EI_Hybrid_Fixed,dtlz2,80,0.575069265676821,0.6604042396909741,0.7894703552191121
MOBO_MOEAD_EI_Hybrid_Fixed,dtlz2,81,0.6406652893134405,0.6493533666425122,0.8933083526322764
MOBO_MOEAD_EI_Hybrid_Fixed,dtlz2,82,0.6433509730001192,0.7902749411064877,0.6469801798445712
MOBO_MOEAD_EI_Hybrid_Fixed,dtlz2,83,0.6511483320936776,0.7604408171139774,0.6751623024129321
MOBO_MOEAD_EI_Hybrid_Fixed,dtlz2,84,0.656448655266843,0.0,1.3535224478876555
MOBO_MOEAD_EI_Hybrid_Fixed,dtlz2,85,0.6598456292456943,1.1810135374166717,0.0
MOBO_MOEAD_EI_Hybrid_Fixed,dtlz2,86,0.6639994207879262,0.7679609448200356,0.6634487375140043
MOBO_MOEAD_EI_Hybrid_Fixed,dtlz2,87,0.7007239726024741,0.8516857998829956,0.4813786294590976
MOBO_MOEAD_EI_Hybrid_Fixed,dtlz2,88,0.7408418899678088,1.040420408173387,0.0
MOBO_MOEAD_EI_Hybrid_Fixed,dtlz2,89,0.7717525196978249,0.820599802894693,0.4953077166665272
MOBO_MOEAD_EI_Hybrid_Fixed,dtlz2,90,0.772282005728208,0.8640886213164105,0.4317269237840233
MOBO_MOEAD_EI_Hybrid_Fixed,dtlz2,91,0.7749592829800549,0.8667074946872412,0.2968857543582509
MOBO_MOEAD_EI_Hybrid_Fixed,dtlz2,92,0.7813491802942343,0.6772318725833361,0.6694900985266049
MOBO_MOEAD_EI_Hybrid_Fixed,dtlz2,93,0.7853044726863792,0.2444613262111903,1.0699602252057396
MOBO_MOEAD_EI_Hybrid_Fixed,dtlz2,94,0.7958677089424905,0.8478580169725468,0.4386146118762724
MOBO_MOEAD_EI_Hybrid_Fixed,dtlz2,95,0.7979053462058049,0.0124562310249817,1.162370908478178
MOBO_MOEAD_EI_Hybrid_Fixed,dtlz2,96,0.8220232744684902,0.4966260825056995,0.7121850103808771
MOBO_MOEAD_EI_Hybrid_Fixed,dtlz2,97,0.8303027762616878,0.1202435859502408,1.059493866615811
MOBO_MOEAD_EI_Hybrid_Fixed,dtlz2,98,0.8532811669227651,0.7385888129285151,0.4955930964616226
MOBO_MOEAD_EI_Hybrid_Fixed,dtlz2,99,0.8575909615771545,0.0,1.172221415512079
MOBO_MOEAD_EI_Hybrid_Fixed,dtlz2,100,0.8669092899376194,0.900339869825779,0.0
MOBO_MOEAD_EI_Hybrid_Fixed,dtlz2,101,0.8894142518125204,0.7108754890294083,0.3953749790875628
MOBO_MOEAD_EI_Hybrid_Fixed,dtlz2,102,0.8917886008536126,0.7081632790185621,0.3840809668100508
MOBO_MOEAD_EI_Hybrid_Fixed,dtlz2,103,0.9083175992987104,0.8633910753853711,0.005081392441657
MOBO_MOEAD_EI_Hybrid_Fixed,dtlz2,104,0.9306605345228748,0.5802668238853032,0.5070305917979422
MOBO_MOEAD_EI_Hybrid_Fixed,dtlz2,105,0.9388709652679808,0.742386018544084,0.2956482421951282
MOBO_MOEAD_EI_Hybrid_Fixed,dtlz2,106,0.9594966922354816,0.7730768855432962,0.2268469646357054
MOBO_MOEAD_EI_Hybrid_Fixed,dtlz2,107,1.0161234945489368,0.1752208901381087,0.7547428724301257
MOBO_MOEAD_EI_Hybrid_Fixed,dtlz2,108,1.04283291054581,0.614003987280092,0.1330028406096986
MOBO_MOEAD_EI_Hybrid_Fixed,dtlz2,109,1.0461929979301745,0.575668172976758,0.2658010636862156
MOBO_MOEAD_EI_Hybrid_Fixed,dtlz2,110,1.0759065400640724,0.7635986202366586,0.0
MOBO_MOEAD_EI_Hybrid_Fixed,dtlz2,111,1.0772268265562308,0.6394438841055894,0.0452866989649664
MOBO_MOEAD_EI_Hybrid_Fixed,dtlz2,112,1.081732473141389,0.5006712653134788,0.329631705770509
MOBO_MOEAD_EI_Hybrid_Fixed,dtlz2,113,1.0834739060185008,0.1867134600983402,0.7205744862254188
MOBO_MOEAD_EI_Hybrid_Fixed,dtlz2,114,1.094087628609503,0.5903382732806064,0.0719092454457587
MOBO_MOEAD_EI_Hybrid_Fixed,dtlz2,115,1.095256905992411,0.59150947503848,0.0384865354261631
MOBO_MOEAD_EI_Hybrid_Fixed,dtlz2,116,1.1044204599121077,0.5145685951349376,0.2842058895264748
MOBO_MOEAD_EI_Hybrid_Fixed,dtlz2,117,1.110181577411821,0.5769779917562129,0.0904635819931262
MOBO_MOEAD_EI_Hybrid_Fixed,dtlz2,118,1.1182474409849763,0.0901171691349545,0.7334202735716377
MOBO_MOEAD_EI_Hybrid_Fixed,dtlz2,119,1.1307016881956389,0.4495399671299434,0.561147836837135
MOBO_MOEAD_EI_Hybrid_Fixed,dtlz2,120,1.1736775807285686,0.5004439774652222,0.5569375007160605
MOBO_MOEAD_EI_Hybrid_Fixed,dtlz2,121,1.177492528894972,0.476041347850262,0.2957701265456742
MOBO_MOEAD_EI_Hybrid_Fixed,dtlz2,122,1.1917243535719784,0.4017315608612626,0.1484181249142109
MOBO_MOEAD_EI_Hybrid_Fixed,dtlz2,123,1.2115871775976352,0.4035397791910383,0.0085886271566102
MOBO_MOEAD_EI_Hybrid_Fixed,dtlz2,124,1.2117170728312248,0.213107266911413,0.1416893349938528
MOBO_MOEAD_EI_Hybrid_Fixed,dtlz2,125,1.2208430245149955,0.5422176388152113,0.0058686336582216
MOBO_MOEAD_EI_Hybrid_Fixed,dtlz2,126,1.2411342559231284,0.0800749766969091,0.148144490089221
MOBO_MOEAD_EI_Hybrid_Fixed,dtlz2,127,1.2524225300111165,0.2903304122536823,0.0
MOBO_MOEAD_EI_Hybrid_Fixed,dtlz2,128,1.2718798598320344,0.2070306940888694,0.0
MOBO_MOEAD_EI_Hybrid_Fixed,dtlz2,129,1.2746433601886404,0.0208226297538454,0.5613044687700556
MOBO_MOEAD_EI_Hybrid_Fixed,dtlz2,130,1.2968224132166315,0.0724658188519454,0.0
MOBO_MOEAD_EI_Hybrid_Fixed,dtlz2,131,1.3119923831319262,0.0,0.6161262460924329
MOBO_MOEAD_EI_Hybrid_Fixed,dtlz2,132,1.3370694189852623,0.0569109962524905,0.0
MOBO_MOEAD_EI_Hybrid_Fixed,dtlz2,133,1.3440442195439166,0.0215414417688419,0.0
MOBO_MOEAD_EI_Hybrid_Fixed,dtlz2,134,1.3511906657528256,0.0,0.0
MOBO_MOEAD_EI_Hybrid_Fixed,dtlz4,0,3.749905288730787e-33,6.124060082207567e-17,1.0001349101588108
MOBO_MOEAD_EI_Hybrid_Fixed,dtlz4,1,3.749905288730787e-33,6.124060082207567e-17,1.0001349101588108
MOBO_MOEAD_EI_Hybrid_Fixed,dtlz4,2,3.749905288730787e-33,6.124060082207567e-17,1.0001349101588108
MOBO_MOEAD_EI_Hybrid_Fixed,dtlz4,3,1.2131516956623942e-17,0.1981227071359738,0.982369579601976
MOBO_MOEAD_EI_Hybrid_Fixed,dtlz4,4,1.7798933821432574e-17,0.2906786484694997,0.9578025322668386
MOBO_MOEAD_EI_Hybrid_Fixed,dtlz4,5,1.7898859158509725e-17,5.985439145418793e-17,1.020266954336252
MOBO_MOEAD_EI_Hybrid_Fixed,dtlz4,6,1.8806405378695945e-17,0.3071319076127043,0.9525002290927832
MOBO_MOEAD_EI_Hybrid_Fixed,dtlz4,7,2.0694321597853318e-17,5.7638149195246e-17,1.0001349101588108
MOBO_MOEAD_EI_Hybrid_Fixed,dtlz4,8,2.8063092917976636e-17,5.739131479250072e-17,1.043322117315906
MOBO_MOEAD_EI_Hybrid_Fixed,dtlz4,9,2.897358074118827e-17,0.4731744820034773,0.8815958405028426
MOBO_MOEAD_EI_Hybrid_Fixed,dtlz4,10,2.9124888574750255e-17,0.4756455264493915,0.880044309599831
MOBO_MOEAD_EI_Hybrid_Fixed,dtlz4,11,3.1443466117768076e-17,5.256835829098336e-17,1.0003632453093734
MOBO_MOEAD_EI_Hybrid_Fixed,dtlz4,12,3.252186712179736e-17,5.193226669512308e-17,1.000697562923298
MOBO_MOEAD_EI_Hybrid_Fixed,dtlz4,13,3.427898405478392e-17,0.5598182933830437,0.831649285185633
MOBO_MOEAD_EI_Hybrid_Fixed,dtlz4,14,3.974651590330651e-17,4.6722336305225843e-17,1.0017804044053351
MOBO_MOEAD_EI_Hybrid_Fixed,dtlz4,15,4.055402907790114e-17,0.6622975556076484,0.7493853550867863
MOBO_MOEAD_EI_Hybrid_Fixed,dtlz4,16,4.20876989469672e-17,4.459465111262503e-17,1.0014202662121945
MOBO_MOEAD_EI_Hybrid_Fixed,dtlz4,17,4.3282433482080407e-17,4.410972385157029e-17,1.0092437411034396
MOBO_MOEAD_EI_Hybrid_Fixed,dtlz4,18,5.4488492050242467e-17,3.326715881946334e-17,1.0426060206806906
MOBO_MOEAD_EI_Hybrid_Fixed,dtlz4,19,5.462152342567585e-17,2.91218584225218e-17,1.0109015339753482
MOBO_MOEAD_EI_Hybrid_Fixed,dtlz4,20,5.528353024472879e-17,2.7211640520002872e-17,1.0062935585406223
MOBO_MOEAD_EI_Hybrid_Fixed,dtlz4,21,5.76681043998099e-17,0.9417916159983548,0.3683583478532233
MOBO_MOEAD_EI_Hybrid_Fixed,dtlz4,22,5.833633799415181e-17,0.9527046987713984,0.3441784843294471
MOBO_MOEAD_EI_Hybrid_Fixed,dtlz4,23,5.857211580630575e-17,0.9565552426558568,0.2949830084619773
MOBO_MOEAD_EI_Hybrid_Fixed,dtlz4,24,5.897801770833173e-17,0.9631841237717604,0.2693721455821395
MOBO_MOEAD_EI_Hybrid_Fixed,dtlz4,25,5.968619690783573e-17,1.4053614537064297e-17,1.0014054677299022
MOBO_MOEAD_EI_Hybrid_Fixed,dtlz4,26,6.055543141415441e-17,0.988945244560562,0.1593174516614341
MOBO_MOEAD_EI_Hybrid_Fixed,dtlz4,27,6.085651411524358e-17,8.149501350638897e-18,1.0027340643401823
MOBO_MOEAD_EI_Hybrid_Fixed,dtlz4,28,6.10919663158797e-17,4.272624299300594e-18,1.0001445740488293
MOBO_MOEAD_EI_Hybrid_Fixed,dtlz4,29,6.11902757993399e-17,3.5463629972235164e-18,1.0009899467831034
MOBO_MOEAD_EI_Hybrid_Fixed,dtlz4,30,6.12207330044811e-17,0.9998104440742482,0.0284128772561178
MOBO_MOEAD_EI_Hybrid_Fixed,dtlz4,31,6.123206433023522e-17,1.0224905411549077e-18,1.0001349101588108
MOBO_MOEAD_EI_Hybrid_Fixed,dtlz4,32,6.123899976175679e-17,1.0001087628595242,0.0072319409541538
MOBO_MOEAD_EI_Hybrid_Fixed,dtlz4,33,6.124027377196796e-17,1.52445860820138e-35,1.0001295690252214
MOBO_MOEAD_EI_Hybrid_Fixed,dtlz4,34,6.124043164004465e-17,1.000132147206568,0.0019048615023965
MOBO_MOEAD_EI_Hybrid_Fixed,dtlz4,35,6.124516688047502e-17,4.228393723180503e-136,1.0002094795514314
MOBO_MOEAD_EI_Hybrid_Fixed,dtlz4,36,6.12506088312007e-17,1.0002983533512808,1.1345468234153435e-17
MOBO_MOEAD_EI_Hybrid_Fixed,dtlz4,37,6.134881941309836e-17,0.0,1.0019022538712683
MOBO_MOEAD_EI_Hybrid_Fixed,dtlz4,38,6.17115212342406e-17,1.0078256241261818,1.3808628050830114e-29
MOBO_MOEAD_EI_Hybrid_Fixed,dtlz4,39,0.0071283410850331,8.328321373766184e-05,1.0000931911331956
MOBO_MOEAD_EI_Hybrid_Fixed,dtlz4,40,0.0097508238433371,0.715938033667435,0.6997104743574614
MOBO_MOEAD_EI_Hybrid_Fixed,dtlz4,41,0.0121411254129921,0.8477244813152276,0.5340638767997008
MOBO_MOEAD_EI_Hybrid_Fixed,dtlz4,42,0.0169755652940522,0.911787398543865,0.4152373788971252
MOBO_MOEAD_EI_Hybrid_Fixed,dtlz4,43,0.0170907305200314,0.978404517420122,0.2659149884858114
MOBO_MOEAD_EI_Hybrid_Fixed,dtlz4,44,0.0354138718068399,1.006702144611426,4.580075912963752e-18
MOBO_MOEAD_EI_Hybrid_Fixed,dtlz4,45,0.0642868592172893,0.1604506715419877,0.9871596418373372
MOBO_MOEAD_EI_Hybrid_Fixed,dtlz4,46,0.1133281402658364,3.657257020741532e-39,0.9966496981834408
MOBO_MOEAD_EI_Hybrid_Fixed,dtlz4,47,0.1372582514150342,3.898824871454985e-07,0.9910583451563384
MOBO_MOEAD_EI_Hybrid_Fixed,dtlz4,48,0.1392634990203312,4.734158844740072e-36,0.9916994327884616
MOBO_MOEAD_EI_Hybrid_Fixed,dtlz4,49,0.148122717409963,9.381802527419444e-95,0.9903051583592678
MOBO_MOEAD_EI_Hybrid_Fixed,dtlz4,50,0.1582181415585381,0.9991413724938072,1.5711658134657618e-11
MOBO_MOEAD_EI_Hybrid_Fixed,dtlz4,51,0.1821477877852295,0.4210527438676904,0.8911946689078719
MOBO_MOEAD_EI_Hybrid_Fixed,dtlz4,52,0.185287082169488,0.8017644188978742,0.6987885097194956
MOBO_MOEAD_EI_Hybrid_Fixed,dtlz4,53,0.1863282465031276,0.4481752819419229,0.8753805830475152
MOBO_MOEAD_EI_Hybrid_Fixed,dtlz4,54,0.1872896307088883,0.9650615495929348,0.1936926688485251
MOBO_MOEAD_EI_Hybrid_Fixed,dtlz4,55,0.2028069380016406,8.363961219324488e-08,0.9864554429542828
MOBO_MOEAD_EI_Hybrid_Fixed,dtlz4,56,0.2030274069447954,8.642521048624547e-21,0.9808039014203478
MOBO_MOEAD_EI_Hybrid_Fixed,dtlz4,57,0.2064785416702371,0.3230479883824779,0.930341795122386
MOBO_MOEAD_EI_Hybrid_Fixed,dtlz4,58,0.2269811003891116,0.973255719721715,0.1312496146717215
MOBO_MOEAD_EI_Hybrid_Fixed,dtlz4,59,0.2320448727808754,0.0910284579571835,0.9773544981708042
MOBO_MOEAD_EI_Hybrid_Fixed,dtlz4,60,0.2326727911929398,0.0093150406356012,0.9761696348661856
MOBO_MOEAD_EI_Hybrid_Fixed,dtlz4,61,0.2360277807162441,4.991665631262582e-74,0.9799908720408352
MOBO_MOEAD_EI_Hybrid_Fixed,dtlz4,62,0.2369561486579686,0.9727714799005944,0.0193356471120327
MOBO_MOEAD_EI_Hybrid_Fixed,dtlz4,63,0.2405595161365884,7.545382311668941e-63,0.9730090964329606
MOBO_MOEAD_EI_Hybrid_Fixed,dtlz4,64,0.2452664707507445,8.56098523073577e-94,0.9809552685861636
MOBO_MOEAD_EI_Hybrid_Fixed,dtlz4,65,0.2460523097897103,1.3115246434829185e-115,0.972691870643368
MOBO_MOEAD_EI_Hybrid_Fixed,dtlz4,66,0.2497604882216189,3.048678518515459e-49,0.9703089342009142
MOBO_MOEAD_EI_Hybrid_Fixed,dtlz4,67,0.250474325903072,6.29188134191578e-43,0.9695679664798872
MOBO_MOEAD_EI_Hybrid_Fixed,dtlz4,68,0.2506211565130757,1.8764435495293805e-62,0.9701625980303288
MOBO_MOEAD_EI_Hybrid_Fixed,dtlz4,69,0.251682022865618,1.0622648936276938e-36,0.9694189854429592
MOBO_MOEAD_EI_Hybrid_Fixed,dtlz4,70,0.2518879818714607,0.0,0.970150692095488
MOBO_MOEAD_EI_Hybrid_Fixed,dtlz4,71,0.2530118274115419,1.8761626466032313e-24,0.968846653329306
MOBO_MOEAD_EI_Hybrid_Fixed,dtlz4,72,0.2533377056317677,1.3809803722165414e-64,0.968512640748963
MOBO_MOEAD_EI_Hybrid_Fixed,dtlz4,73,0.2539446726927926,1.3559899626060338e-115,0.9694878396753978
MOBO_MOEAD_EI_Hybrid_Fixed,dtlz4,74,0.2556363798811161,3.2551730161553234e-51,0.968387469069148
MOBO_MOEAD_EI_Hybrid_Fixed,dtlz4,75,0.2562632843834274,1.4069421387840848e-123,0.9700483971767369
MOBO_MOEAD_EI_Hybrid_Fixed,dtlz4,76,0.2564382047083614,7.697750447143157e-62,0.9680986569602896
MOBO_MOEAD_EI_Hybrid_Fixed,dtlz4,77,0.2572642391565932,0.3804005459584635,0.8897586826195419
MOBO_MOEAD_EI_Hybrid_Fixed,dtlz4,78,0.2586806157379109,2.5529924950221625e-127,0.967106122231399
MOBO_MOEAD_EI_Hybrid_Fixed,dtlz4,79,0.2751204528870669,1.0817744889731415e-14,0.9620220115917888
MOBO_MOEAD_EI_Hybrid_Fixed,dtlz4,80,0.2779518292818983,3.3279742717483897e-10,0.961314146520674
MOBO_MOEAD_EI_Hybrid_Fixed,dtlz4,81,0.279504185107061,5.934183892802121e-15,0.9665867958477112
MOBO_MOEAD_EI_Hybrid_Fixed,dtlz4,82,0.2830921367965532,1.1675003217310645e-07,0.9604905878103984
MOBO_MOEAD_EI_Hybrid_Fixed,dtlz4,83,0.2850930737584615,4.6602248692915767e-39,0.9634430225358684
MOBO_MOEAD_EI_Hybrid_Fixed,dtlz4,84,0.2883619441683989,0.0538269560159217,0.9599725534201284
MOBO_MOEAD_EI_Hybrid_Fixed,dtlz4,85,0.2946776697966213,0.1056756554805621,0.9498511155167516
MOBO_MOEAD_EI_Hybrid_Fixed,dtlz4,86,0.3040973631695881,0.0349465544193242,0.9544080240984864
MOBO_MOEAD_EI_Hybrid_Fixed,dtlz4,87,0.3049646548830473,0.0001340160559116,0.9528477204666682
MOBO_MOEAD_EI_Hybrid_Fixed,dtlz4,88,0.3068022168625936,1.5067437689719882e-09,0.9524219205773792
MOBO_MOEAD_EI_Hybrid_Fixed,dtlz4,89,0.3212189206171645,6.125056104726557e-16,0.9476531974623772
MOBO_MOEAD_EI_Hybrid_Fixed,dtlz4,90,0.3244128037364777,0.7817130589000514,0.5344094911168014
MOBO_MOEAD_EI_Hybrid_Fixed,dtlz4,91,0.3247129622034371,0.9476653048920172,0.0018517852824485
MOBO_MOEAD_EI_Hybrid_Fixed,dtlz4,92,0.3287216822357019,7.444419179596742e-09,0.9449880073068018
MOBO_MOEAD_EI_Hybrid_Fixed,dtlz4,93,0.3298447771020771,0.9504677923622332,1.9042202360741165e-05
MOBO_MOEAD_EI_Hybrid_Fixed,dtlz4,94,0.3325443107395434,2.858710487758657e-10,0.9437523731483796
MOBO_MOEAD_EI_Hybrid_Fixed,dtlz4,95,0.3363283495692458,0.80851190249899,0.4888769947575594
MOBO_MOEAD_EI_Hybrid_Fixed,dtlz4,96,0.3375476762143062,8.466395290941801e-10,0.9420367909732826
MOBO_MOEAD_EI_Hybrid_Fixed,dtlz4,97,0.352245931632301,0.821694739297004,0.4546034594866847
MOBO_MOEAD_EI_Hybrid_Fixed,dtlz4,98,0.3614538562024873,1.2095371860690262e-14,0.938924686481972
MOBO_MOEAD_EI_Hybrid_Fixed,dtlz4,99,0.3648337233922827,1.338229467480587e-06,0.9376284742859344
MOBO_MOEAD_EI_Hybrid_Fixed,dtlz4,100,0.3685452125410315,0.0154035012439067,0.9309941295528448
MOBO_MOEAD_EI_Hybrid_Fixed,dtlz4,101,0.382115413050824,0.9272203387254891,0.0168475574006514
MOBO_MOEAD_EI_Hybrid_Fixed,dtlz4,102,0.3835811582668739,0.9226276583404648,0.0591114460413048
MOBO_MOEAD_EI_Hybrid_Fixed,dtlz4,103,0.3924718307072657,0.1931823514915971,0.9005667689815803
MOBO_MOEAD_EI_Hybrid_Fixed,dtlz4,104,0.3965639395183761,1.5013130974989557e-06,0.9187315006738742
MOBO_MOEAD_EI_Hybrid_Fixed,dtlz4,105,0.4041954039475358,1.625213505812139e-07,0.9375976790940916
MOBO_MOEAD_EI_Hybrid_Fixed,dtlz4,106,0.409111918976753,3.8522398154803874e-13,0.9143972840599108
MOBO_MOEAD_EI_Hybrid_Fixed,dtlz4,107,0.4110605215267759,0.9176778555782752,1.2464108302101114e-28
MOBO_MOEAD_EI_Hybrid_Fixed,dtlz4,108,0.4119048448739891,6.942611101965739e-09,0.9130980210728006
MOBO_MOEAD_EI_Hybrid_Fixed,dtlz4,109,0.4132418883734364,1.1903151672179504e-06,0.912589183893866
MOBO_MOEAD_EI_Hybrid_Fixed,dtlz4,110,0.4138434657652468,6.406334917452834e-06,0.9123591425859128
MOBO_MOEAD_EI_Hybrid_Fixed,dtlz4,111,0.4138434658148321,6.170552352484446e-09,0.9123591425859128
MOBO_MOEAD_EI_Hybrid_Fixed,dtlz4,112,0.4196847627151911,0.9101095018837968,1.858997292112115e-06
MOBO_MOEAD_EI_Hybrid_Fixed,dtlz4,113,0.4211851493135373,0.0011723845707272,0.9080189304218992
MOBO_MOEAD_EI_Hybrid_Fixed,dtlz4,114,0.4211867809984597,6.255567210057151e-08,0.9080189304218992
MOBO_MOEAD_EI_Hybrid_Fixed,dtlz4,115,0.4229778380814061,9.043340938723356e-15,0.9199851747138088
MOBO_MOEAD_EI_Hybrid_Fixed,dtlz4,116,0.4234333772940823,3.363864205878834e-11,0.9067081413396672
MOBO_MOEAD_EI_Hybrid_Fixed,dtlz4,117,0.4278970193030431,1.5215295818665157e-21,0.9306844912930514
MOBO_MOEAD_EI_Hybrid_Fixed,dtlz4,118,0.4280056419115535,3.6330763970513317e-16,0.9067564669294742
MOBO_MOEAD_EI_Hybrid_Fixed,dtlz4,119,0.4290041127155085,0.3965847149572143,0.8127466817111962
MOBO_MOEAD_EI_Hybrid_Fixed,dtlz4,120,0.4291553086806348,3.263322263538514e-09,0.9045562412213995
MOBO_MOEAD_EI_Hybrid_Fixed,dtlz4,121,0.4322148400484181,6.084464068306471e-05,0.9025916721686624
MOBO_MOEAD_EI_Hybrid_Fixed,dtlz4,122,0.435798084219636,1.3815109702218698e-13,0.9008733982032108
MOBO_MOEAD_EI_Hybrid_Fixed,dtlz4,123,0.4373575444135175,0.0084815783385958,0.9005667689815803
MOBO_MOEAD_EI_Hybrid_Fixed,dtlz4,124,0.4387764252058479,2.5399716568462595e-10,0.8993422870772859
MOBO_MOEAD_EI_Hybrid_Fixed,dtlz4,125,0.4396646375604515,0.0001762679963905,0.899004819239437
MOBO_MOEAD_EI_Hybrid_Fixed,dtlz4,126,0.4403684710670554,8.598097421392425e-08,0.8987723387825078
MOBO_MOEAD_EI_Hybrid_Fixed,dtlz4,127,0.4404731921929218,1.1232250089198287e-11,0.8986750396810463
MOBO_MOEAD_EI_Hybrid_Fixed,dtlz4,128,0.4408096407686727,0.9037152805384324,5.34515255483689e-05
MOBO_MOEAD_EI_Hybrid_Fixed,dtlz4,129,0.4426951089978471,1.4440423505773303e-10,0.8986274037640489
MOBO_MOEAD_EI_Hybrid_Fixed,dtlz4,130,0.4427370104202874,1.4426279461230646e-12,0.8970367352150227
MOBO_MOEAD_EI_Hybrid_Fixed,dtlz4,131,0.4450198046717415,6.447921901480845e-12,0.8959071295477948
MOBO_MOEAD_EI_Hybrid_Fixed,dtlz4,132,0.4452939492460195,0.2138854198987062,0.8896320955500927
MOBO_MOEAD_EI_Hybrid_Fixed,dtlz4,133,0.4484322078896006,3.733324670989376e-13,0.8952528747404115
MOBO_MOEAD_EI_Hybrid_Fixed,dtlz4,134,0.4520879739447762,6.5002839950461425e-21,0.9212349504152112
MOBO_MOEAD_EI_Hybrid_Fixed,dtlz4,135,0.4537481494691676,5.32149803340349e-18,0.8919986121389636
MOBO_MOEAD_EI_Hybrid_Fixed,dtlz4,136,0.4613600880206914,2.152982563151539e-12,0.8875948197309864
MOBO_MOEAD_EI_Hybrid_Fixed,dtlz4,137,0.4668671888080976,3.3194041003715933e-07,0.8871526310252009
MOBO_MOEAD_EI_Hybrid_Fixed,dtlz4,138,0.4693948431251806,2.0478893783018095e-10,0.8835554070391802
MOBO_MOEAD_EI_Hybrid_Fixed,dtlz4,139,0.4746224997929223,8.719493629521645e-18,0.8810487652947773
MOBO_MOEAD_EI_Hybrid_Fixed,dtlz4,140,0.479497192584048,0.7966946797476044,0.369894478056992
MOBO_MOEAD_EI_Hybrid_Fixed,dtlz4,141,0.4850525248803503,0.0157733129576264,0.875526794764883
MOBO_MOEAD_EI_Hybrid_Fixed,dtlz4,142,0.4851426990448116,0.8871417151645316,4.537747834674485e-06
MOBO_MOEAD_EI_Hybrid_Fixed,dtlz4,143,0.4854519909378617,1.2053002518650798e-08,0.8748150460484997
MOBO_MOEAD_EI_Hybrid_Fixed,dtlz4,144,0.4862598519751217,7.658370856814551e-10,0.874375313601333
MOBO_MOEAD_EI_Hybrid_Fixed,dtlz4,145,0.4887049499373949,1.364446731400593e-06,0.8731806850938033
MOBO_MOEAD_EI_Hybrid_Fixed,dtlz4,146,0.4909164107677887,2.1625874145723588e-11,0.8728255494169631
MOBO_MOEAD_EI_Hybrid_Fixed,dtlz4,147,0.4986459039295242,0.8799750978427313,1.0136553443719935e-24
MOBO_MOEAD_EI_Hybrid_Fixed,dtlz4,148,0.5040226236439161,1.1652709216952636e-07,0.8669513697069285
MOBO_MOEAD_EI_Hybrid_Fixed,dtlz4,149,0.506027195736998,0.863609526612515,0.0005532708852568
MOBO_MOEAD_EI_Hybrid_Fixed,dtlz4,150,0.506416117117628,1.9048995282242368e-11,0.8641206830518952
MOBO_MOEAD_EI_Hybrid_Fixed,dtlz4,151,0.5080864888204929,7.438351420277314e-12,0.863100195877873
MOBO_MOEAD_EI_Hybrid_Fixed,dtlz4,152,0.5080864888204929,7.438351420277314e-12,0.863100195877873
MOBO_MOEAD_EI_Hybrid_Fixed,dtlz4,153,0.509244667477348,3.343589317829843e-12,0.8625599581537615
MOBO_MOEAD_EI_Hybrid_Fixed,dtlz4,154,0.5103991280855117,5.147312671321316e-14,0.8619126378138006
MOBO_MOEAD_EI_Hybrid_Fixed,dtlz4,155,0.5144254266468453,4.497908020399288e-06,0.857681442171934
MOBO_MOEAD_EI_Hybrid_Fixed,dtlz4,156,0.5190493488574702,2.6569111989966633e-07,0.8548882167592912
MOBO_MOEAD_EI_Hybrid_Fixed,dtlz4,157,0.5203083254400066,0.0023997445383646,0.8541235547943967
MOBO_MOEAD_EI_Hybrid_Fixed,dtlz4,158,0.525799043988725,0.0026472054909053,0.850766302151648
MOBO_MOEAD_EI_Hybrid_Fixed,dtlz4,159,0.5448920846923518,0.0024615586099309,0.838694326900483
MOBO_MOEAD_EI_Hybrid_Fixed,dtlz4,160,0.5779089452798054,7.382085795131794e-95,0.8231643457463776
MOBO_MOEAD_EI_Hybrid_Fixed,dtlz4,161,0.5842215909138251,0.6802885487952177,0.44824509073254
MOBO_MOEAD_EI_Hybrid_Fixed,dtlz4,162,0.5842258694499911,1.6299394215308746e-13,0.8121978123583894
MOBO_MOEAD_EI_Hybrid_Fixed,dtlz4,163,0.5891223967175617,2.43133361543099e-07,0.8093736558277945
MOBO_MOEAD_EI_Hybrid_Fixed,dtlz4,164,0.5913045929844136,2.7314805676383093e-58,0.811689812243462
MOBO_MOEAD_EI_Hybrid_Fixed,dtlz4,165,0.5935517793577721,0.6354289505211511,0.5058210369887789
MOBO_MOEAD_EI_Hybrid_Fixed,dtlz4,166,0.5936644155041463,3.785493597669171e-36,0.8069860372979597
MOBO_MOEAD_EI_Hybrid_Fixed,dtlz4,167,0.6020226682375617,6.993478680770928e-77,0.799235335725006
MOBO_MOEAD_EI_Hybrid_Fixed,dtlz4,168,0.6026515390610544,0.0418932133500162,0.7990273372745629
MOBO_MOEAD_EI_Hybrid_Fixed,dtlz4,169,0.6032963557072619,7.096170523578399e-77,0.7977073225440494
MOBO_MOEAD_EI_Hybrid_Fixed,dtlz4,170,0.6040432402401974,2.0346129543921395e-82,0.7999485858657969
MOBO_MOEAD_EI_Hybrid_Fixed,dtlz4,171,0.6053574230383225,5.363391692770467e-94,0.8057919490092977
MOBO_MOEAD_EI_Hybrid_Fixed,dtlz4,172,0.6054983500747048,2.3854173973435384e-67,0.7974421510919284
MOBO_MOEAD_EI_Hybrid_Fixed,dtlz4,173,0.6056529996967006,6.900278671352164e-49,0.7970358045485023
MOBO_MOEAD_EI_Hybrid_Fixed,dtlz4,174,0.6056529996967006,6.900278671352164e-49,0.7970358045485023
MOBO_MOEAD_EI_Hybrid_Fixed,dtlz4,175,0.6056613023543267,1.2207664442503278e-115,0.797558510198649
MOBO_MOEAD_EI_Hybrid_Fixed,dtlz4,176,0.6070390338583479,3.1308064880845193e-119,0.7968908506949431
MOBO_MOEAD_EI_Hybrid_Fixed,dtlz4,177,0.6071600918011021,6.149227565989514e-77,0.7957322335755137
MOBO_MOEAD_EI_Hybrid_Fixed,dtlz4,178,0.6090750848401916,0.0,0.8185654824297398
MOBO_MOEAD_EI_Hybrid_Fixed,dtlz4,179,0.6123924502034434,0.0,0.8009680855887373
MOBO_MOEAD_EI_Hybrid_Fixed,dtlz4,180,0.6126369970447054,5.788191547281597e-49,0.7935433172587243
MOBO_MOEAD_EI_Hybrid_Fixed,dtlz4,181,0.6144170924959323,2.3873882567972455e-280,0.7990495721899733
MOBO_MOEAD_EI_Hybrid_Fixed,dtlz4,182,0.6207701130374784,9.909158535939492e-27,0.7925288975327711
MOBO_MOEAD_EI_Hybrid_Fixed,dtlz4,183,0.6210719014376678,4.286975928481917e-95,0.7953127565700469
MOBO_MOEAD_EI_Hybrid_Fixed,dtlz4,184,0.631831494906424,0.782640606830234,0.0385825648711593
MOBO_MOEAD_EI_Hybrid_Fixed,dtlz4,185,0.6453301408389839,0.2538120110651997,0.7523984273833728
MOBO_MOEAD_EI_Hybrid_Fixed,dtlz4,186,0.6590567564809359,0.2999704991547418,0.6920705187210489
MOBO_MOEAD_EI_Hybrid_Fixed,dtlz4,187,0.6597727950191185,0.7233257246753305,0.2082644546346475
MOBO_MOEAD_EI_Hybrid_Fixed,dtlz4,188,0.6607646190343646,0.6969611920108071,0.2895464543351031
MOBO_MOEAD_EI_Hybrid_Fixed,dtlz4,189,0.6609740513673823,2.725923179497861e-07,0.7515622065774299
MOBO_MOEAD_EI_Hybrid_Fixed,dtlz4,190,0.6642993179744183,0.2553113124275085,0.7513740774047226
MOBO_MOEAD_EI_Hybrid_Fixed,dtlz4,191,0.6840844313982949,5.6071389452063704e-52,0.734073660977814
MOBO_MOEAD_EI_Hybrid_Fixed,dtlz4,192,0.6842942296879477,6.410835108525965e-95,0.7311587054381314
MOBO_MOEAD_EI_Hybrid_Fixed,dtlz4,193,0.6890259636550488,0.0617950477543918,0.7228182513334308
MOBO_MOEAD_EI_Hybrid_Fixed,dtlz4,194,0.6896557456603856,2.662808223322698e-46,0.7259178242628216
MOBO_MOEAD_EI_Hybrid_Fixed,dtlz4,195,0.6907988451236587,2.2435309488756993e-77,0.7235737129028404
MOBO_MOEAD_EI_Hybrid_Fixed,dtlz4,196,0.6913197019636433,0.732643178026005,3.5140134454565465e-19
MOBO_MOEAD_EI_Hybrid_Fixed,dtlz4,197,0.6935064178764786,1.0373248574955216e-98,0.7393947527371622
MOBO_MOEAD_EI_Hybrid_Fixed,dtlz4,198,0.6935478641236285,0.7239449839906474,6.880864976435142e-06
MOBO_MOEAD_EI_Hybrid_Fixed,dtlz4,199,0.6939422507594221,9.24668582413203e-112,0.7206885760632251
MOBO_MOEAD_EI_Hybrid_Fixed,dtlz4,200,0.6942019593731042,0.7298552256792319,1.656687132445641e-22
MOBO_MOEAD_EI_Hybrid_Fixed,dtlz4,201,0.6945459713371274,0.7303483281136781,9.297549614126731e-23
MOBO_MOEAD_EI_Hybrid_Fixed,dtlz4,202,0.6955557368999952,5.500710136441726e-121,0.7224285431367009
MOBO_MOEAD_EI_Hybrid_Fixed,dtlz4,203,0.6969163476740887,0.0,0.7201069410178694
MOBO_MOEAD_EI_Hybrid_Fixed,dtlz4,204,0.6981577819138963,0.0,0.7189044806607869
MOBO_MOEAD_EI_Hybrid_Fixed,dtlz4,205,0.6982175364937255,2.220551746397798e-51,0.7163367500472855
MOBO_MOEAD_EI_Hybrid_Fixed,dtlz4,206,0.6991775885113517,3.97515801138965e-79,0.7163714016256865
MOBO_MOEAD_EI_Hybrid_Fixed,dtlz4,207,0.704537579162857,3.7350929342075334e-31,0.7111269704984079
MOBO_MOEAD_EI_Hybrid_Fixed,dtlz4,208,0.7106781768431345,0.7143894414950368,2.836292954325624e-21
MOBO_MOEAD_EI_Hybrid_Fixed,dtlz4,209,0.7199036185693369,0.6983501982009431,0.00100100213432
MOBO_MOEAD_EI_Hybrid_Fixed,dtlz4,210,0.7207521826117087,6.822849370021168e-35,0.695160456117078
MOBO_MOEAD_EI_Hybrid_Fixed,dtlz4,211,0.722530828945918,0.7010106408103327,2.745336042568369e-06
MOBO_MOEAD_EI_Hybrid_Fixed,dtlz4,212,0.7301886796325705,0.6841730097476835,0.0268012948553338
MOBO_MOEAD_EI_Hybrid_Fixed,dtlz4,213,0.7319708000695896,0.6880957604530269,1.0133121038758688e-20
MOBO_MOEAD_EI_Hybrid_Fixed,dtlz4,214,0.73223908559821,0.6955938391855281,3.127010015122178e-21
MOBO_MOEAD_EI_Hybrid_Fixed,dtlz4,215,0.7337015120656559,0.686385264580888,5.544351480761458e-16
MOBO_MOEAD_EI_Hybrid_Fixed,dtlz4,216,0.734560520701585,0.685885288948338,2.860529126739065e-14
MOBO_MOEAD_EI_Hybrid_Fixed,dtlz4,217,0.734928049387074,0.6893778019207848,3.256480715395408e-33
MOBO_MOEAD_EI_Hybrid_Fixed,dtlz4,218,0.7380946018431667,0.6862630205924655,7.34561698082201e-48
MOBO_MOEAD_EI_Hybrid_Fixed,dtlz4,219,0.7426399527611265,0.6767839202113912,4.6633077377827306e-15
MOBO_MOEAD_EI_Hybrid_Fixed,dtlz4,220,0.7517561429339348,0.6904861456655977,2.881231638761562e-56
MOBO_MOEAD_EI_Hybrid_Fixed,dtlz4,221,0.7544920743247258,0.6648292439999058,7.310394974364936e-08
MOBO_MOEAD_EI_Hybrid_Fixed,dtlz4,222,0.7569393292241338,0.6653986327901843,1.3808628050830114e-29
MOBO_MOEAD_EI_Hybrid_Fixed,dtlz4,223,0.7584745549765277,0.6085917400019757,0.5379416211152616
MOBO_MOEAD_EI_Hybrid_Fixed,dtlz4,224,0.7696060776629368,0.6547144460497505,2.300619764227025e-15
MOBO_MOEAD_EI_Hybrid_Fixed,dtlz4,225,0.7699142336336227,0.6504980382323773,9.112985502061036e-38
MOBO_MOEAD_EI_Hybrid_Fixed,dtlz4,226,0.775041593558665,0.3962604225973442,0.647634154847651
MOBO_MOEAD_EI_Hybrid_Fixed,dtlz4,227,0.7847201864185935,0.0017980359622194,0.6207426157883263
MOBO_MOEAD_EI_Hybrid_Fixed,dtlz4,228,0.8066865695988752,3.326856196714689e-07,0.6028226822190195
MOBO_MOEAD_EI_Hybrid_Fixed,dtlz4,229,0.8214674848052771,0.3853341663612272,0.421338921287432
MOBO_MOEAD_EI_Hybrid_Fixed,dtlz4,230,0.8340441083117388,0.5748544099953057,1.7994589565372384e-24
MOBO_MOEAD_EI_Hybrid_Fixed,dtlz4,231,0.8362354712341337,0.0134514685664433,0.5516399988337016
MOBO_MOEAD_EI_Hybrid_Fixed,dtlz4,232,0.8464683836643868,2.9244906362330885e-46,0.5344411331938752
MOBO_MOEAD_EI_Hybrid_Fixed,dtlz4,233,0.854227510380977,1.086197147599803e-50,0.5228615980438895
MOBO_MOEAD_EI_Hybrid_Fixed,dtlz4,234,0.8560001581890168,0.0190917292169248,0.51999313854226
MOBO_MOEAD_EI_Hybrid_Fixed,dtlz4,235,0.859194457240602,0.0332850571719273,0.5136413633939605
MOBO_MOEAD_EI_Hybrid_Fixed,dtlz4,236,0.8671016734524748,6.041424704316548e-19,0.4992567305348289
MOBO_MOEAD_EI_Hybrid_Fixed,dtlz4,237,0.8791621985650874,8.236456287319585e-13,0.4776623078909259
MOBO_MOEAD_EI_Hybrid_Fixed,dtlz4,238,0.8922751237579511,0.4553908233188961,0.0003360126977683
MOBO_MOEAD_EI_Hybrid_Fixed,dtlz4,239,0.8949000681698366,0.4399077853999815,0.0853973487575357
MOBO_MOEAD_EI_Hybrid_Fixed,dtlz4,240,0.8982654451740906,0.4421439129775605,0.0014193109395305
MOBO_MOEAD_EI_Hybrid_Fixed,dtlz4,241,0.8993560759830139,0.4425664707999234,3.437483221462948e-05
MOBO_MOEAD_EI_Hybrid_Fixed,dtlz4,242,0.8993560765118525,0.442566471060161,2.3597478724146087e-07
MOBO_MOEAD_EI_Hybrid_Fixed,dtlz4,243,0.8993560765118774,0.4425664710601733,5.5754613265998e-10
MOBO_MOEAD_EI_Hybrid_Fixed,dtlz4,244,0.8999006969976111,0.4387206050507737,0.0004467994557267
MOBO_MOEAD_EI_Hybrid_Fixed,dtlz4,245,0.9022443247963472,0.4431167172542719,1.6095138526056806e-11
MOBO_MOEAD_EI_Hybrid_Fixed,dtlz4,246,0.9028480668349138,0.4333467443167886,0.004606497796968
MOBO_MOEAD_EI_Hybrid_Fixed,dtlz4,247,0.9040738381858908,0.4390248132323141,1.712432017372594e-12
MOBO_MOEAD_EI_Hybrid_Fixed,dtlz4,248,0.9043908716814296,8.031116989386041e-24,0.4285145117725957
MOBO_MOEAD_EI_Hybrid_Fixed,dtlz4,249,0.904510238566307,0.3241621282928578,0.2863990167409507
MOBO_MOEAD_EI_Hybrid_Fixed,dtlz4,250,0.91863427758918,6.027009726486376e-10,0.3985876087889666
MOBO_MOEAD_EI_Hybrid_Fixed,dtlz4,251,0.9208038287885212,0.4326589485759583,1.1616420940787889e-17
MOBO_MOEAD_EI_Hybrid_Fixed,dtlz4,252,0.9284116562967324,9.60688011559968e-09,0.3869584435144269
MOBO_MOEAD_EI_Hybrid_Fixed,dtlz4,253,0.929706046814942,7.601426609883829e-17,0.4102743711308576
MOBO_MOEAD_EI_Hybrid_Fixed,dtlz4,254,0.9397876294448064,0.3874529266065471,5.506308063237061e-13
MOBO_MOEAD_EI_Hybrid_Fixed,dtlz4,255,0.9449253097068844,0.3556366818232552,0.1638951400199517
MOBO_MOEAD_EI_Hybrid_Fixed,dtlz4,256,0.952192123201614,3.3246310724538825e-60,0.6580618605203428
MOBO_MOEAD_EI_Hybrid_Fixed,dtlz4,257,0.9549373339353808,7.110182499418317e-06,0.3008786191364836
MOBO_MOEAD_EI_Hybrid_Fixed,dtlz4,258,0.9564584830033228,0.2930955323594428,2.094303145806857e-08
MOBO_MOEAD_EI_Hybrid_Fixed,dtlz4,259,0.9577856127562628,0.2887718464748289,7.224847315004073e-06
MOBO_MOEAD_EI_Hybrid_Fixed,dtlz4,260,0.9580059464615942,0.2880234220865315,9.089206084219319e-11
MOBO_MOEAD_EI_Hybrid_Fixed,dtlz4,261,0.9585489833237678,0.2913570306145393,1.5796333761261676e-14
MOBO_MOEAD_EI_Hybrid_Fixed,dtlz4,262,0.9624365520849936,3.8514244189918845e-11,0.3609725657209692
MOBO_MOEAD_EI_Hybrid_Fixed,dtlz4,263,0.967825154959134,2.2059875787529998e-20,0.253514572846621
MOBO_MOEAD_EI_Hybrid_Fixed,dtlz4,264,0.9685271180819968,0.2503347602801499,4.872452822654236e-07
MOBO_MOEAD_EI_Hybrid_Fixed,dtlz4,265,0.9685271180821118,0.2503347602801796,1.0736289464205598e-11
MOBO_MOEAD_EI_Hybrid_Fixed,dtlz4,266,0.9702149003402624,0.004529576945109,0.2427215664970002
MOBO_MOEAD_EI_Hybrid_Fixed,dtlz4,267,0.9708976344119158,0.240850159615543,1.8443704817667207e-09
MOBO_MOEAD_EI_Hybrid_Fixed,dtlz4,268,0.971320898861498,1.7238582584182898e-07,0.2383359384594595
MOBO_MOEAD_EI_Hybrid_Fixed,dtlz4,269,0.9767736343699768,0.2149274661986261,0.0026700312809007
MOBO_MOEAD_EI_Hybrid_Fixed,dtlz4,270,0.9777215941738938,7.398502649941207e-14,0.2177160927685255
MOBO_MOEAD_EI_Hybrid_Fixed,dtlz4,271,0.9786175334352868,4.969402348026747e-05,0.2089459853593918
MOBO_MOEAD_EI_Hybrid_Fixed,dtlz4,272,0.9789400293013808,4.7817375187714645e-09,0.204786481826916
MOBO_MOEAD_EI_Hybrid_Fixed,dtlz4,273,0.9807413410149048,0.2327215694720402,8.685327902696654e-20
MOBO_MOEAD_EI_Hybrid_Fixed,dtlz4,274,0.981404913581758,2.4885325704442674e-35,0.1989142929052563
MOBO_MOEAD_EI_Hybrid_Fixed,dtlz4,275,0.982786536295291,7.47661673010048e-10,0.1932622880430402
MOBO_MOEAD_EI_Hybrid_Fixed,dtlz4,276,0.9839684308970544,2.2504131932868704e-39,0.184328524802364
MOBO_MOEAD_EI_Hybrid_Fixed,dtlz4,277,0.9850841467166318,8.682153321965826e-49,0.2030288543887081
MOBO_MOEAD_EI_Hybrid_Fixed,dtlz4,278,0.9870156520640686,1.4716752243003824e-08,0.1716558237819942
MOBO_MOEAD_EI_Hybrid_Fixed,dtlz4,279,0.9896439579819286,9.773093167119181e-09,0.1593730425485724
MOBO_MOEAD_EI_Hybrid_Fixed,dtlz4,280,0.9921722324162504,0.1337717395317328,0.0228830795612643
MOBO_MOEAD_EI_Hybrid_Fixed,dtlz4,281,0.9942938689353878,0.1938673893277653,4.733294532326982e-26
MOBO_MOEAD_EI_Hybrid_Fixed,dtlz4,282,0.9947021143093244,0.1211091361997719,0.0006614099024518
MOBO_MOEAD_EI_Hybrid_Fixed,dtlz4,283,0.9954678405070372,3.768967539262497e-06,0.1017039385319864
MOBO_MOEAD_EI_Hybrid_Fixed,dtlz4,284,0.998081980125148,1.2703229575070967e-39,0.0800907262762967
MOBO_MOEAD_EI_Hybrid_Fixed,dtlz4,285,0.9981974188335436,0.1072675109121444,0.0007077136161217
MOBO_MOEAD_EI_Hybrid_Fixed,dtlz4,286,0.9994889202462596,2.578989402199e-12,0.041299403761976
MOBO_MOEAD_EI_Hybrid_Fixed,dtlz4,287,0.9996774634580942,3.6434331755255445e-10,0.0365440913778737
MOBO_MOEAD_EI_Hybrid_Fixed,dtlz4,288,0.9998570882743588,0.0381114829527418,0.0015730699852579
MOBO_MOEAD_EI_Hybrid_Fixed,dtlz4,289,1.0000009703142303,0.0,1.1874559965958448e-275
MOBO_MOEAD_EI_Hybrid_Fixed,dtlz4,290,1.0000009703142303,3.554439245973491e-215,0.0
MOBO_MOEAD_EI_Hybrid_Fixed,dtlz4,291,1.0000009703142303,0.0,1.1874559965958448e-275
MOBO_MOEAD_EI_Hybrid_Fixed,dtlz4,292,1.0000046262335538,0.0,0.0
MOBO_MOEAD_EI_Hybrid_Fixed,dtlz4,293,1.0000046262335538,0.0,0.0
MOBO_MOEAD_EI_Hybrid_Fixed,dtlz4,294,1.0000046262335538,0.0,0.0
MOBO_MOEAD_EI_Hybrid_Fixed,dtlz4,295,1.0000046262335538,0.0,0.0
MOBO_MOEAD_EI_Hybrid_Fixed,dtlz7,0,0.0,0.0324654302887943,5.97069401351526
MOBO_MOEAD_EI_Hybrid_Fixed,dtlz7,1,0.0,0.1711276148414984,5.688369220449428
MOBO_MOEAD_EI_Hybrid_Fixed,dtlz7,2,0.0,0.2087950678169293,5.629126208347373
MOBO_MOEAD_EI_Hybrid_Fixed,dtlz7,3,0.0,0.1418222810088482,5.75560974624587
MOBO_MOEAD_EI_Hybrid_Fixed,dtlz7,4,0.0,0.1077661031714668,5.8311237475892765
MOBO_MOEAD_EI_Hybrid_Fixed,dtlz7,5,0.0,0.1973655209370372,5.643945625938796
MOBO_MOEAD_EI_Hybrid_Fixed,dtlz7,6,0.0,0.2239514527088796,5.614424738631325
MOBO_MOEAD_EI_Hybrid_Fixed,dtlz7,7,0.0,0.0730253474960389,5.8930524000464715
MOBO_MOEAD_EI_Hybrid_Fixed,dtlz7,8,0.0,0.0178244465426989,5.990524537478904
MOBO_MOEAD_EI_Hybrid_Fixed,dtlz7,9,0.0,0.0,6.030473225430304
MOBO_MOEAD_EI_Hybrid_Fixed,dtlz7,10,0.0,0.1217560518634425,5.76990410968311
MOBO_MOEAD_EI_Hybrid_Fixed,dtlz7,11,0.0,0.0774307058587128,5.888673646867226
MOBO_MOEAD_EI_Hybrid_Fixed,dtlz7,12,0.0,7.032075369673482e-05,6.005342282410721
MOBO_MOEAD_EI_Hybrid_Fixed,dtlz7,13,0.0,0.1117237199724358,5.826376373511069
MOBO_MOEAD_EI_Hybrid_Fixed,dtlz7,14,0.0,0.0040692579002702,5.999770066232228
MOBO_MOEAD_EI_Hybrid_Fixed,dtlz7,15,0.0,0.0508235725568222,5.954408741708564
MOBO_MOEAD_EI_Hybrid_Fixed,dtlz7,16,0.0,0.0434943620359412,5.957507820314993
MOBO_MOEAD_EI_Hybrid_Fixed,dtlz7,17,0.0,0.1424357653883916,5.749299824357773
MOBO_MOEAD_EI_Hybrid_Fixed,dtlz7,18,0.0,0.1847898129501941,5.663582664808201
MOBO_MOEAD_EI_Hybrid_Fixed,dtlz7,19,0.0,0.1473058237406788,5.738307121188194
MOBO_MOEAD_EI_Hybrid_Fixed,dtlz7,20,0.0,0.0398448880290974,5.963877841892814
MOBO_MOEAD_EI_Hybrid_Fixed,dtlz7,21,0.0,0.1760530893990534,5.679377931582449
MOBO_MOEAD_EI_Hybrid_Fixed,dtlz7,22,0.0,0.0616673852977648,5.92281190118422
MOBO_MOEAD_EI_Hybrid_Fixed,dtlz7,23,0.0,0.2046577016792487,5.634091964388924
MOBO_MOEAD_EI_Hybrid_Fixed,dtlz7,24,0.0,0.2309878349496394,5.609656876252954
MOBO_MOEAD_EI_Hybrid_Fixed,dtlz7,25,0.0,0.0932053159786058,5.845589648208083
MOBO_MOEAD_EI_Hybrid_Fixed,dtlz7,26,0.0,0.0167450678859749,5.992587318071664
MOBO_MOEAD_EI_Hybrid_Fixed,dtlz7,27,0.0,0.1568580994505782,5.717426789368206
MOBO_MOEAD_EI_Hybrid_Fixed,dtlz7,28,0.0,0.2358412948561778,5.607331641083731
MOBO_MOEAD_EI_Hybrid_Fixed,dtlz7,29,0.0,0.120373203080338,5.789258324601154
MOBO_MOEAD_EI_Hybrid_Fixed,dtlz7,30,0.0,0.214479542037497,5.6229246145407235
MOBO_MOEAD_EI_Hybrid_Fixed,dtlz7,31,0.0,0.0829238571832542,5.863963017210516
MOBO_MOEAD_EI_Hybrid_Fixed,dtlz7,32,0.0,0.0848261820312532,5.858783730239157
MOBO_MOEAD_EI_Hybrid_Fixed,dtlz7,33,0.0,0.1657095735726855,5.69906081992061
MOBO_MOEAD_EI_Hybrid_Fixed,dtlz7,34,0.0,0.103598484674298,5.841045195457936
MOBO_MOEAD_EI_Hybrid_Fixed,dtlz7,35,0.0,0.0067963923806537,5.994163361158605
MOBO_MOEAD_EI_Hybrid_Fixed,dtlz7,36,1.386418556003504e-06,0.0615306794249881,5.923729088849511
MOBO_MOEAD_EI_Hybrid_Fixed,dtlz7,37,1.386418556003504e-06,0.0482184248684918,5.950953470631392
MOBO_MOEAD_EI_Hybrid_Fixed,dtlz7,38,2.465546109706041e-05,0.1347619681235374,5.75573856354143
MOBO_MOEAD_EI_Hybrid_Fixed,dtlz7,39,2.4779827357891353e-05,0.1787802208729167,5.662876402244531
MOBO_MOEAD_EI_Hybrid_Fixed,dtlz7,40,3.004488197244463e-05,0.1900773007445143,5.646103790297808
MOBO_MOEAD_EI_Hybrid_Fixed,dtlz7,41,3.004488197244463e-05,0.2594731582307726,5.606313159899967
MOBO_MOEAD_EI_Hybrid_Fixed,dtlz7,42,3.004488197244463e-05,0.139990206133241,5.745586305994746
MOBO_MOEAD_EI_Hybrid_Fixed,dtlz7,43,3.004488197244463e-05,0.1526325273441876,5.727936295610766
MOBO_MOEAD_EI_Hybrid_Fixed,dtlz7,44,3.004488197244463e-05,0.1820990300107407,5.6588901275761
MOBO_MOEAD_EI_Hybrid_Fixed,dtlz7,45,3.004488197244463e-05,0.1861956367626555,5.6523810493455064
MOBO_MOEAD_EI_Hybrid_Fixed,dtlz7,46,3.0053109458295023e-05,0.2393135553702987,5.596962196063067
MOBO_MOEAD_EI_Hybrid_Fixed,dtlz7,47,9.306066991436948e-05,0.0235966291220484,5.983153738653854
MOBO_MOEAD_EI_Hybrid_Fixed,dtlz7,48,0.0003988259553261,0.0719341854001545,5.884600438305269
MOBO_MOEAD_EI_Hybrid_Fixed,dtlz7,49,0.0004436064150671,0.1727203649564296,5.682899483868363
MOBO_MOEAD_EI_Hybrid_Fixed,dtlz7,50,0.0004443603066653,0.2051599373673171,5.63086297077805
MOBO_MOEAD_EI_Hybrid_Fixed,dtlz7,51,0.000448716429847,0.1947362839480064,5.6454607376376185
MOBO_MOEAD_EI_Hybrid_Fixed,dtlz7,52,0.0004529985899888,0.0,6.027998308229496
MOBO_MOEAD_EI_Hybrid_Fixed,dtlz7,53,0.0004542207508331,0.2020737949089146,5.635046277314599
MOBO_MOEAD_EI_Hybrid_Fixed,dtlz7,54,0.0007749626253809,0.2111713366474281,5.623388540419753
MOBO_MOEAD_EI_Hybrid_Fixed,dtlz7,55,0.0007826290217059,0.0137499400422446,5.986124733242164
MOBO_MOEAD_EI_Hybrid_Fixed,dtlz7,56,0.0008697205471704,0.0057525436875889,5.9947270709852365
MOBO_MOEAD_EI_Hybrid_Fixed,dtlz7,57,0.0031809003162206,0.0291747234394337,5.963496190663027
MOBO_MOEAD_EI_Hybrid_Fixed,dtlz7,58,0.0031812075820944,0.0390646243668285,5.949093744636423
MOBO_MOEAD_EI_Hybrid_Fixed,dtlz7,59,0.0041444108241655,0.0613953201654444,5.926412285039479
MOBO_MOEAD_EI_Hybrid_Fixed,dtlz7,60,0.004398940557013,0.0285011003846381,5.960113367741056
MOBO_MOEAD_EI_Hybrid_Fixed,dtlz7,61,0.0047169646803517,0.0528804527664317,5.918802230821097
MOBO_MOEAD_EI_Hybrid_Fixed,dtlz7,62,0.0048241162214171,0.1608752702674221,5.692024659235251
MOBO_MOEAD_EI_Hybrid_Fixed,dtlz7,63,0.004828692473675,0.0222479291216713,5.96936466661356
MOBO_MOEAD_EI_Hybrid_Fixed,dtlz7,64,0.004828692473675,0.0397820639128815,5.9418926592839005
MOBO_MOEAD_EI_Hybrid_Fixed,dtlz7,65,0.004828692473675,0.0009467172264766,5.995288308345549
MOBO_MOEAD_EI_Hybrid_Fixed,dtlz7,66,0.004828692473675,0.0313676928234182,5.955736929105985
MOBO_MOEAD_EI_Hybrid_Fixed,dtlz7,67,0.004828692473675,0.133877222149608,5.74367154345127
MOBO_MOEAD_EI_Hybrid_Fixed,dtlz7,68,0.004828692473675,0.1112079194722836,5.788675976992329
MOBO_MOEAD_EI_Hybrid_Fixed,dtlz7,69,0.004828692473675,0.0922952198674453,5.850231379189939
MOBO_MOEAD_EI_Hybrid_Fixed,dtlz7,70,0.004828692473675,0.0147911848536006,5.979397014817674
MOBO_MOEAD_EI_Hybrid_Fixed,dtlz7,71,0.0048417192070755,0.0711192948884688,5.91336339568249
MOBO_MOEAD_EI_Hybrid_Fixed,dtlz7,72,0.0049378416373477,0.1415519568587462,5.74285679339445
MOBO_MOEAD_EI_Hybrid_Fixed,dtlz7,73,0.0093314279711699,5.7703519130987424e-05,5.994529896601774
MOBO_MOEAD_EI_Hybrid_Fixed,dtlz7,74,0.0113923424594002,0.1480442543197762,5.722163104950771
MOBO_MOEAD_EI_Hybrid_Fixed,dtlz7,75,0.0116099684459203,0.143551953282199,5.724285050187694
MOBO_MOEAD_EI_Hybrid_Fixed,dtlz7,76,0.0120280986902355,0.0704522435950244,5.904897432353856
MOBO_MOEAD_EI_Hybrid_Fixed,dtlz7,77,0.0123687975101261,0.0708565415865552,5.872562458456398
MOBO_MOEAD_EI_Hybrid_Fixed,dtlz7,78,0.0132568744521823,0.0023282507889205,5.988285205221291
MOBO_MOEAD_EI_Hybrid_Fixed,dtlz7,79,0.0156904118597674,0.1350380417164286,5.733643751258685
MOBO_MOEAD_EI_Hybrid_Fixed,dtlz7,80,0.0159918240391342,0.0,5.985488110563949
MOBO_MOEAD_EI_Hybrid_Fixed,dtlz7,81,0.0161599093689351,0.0,5.983025428365005
MOBO_MOEAD_EI_Hybrid_Fixed,dtlz7,82,0.0164704926981086,0.0865540163038177,5.832196389385234
MOBO_MOEAD_EI_Hybrid_Fixed,dtlz7,83,0.0166955601917812,0.0680555922266024,5.877718917649842
MOBO_MOEAD_EI_Hybrid_Fixed,dtlz7,84,0.0170031542782223,0.1918180379741147,5.604072712753299
MOBO_MOEAD_EI_Hybrid_Fixed,dtlz7,85,0.0182168429558632,0.1182944336332421,5.774464069124504
MOBO_MOEAD_EI_Hybrid_Fixed,dtlz7,86,0.0199990667075344,0.1398560176553329,5.722183984167323
MOBO_MOEAD_EI_Hybrid_Fixed,dtlz7,87,0.0208905598577808,0.0787194086965418,5.8501898175666165
MOBO_MOEAD_EI_Hybrid_Fixed,dtlz7,88,0.0211815359458891,0.0759608042112463,5.855949925347103
MOBO_MOEAD_EI_Hybrid_Fixed,dtlz7,89,0.0211922484180957,0.0,5.978415236838932
MOBO_MOEAD_EI_Hybrid_Fixed,dtlz7,90,0.0221867131269297,0.0466111697863558,5.910433870569846
MOBO_MOEAD_EI_Hybrid_Fixed,dtlz7,91,0.0227689266552582,0.0265198816300935,5.9430400338379314
MOBO_MOEAD_EI_Hybrid_Fixed,dtlz7,92,0.0270126946195457,0.0511377716648177,5.894635094603641
MOBO_MOEAD_EI_Hybrid_Fixed,dtlz7,93,0.027162656448402,0.0004144330940495,5.967878744295701
MOBO_MOEAD_EI_Hybrid_Fixed,dtlz7,94,0.0274997782333165,0.0222161221285089,5.954647964404591
MOBO_MOEAD_EI_Hybrid_Fixed,dtlz7,95,0.0330367144472289,0.0436099014946072,5.926473852138605
MOBO_MOEAD_EI_Hybrid_Fixed,dtlz7,96,0.0351691774380364,0.0630182324099403,5.885555631256843
MOBO_MOEAD_EI_Hybrid_Fixed,dtlz7,97,0.0354832445928403,0.0697466635107482,5.846285290230633
MOBO_MOEAD_EI_Hybrid_Fixed,dtlz7,98,0.0357180255688109,0.0,5.95605454308552
MOBO_MOEAD_EI_Hybrid_Fixed,dtlz7,99,0.0365546653876976,0.0266701302592832,5.938946179110935
MOBO_MOEAD_EI_Hybrid_Fixed,dtlz7,100,0.0373662293315327,0.0428923903651453,5.930438319645702
MOBO_MOEAD_EI_Hybrid_Fixed,dtlz7,101,0.0383076981461497,0.0307852774198869,5.92232745533433
MOBO_MOEAD_EI_Hybrid_Fixed,dtlz7,102,0.0400207535245366,0.060453095458828,5.8588432212709485
MOBO_MOEAD_EI_Hybrid_Fixed,dtlz7,103,0.0401652612031741,0.0,5.9451168112860495
MOBO_MOEAD_EI_Hybrid_Fixed,dtlz7,104,0.0441422094918075,0.2540751079070068,5.54763479717779
MOBO_MOEAD_EI_Hybrid_Fixed,dtlz7,105,0.0444569201261877,0.0738842512249908,5.8209306876492395
MOBO_MOEAD_EI_Hybrid_Fixed,dtlz7,106,0.04591981732247,0.0075209706881157,5.945104219900195
MOBO_MOEAD_EI_Hybrid_Fixed,dtlz7,107,0.047311743268216,0.1164505673892761,5.71931391316676
MOBO_MOEAD_EI_Hybrid_Fixed,dtlz7,108,0.0474001300740834,0.109075664059194,5.736849739657412
MOBO_MOEAD_EI_Hybrid_Fixed,dtlz7,109,0.0476512457388247,0.0220378135111069,5.90711458592969
MOBO_MOEAD_EI_Hybrid_Fixed,dtlz7,110,0.0489830690425159,0.0,5.939683665829095
MOBO_MOEAD_EI_Hybrid_Fixed,dtlz7,111,0.0494430860654308,0.0001406120218102,5.932465101829441
MOBO_MOEAD_EI_Hybrid_Fixed,dtlz7,112,0.0516630690615998,5.080595904959941e-08,5.935758913358364
MOBO_MOEAD_EI_Hybrid_Fixed,dtlz7,113,0.0538541587379131,0.0634165580584461,5.852732165059138
MOBO_MOEAD_EI_Hybrid_Fixed,dtlz7,114,0.0594706155650899,0.051949366285832,5.85473877900179
MOBO_MOEAD_EI_Hybrid_Fixed,dtlz7,115,0.0603250205184072,0.0,5.93766857072153
MOBO_MOEAD_EI_Hybrid_Fixed,dtlz7,116,0.0607464634485489,0.0319624281915214,5.896113825807673
MOBO_MOEAD_EI_Hybrid_Fixed,dtlz7,117,0.0608202521041879,0.0001406120218102,5.910317956798378
MOBO_MOEAD_EI_Hybrid_Fixed,dtlz7,118,0.0618437643982132,0.0258488211210968,5.87658037359466
MOBO_MOEAD_EI_Hybrid_Fixed,dtlz7,119,0.0627101070110042,0.0693165325766003,5.821372629073118
MOBO_MOEAD_EI_Hybrid_Fixed,dtlz7,120,0.0656890066097441,0.0427234660366993,5.840325304449121
MOBO_MOEAD_EI_Hybrid_Fixed,dtlz7,121,0.0661863941457907,0.0,5.89880886637492
MOBO_MOEAD_EI_Hybrid_Fixed,dtlz7,122,0.0670993167213283,0.0221351748896565,5.897335588774197
MOBO_MOEAD_EI_Hybrid_Fixed,dtlz7,123,0.0698049826479747,0.0225239732221358,5.865128012343251
MOBO_MOEAD_EI_Hybrid_Fixed,dtlz7,124,0.0701833301842813,0.1026957661375173,5.764930201989948
MOBO_MOEAD_EI_Hybrid_Fixed,dtlz7,125,0.0721039699064977,0.0165753411644733,5.892100513127686
MOBO_MOEAD_EI_Hybrid_Fixed,dtlz7,126,0.0729050319171078,2.771864732019094e-07,5.897823065391665
MOBO_MOEAD_EI_Hybrid_Fixed,dtlz7,127,0.0748028460329536,0.022353166391006,5.8801679612742
MOBO_MOEAD_EI_Hybrid_Fixed,dtlz7,128,0.0757713178664496,0.0614222531990461,5.814922034110825
MOBO_MOEAD_EI_Hybrid_Fixed,dtlz7,129,0.07608987109329,0.015703894400988,5.860406615896413
MOBO_MOEAD_EI_Hybrid_Fixed,dtlz7,130,0.0776293577636944,0.0265583001551268,5.8589584842891185
MOBO_MOEAD_EI_Hybrid_Fixed,dtlz7,131,0.0790353787649207,0.0627529417286879,5.804936061596004
MOBO_MOEAD_EI_Hybrid_Fixed,dtlz7,132,0.0794256672603717,0.0486588918302191,5.819350093807499
MOBO_MOEAD_EI_Hybrid_Fixed,dtlz7,133,0.0801531037036706,0.0075209706881157,5.875176867228927
MOBO_MOEAD_EI_Hybrid_Fixed,dtlz7,134,0.0805621758270064,0.0278245361189126,5.84217323575002
MOBO_MOEAD_EI_Hybrid_Fixed,dtlz7,135,0.0822840325950871,0.0254577701094638,5.857197205807785
MOBO_MOEAD_EI_Hybrid_Fixed,dtlz7,136,0.0827044326865547,0.068342831341237,5.752364532376468
MOBO_MOEAD_EI_Hybrid_Fixed,dtlz7,137,0.0843183628164859,0.0635111561836589,5.7875576894439815
MOBO_MOEAD_EI_Hybrid_Fixed,dtlz7,138,0.0848323183578522,0.0009723596808616,5.8786401692451395
MOBO_MOEAD_EI_Hybrid_Fixed,dtlz7,139,0.0854335800204176,0.0225611356771333,5.828725494635229
MOBO_MOEAD_EI_Hybrid_Fixed,dtlz7,140,0.0875982513834218,0.0634530840278053,5.780239330741897
MOBO_MOEAD_EI_Hybrid_Fixed,dtlz7,141,0.0889349479187591,0.0223589420395368,5.822796875784202
MOBO_MOEAD_EI_Hybrid_Fixed,dtlz7,142,0.0938209184875691,0.0,5.855982501534567
MOBO_MOEAD_EI_Hybrid_Fixed,dtlz7,143,0.0942563559160159,0.0641868311363601,5.762738335217943
MOBO_MOEAD_EI_Hybrid_Fixed,dtlz7,144,0.0999775481321365,0.0,5.834961282069681
MOBO_MOEAD_EI_Hybrid_Fixed,dtlz7,145,0.1030622702594462,0.0,5.832896893226819
MOBO_MOEAD_EI_Hybrid_Fixed,dtlz7,146,0.1084156675826027,0.0103729929674963,5.823166815443505
MOBO_MOEAD_EI_Hybrid_Fixed,dtlz7,147,0.1088360189114867,0.0,5.828613093837495
MOBO_MOEAD_EI_Hybrid_Fixed,dtlz7,148,0.1114758011711236,0.0,5.827244502344259
MOBO_MOEAD_EI_Hybrid_Fixed,dtlz7,149,0.1150329238976189,0.0245699576897294,5.783546458348646
MOBO_MOEAD_EI_Hybrid_Fixed,dtlz7,150,0.1153744555932713,0.0,5.78675473677349
MOBO_MOEAD_EI_Hybrid_Fixed,dtlz7,151,0.1232999091656597,0.051195020741673,5.763151269378267
MOBO_MOEAD_EI_Hybrid_Fixed,dtlz7,152,0.1259217671142861,0.0514805263387993,5.717293253341134
MOBO_MOEAD_EI_Hybrid_Fixed,dtlz7,153,0.1268217559036134,0.0,5.785667468613433
MOBO_MOEAD_EI_Hybrid_Fixed,dtlz7,154,0.1313346830542848,0.0,5.779996998350268
MOBO_MOEAD_EI_Hybrid_Fixed,dtlz7,155,0.1335940515974248,0.0054364745042014,5.764007719181006
MOBO_MOEAD_EI_Hybrid_Fixed,dtlz7,156,0.1370661496640871,0.0,5.766622053646045
MOBO_MOEAD_EI_Hybrid_Fixed,dtlz7,157,0.1381272031845699,0.0,5.759345786335829
MOBO_MOEAD_EI_Hybrid_Fixed,dtlz7,158,0.1421346891318544,0.0286679583923349,5.700347490505049
MOBO_MOEAD_EI_Hybrid_Fixed,dtlz7,159,0.143537964675607,0.0143937825293418,5.750405838500136
MOBO_MOEAD_EI_Hybrid_Fixed,dtlz7,160,0.1460528381610825,0.0,5.744851037790316
MOBO_MOEAD_EI_Hybrid_Fixed,dtlz7,161,0.1480641449876898,0.0905649087102336,5.644014538794846
MOBO_MOEAD_EI_Hybrid_Fixed,dtlz7,162,0.1481944948904101,0.0,5.7364838603608135
MOBO_MOEAD_EI_Hybrid_Fixed,dtlz7,163,0.1501932717253834,0.0021832193491156,5.704553602622667
MOBO_MOEAD_EI_Hybrid_Fixed,dtlz7,164,0.1544629809801489,9.95159811882371e-08,5.704155369374179
MOBO_MOEAD_EI_Hybrid_Fixed,dtlz7,165,0.1614630268279918,0.0,5.7085055770423665
MOBO_MOEAD_EI_Hybrid_Fixed,dtlz7,166,0.1694084340573317,0.0720257716523126,5.631084054417302
MOBO_MOEAD_EI_Hybrid_Fixed,dtlz7,167,0.1751203898805987,0.0287628138094179,5.677829677200632
MOBO_MOEAD_EI_Hybrid_Fixed,dtlz7,168,0.1763733837731081,0.0130357517586172,5.702085668338283
MOBO_MOEAD_EI_Hybrid_Fixed,dtlz7,169,0.1784327007289353,0.000766353369491,5.697747282863487
MOBO_MOEAD_EI_Hybrid_Fixed,dtlz7,170,0.17916739743825,0.0701915933306546,5.653156252458285
MOBO_MOEAD_EI_Hybrid_Fixed,dtlz7,171,0.1795637604133587,0.0,5.672670594765493
MOBO_MOEAD_EI_Hybrid_Fixed,dtlz7,172,0.1837050519344206,5.791300347296064e-05,5.652546378072868
MOBO_MOEAD_EI_Hybrid_Fixed,dtlz7,173,0.1841076737151282,0.0288832846938034,5.599219724068335
MOBO_MOEAD_EI_Hybrid_Fixed,dtlz7,174,0.1845338915953449,0.0089518892266475,5.64203160498716
MOBO_MOEAD_EI_Hybrid_Fixed,dtlz7,175,0.1879752053491705,0.0,5.644968902531081
MOBO_MOEAD_EI_Hybrid_Fixed,dtlz7,176,0.1892167700094351,0.0683528610316336,5.594535514642538
MOBO_MOEAD_EI_Hybrid_Fixed,dtlz7,177,0.1918308204025728,0.0286924702082539,5.640939073729444
MOBO_MOEAD_EI_Hybrid_Fixed,dtlz7,178,0.1932324728322099,0.0853703683712594,5.567501755371261
MOBO_MOEAD_EI_Hybrid_Fixed,dtlz7,179,0.1951674056831328,0.0286233902096467,5.581180069751986
MOBO_MOEAD_EI_Hybrid_Fixed,dtlz7,180,0.1986940073056686,0.0280829796112563,5.6286822552962565
MOBO_MOEAD_EI_Hybrid_Fixed,dtlz7,181,0.1994791491686122,0.0,5.640772095642695
MOBO_MOEAD_EI_Hybrid_Fixed,dtlz7,182,0.2007778269666958,0.0277811904046457,5.576345837162278
MOBO_MOEAD_EI_Hybrid_Fixed,dtlz7,183,0.2024392210305717,0.0726813756370373,5.540187954950064
MOBO_MOEAD_EI_Hybrid_Fixed,dtlz7,184,0.2086962440983152,0.000204773109573,5.633923309250609
MOBO_MOEAD_EI_Hybrid_Fixed,dtlz7,185,0.2122999815345367,0.0632330413932026,5.551116001674119
MOBO_MOEAD_EI_Hybrid_Fixed,dtlz7,186,0.212555706317844,0.0,5.624933252686289
MOBO_MOEAD_EI_Hybrid_Fixed,dtlz7,187,0.2151559976516723,0.0278802890709294,5.559823502471884
MOBO_MOEAD_EI_Hybrid_Fixed,dtlz7,188,0.2234075475938909,0.0691172924221729,5.53495989077178
MOBO_MOEAD_EI_Hybrid_Fixed,dtlz7,189,0.2262117825921526,0.068723855592164,5.5349781537910605
MOBO_MOEAD_EI_Hybrid_Fixed,dtlz7,190,0.2294793950153031,0.0695869585650967,5.515938806950388
MOBO_MOEAD_EI_Hybrid_Fixed,dtlz7,191,0.2308235248554798,0.0,5.614736560107559
MOBO_MOEAD_EI_Hybrid_Fixed,dtlz7,192,0.2322349138302771,0.0,5.5835929556180295
MOBO_MOEAD_EI_Hybrid_Fixed,dtlz7,193,0.2399260806772452,0.0277351738695155,5.567748578607854
MOBO_MOEAD_EI_Hybrid_Fixed,dtlz7,194,0.2540334079754706,0.022716639359626,5.5634765623715206
MOBO_MOEAD_EI_Hybrid_Fixed,dtlz7,195,0.2606789016187433,0.030517017759023,5.542248754533843
MOBO_MOEAD_EI_Hybrid_Fixed,dtlz7,196,0.2818514713381438,0.0225281908382984,5.5778163378957855
MOBO_MOEAD_EI_Hybrid_Fixed,wfg4,0,0.1191022543877745,4.037614053922999,
MOBO_MOEAD_EI_Hybrid_Fixed,wfg4,1,0.129282198832253,4.001181981860839,
MOBO_MOEAD_EI_Hybrid_Fixed,wfg4,2,0.1627626581247997,3.9965660640333023,
MOBO_MOEAD_EI_Hybrid_Fixed,wfg4,3,0.1745753677207813,3.98934268551279,
MOBO_MOEAD_EI_Hybrid_Fixed,wfg4,4,0.2091500293074675,3.988300450919097,
MOBO_MOEAD_EI_Hybrid_Fixed,wfg4,5,0.2129791117692237,3.982018399734253,
MOBO_MOEAD_EI_Hybrid_Fixed,wfg4,6,0.2141185424503921,3.981035085388089,
MOBO_MOEAD_EI_Hybrid_Fixed,wfg4,7,0.2477388479503316,3.977899539643655,
MOBO_MOEAD_EI_Hybrid_Fixed,wfg4,8,0.2530361903298644,3.975889845145444,
MOBO_MOEAD_EI_Hybrid_Fixed,wfg4,9,0.2713383331465644,3.9691347938728905,
MOBO_MOEAD_EI_Hybrid_Fixed,wfg4,10,0.2902082298837637,3.968207300837991,
MOBO_MOEAD_EI_Hybrid_Fixed,wfg4,11,0.293712625304948,3.9626815239761384,
MOBO_MOEAD_EI_Hybrid_Fixed,wfg4,12,0.3176939762215559,3.960501224001492,
MOBO_MOEAD_EI_Hybrid_Fixed,wfg4,13,0.3177689274344608,3.9529745078477534,
MOBO_MOEAD_EI_Hybrid_Fixed,wfg4,14,0.3439982454782728,3.945038592729001,
MOBO_MOEAD_EI_Hybrid_Fixed,wfg4,15,0.3676690106810827,3.943329687942781,
MOBO_MOEAD_EI_Hybrid_Fixed,wfg4,16,0.3712358810339528,3.93635151961306,
MOBO_MOEAD_EI_Hybrid_Fixed,wfg4,17,0.3780377312979813,3.931151871821168,
MOBO_MOEAD_EI_Hybrid_Fixed,wfg4,18,0.4017359671483529,3.930097939993259,
MOBO_MOEAD_EI_Hybrid_Fixed,wfg4,19,0.4018895284543723,3.9249897935799143,
MOBO_MOEAD_EI_Hybrid_Fixed,wfg4,20,0.4021344094961279,3.924072087211413,
MOBO_MOEAD_EI_Hybrid_Fixed,wfg4,21,0.437367850909969,3.9165128520627097,
MOBO_MOEAD_EI_Hybrid_Fixed,wfg4,22,0.438013239830345,3.906652576695853,
MOBO_MOEAD_EI_Hybrid_Fixed,wfg4,23,0.4530265988600584,3.90178084646362,
MOBO_MOEAD_EI_Hybrid_Fixed,wfg4,24,0.4754482540694031,3.8948936374153535,
MOBO_MOEAD_EI_Hybrid_Fixed,wfg4,25,0.48203015100297,3.8879579459496534,
MOBO_MOEAD_EI_Hybrid_Fixed,wfg4,26,0.4975668245102221,3.8847661753438314,
MOBO_MOEAD_EI_Hybrid_Fixed,wfg4,27,0.4997568815640766,3.88022026161498,
MOBO_MOEAD_EI_Hybrid_Fixed,wfg4,28,0.5106584175325302,3.879555967373512,
MOBO_MOEAD_EI_Hybrid_Fixed,wfg4,29,0.5186590569597073,3.867236335164991,
MOBO_MOEAD_EI_Hybrid_Fixed,wfg4,30,0.5480736887501174,3.862800195248352,
MOBO_MOEAD_EI_Hybrid_Fixed,wfg4,31,0.5631694969012162,3.842697828574792,
MOBO_MOEAD_EI_Hybrid_Fixed,wfg4,32,0.5906134807398163,3.828879915639756,
MOBO_MOEAD_EI_Hybrid_Fixed,wfg4,33,0.594169092985143,3.8237202437455022,
MOBO_MOEAD_EI_Hybrid_Fixed,wfg4,34,0.6237324087117403,3.807052027171345,
MOBO_MOEAD_EI_Hybrid_Fixed,wfg4,35,0.6314625125758995,3.800361225995648,
MOBO_MOEAD_EI_Hybrid_Fixed,wfg4,36,0.6605818801522454,3.799680191130175,
MOBO_MOEAD_EI_Hybrid_Fixed,wfg4,37,0.6612354677313976,3.779689928468767,
MOBO_MOEAD_EI_Hybrid_Fixed,wfg4,38,0.676558696845939,3.773236155617381,
MOBO_MOEAD_EI_Hybrid_Fixed,wfg4,39,0.692125156103242,3.762382907128121,
MOBO_MOEAD_EI_Hybrid_Fixed,wfg4,40,0.7135480275160783,3.7427785187539495,
MOBO_MOEAD_EI_Hybrid_Fixed,wfg4,41,0.7205503557420192,3.741112044654484,
MOBO_MOEAD_EI_Hybrid_Fixed,wfg4,42,0.7419602649026679,3.7379729236964936,
MOBO_MOEAD_EI_Hybrid_Fixed,wfg4,43,0.751010533698341,3.7306837032718296,
MOBO_MOEAD_EI_Hybrid_Fixed,wfg4,44,0.7571334073939097,3.7114745204938737,
MOBO_MOEAD_EI_Hybrid_Fixed,wfg4,45,0.7608067402401057,3.7081494151995953,
MOBO_MOEAD_EI_Hybrid_Fixed,wfg4,46,0.7875562073283783,3.685422127871852,
MOBO_MOEAD_EI_Hybrid_Fixed,wfg4,47,0.7885331049134072,3.684622022625393,
MOBO_MOEAD_EI_Hybrid_Fixed,wfg4,48,0.8113682971969266,3.673297652402792,
MOBO_MOEAD_EI_Hybrid_Fixed,wfg4,49,0.8252616791596791,3.6705442073221977,
MOBO_MOEAD_EI_Hybrid_Fixed,wfg4,50,0.8348815855544918,3.6627471261505105,
MOBO_MOEAD_EI_Hybrid_Fixed,wfg4,51,0.836098135505577,3.642807397545856,
MOBO_MOEAD_EI_Hybrid_Fixed,wfg4,52,0.88086505716655,3.5965060983411807,
MOBO_MOEAD_EI_Hybrid_Fixed,wfg4,53,0.9000423906894737,3.5800085129592016,
MOBO_MOEAD_EI_Hybrid_Fixed,wfg4,54,0.9142438073004546,3.5687461085164207,
MOBO_MOEAD_EI_Hybrid_Fixed,wfg4,55,0.9333060642558976,3.54363214030581,
MOBO_MOEAD_EI_Hybrid_Fixed,wfg4,56,0.953375520176578,3.5297558353196123,
MOBO_MOEAD_EI_Hybrid_Fixed,wfg4,57,0.9691662152848614,3.506327675808124,
MOBO_MOEAD_EI_Hybrid_Fixed,wfg4,58,0.9930576610470292,3.5002021200098064,
MOBO_MOEAD_EI_Hybrid_Fixed,wfg4,59,1.0009067681839448,3.471576647228745,
MOBO_MOEAD_EI_Hybrid_Fixed,wfg4,60,1.019416271335824,3.468690503082855,
MOBO_MOEAD_EI_Hybrid_Fixed,wfg4,61,1.030115772917649,3.4618746941309104,
MOBO_MOEAD_EI_Hybrid_Fixed,wfg4,62,1.0427130174611283,3.424609348660864,
MOBO_MOEAD_EI_Hybrid_Fixed,wfg4,63,1.0549884102001217,3.4043727731407647,
MOBO_MOEAD_EI_Hybrid_Fixed,wfg4,64,1.082523882488975,3.3921067290172813,
MOBO_MOEAD_EI_Hybrid_Fixed,wfg4,65,1.085759355175414,3.3902314232755506,
MOBO_MOEAD_EI_Hybrid_Fixed,wfg4,66,1.0859581068507038,3.389978954541892,
MOBO_MOEAD_EI_Hybrid_Fixed,wfg4,67,1.1054362023980733,3.389656378783561,
MOBO_MOEAD_EI_Hybrid_Fixed,wfg4,68,1.106196848165793,3.380789279364691,
MOBO_MOEAD_EI_Hybrid_Fixed,wfg4,69,1.1126636272457897,3.3707503354018606,
MOBO_MOEAD_EI_Hybrid_Fixed,wfg4,70,1.1148786409822466,3.352676139726982,
MOBO_MOEAD_EI_Hybrid_Fixed,wfg4,71,1.1329366616915078,3.3109403064037135,
MOBO_MOEAD_EI_Hybrid_Fixed,wfg4,72,1.1647964716714456,3.282847936451598,
MOBO_MOEAD_EI_Hybrid_Fixed,wfg4,73,1.173990947154837,3.2800847673158695,
MOBO_MOEAD_EI_Hybrid_Fixed,wfg4,74,1.1808273743556084,3.2607436986006317,
MOBO_MOEAD_EI_Hybrid_Fixed,wfg4,75,1.2005476217233333,3.257761102268877,
MOBO_MOEAD_EI_Hybrid_Fixed,wfg4,76,1.207409893440937,3.247312723738915,
MOBO_MOEAD_EI_Hybrid_Fixed,wfg4,77,1.2224488059840382,3.197862417888909,
MOBO_MOEAD_EI_Hybrid_Fixed,wfg4,78,1.238017151272797,3.1834948810907333,
MOBO_MOEAD_EI_Hybrid_Fixed,wfg4,79,1.242440199143263,3.181637476301001,
MOBO_MOEAD_EI_Hybrid_Fixed,wfg4,80,1.2472331207156488,3.164428622907002,
MOBO_MOEAD_EI_Hybrid_Fixed,wfg4,81,1.2488721651011423,3.154125955842541,
MOBO_MOEAD_EI_Hybrid_Fixed,wfg4,82,1.2560435935029437,3.130340552603663,
MOBO_MOEAD_EI_Hybrid_Fixed,wfg4,83,1.272823993497878,3.1201313624557616,
MOBO_MOEAD_EI_Hybrid_Fixed,wfg4,84,1.279286153405446,3.1054244951783243,
MOBO_MOEAD_EI_Hybrid_Fixed,wfg4,85,1.3077608428497796,3.062043118934134,
MOBO_MOEAD_EI_Hybrid_Fixed,wfg4,86,1.3147298619548389,3.0460167119268893,
MOBO_MOEAD_EI_Hybrid_Fixed,wfg4,87,1.3202273431556055,3.042032117338379,
MOBO_MOEAD_EI_Hybrid_Fixed,wfg4,88,1.33524449968751,3.0305237102336258,
MOBO_MOEAD_EI_Hybrid_Fixed,wfg4,89,1.3358451473563964,3.0168262697100903,
MOBO_MOEAD_EI_Hybrid_Fixed,wfg4,90,1.3441537703306805,3.0164247271611213,
MOBO_MOEAD_EI_Hybrid_Fixed,wfg4,91,1.3464789781929876,3.0093862015827484,
MOBO_MOEAD_EI_Hybrid_Fixed,wfg4,92,1.363966866901378,2.978383228132195,
MOBO_MOEAD_EI_Hybrid_Fixed,wfg4,93,1.3825462725316042,2.9247914196159517,
MOBO_MOEAD_EI_Hybrid_Fixed,wfg4,94,1.3910538194620337,2.8894340249355546,
MOBO_MOEAD_EI_Hybrid_Fixed,wfg4,95,1.3971240366965076,2.8769093702228488,
MOBO_MOEAD_EI_Hybrid_Fixed,wfg4,96,1.4186625413707377,2.8515480046737554,
MOBO_MOEAD_EI_Hybrid_Fixed,wfg4,97,1.423725479748804,2.841788691179635,
MOBO_MOEAD_EI_Hybrid_Fixed,wfg4,98,1.4474110824693824,2.8370772906251123,
MOBO_MOEAD_EI_Hybrid_Fixed,wfg4,99,1.4498034859641769,2.783055060570258,
MOBO_MOEAD_EI_Hybrid_Fixed,wfg4,100,1.4628420762186105,2.7826135689665255,
MOBO_MOEAD_EI_Hybrid_Fixed,wfg4,101,1.467255984979023,2.7795362377659747,
MOBO_MOEAD_EI_Hybrid_Fixed,wfg4,102,1.4892064668395926,2.7530832707728266,
MOBO_MOEAD_EI_Hybrid_Fixed,wfg4,103,1.4911664855027806,2.689926670966234,
MOBO_MOEAD_EI_Hybrid_Fixed,wfg4,104,1.4981066135197465,2.687562838301896,
MOBO_MOEAD_EI_Hybrid_Fixed,wfg4,105,1.506801998620081,2.685425704190714,
MOBO_MOEAD_EI_Hybrid_Fixed,wfg4,106,1.510094879533307,2.649537838927878,
MOBO_MOEAD_EI_Hybrid_Fixed,wfg4,107,1.5171422752036392,2.635787215362446,
MOBO_MOEAD_EI_Hybrid_Fixed,wfg4,108,1.5352224489210575,2.6000179917658732,
MOBO_MOEAD_EI_Hybrid_Fixed,wfg4,109,1.5444629293929453,2.581392568296935,
MOBO_MOEAD_EI_Hybrid_Fixed,wfg4,110,1.5454759375007443,2.574975151465671,
MOBO_MOEAD_EI_Hybrid_Fixed,wfg4,111,1.5511568835656258,2.5630973125477485,
MOBO_MOEAD_EI_Hybrid_Fixed,wfg4,112,1.5826161932902667,2.5468005448277347,
MOBO_MOEAD_EI_Hybrid_Fixed,wfg4,113,1.5913177596672226,2.512689673098622,
MOBO_MOEAD_EI_Hybrid_Fixed,wfg4,114,1.604448656806401,2.497589648384413,
MOBO_MOEAD_EI_Hybrid_Fixed,wfg4,115,1.611507358205512,2.49430895409504,
MOBO_MOEAD_EI_Hybrid_Fixed,wfg4,116,1.613296718979912,2.4800620889935816,
MOBO_MOEAD_EI_Hybrid_Fixed,wfg4,117,1.6146270789501054,2.402170878851037,
MOBO_MOEAD_EI_Hybrid_Fixed,wfg4,118,1.619170296226394,2.3919370087241303,
MOBO_MOEAD_EI_Hybrid_Fixed,wfg4,119,1.6324123945851134,2.349862386098307,
MOBO_MOEAD_EI_Hybrid_Fixed,wfg4,120,1.6402962750778236,2.324231095226734,
MOBO_MOEAD_EI_Hybrid_Fixed,wfg4,121,1.6592493426199255,2.3176306590391107,
MOBO_MOEAD_EI_Hybrid_Fixed,wfg4,122,1.6693259352094123,2.3172415569537663,
MOBO_MOEAD_EI_Hybrid_Fixed,wfg4,123,1.6738810051623387,2.308411712960758,
MOBO_MOEAD_EI_Hybrid_Fixed,wfg4,124,1.6787447537729183,2.2935617970246973,
MOBO_MOEAD_EI_Hybrid_Fixed,wfg4,125,1.6877937253622184,2.262539966786853,
MOBO_MOEAD_EI_Hybrid_Fixed,wfg4,126,1.6925161018846746,2.161267618228581,
MOBO_MOEAD_EI_Hybrid_Fixed,wfg4,127,1.701052986659284,2.1313743541148695,
MOBO_MOEAD_EI_Hybrid_Fixed,wfg4,128,1.730924717686748,2.1246833644292535,
MOBO_MOEAD_EI_Hybrid_Fixed,wfg4,129,1.7345632063301653,2.108789382776552,
MOBO_MOEAD_EI_Hybrid_Fixed,wfg4,130,1.7419463182656765,2.094253449702511,
MOBO_MOEAD_EI_Hybrid_Fixed,wfg4,131,1.7458771174298455,2.0087576926309234,
MOBO_MOEAD_EI_Hybrid_Fixed,wfg4,132,1.7640396586695486,1.946835371080739,
MOBO_MOEAD_EI_Hybrid_Fixed,wfg4,133,1.7785777234497937,1.923471584326773,
MOBO_MOEAD_EI_Hybrid_Fixed,wfg4,134,1.7904272028764774,1.8177745388586124,
MOBO_MOEAD_EI_Hybrid_Fixed,wfg4,135,1.799185818438849,1.8142601720960936,
MOBO_MOEAD_EI_Hybrid_Fixed,wfg4,136,1.8146472471892705,1.8010077272546683,
MOBO_MOEAD_EI_Hybrid_Fixed,wfg4,137,1.820291264795742,1.7542616106891629,
MOBO_MOEAD_EI_Hybrid_Fixed,wfg4,138,1.8259178528556843,1.7331061330143007,
MOBO_MOEAD_EI_Hybrid_Fixed,wfg4,139,1.8326276999253404,1.7085226969882017,
MOBO_MOEAD_EI_Hybrid_Fixed,wfg4,140,1.8326915742508527,1.6901525282898395,
MOBO_MOEAD_EI_Hybrid_Fixed,wfg4,141,1.8469593680245953,1.6798121561465245,
MOBO_MOEAD_EI_Hybrid_Fixed,wfg4,142,1.854331058885614,1.6250182556513446,
MOBO_MOEAD_EI_Hybrid_Fixed,wfg4,143,1.8566251427055465,1.553994249718373,
MOBO_MOEAD_EI_Hybrid_Fixed,wfg4,144,1.864740996217515,1.5465709452639675,
MOBO_MOEAD_EI_Hybrid_Fixed,wfg4,145,1.8739792577564625,1.4420315944719733,
MOBO_MOEAD_EI_Hybrid_Fixed,wfg4,146,1.8844020957695689,1.3931665170262548,
MOBO_MOEAD_EI_Hybrid_Fixed,wfg4,147,1.9091924197869787,1.3662874610577198,
MOBO_MOEAD_EI_Hybrid_Fixed,wfg4,148,1.9149565290995296,1.3483147368626598,
MOBO_MOEAD_EI_Hybrid_Fixed,wfg4,149,1.9235783109511349,1.2910383885594965,
MOBO_MOEAD_EI_Hybrid_Fixed,wfg4,150,1.9360317753007523,1.2208496904443835,
MOBO_MOEAD_EI_Hybrid_Fixed,wfg4,151,1.943025075891549,1.203957880841472,
MOBO_MOEAD_EI_Hybrid_Fixed,wfg4,152,1.9436396079883145,1.09666644072222,
MOBO_MOEAD_EI_Hybrid_Fixed,wfg4,153,1.964401510956458,1.0256308964085596,
MOBO_MOEAD_EI_Hybrid_Fixed,wfg4,154,1.9666180811195708,0.9944620910235616,
MOBO_MOEAD_EI_Hybrid_Fixed,wfg4,155,1.969745565027503,0.984281088434482,
MOBO_MOEAD_EI_Hybrid_Fixed,wfg4,156,1.9829982589743729,0.70339927365537,
MOBO_MOEAD_EI_Hybrid_Fixed,wfg4,157,2.002955084437486,0.6472925709358166,
MOBO_MOEAD_EI_Hybrid_Fixed,wfg4,158,2.0093515265756228,0.3185986706749526,
MOBO_MOEAD_EI_Hybrid_Fixed,wfg4,159,2.0402798995455056,0.2218713417879778,
MOBO_MOEAD_EI_Hybrid_Fixed,wfg4,160,2.051630601794576,0.0529501811275096,
MOBO_MOEAD_EI_Hybrid_Fixed,wfg7,0,0.193538102240463,4.097155708479144,1.5027292894215556
MOBO_MOEAD_EI_Hybrid_Fixed,wfg7,1,0.2000959856065826,3.8011584337674793,2.8121422715675073
MOBO_MOEAD_EI_Hybrid_Fixed,wfg7,2,0.2311319751252243,4.155190332089515,1.3947356555345378
MOBO_MOEAD_EI_Hybrid_Fixed,wfg7,3,0.2437136553086258,3.197573743639235,4.018653159447845
MOBO_MOEAD_EI_Hybrid_Fixed,wfg7,4,0.244886022369875,3.612942169721975,3.300354254686962
MOBO_MOEAD_EI_Hybrid_Fixed,wfg7,5,0.24507158534673,0.2244121931503312,6.215800646835436
MOBO_MOEAD_EI_Hybrid_Fixed,wfg7,6,0.2537030880348601,0.2755111290559895,6.190183215991424
MOBO_MOEAD_EI_Hybrid_Fixed,wfg7,7,0.2553095184038349,0.2642705882535447,6.134187416594903
MOBO_MOEAD_EI_Hybrid_Fixed,wfg7,8,0.2575860881432874,0.2387548041939987,6.2125278473120105
MOBO_MOEAD_EI_Hybrid_Fixed,wfg7,9,0.2616004710919117,2.8403529159798824,4.604220582161912
MOBO_MOEAD_EI_Hybrid_Fixed,wfg7,10,0.289721781232288,0.1960047141441569,6.120391816240213
MOBO_MOEAD_EI_Hybrid_Fixed,wfg7,11,0.2915958056905568,3.1602875510054926,3.876121820841517
MOBO_MOEAD_EI_Hybrid_Fixed,wfg7,12,0.2925411656347596,4.139792600606686,1.3007908940932065
MOBO_MOEAD_EI_Hybrid_Fixed,wfg7,13,0.309787409513899,3.0675785565195146,4.269745234298598
MOBO_MOEAD_EI_Hybrid_Fixed,wfg7,14,0.3108119723630372,3.5469594107300257,3.256314449010829
MOBO_MOEAD_EI_Hybrid_Fixed,wfg7,15,0.3114794034711596,3.45818715598983,3.2430811623565496
MOBO_MOEAD_EI_Hybrid_Fixed,wfg7,16,0.331396406258484,3.129358666828422,4.139550336074061
MOBO_MOEAD_EI_Hybrid_Fixed,wfg7,17,0.3345116804433153,1.9091317251238995,5.812962335120108
MOBO_MOEAD_EI_Hybrid_Fixed,wfg7,18,0.3438636495514873,3.413314591682995,3.4122909739182448
MOBO_MOEAD_EI_Hybrid_Fixed,wfg7,19,0.3466177187274606,2.3180774921444613,5.530781216049529
MOBO_MOEAD_EI_Hybrid_Fixed,wfg7,20,0.3488319259433234,2.618890101286276,5.2662765444055735
MOBO_MOEAD_EI_Hybrid_Fixed,wfg7,21,0.3516534580128828,2.2783353176395105,5.609290732200065
MOBO_MOEAD_EI_Hybrid_Fixed,wfg7,22,0.3671676816008989,1.7401619044094851,6.00254152397423
MOBO_MOEAD_EI_Hybrid_Fixed,wfg7,23,0.3689229682621818,4.316114270798529,0.8041168256021838
MOBO_MOEAD_EI_Hybrid_Fixed,wfg7,24,0.3701433911409385,3.91400449148629,1.898134876158339
MOBO_MOEAD_EI_Hybrid_Fixed,wfg7,25,0.3701714439676361,0.3270019751665576,6.10175340125836
MOBO_MOEAD_EI_Hybrid_Fixed,wfg7,26,0.3736861147722716,2.1271397997211032,5.719955992028149
MOBO_MOEAD_EI_Hybrid_Fixed,wfg7,27,0.3779726674937851,4.36439181052406,0.4798675429942866
MOBO_MOEAD_EI_Hybrid_Fixed,wfg7,28,0.3785686889132215,3.746278592308036,2.721562975510913
MOBO_MOEAD_EI_Hybrid_Fixed,wfg7,29,0.3806913413711892,2.586477492269909,5.315601216824047
MOBO_MOEAD_EI_Hybrid_Fixed,wfg7,30,0.3812301419231499,3.36750165551352,3.8432689845778865
MOBO_MOEAD_EI_Hybrid_Fixed,wfg7,31,0.3823561421380581,2.125338205386183,5.743262606673553
MOBO_MOEAD_EI_Hybrid_Fixed,wfg7,32,0.3826692409362965,3.4409274991085104,3.179083474600168
MOBO_MOEAD_EI_Hybrid_Fixed,wfg7,33,0.3844644202823593,1.888416205579684,5.9440114144107445
MOBO_MOEAD_EI_Hybrid_Fixed,wfg7,34,0.3868534504952656,3.7864585769993586,2.631558614080968
MOBO_MOEAD_EI_Hybrid_Fixed,wfg7,35,0.3948607113539318,2.7649767953148845,5.21141931688873
MOBO_MOEAD_EI_Hybrid_Fixed,wfg7,36,0.3955107147796538,3.4369025259444657,3.317664179012005
MOBO_MOEAD_EI_Hybrid_Fixed,wfg7,37,0.395864355934383,2.4997984979245453,5.356365011703979
MOBO_MOEAD_EI_Hybrid_Fixed,wfg7,38,0.4145651286146394,1.9068868473608944,5.899286209713486
MOBO_MOEAD_EI_Hybrid_Fixed,wfg7,39,0.4152885186843756,1.8530408795811393,5.933008217683969
MOBO_MOEAD_EI_Hybrid_Fixed,wfg7,40,0.4158726045992351,4.247367260090221,1.0687136524251653
MOBO_MOEAD_EI_Hybrid_Fixed,wfg7,41,0.416549501305736,0.3652956395114875,6.086870754532022
MOBO_MOEAD_EI_Hybrid_Fixed,wfg7,42,0.4179494288285807,2.2594856642864714,5.638215257826924
MOBO_MOEAD_EI_Hybrid_Fixed,wfg7,43,0.4232385119270569,0.3201987097296078,6.114620912721662
MOBO_MOEAD_EI_Hybrid_Fixed,wfg7,44,0.4291759236739679,4.06876963678307,1.3677168069423806
MOBO_MOEAD_EI_Hybrid_Fixed,wfg7,45,0.4295356891078799,1.8224538688412095,6.0020230369843155
MOBO_MOEAD_EI_Hybrid_Fixed,wfg7,46,0.4337900883497653,3.770986723179231,2.408183108601869
MOBO_MOEAD_EI_Hybrid_Fixed,wfg7,47,0.4379261843055145,4.395552392207464,0.4428340095149026
MOBO_MOEAD_EI_Hybrid_Fixed,wfg7,48,0.4468555748066693,1.8620055056526792,5.749893398421883
MOBO_MOEAD_EI_Hybrid_Fixed,wfg7,49,0.4508707280733354,0.2540484864094664,6.057367631891198
MOBO_MOEAD_EI_Hybrid_Fixed,wfg7,50,0.4564287146476292,2.612001665003374,5.258241109188754
MOBO_MOEAD_EI_Hybrid_Fixed,wfg7,51,0.4609627585861322,2.803894602127881,5.200243836770197
MOBO_MOEAD_EI_Hybrid_Fixed,wfg7,52,0.4612556706369671,2.9754534765425045,4.5708766623696215
MOBO_MOEAD_EI_Hybrid_Fixed,wfg7,53,0.4637229603004644,2.486297125978953,5.32832467585296
MOBO_MOEAD_EI_Hybrid_Fixed,wfg7,54,0.4644467523776732,2.202120162930616,5.642685070820508
MOBO_MOEAD_EI_Hybrid_Fixed,wfg7,55,0.4645575275106863,4.36269382225461,0.3674149486935859
MOBO_MOEAD_EI_Hybrid_Fixed,wfg7,56,0.4662806820738559,2.1987120989013382,5.713589445457592
MOBO_MOEAD_EI_Hybrid_Fixed,wfg7,57,0.4707925157576941,3.11702191775562,4.236705603106301
MOBO_MOEAD_EI_Hybrid_Fixed,wfg7,58,0.4717931989732922,2.560840208909707,5.142199520877365
MOBO_MOEAD_EI_Hybrid_Fixed,wfg7,59,0.4740100655896182,2.510991297752589,5.284797463620795
MOBO_MOEAD_EI_Hybrid_Fixed,wfg7,60,0.4775588646001642,3.033887424798526,4.346250394708511
MOBO_MOEAD_EI_Hybrid_Fixed,wfg7,61,0.4789145977651327,2.519415096248919,5.272710173041085
MOBO_MOEAD_EI_Hybrid_Fixed,wfg7,62,0.48042990680788,2.031486449141447,5.6226420293356965
MOBO_MOEAD_EI_Hybrid_Fixed,wfg7,63,0.4824730730106736,2.522368908765378,5.266513279837506
MOBO_MOEAD_EI_Hybrid_Fixed,wfg7,64,0.4827608722200893,0.2902084912872923,6.055225111996351
MOBO_MOEAD_EI_Hybrid_Fixed,wfg7,65,0.5032722431139789,0.7752606038646971,6.012265878666469
MOBO_MOEAD_EI_Hybrid_Fixed,wfg7,66,0.5042327374745164,2.3125254136734767,5.590163468529059
MOBO_MOEAD_EI_Hybrid_Fixed,wfg7,67,0.5167400806008093,0.2148976053557945,6.11973051894329
MOBO_MOEAD_EI_Hybrid_Fixed,wfg7,68,0.5258817367692089,0.7762389692054229,6.000834156377042
MOBO_MOEAD_EI_Hybrid_Fixed,wfg7,69,0.5264342029081939,4.041264975470793,1.668256242404747
MOBO_MOEAD_EI_Hybrid_Fixed,wfg7,70,0.5307567005458381,4.328302493168197,0.3454995639106049
MOBO_MOEAD_EI_Hybrid_Fixed,wfg7,71,0.5323518571727612,0.3476696246752794,5.981046092327667
MOBO_MOEAD_EI_Hybrid_Fixed,wfg7,72,0.5383139325521956,2.5632546842483928,4.935255520005228
MOBO_MOEAD_EI_Hybrid_Fixed,wfg7,73,0.5520161872304892,3.256024747494845,3.873591967351063
MOBO_MOEAD_EI_Hybrid_Fixed,wfg7,74,0.5559858480348022,0.8034649345409887,5.937863742862998
MOBO_MOEAD_EI_Hybrid_Fixed,wfg7,75,0.5612437684178904,3.3965925419519674,3.721886599580992
MOBO_MOEAD_EI_Hybrid_Fixed,wfg7,76,0.5630202629243583,3.808692466629083,2.355108854867557
MOBO_MOEAD_EI_Hybrid_Fixed,wfg7,77,0.5783271397697536,4.033964821650148,1.3967509702741434
MOBO_MOEAD_EI_Hybrid_Fixed,wfg7,78,0.5792716555944311,0.3282338840424746,5.959645074716768
MOBO_MOEAD_EI_Hybrid_Fixed,wfg7,79,0.5827892098765542,1.7258349843138212,5.848939785210996
MOBO_MOEAD_EI_Hybrid_Fixed,wfg7,80,0.5888842594206617,0.3701859032623756,5.9444547189784025
MOBO_MOEAD_EI_Hybrid_Fixed,wfg7,81,0.5913318614165661,3.7163467332963784,2.259233961020593
MOBO_MOEAD_EI_Hybrid_Fixed,wfg7,82,0.595309215793969,0.313048846954816,5.9249274719799265
MOBO_MOEAD_EI_Hybrid_Fixed,wfg7,83,0.5976254761310381,3.709872513490498,3.151964318364053
MOBO_MOEAD_EI_Hybrid_Fixed,wfg7,84,0.6055697573350051,3.642399379795125,3.1336861043367703
MOBO_MOEAD_EI_Hybrid_Fixed,wfg7,85,0.6115148785071195,3.6635015685132246,2.2395338740875244
MOBO_MOEAD_EI_Hybrid_Fixed,wfg7,86,0.6142022426060015,4.277335395176492,0.3206549692196758
MOBO_MOEAD_EI_Hybrid_Fixed,wfg7,87,0.6244201433567461,2.3755463060438915,5.3391592920500415
MOBO_MOEAD_EI_Hybrid_Fixed,wfg7,88,0.6257911434962286,3.044737060015228,4.222858572110942
MOBO_MOEAD_EI_Hybrid_Fixed,wfg7,89,0.6284698656860279,1.8978546936761052,5.726829447581412
MOBO_MOEAD_EI_Hybrid_Fixed,wfg7,90,0.6295340194694703,3.9721701393856863,1.3342006817438132
MOBO_MOEAD_EI_Hybrid_Fixed,wfg7,91,0.634184862364543,2.999434296760816,4.434488873003479
MOBO_MOEAD_EI_Hybrid_Fixed,wfg7,92,0.63481011596597,2.028039505204529,5.62260721519375
MOBO_MOEAD_EI_Hybrid_Fixed,wfg7,93,0.6362053994044593,3.0278878501132103,3.785689449916593
MOBO_MOEAD_EI_Hybrid_Fixed,wfg7,94,0.6413091885021592,2.442431783491278,4.784360436520449
MOBO_MOEAD_EI_Hybrid_Fixed,wfg7,95,0.6441348938613979,2.4552433509584755,4.767178974222457
MOBO_MOEAD_EI_Hybrid_Fixed,wfg7,96,0.662871085938372,1.6406117215863232,5.862345402700499
MOBO_MOEAD_EI_Hybrid_Fixed,wfg7,97,0.665932646053941,3.978344020196155,1.3322536998221726
MOBO_MOEAD_EI_Hybrid_Fixed,wfg7,98,0.6801564199963206,1.0629397220544454,5.821567976482586
MOBO_MOEAD_EI_Hybrid_Fixed,wfg7,99,0.6964248957760101,2.947179304883771,3.982629003703453
MOBO_MOEAD_EI_Hybrid_Fixed,wfg7,100,0.6965065858299353,3.049473027515817,3.682874772490377
MOBO_MOEAD_EI_Hybrid_Fixed,wfg7,101,0.7069288780585948,0.8634335118658142,5.774695612093003
MOBO_MOEAD_EI_Hybrid_Fixed,wfg7,102,0.7134547613744011,2.7232781758105116,4.50468939482848
MOBO_MOEAD_EI_Hybrid_Fixed,wfg7,103,0.717825129360633,3.2241726591517663,3.3320896572668777
MOBO_MOEAD_EI_Hybrid_Fixed,wfg7,104,0.7180657057417728,2.126746695085036,5.14731583335431
MOBO_MOEAD_EI_Hybrid_Fixed,wfg7,105,0.7218811643422077,0.4788607902357304,5.893200639332592
MOBO_MOEAD_EI_Hybrid_Fixed,wfg7,106,0.7248086304215298,2.322285405779148,5.013795941070669
MOBO_MOEAD_EI_Hybrid_Fixed,wfg7,107,0.7288400245599841,3.6113188750083687,2.792768405325361
MOBO_MOEAD_EI_Hybrid_Fixed,wfg7,108,0.741476563815938,2.5005751345577516,4.7461562104619555
MOBO_MOEAD_EI_Hybrid_Fixed,wfg7,109,0.7415905561406746,3.545117123040664,2.9187325797501193
MOBO_MOEAD_EI_Hybrid_Fixed,wfg7,110,0.7419516596782012,2.251467761145398,4.9500447291546426
MOBO_MOEAD_EI_Hybrid_Fixed,wfg7,111,0.7421187430975223,4.23608834496892,1.130511506710152
MOBO_MOEAD_EI_Hybrid_Fixed,wfg7,112,0.7433874587299379,3.237485107709036,3.2539493283732996
MOBO_MOEAD_EI_Hybrid_Fixed,wfg7,113,0.7452496779089747,3.320578984274807,3.175351762251392
MOBO_MOEAD_EI_Hybrid_Fixed,wfg7,114,0.7513923211569352,0.4398965386260848,5.724885821194716
MOBO_MOEAD_EI_Hybrid_Fixed,wfg7,115,0.7577222726328652,4.238181663149099,1.028355183734289
MOBO_MOEAD_EI_Hybrid_Fixed,wfg7,116,0.7715358795407916,4.275763162711096,0.365038614570549
MOBO_MOEAD_EI_Hybrid_Fixed,wfg7,117,0.7773324489255159,0.2217295062528597,5.923947044969752
MOBO_MOEAD_EI_Hybrid_Fixed,wfg7,118,0.7798975069047238,2.7326273210908703,4.387916887302075
MOBO_MOEAD_EI_Hybrid_Fixed,wfg7,119,0.7872341575767031,1.307703459753999,5.5884004813845065
MOBO_MOEAD_EI_Hybrid_Fixed,wfg7,120,0.7930099778697726,4.221141501291987,0.3298689948501213
MOBO_MOEAD_EI_Hybrid_Fixed,wfg7,121,0.7992965639677003,3.4399857223739967,3.094359291437959
MOBO_MOEAD_EI_Hybrid_Fixed,wfg7,122,0.8031854715165094,1.844485203786525,5.5422286731434145
MOBO_MOEAD_EI_Hybrid_Fixed,wfg7,123,0.8121336864325998,3.593095790631123,2.673630526518479
MOBO_MOEAD_EI_Hybrid_Fixed,wfg7,124,0.812310032175721,3.890536934038866,2.0213883144410194
MOBO_MOEAD_EI_Hybrid_Fixed,wfg7,125,0.8136985906373002,0.3723915416569811,5.633665977337855
MOBO_MOEAD_EI_Hybrid_Fixed,wfg7,126,0.8344988884762476,0.4953357027080316,5.631470473000128
MOBO_MOEAD_EI_Hybrid_Fixed,wfg7,127,0.8356004075624717,3.7466411485596214,2.12321429227431
MOBO_MOEAD_EI_Hybrid_Fixed,wfg7,128,0.8366288731114928,3.963774587101786,1.6658696874371932
MOBO_MOEAD_EI_Hybrid_Fixed,wfg7,129,0.8378617565739361,0.3931210439221381,5.630864721489948
MOBO_MOEAD_EI_Hybrid_Fixed,wfg7,130,0.8444451248735362,0.5093126689606017,5.624577025738672
MOBO_MOEAD_EI_Hybrid_Fixed,wfg7,131,0.8474267203465832,3.547632820133196,2.3177508162697507
MOBO_MOEAD_EI_Hybrid_Fixed,wfg7,132,0.8494207292035113,3.5101138593964203,2.9319230285155524
MOBO_MOEAD_EI_Hybrid_Fixed,wfg7,133,0.8501566876696938,3.676909591067012,1.9936029247804743
MOBO_MOEAD_EI_Hybrid_Fixed,wfg7,134,0.8540099119007821,3.8588526377438463,1.3486793273047084
MOBO_MOEAD_EI_Hybrid_Fixed,wfg7,135,0.8561575637128606,2.57316447520693,4.578670109018333
MOBO_MOEAD_EI_Hybrid_Fixed,wfg7,136,0.8571572053109969,2.63934283754009,4.094216267490014
MOBO_MOEAD_EI_Hybrid_Fixed,wfg7,137,0.8576282886657678,0.1815101502247985,5.805177602773865
MOBO_MOEAD_EI_Hybrid_Fixed,wfg7,138,0.8662640281738085,4.015116120141159,1.1618015871456393
MOBO_MOEAD_EI_Hybrid_Fixed,wfg7,139,0.8676985230207589,0.4124934195324725,5.604004171943275
MOBO_MOEAD_EI_Hybrid_Fixed,wfg7,140,0.8887309813490325,2.4500231420956187,4.708947330994946
MOBO_MOEAD_EI_Hybrid_Fixed,wfg7,141,0.8923932934099109,1.0281462830953316,5.602083788124046
MOBO_MOEAD_EI_Hybrid_Fixed,wfg7,142,0.9036098669939286,3.3823864118159412,3.1250585408252585
MOBO_MOEAD_EI_Hybrid_Fixed,wfg7,143,0.9095801668454266,0.5568207723291596,5.594210447972825
MOBO_MOEAD_EI_Hybrid_Fixed,wfg7,144,0.9105830161441476,0.3491951227867163,5.580447995071648
MOBO_MOEAD_EI_Hybrid_Fixed,wfg7,145,0.9120119213809856,3.7230336265710697,0.8349824128294583
MOBO_MOEAD_EI_Hybrid_Fixed,wfg7,146,0.9136236271326776,1.4718313672460168,5.460796862562575
MOBO_MOEAD_EI_Hybrid_Fixed,wfg7,147,0.9164493081697848,3.8176029646339513,0.5740888025258266
MOBO_MOEAD_EI_Hybrid_Fixed,wfg7,148,0.918991346637856,1.9767743152134165,5.360540205967466
MOBO_MOEAD_EI_Hybrid_Fixed,wfg7,149,0.9218106932200474,3.647668376400354,1.9080243417552616
MOBO_MOEAD_EI_Hybrid_Fixed,wfg7,150,0.9299266017816712,3.677111426529791,1.1225394617244102
MOBO_MOEAD_EI_Hybrid_Fixed,wfg7,151,0.9304712599442616,1.5690260634533164,4.9479914778017955
MOBO_MOEAD_EI_Hybrid_Fixed,wfg7,152,0.9323649721937524,2.714062445285371,3.900833101171597
MOBO_MOEAD_EI_Hybrid_Fixed,wfg7,153,0.9372147638383777,3.5193245125081893,2.854668201695079
MOBO_MOEAD_EI_Hybrid_Fixed,wfg7,154,0.9376255710403592,0.2021326396301045,5.718105967514331
MOBO_MOEAD_EI_Hybrid_Fixed,wfg7,155,0.947334355721389,2.939461389018223,3.7467699867652935
MOBO_MOEAD_EI_Hybrid_Fixed,wfg7,156,0.9602281240354243,3.797415716991621,0.6329855457550018
MOBO_MOEAD_EI_Hybrid_Fixed,wfg7,157,0.9701535582794296,2.868236566382023,3.713913871114939
MOBO_MOEAD_EI_Hybrid_Fixed,wfg7,158,0.9727843543788374,3.2008202844315656,3.354850797679899
MOBO_MOEAD_EI_Hybrid_Fixed,wfg7,159,0.9743698748211614,0.9659887750015252,5.382738020044493
MOBO_MOEAD_EI_Hybrid_Fixed,wfg7,160,0.9798544284764908,3.7478070779922543,0.6591859513140226
MOBO_MOEAD_EI_Hybrid_Fixed,wfg7,161,0.9807184407566124,2.9466589862924093,3.691906204564995
MOBO_MOEAD_EI_Hybrid_Fixed,wfg7,162,0.9909486128734762,0.4558352780101767,5.560403941559122
MOBO_MOEAD_EI_Hybrid_Fixed,wfg7,163,0.9914140853662452,0.5757318516567211,5.404715939767864
MOBO_MOEAD_EI_Hybrid_Fixed,wfg7,164,1.005486432767037,3.973686591974511,0.2610808561254297
MOBO_MOEAD_EI_Hybrid_Fixed,wfg7,165,1.0101412858273544,3.0904484191553045,3.2892899957694275
MOBO_MOEAD_EI_Hybrid_Fixed,wfg7,166,1.010551444051745,0.2347470218567482,5.626358390988857
MOBO_MOEAD_EI_Hybrid_Fixed,wfg7,167,1.0109987677101382,3.3758201623233175,3.0014679474877957
MOBO_MOEAD_EI_Hybrid_Fixed,wfg7,168,1.0170836832264576,2.602549768848592,4.2454000960944125
MOBO_MOEAD_EI_Hybrid_Fixed,wfg7,169,1.0194955875874,1.0349316865018885,5.290899573287567
MOBO_MOEAD_EI_Hybrid_Fixed,wfg7,170,1.02342023865684,2.952551074832073,3.2983628839926293
MOBO_MOEAD_EI_Hybrid_Fixed,wfg7,171,1.0269934286577225,0.512962290669478,5.4480995423159015
MOBO_MOEAD_EI_Hybrid_Fixed,wfg7,172,1.032035017789039,2.8265353934745927,3.499520162286925
MOBO_MOEAD_EI_Hybrid_Fixed,wfg7,173,1.0354068368239038,0.5671964775274443,5.339997555955253
MOBO_MOEAD_EI_Hybrid_Fixed,wfg7,174,1.0354525490791735,3.332272368065986,1.9550807226400624
MOBO_MOEAD_EI_Hybrid_Fixed,wfg7,175,1.0381612347600426,1.7823638193353395,4.658810953103828
MOBO_MOEAD_EI_Hybrid_Fixed,wfg7,176,1.0483474490953544,3.318372643609159,3.167636619208352
MOBO_MOEAD_EI_Hybrid_Fixed,wfg7,177,1.0488446791186037,2.6304861937351167,4.128916372838328
MOBO_MOEAD_EI_Hybrid_Fixed,wfg7,178,1.060117510385989,0.4993459134097681,5.322573204323099
MOBO_MOEAD_EI_Hybrid_Fixed,wfg7,179,1.06151208526918,3.5339260469693605,0.98666859524771
MOBO_MOEAD_EI_Hybrid_Fixed,wfg7,180,1.0688044098935854,0.3007516997803214,5.61262806841766
MOBO_MOEAD_EI_Hybrid_Fixed,wfg7,181,1.071494295439032,3.2241721427675545,2.9755122460218777
MOBO_MOEAD_EI_Hybrid_Fixed,wfg7,182,1.0726297140442465,3.17106337940905,3.0111134735986447
MOBO_MOEAD_EI_Hybrid_Fixed,wfg7,183,1.0767775270797395,3.8082748155330144,0.6128361542902993
MOBO_MOEAD_EI_Hybrid_Fixed,wfg7,184,1.083593341591251,2.586913670125377,3.5777000949380753
MOBO_MOEAD_EI_Hybrid_Fixed,wfg7,185,1.0874456384327431,3.531652000219525,1.179151960966718
MOBO_MOEAD_EI_Hybrid_Fixed,wfg7,186,1.08817106479035,2.1447300966700658,4.160374059538957
MOBO_MOEAD_EI_Hybrid_Fixed,wfg7,187,1.0965348921187097,3.2102895343549633,2.1693385844070683
MOBO_MOEAD_EI_Hybrid_Fixed,wfg7,188,1.102373130810173,0.7074012148254138,5.199708282278467
MOBO_MOEAD_EI_Hybrid_Fixed,wfg7,189,1.1067330101671882,1.5477459160283726,5.062332559500667
MOBO_MOEAD_EI_Hybrid_Fixed,wfg7,190,1.117533829556403,3.582681259867486,0.6032859904215524
MOBO_MOEAD_EI_Hybrid_Fixed,wfg7,191,1.1261673705164998,3.314675911280022,1.5946905031784573
MOBO_MOEAD_EI_Hybrid_Fixed,wfg7,192,1.1276520999108788,1.911691576805644,4.3771060106405955
MOBO_MOEAD_EI_Hybrid_Fixed,wfg7,193,1.1361198463930782,0.8780659688570936,5.1414930569527995
MOBO_MOEAD_EI_Hybrid_Fixed,wfg7,194,1.1381897677476105,2.010702775670096,4.201842119673131
MOBO_MOEAD_EI_Hybrid_Fixed,wfg7,195,1.142414876556865,0.526262381699783,5.165272578605312
MOBO_MOEAD_EI_Hybrid_Fixed,wfg7,196,1.151131115945926,3.178270904157761,2.301441668088892
MOBO_MOEAD_EI_Hybrid_Fixed,wfg7,197,1.1514985652692482,3.123332276569669,2.9909200102576836
MOBO_MOEAD_EI_Hybrid_Fixed,wfg7,198,1.1530274484734333,0.7125989279748524,5.1554314477187875
MOBO_MOEAD_EI_Hybrid_Fixed,wfg7,199,1.1675896895494366,2.0047957636119653,4.291511760484898
MOBO_MOEAD_EI_Hybrid_Fixed,wfg7,200,1.169584073613503,1.9847797772342373,4.283794459845012
MOBO_MOEAD_EI_Hybrid_Fixed,wfg7,201,1.1711481654700988,3.101066305260235,3.2118511725157086
MOBO_MOEAD_EI_Hybrid_Fixed,wfg7,202,1.175384151224217,1.3538800403355962,5.024778871921555
MOBO_MOEAD_EI_Hybrid_Fixed,wfg7,203,1.1812582947275083,2.6373905226633196,3.2294776360702557
MOBO_MOEAD_EI_Hybrid_Fixed,wfg7,204,1.18831366289072,2.9044980803054825,3.03878402319099
MOBO_MOEAD_EI_Hybrid_Fixed,wfg7,205,1.1907283021254949,0.6842453414157211,5.043415971628223
MOBO_MOEAD_EI_Hybrid_Fixed,wfg7,206,1.1989323149614373,0.2169991710239754,5.383134078554301
MOBO_MOEAD_EI_Hybrid_Fixed,wfg7,207,1.2029511933244197,1.452879581222571,5.001538614033083
MOBO_MOEAD_EI_Hybrid_Fixed,wfg7,208,1.205351048161529,2.096635362979188,3.939459541862565
MOBO_MOEAD_EI_Hybrid_Fixed,wfg7,209,1.2069185482934484,3.747063053444207,0.2426612873046861
MOBO_MOEAD_EI_Hybrid_Fixed,wfg7,210,1.2097079094911891,3.0805820742946963,2.23718006573842
MOBO_MOEAD_EI_Hybrid_Fixed,wfg7,211,1.211421636869045,2.5104390151236537,3.5029208436442265
MOBO_MOEAD_EI_Hybrid_Fixed,wfg7,212,1.2184146161683085,3.095090137514609,2.124638068209112
MOBO_MOEAD_EI_Hybrid_Fixed,wfg7,213,1.222627090578031,3.1613576086820716,1.983661344533422
MOBO_MOEAD_EI_Hybrid_Fixed,wfg7,214,1.226344867149633,0.8730014736294749,4.973559501423355
MOBO_MOEAD_EI_Hybrid_Fixed,wfg7,215,1.2265194205880947,2.4475239562841495,3.5071945097503057
MOBO_MOEAD_EI_Hybrid_Fixed,wfg7,216,1.2272881042225643,2.7876909203406046,2.6922937509985365
MOBO_MOEAD_EI_Hybrid_Fixed,wfg7,217,1.2273935344169236,0.6043041444605699,5.162561674971588
MOBO_MOEAD_EI_Hybrid_Fixed,wfg7,218,1.228308196705029,2.699962044522106,3.2030811937947963
MOBO_MOEAD_EI_Hybrid_Fixed,wfg7,219,1.2287862955947626,2.4004522205063212,3.426290755176378
MOBO_MOEAD_EI_Hybrid_Fixed,wfg7,220,1.22940872859754,2.6064888973463987,3.3747438400895327
MOBO_MOEAD_EI_Hybrid_Fixed,wfg7,221,1.244724980872281,3.265079344493036,1.787505118883543
MOBO_MOEAD_EI_Hybrid_Fixed,wfg7,222,1.249329916581266,3.224594584740983,1.9054322955542609
MOBO_MOEAD_EI_Hybrid_Fixed,wfg7,223,1.251266718247762,2.5537628031940165,3.381089845343027
MOBO_MOEAD_EI_Hybrid_Fixed,wfg7,224,1.258015441285638,0.3319278111608553,5.338762768799069
MOBO_MOEAD_EI_Hybrid_Fixed,wfg7,225,1.2585362455129407,2.7064840508838035,3.193375101057196
MOBO_MOEAD_EI_Hybrid_Fixed,wfg7,226,1.2642243363108594,0.3066071651387366,5.2719869136149455
MOBO_MOEAD_EI_Hybrid_Fixed,wfg7,227,1.2686166613910024,2.7537289016195543,2.8354154875726496
MOBO_MOEAD_EI_Hybrid_Fixed,wfg7,228,1.2715941696756612,1.880684627291531,4.253866827431182
MOBO_MOEAD_EI_Hybrid_Fixed,wfg7,229,1.2717092949548108,0.9205529109387128,4.920630731975724
MOBO_MOEAD_EI_Hybrid_Fixed,wfg7,230,1.2892868887611748,2.3096695338660864,3.433182253543364
MOBO_MOEAD_EI_Hybrid_Fixed,wfg7,231,1.2920700026845573,1.331057640780814,4.837139289253307
MOBO_MOEAD_EI_Hybrid_Fixed,wfg7,232,1.3048113302652264,1.8212001126368496,4.014484069579387
MOBO_MOEAD_EI_Hybrid_Fixed,wfg7,233,1.3054307541495624,1.3783585736227646,4.564596737713775
MOBO_MOEAD_EI_Hybrid_Fixed,wfg7,234,1.308684063766716,0.5772301553813034,4.831992527350536
MOBO_MOEAD_EI_Hybrid_Fixed,wfg7,235,1.3089092200749608,3.12653927275874,1.731599137794619
MOBO_MOEAD_EI_Hybrid_Fixed,wfg7,236,1.312985742457263,0.5904252436731164,4.746616974684823
MOBO_MOEAD_EI_Hybrid_Fixed,wfg7,237,1.314201726166152,2.5512239595028547,3.0005285666034327
MOBO_MOEAD_EI_Hybrid_Fixed,wfg7,238,1.31584319531471,2.2202372062235196,3.354087853669768
MOBO_MOEAD_EI_Hybrid_Fixed,wfg7,239,1.3241414716196362,2.50875689443665,3.107554324984743
MOBO_MOEAD_EI_Hybrid_Fixed,wfg7,240,1.3268359329342112,2.1666215456302846,3.5091473802555457
MOBO_MOEAD_EI_Hybrid_Fixed,wfg7,241,1.327657577925649,0.1596734836087805,4.974667749043045
MOBO_MOEAD_EI_Hybrid_Fixed,wfg7,242,1.3410863635042776,0.8873970979589609,4.573657921931295
MOBO_MOEAD_EI_Hybrid_Fixed,wfg7,243,1.352446150644821,3.5422110252906847,0.6860657322594164
MOBO_MOEAD_EI_Hybrid_Fixed,wfg7,244,1.352793369527861,0.7307009482332213,4.584187068543594
MOBO_MOEAD_EI_Hybrid_Fixed,wfg7,245,1.3602577577409445,2.644278721767029,2.8418746720307997
MOBO_MOEAD_EI_Hybrid_Fixed,wfg7,246,1.3611573127010186,3.326698241597423,1.4185830458450135
MOBO_MOEAD_EI_Hybrid_Fixed,wfg7,247,1.36155924264429,2.237065523442977,3.3421369455426575
MOBO_MOEAD_EI_Hybrid_Fixed,wfg7,248,1.370570469386788,3.3965230674182147,0.8135477047156949
MOBO_MOEAD_EI_Hybrid_Fixed,wfg7,249,1.3718429991900662,0.1934978564214005,4.958511132503906
MOBO_MOEAD_EI_Hybrid_Fixed,wfg7,250,1.3818006053597458,3.1802088440987175,0.6998818246693339
MOBO_MOEAD_EI_Hybrid_Fixed,wfg7,251,1.3927938238932476,2.1695712246105106,3.4703854580563367
MOBO_MOEAD_EI_Hybrid_Fixed,wfg7,252,1.3978536313427878,0.9223845561349772,4.544277216522763
MOBO_MOEAD_EI_Hybrid_Fixed,wfg7,253,1.3983117234172366,3.0350389371059663,2.2120092790509593
MOBO_MOEAD_EI_Hybrid_Fixed,wfg7,254,1.401103816039041,3.1456938851135297,0.6322026077023568
MOBO_MOEAD_EI_Hybrid_Fixed,wfg7,255,1.402001838683642,2.4157526690716487,2.9546623241849583
MOBO_MOEAD_EI_Hybrid_Fixed,wfg7,256,1.4219230695547946,2.0807308366347126,3.5155678848534557
MOBO_MOEAD_EI_Hybrid_Fixed,wfg7,257,1.4238431430535132,1.9026188391628356,3.630199817673442
MOBO_MOEAD_EI_Hybrid_Fixed,wfg7,258,1.4251082006452414,1.7463539076313517,3.689601566097611
MOBO_MOEAD_EI_Hybrid_Fixed,wfg7,259,1.4264797291394602,3.244804000020894,0.506233215422932
MOBO_MOEAD_EI_Hybrid_Fixed,wfg7,260,1.43010991285077,2.318348680650891,3.044549974220103
MOBO_MOEAD_EI_Hybrid_Fixed,wfg7,261,1.4309515042258032,3.0694993215004764,0.6240531370532296
MOBO_MOEAD_EI_Hybrid_Fixed,wfg7,262,1.4318008787059455,1.7275638181723658,3.6651243568964382
MOBO_MOEAD_EI_Hybrid_Fixed,wfg7,263,1.4364512610852975,2.9679361837109255,2.5736847485230685
MOBO_MOEAD_EI_Hybrid_Fixed,wfg7,264,1.4392656804193416,1.913877759550454,3.538176762377724
MOBO_MOEAD_EI_Hybrid_Fixed,wfg7,265,1.4412658846251911,1.5764704356555823,4.12421478855584
MOBO_MOEAD_EI_Hybrid_Fixed,wfg7,266,1.456684482311218,2.6860130752081943,2.527308155288443
MOBO_MOEAD_EI_Hybrid_Fixed,wfg7,267,1.4573270798772997,2.191134956292963,3.4031001692523595
MOBO_MOEAD_EI_Hybrid_Fixed,wfg7,268,1.4579615255822274,1.1848677078033891,4.176747282489326
MOBO_MOEAD_EI_Hybrid_Fixed,wfg7,269,1.4613024237509675,2.3485867772577724,2.756975192283662
MOBO_MOEAD_EI_Hybrid_Fixed,wfg7,270,1.4616079620937077,3.0205935263970316,0.5268620198249281
MOBO_MOEAD_EI_Hybrid_Fixed,wfg7,271,1.4628749910638934,2.583151654870548,2.2110890662447504
MOBO_MOEAD_EI_Hybrid_Fixed,wfg7,272,1.4629295423178583,3.2753413206025477,0.3611150947219476
MOBO_MOEAD_EI_Hybrid_Fixed,wfg7,273,1.4670597853967886,2.468102595093828,2.673133130519316
MOBO_MOEAD_EI_Hybrid_Fixed,wfg7,274,1.4768986058333893,2.5816163368312757,2.4289976436351144
MOBO_MOEAD_EI_Hybrid_Fixed,wfg7,275,1.4778435666565235,2.304722898610881,2.790913201031289
MOBO_MOEAD_EI_Hybrid_Fixed,wfg7,276,1.4788361198754147,0.8049126995637514,4.369997833341441
MOBO_MOEAD_EI_Hybrid_Fixed,wfg7,277,1.48380858708257,2.964185478153619,0.6550712833601928
MOBO_MOEAD_EI_Hybrid_Fixed,wfg7,278,1.4845635996545956,0.6278346786615014,4.462045175182183
MOBO_MOEAD_EI_Hybrid_Fixed,wfg7,279,1.4856507606017952,2.1726447132150404,3.189290250571428
MOBO_MOEAD_EI_Hybrid_Fixed,wfg7,280,1.4941932384778982,1.5562874711551875,3.6992758853887633
MOBO_MOEAD_EI_Hybrid_Fixed,wfg7,281,1.4961334206332773,3.0574454655364627,0.1782420123190791
MOBO_MOEAD_EI_Hybrid_Fixed,wfg7,282,1.496610797704492,0.7663142996838447,4.380164632619628
MOBO_MOEAD_EI_Hybrid_Fixed,wfg7,283,1.4970029380949563,2.466237545494766,2.2897156486145094
MOBO_MOEAD_EI_Hybrid_Fixed,wfg7,284,1.5136080589838874,3.0075160456848224,0.3663080492985665
MOBO_MOEAD_EI_Hybrid_Fixed,wfg7,285,1.515475722513424,2.004438095695346,3.4831223113916323
MOBO_MOEAD_EI_Hybrid_Fixed,wfg7,286,1.530697283685469,1.6128561712613343,3.5578991374587665
MOBO_MOEAD_EI_Hybrid_Fixed,wfg7,287,1.5314232827298206,2.821073841802584,0.3391140669493651
MOBO_MOEAD_EI_Hybrid_Fixed,wfg7,288,1.534308307015277,1.4787492422672726,4.031485130454988
MOBO_MOEAD_EI_Hybrid_Fixed,wfg7,289,1.5359913672653926,2.3464816345762185,2.466812668768918
MOBO_MOEAD_EI_Hybrid_Fixed,wfg7,290,1.536075229608458,3.028112966709229,0.1965804587345114
MOBO_MOEAD_EI_Hybrid_Fixed,wfg7,291,1.5370916586938446,2.925121530228705,0.2428375634425445
MOBO_MOEAD_EI_Hybrid_Fixed,wfg7,292,1.5372224905441605,0.233468421700163,4.491438084091316
MOBO_MOEAD_EI_Hybrid_Fixed,wfg7,293,1.5544090995210107,2.33262704535914,2.6956702660947167
MOBO_MOEAD_EI_Hybrid_Fixed,wfg7,294,1.563540689864365,1.1230506927892772,4.1536310136371934
MOBO_MOEAD_EI_Hybrid_Fixed,wfg7,295,1.564880058530674,2.6008985510757627,2.017534307087768
MOBO_MOEAD_EI_Hybrid_Fixed,wfg7,296,1.567217043508316,1.870535653555264,3.483634534459423
MOBO_MOEAD_EI_Hybrid_Fixed,wfg7,297,1.5695410092993591,2.1209515405827344,3.387847204898977
MOBO_MOEAD_EI_Hybrid_Fixed,wfg7,298,1.577347132648964,1.0568077297652552,3.796629618764971
MOBO_MOEAD_EI_Hybrid_Fixed,wfg7,299,1.58442912119706,0.9038156224068488,4.086315438420042
MOBO_MOEAD_EI_Hybrid_Fixed,wfg7,300,1.5868916125768848,0.469392718102408,4.235168590976996
MOBO_MOEAD_EI_Hybrid_Fixed,wfg7,301,1.587158673767182,2.406926035051305,1.9431983046563992
MOBO_MOEAD_EI_Hybrid_Fixed,wfg7,302,1.5890032912577958,0.1632164193324415,4.365501041705606
MOBO_MOEAD_EI_Hybrid_Fixed,wfg7,303,1.5942377608453056,0.7685974946796922,3.950050008803288
MOBO_MOEAD_EI_Hybrid_Fixed,wfg7,304,1.5949393202393911,2.793294678306265,0.5889944964124649
MOBO_MOEAD_EI_Hybrid_Fixed,wfg7,305,1.5966539707785778,2.3146017539752464,2.380972282684075
MOBO_MOEAD_EI_Hybrid_Fixed,wfg7,306,1.5983593832348253,3.01823326068227,0.2246972100680231
MOBO_MOEAD_EI_Hybrid_Fixed,wfg7,307,1.6027585711059924,1.2711177896077952,3.737091783945512
MOBO_MOEAD_EI_Hybrid_Fixed,wfg7,308,1.6085423868614237,2.36279762431415,1.889252313710102
MOBO_MOEAD_EI_Hybrid_Fixed,wfg7,309,1.6104869543531994,1.9021899052671272,3.458814579995594
MOBO_MOEAD_EI_Hybrid_Fixed,wfg7,310,1.6112226261771632,2.242399978112096,1.9783966685894636
MOBO_MOEAD_EI_Hybrid_Fixed,wfg7,311,1.612746816088643,0.1983649804160157,4.337935946900911
MOBO_MOEAD_EI_Hybrid_Fixed,wfg7,312,1.616316679689164,2.0157035305145903,3.1415119341706794
MOBO_MOEAD_EI_Hybrid_Fixed,wfg7,313,1.617803757799496,0.1812564680195106,4.030716734780899
MOBO_MOEAD_EI_Hybrid_Fixed,wfg7,314,1.619236633115629,2.150969901332245,2.478857490208975
MOBO_MOEAD_EI_Hybrid_Fixed,wfg7,315,1.626970824147787,2.7540462727257524,0.7313450893899887
MOBO_MOEAD_EI_Hybrid_Fixed,wfg7,316,1.6338161641323596,2.121557572675975,2.322812822192115
MOBO_MOEAD_EI_Hybrid_Fixed,wfg7,317,1.634272331256252,0.931643019736194,3.8118516409708705
MOBO_MOEAD_EI_Hybrid_Fixed,wfg7,318,1.6403765501076262,2.0796190801849783,2.2914255271690593
MOBO_MOEAD_EI_Hybrid_Fixed,wfg7,319,1.6435318763332774,2.032832250549202,2.461557859576342
MOBO_MOEAD_EI_Hybrid_Fixed,wfg7,320,1.647653696732842,1.3470255655430994,3.361290839389461
MOBO_MOEAD_EI_Hybrid_Fixed,wfg7,321,1.6513606636290412,1.1940804782341476,3.4540066304505928
MOBO_MOEAD_EI_Hybrid_Fixed,wfg7,322,1.6525788816884586,0.821438455500024,3.463704302514865
MOBO_MOEAD_EI_Hybrid_Fixed,wfg7,323,1.6596416384186536,2.471785046804927,1.5731894263198098
MOBO_MOEAD_EI_Hybrid_Fixed,wfg7,324,1.665582205703759,2.3831155387452236,1.5183204818913796
MOBO_MOEAD_EI_Hybrid_Fixed,wfg7,325,1.6738805419591545,2.7738015420801094,0.212328034970669
MOBO_MOEAD_EI_Hybrid_Fixed,wfg7,326,1.6760858699517205,1.94441058820439,2.417421026875731
MOBO_MOEAD_EI_Hybrid_Fixed,wfg7,327,1.6821355130309603,0.7174595512185951,3.9948500854535394
MOBO_MOEAD_EI_Hybrid_Fixed,wfg7,328,1.6862444817272888,1.9820922414041529,2.1691242876482724
MOBO_MOEAD_EI_Hybrid_Fixed,wfg7,329,1.69613559430302,2.1156936975672456,1.6143452070115076
MOBO_MOEAD_EI_Hybrid_Fixed,wfg7,330,1.6965090317199607,1.5533937494015218,3.286219616038856
MOBO_MOEAD_EI_Hybrid_Fixed,wfg7,331,1.6989998334766092,2.3980032548786787,1.1359730178725511
MOBO_MOEAD_EI_Hybrid_Fixed,wfg7,332,1.7017257805660235,2.3021959589685292,1.4402350880617067
MOBO_MOEAD_EI_Hybrid_Fixed,wfg7,333,1.7099886321922808,1.3565335287484566,3.112837296723691
MOBO_MOEAD_EI_Hybrid_Fixed,wfg7,334,1.71433224243023,2.599969296943883,0.858732050308182
MOBO_MOEAD_EI_Hybrid_Fixed,wfg7,335,1.7162776928642185,1.7960321602605185,2.266610877221374
MOBO_MOEAD_EI_Hybrid_Fixed,wfg7,336,1.7275770579784593,1.2209142814429603,3.446988311205679
MOBO_MOEAD_EI_Hybrid_Fixed,wfg7,337,1.7312438531741858,0.6062444635693094,3.739279606022589
MOBO_MOEAD_EI_Hybrid_Fixed,wfg7,338,1.734336719225481,0.7220972086113716,3.3706754386970252
MOBO_MOEAD_EI_Hybrid_Fixed,wfg7,339,1.7382612617222957,2.2317610166991675,1.4952562736633574
MOBO_MOEAD_EI_Hybrid_Fixed,wfg7,340,1.7387031133578834,1.927572952773834,1.7797001533572272
MOBO_MOEAD_EI_Hybrid_Fixed,wfg7,341,1.7397742860386598,1.8550113280373348,2.1950798160659892
MOBO_MOEAD_EI_Hybrid_Fixed,wfg7,342,1.7415285269531606,2.282905389565857,1.1338026741903895
MOBO_MOEAD_EI_Hybrid_Fixed,wfg7,343,1.7432507387472511,0.7129689878722462,3.67330564461578
MOBO_MOEAD_EI_Hybrid_Fixed,wfg7,344,1.746194114827916,1.865153723531859,1.80169802083989
MOBO_MOEAD_EI_Hybrid_Fixed,wfg7,345,1.7531414867370394,2.3433459680414344,0.8582621541103691
MOBO_MOEAD_EI_Hybrid_Fixed,wfg7,346,1.7532702684365349,0.9141214888481916,2.995150662945417
MOBO_MOEAD_EI_Hybrid_Fixed,wfg7,347,1.7572874441872142,2.3044205448256228,0.5172861201825981
MOBO_MOEAD_EI_Hybrid_Fixed,wfg7,348,1.7621578903807251,2.607032452634423,0.2400308263768684
MOBO_MOEAD_EI_Hybrid_Fixed,wfg7,349,1.766334615266712,2.1477854965099796,0.7552090566599543
MOBO_MOEAD_EI_Hybrid_Fixed,wfg7,350,1.7670873891211067,1.569467112358563,2.3061241166012754
MOBO_MOEAD_EI_Hybrid_Fixed,wfg7,351,1.7686668366755898,0.798219029630287,3.126864978913241
MOBO_MOEAD_EI_Hybrid_Fixed,wfg7,352,1.7693054736375382,1.787074971683401,1.951430990348307
MOBO_MOEAD_EI_Hybrid_Fixed,wfg7,353,1.7732943188218466,1.7627091570577644,2.06770039754616
MOBO_MOEAD_EI_Hybrid_Fixed,wfg7,354,1.7733025563433014,1.5552241503112767,2.160655518916168
MOBO_MOEAD_EI_Hybrid_Fixed,wfg7,355,1.7735821662937563,2.062252900367181,1.4873827743878272
MOBO_MOEAD_EI_Hybrid_Fixed,wfg7,356,1.7754680912526932,2.5720459803460023,0.3733835814712112
MOBO_MOEAD_EI_Hybrid_Fixed,wfg7,357,1.7859990285894738,0.4174579240007497,3.6003745953861803
MOBO_MOEAD_EI_Hybrid_Fixed,wfg7,358,1.7949793402306655,2.063731400443978,0.5010727722247293
MOBO_MOEAD_EI_Hybrid_Fixed,wfg7,359,1.7972593682580604,1.6916037322399895,2.039367971643442
MOBO_MOEAD_EI_Hybrid_Fixed,wfg7,360,1.806841342160512,1.364015378960857,2.79232245101335
MOBO_MOEAD_EI_Hybrid_Fixed,wfg7,361,1.8100472304743176,0.2850574639116802,3.2215398426705133
MOBO_MOEAD_EI_Hybrid_Fixed,wfg7,362,1.8143555410297183,2.075820741182123,0.1225626325046918
MOBO_MOEAD_EI_Hybrid_Fixed,wfg7,363,1.830093235475348,1.9532957999979408,1.7533462170312326
MOBO_MOEAD_EI_Hybrid_Fixed,wfg7,364,1.8328822604432848,1.9956692283789383,0.559194492167128
MOBO_MOEAD_EI_Hybrid_Fixed,wfg7,365,1.8337806814403308,1.911814288709688,0.6453454119469776
MOBO_MOEAD_EI_Hybrid_Fixed,wfg7,366,1.8344677547129415,1.654861262231831,2.0662736675094733
MOBO_MOEAD_EI_Hybrid_Fixed,wfg7,367,1.8414608039332636,0.2127338972570105,3.619228482696605
MOBO_MOEAD_EI_Hybrid_Fixed,wfg7,368,1.849154228024424,0.9631385249405152,2.6287232653116
MOBO_MOEAD_EI_Hybrid_Fixed,wfg7,369,1.8522675922889216,1.8228126180104764,1.8547876744717913
MOBO_MOEAD_EI_Hybrid_Fixed,wfg7,370,1.855884483898236,0.7590539419601586,3.136135244426291
MOBO_MOEAD_EI_Hybrid_Fixed,wfg7,371,1.856568670566742,0.6066962458128123,2.985573083872984
MOBO_MOEAD_EI_Hybrid_Fixed,wfg7,372,1.861010599211521,0.9301003497954908,2.911189646694766
MOBO_MOEAD_EI_Hybrid_Fixed,wfg7,373,1.8649660007906663,0.2228806657180816,3.39171901134787
MOBO_MOEAD_EI_Hybrid_Fixed,wfg7,374,1.8673758140602277,1.175367099553854,2.566606339310701
MOBO_MOEAD_EI_Hybrid_Fixed,wfg7,375,1.870073407752869,2.053418253664484,0.4935398034839137
MOBO_MOEAD_EI_Hybrid_Fixed,wfg7,376,1.8741048741548392,1.659973872247543,0.758559417503056
MOBO_MOEAD_EI_Hybrid_Fixed,wfg7,377,1.8776172697841964,1.2197342537800004,2.1346715104583605
MOBO_MOEAD_EI_Hybrid_Fixed,wfg7,378,1.8873147696115584,1.1070329243986097,2.3179585140458716
MOBO_MOEAD_EI_Hybrid_Fixed,wfg7,379,1.889143769930046,1.6484635651533726,1.0403978089057266
MOBO_MOEAD_EI_Hybrid_Fixed,wfg7,380,1.890619456291284,0.5733381227792256,2.523198124221615
MOBO_MOEAD_EI_Hybrid_Fixed,wfg7,381,1.8926586857605872,0.8285591757504609,2.4560002000684897
MOBO_MOEAD_EI_Hybrid_Fixed,wfg7,382,1.9005409532693929,0.9743422471815226,2.3562759153043276
MOBO_MOEAD_EI_Hybrid_Fixed,wfg7,383,1.903782475581378,1.333874532416169,2.0258991817858636
MOBO_MOEAD_EI_Hybrid_Fixed,wfg7,384,1.90771609177394,1.675037571038175,0.1526944823938265
MOBO_MOEAD_EI_Hybrid_Fixed,wfg7,385,1.9091980480666169,1.623193312856204,0.5808653549453736
MOBO_MOEAD_EI_Hybrid_Fixed,wfg7,386,1.9182617635575725,0.9298758106410244,2.3334297667495214
MOBO_MOEAD_EI_Hybrid_Fixed,wfg7,387,1.920009870295715,0.9560011780579905,2.108723084451952
MOBO_MOEAD_EI_Hybrid_Fixed,wfg7,388,1.921732385048882,1.0298023839335193,1.8673880364036832
MOBO_MOEAD_EI_Hybrid_Fixed,wfg7,389,1.9244638819167537,1.4648518107537123,1.553366033572719
MOBO_MOEAD_EI_Hybrid_Fixed,wfg7,390,1.9287745681052169,1.7854347969944104,0.131314375527651
MOBO_MOEAD_EI_Hybrid_Fixed,wfg7,391,1.9292911248495004,0.8186009812276616,2.09264451738667
MOBO_MOEAD_EI_Hybrid_Fixed,wfg7,392,1.9296251437714975,1.544323704924106,0.8094609061080885
MOBO_MOEAD_EI_Hybrid_Fixed,wfg7,393,1.934295153189192,0.1049690318670293,2.5302717916551134
MOBO_MOEAD_EI_Hybrid_Fixed,wfg7,394,1.938612468203616,1.657667701843062,0.2218854118256695
MOBO_MOEAD_EI_Hybrid_Fixed,wfg7,395,1.9430507162799469,1.0044562467861475,1.8676989739652512
MOBO_MOEAD_EI_Hybrid_Fixed,wfg7,396,1.9437001703329264,0.9885600007519846,2.014942479204066
MOBO_MOEAD_EI_Hybrid_Fixed,wfg7,397,1.9475075231525991,1.2489092077340431,0.5880829769479403
MOBO_MOEAD_EI_Hybrid_Fixed,wfg7,398,1.9556844898925791,0.7707975262006881,1.898223567084626
MOBO_MOEAD_EI_Hybrid_Fixed,wfg7,399,1.9593238622692493,1.2034303887252846,1.841947761766849
MOBO_MOEAD_EI_Hybrid_Fixed,wfg7,400,1.965324194956278,1.6536918127894518,0.3855165138628024
MOBO_MOEAD_EI_Hybrid_Fixed,wfg7,401,1.9675646850823512,1.040843056030103,1.7013894867752386
MOBO_MOEAD_EI_Hybrid_Fixed,wfg7,402,1.968331904843175,0.1114338529435588,2.340070062727627
MOBO_MOEAD_EI_Hybrid_Fixed,wfg7,403,1.977269093855371,0.9850780315614488,1.8791319876012111
MOBO_MOEAD_EI_Hybrid_Fixed,wfg7,404,1.9809353416430329,1.489217828889699,0.3979985011491224
MOBO_MOEAD_EI_Hybrid_Fixed,wfg7,405,1.9837102371579836,0.4059262474480185,2.1558209203054033
MOBO_MOEAD_EI_Hybrid_Fixed,wfg7,406,1.9842712195233931,0.8419409966738104,1.5119429907503723
MOBO_MOEAD_EI_Hybrid_Fixed,wfg7,407,1.9848293917963489,1.5770665864762707,0.1218738108809582
MOBO_MOEAD_EI_Hybrid_Fixed,wfg7,408,1.9868293298823427,1.5108965268828756,0.1930831783042523
MOBO_MOEAD_EI_Hybrid_Fixed,wfg7,409,1.9931769686248744,0.7374471738026177,1.900827107781644
MOBO_MOEAD_EI_Hybrid_Fixed,wfg7,410,1.994203545266508,0.3701161411897146,1.60701102347096
MOBO_MOEAD_EI_Hybrid_Fixed,wfg7,411,2.00246733728946,0.9962536554517718,1.0290811880611468
MOBO_MOEAD_EI_Hybrid_Fixed,wfg7,412,2.006003622583486,1.329690940098904,0.1611118394538203
MOBO_MOEAD_EI_Hybrid_Fixed,wfg7,413,2.006566777130588,0.8098009616072301,1.300215879927596
MOBO_MOEAD_EI_Hybrid_Fixed,wfg7,414,2.0161456335585854,0.1390238516563262,2.177132348618128
MOBO_MOEAD_EI_Hybrid_Fixed,wfg7,415,2.0225933116519164,1.323954448825324,0.2345159458129237
MOBO_MOEAD_EI_Hybrid_Fixed,wfg7,416,2.0245396078355857,0.784152892093138,1.2082347450291
MOBO_MOEAD_EI_Hybrid_Fixed,wfg7,417,2.034084130297768,0.3680954477904949,1.1100912085566037
MOBO_MOEAD_EI_Hybrid_Fixed,wfg7,418,2.048563552841058,1.0033221124253369,0.1727209530038287
MOBO_MOEAD_EI_Hybrid_Fixed,wfg7,419,2.049944371349401,0.9024122913593926,0.7614414635028574
MOBO_MOEAD_EI_Hybrid_Fixed,wfg7,420,2.0618117667035345,0.6828455962947623,0.1742320132338386
MOBO_MOEAD_EI_Hybrid_Fixed,wfg7,421,2.063459549888772,0.3284862989033676,1.4697551030652765
MOBO_MOEAD_EI_Hybrid_Fixed,wfg7,422,2.0678605606129143,0.4460795909513479,0.0764194144868104
MOBO_MOEAD_EI_Hybrid_Fixed,wfg7,423,2.097700809667602,0.383871868655771,0.102649798583895
MOBO_MOEAD_EI_Hybrid_Fixed,wfg7,424,2.108687982503909,0.2896488200880831,0.4619642476886566
MOBO_MOEAD_EI_Hybrid_Fixed,wfg7,425,2.1228796725698,0.2306430750966993,0.1779863102817465
MOBO_MOEAD_EI_Hybrid_Fixed,wfg7,426,2.128953715689988,0.1523730501388195,0.1289878950743823
MOBO_MOEAD_EI_Hybrid_Fixed,wfg9,0,0.1095021149902395,4.043448657225659,
MOBO_MOEAD_EI_Hybrid_Fixed,wfg9,1,0.1147696772879521,4.043097439895617,
MOBO_MOEAD_EI_Hybrid_Fixed,wfg9,2,0.1327835392517175,4.041686234786127,
MOBO_MOEAD_EI_Hybrid_Fixed,wfg9,3,0.1385594670928398,4.01919578556092,
MOBO_MOEAD_EI_Hybrid_Fixed,wfg9,4,0.2734183657612468,4.010255965067637,
MOBO_MOEAD_EI_Hybrid_Fixed,wfg9,5,0.3118560768877654,4.0027106636702605,
MOBO_MOEAD_EI_Hybrid_Fixed,wfg9,6,0.320235269819946,4.001046537926105,
MOBO_MOEAD_EI_Hybrid_Fixed,wfg9,7,0.3215336452894306,3.995037339032944,
MOBO_MOEAD_EI_Hybrid_Fixed,wfg9,8,0.3341908521443374,3.958725397550472,
MOBO_MOEAD_EI_Hybrid_Fixed,wfg9,9,0.3853300177849298,3.946026418813563,
MOBO_MOEAD_EI_Hybrid_Fixed,wfg9,10,0.3907054285612436,3.929167261945738,
MOBO_MOEAD_EI_Hybrid_Fixed,wfg9,11,0.5031147804590165,3.9193356342377506,
MOBO_MOEAD_EI_Hybrid_Fixed,wfg9,12,0.5044584832615692,3.918086576910712,
MOBO_MOEAD_EI_Hybrid_Fixed,wfg9,13,0.5185370761394935,3.905808898678644,
MOBO_MOEAD_EI_Hybrid_Fixed,wfg9,14,0.5564254949420919,3.90129953049703,
MOBO_MOEAD_EI_Hybrid_Fixed,wfg9,15,0.5840113302066215,3.8603060653009607,
MOBO_MOEAD_EI_Hybrid_Fixed,wfg9,16,0.6650696651692197,3.824577104910499,
MOBO_MOEAD_EI_Hybrid_Fixed,wfg9,17,0.6778273435933263,3.801744674850828,
MOBO_MOEAD_EI_Hybrid_Fixed,wfg9,18,0.7272316871706288,3.782509967830673,
MOBO_MOEAD_EI_Hybrid_Fixed,wfg9,19,0.7685393521010022,3.725085443392213,
MOBO_MOEAD_EI_Hybrid_Fixed,wfg9,20,0.8041938520724532,3.703218816141444,
MOBO_MOEAD_EI_Hybrid_Fixed,wfg9,21,0.808229966905888,3.696371165930707,
MOBO_MOEAD_EI_Hybrid_Fixed,wfg9,22,0.8316832400619663,3.67068796665673,
MOBO_MOEAD_EI_Hybrid_Fixed,wfg9,23,0.8592899411285575,3.629235470908617,
MOBO_MOEAD_EI_Hybrid_Fixed,wfg9,24,0.8676731846968619,3.612672890609966,
MOBO_MOEAD_EI_Hybrid_Fixed,wfg9,25,0.9172626452307976,3.5740473257090097,
MOBO_MOEAD_EI_Hybrid_Fixed,wfg9,26,0.9216877409509376,3.5627280708482374,
MOBO_MOEAD_EI_Hybrid_Fixed,wfg9,27,0.9956478724267216,3.5072220695951515,
MOBO_MOEAD_EI_Hybrid_Fixed,wfg9,28,1.024364303924346,3.492265703067478,
MOBO_MOEAD_EI_Hybrid_Fixed,wfg9,29,1.0644680256500905,3.441454533301087,
MOBO_MOEAD_EI_Hybrid_Fixed,wfg9,30,1.068281614664352,3.4031121781282545,
MOBO_MOEAD_EI_Hybrid_Fixed,wfg9,31,1.0743100446299017,3.3940364012686306,
MOBO_MOEAD_EI_Hybrid_Fixed,wfg9,32,1.1051739109976777,3.370658366112681,
MOBO_MOEAD_EI_Hybrid_Fixed,wfg9,33,1.1076211208229785,3.3670577562408295,
MOBO_MOEAD_EI_Hybrid_Fixed,wfg9,34,1.1081865531103805,3.3650206197883494,
MOBO_MOEAD_EI_Hybrid_Fixed,wfg9,35,1.1230431070537643,3.3409144474981254,
MOBO_MOEAD_EI_Hybrid_Fixed,wfg9,36,1.123500187872687,3.333335443187894,
MOBO_MOEAD_EI_Hybrid_Fixed,wfg9,37,1.1332936627148007,3.325247223857186,
MOBO_MOEAD_EI_Hybrid_Fixed,wfg9,38,1.1455127094020965,3.3228612863350504,
MOBO_MOEAD_EI_Hybrid_Fixed,wfg9,39,1.1546794159752023,3.277180724949116,
MOBO_MOEAD_EI_Hybrid_Fixed,wfg9,40,1.1879304631422176,3.2575316815145943,
MOBO_MOEAD_EI_Hybrid_Fixed,wfg9,41,1.2014236030186207,3.2443025411501285,
MOBO_MOEAD_EI_Hybrid_Fixed,wfg9,42,1.212005429486347,3.196073110149973,
MOBO_MOEAD_EI_Hybrid_Fixed,wfg9,43,1.2377326745121944,3.1854479602733723,
MOBO_MOEAD_EI_Hybrid_Fixed,wfg9,44,1.2442020866889958,3.146021736841158,
MOBO_MOEAD_EI_Hybrid_Fixed,wfg9,45,1.2619602981474658,3.1166770259228205,
MOBO_MOEAD_EI_Hybrid_Fixed,wfg9,46,1.2864404075776417,3.0986923452394657,
MOBO_MOEAD_EI_Hybrid_Fixed,wfg9,47,1.2901047297144126,3.0984265095551904,
MOBO_MOEAD_EI_Hybrid_Fixed,wfg9,48,1.2942416669160923,3.082496326425224,
MOBO_MOEAD_EI_Hybrid_Fixed,wfg9,49,1.2948009987004196,3.081385725403655,
MOBO_MOEAD_EI_Hybrid_Fixed,wfg9,50,1.3068173176805993,3.0613164774424027,
MOBO_MOEAD_EI_Hybrid_Fixed,wfg9,51,1.322520278124795,3.0453311342669704,
MOBO_MOEAD_EI_Hybrid_Fixed,wfg9,52,1.3240207763789278,3.042966683651035,
MOBO_MOEAD_EI_Hybrid_Fixed,wfg9,53,1.3245341919103164,3.021511491264796,
MOBO_MOEAD_EI_Hybrid_Fixed,wfg9,54,1.3277056811621282,3.0126061877206953,
MOBO_MOEAD_EI_Hybrid_Fixed,wfg9,55,1.3497787186219348,2.999840052071314,
MOBO_MOEAD_EI_Hybrid_Fixed,wfg9,56,1.3605606649729285,2.97918032491443,
MOBO_MOEAD_EI_Hybrid_Fixed,wfg9,57,1.3743378311284176,2.9411035182694083,
MOBO_MOEAD_EI_Hybrid_Fixed,wfg9,58,1.3812324083509795,2.928219062968572,
MOBO_MOEAD_EI_Hybrid_Fixed,wfg9,59,1.386855351339974,2.918776772920914,
MOBO_MOEAD_EI_Hybrid_Fixed,wfg9,60,1.3948168772905816,2.916354771148404,
MOBO_MOEAD_EI_Hybrid_Fixed,wfg9,61,1.400475825927456,2.899538380770969,
MOBO_MOEAD_EI_Hybrid_Fixed,wfg9,62,1.408639422352527,2.889916300401899,
MOBO_MOEAD_EI_Hybrid_Fixed,wfg9,63,1.4148396408018835,2.8734343090686365,
MOBO_MOEAD_EI_Hybrid_Fixed,wfg9,64,1.416722012831377,2.858052114499879,
MOBO_MOEAD_EI_Hybrid_Fixed,wfg9,65,1.4306178749583665,2.836925918760329,
MOBO_MOEAD_EI_Hybrid_Fixed,wfg9,66,1.446000477035288,2.805554395753007,
MOBO_MOEAD_EI_Hybrid_Fixed,wfg9,67,1.4550316231074512,2.7959171945038186,
MOBO_MOEAD_EI_Hybrid_Fixed,wfg9,68,1.4653268190002056,2.7650958358649325,
MOBO_MOEAD_EI_Hybrid_Fixed,wfg9,69,1.4711261171886787,2.742143148798816,
MOBO_MOEAD_EI_Hybrid_Fixed,wfg9,70,1.4848874992000825,2.7254077110541863,
MOBO_MOEAD_EI_Hybrid_Fixed,wfg9,71,1.493284284378309,2.7206997060864735,
MOBO_MOEAD_EI_Hybrid_Fixed,wfg9,72,1.4953021015383776,2.6994312448256004,
MOBO_MOEAD_EI_Hybrid_Fixed,wfg9,73,1.5026326217394803,2.6854247928078476,
MOBO_MOEAD_EI_Hybrid_Fixed,wfg9,74,1.5035023178206637,2.671229344877226,
MOBO_MOEAD_EI_Hybrid_Fixed,wfg9,75,1.507507422200281,2.6656702352826964,
MOBO_MOEAD_EI_Hybrid_Fixed,wfg9,76,1.5192520390490585,2.649120086007642,
MOBO_MOEAD_EI_Hybrid_Fixed,wfg9,77,1.5238931536442897,2.608997422180283,
MOBO_MOEAD_EI_Hybrid_Fixed,wfg9,78,1.5439793961585964,2.570420002046615,
MOBO_MOEAD_EI_Hybrid_Fixed,wfg9,79,1.550212658155796,2.566142686020423,
MOBO_MOEAD_EI_Hybrid_Fixed,wfg9,80,1.5594003153829068,2.5323823949388804,
MOBO_MOEAD_EI_Hybrid_Fixed,wfg9,81,1.573642249713355,2.5262352601845546,
MOBO_MOEAD_EI_Hybrid_Fixed,wfg9,82,1.574270434787133,2.5026693496623507,
MOBO_MOEAD_EI_Hybrid_Fixed,wfg9,83,1.5824994129266745,2.4806737983378135,
MOBO_MOEAD_EI_Hybrid_Fixed,wfg9,84,1.5901936288905585,2.442063459059866,
MOBO_MOEAD_EI_Hybrid_Fixed,wfg9,85,1.60330484474724,2.420473232934406,
MOBO_MOEAD_EI_Hybrid_Fixed,wfg9,86,1.618955415172649,2.3789006068878176,
MOBO_MOEAD_EI_Hybrid_Fixed,wfg9,87,1.6214200778381411,2.376336052937942,
MOBO_MOEAD_EI_Hybrid_Fixed,wfg9,88,1.6290524677519618,2.369475685887084,
MOBO_MOEAD_EI_Hybrid_Fixed,wfg9,89,1.6317721265736835,2.3468805779155892,
MOBO_MOEAD_EI_Hybrid_Fixed,wfg9,90,1.6409804087140445,2.3337319147919797,
MOBO_MOEAD_EI_Hybrid_Fixed,wfg9,91,1.6417307707022644,2.3298229656159237,
MOBO_MOEAD_EI_Hybrid_Fixed,wfg9,92,1.6426940949445157,2.312984649337409,
MOBO_MOEAD_EI_Hybrid_Fixed,wfg9,93,1.654250357077489,2.282107961823435,
MOBO_MOEAD_EI_Hybrid_Fixed,wfg9,94,1.659615159077332,2.2786666213070648,
MOBO_MOEAD_EI_Hybrid_Fixed,wfg9,95,1.665037969597395,2.2768216649227315,
MOBO_MOEAD_EI_Hybrid_Fixed,wfg9,96,1.6666414998074863,2.2459586253712582,
MOBO_MOEAD_EI_Hybrid_Fixed,wfg9,97,1.672287431127778,2.214667680107464,
MOBO_MOEAD_EI_Hybrid_Fixed,wfg9,98,1.696341990974576,2.1661241683144317,
MOBO_MOEAD_EI_Hybrid_Fixed,wfg9,99,1.707032398526363,2.1531186050255906,
MOBO_MOEAD_EI_Hybrid_Fixed,wfg9,100,1.7140944839547465,2.0804659825935903,
MOBO_MOEAD_EI_Hybrid_Fixed,wfg9,101,1.7192221245875934,2.078937873692904,
MOBO_MOEAD_EI_Hybrid_Fixed,wfg9,102,1.7256731910037129,2.077877825687514,
MOBO_MOEAD_EI_Hybrid_Fixed,wfg9,103,1.72660710279302,2.0581683885653095,
MOBO_MOEAD_EI_Hybrid_Fixed,wfg9,104,1.7356380235420468,2.023779363036895,
MOBO_MOEAD_EI_Hybrid_Fixed,wfg9,105,1.7358404272530532,1.9917918144615847,
MOBO_MOEAD_EI_Hybrid_Fixed,wfg9,106,1.7477678640351428,1.9875190452638771,
MOBO_MOEAD_EI_Hybrid_Fixed,wfg9,107,1.7515749168545929,1.9672087799187885,
MOBO_MOEAD_EI_Hybrid_Fixed,wfg9,108,1.761822292577348,1.9591166616104236,
MOBO_MOEAD_EI_Hybrid_Fixed,wfg9,109,1.764324935097267,1.917910343543261,
MOBO_MOEAD_EI_Hybrid_Fixed,wfg9,110,1.7722407543332264,1.897656170160922,
MOBO_MOEAD_EI_Hybrid_Fixed,wfg9,111,1.77582280796787,1.8918498481820916,
MOBO_MOEAD_EI_Hybrid_Fixed,wfg9,112,1.785710284255451,1.8783627294617975,
MOBO_MOEAD_EI_Hybrid_Fixed,wfg9,113,1.7883509768334962,1.8775821857177464,
MOBO_MOEAD_EI_Hybrid_Fixed,wfg9,114,1.7911568934478608,1.8053385642150093,
MOBO_MOEAD_EI_Hybrid_Fixed,wfg9,115,1.8011036952751782,1.7936457961226313,
MOBO_MOEAD_EI_Hybrid_Fixed,wfg9,116,1.8049469136969285,1.7707337790256392,
MOBO_MOEAD_EI_Hybrid_Fixed,wfg9,117,1.8125687712152176,1.7659203462377089,
MOBO_MOEAD_EI_Hybrid_Fixed,wfg9,118,1.8165636969793093,1.7583692513017255,
MOBO_MOEAD_EI_Hybrid_Fixed,wfg9,119,1.8183312379877852,1.72531749740938,
MOBO_MOEAD_EI_Hybrid_Fixed,wfg9,120,1.819853525091955,1.7152444697352514,
MOBO_MOEAD_EI_Hybrid_Fixed,wfg9,121,1.8207118860521008,1.693771187850863,
MOBO_MOEAD_EI_Hybrid_Fixed,wfg9,122,1.8250715828176356,1.6553438523938433,
MOBO_MOEAD_EI_Hybrid_Fixed,wfg9,123,1.8366435526721496,1.6517399857345365,
MOBO_MOEAD_EI_Hybrid_Fixed,wfg9,124,1.838661859211706,1.6193669826389867,
MOBO_MOEAD_EI_Hybrid_Fixed,wfg9,125,1.8400643936466596,1.6056844376426078,
MOBO_MOEAD_EI_Hybrid_Fixed,wfg9,126,1.8544418619710965,1.603447831245448,
MOBO_MOEAD_EI_Hybrid_Fixed,wfg9,127,1.85897534098042,1.584701819228027,
MOBO_MOEAD_EI_Hybrid_Fixed,wfg9,128,1.859890571003727,1.5491420026040084,
MOBO_MOEAD_EI_Hybrid_Fixed,wfg9,129,1.8626511955010188,1.5102524360650158,
MOBO_MOEAD_EI_Hybrid_Fixed,wfg9,130,1.8632540968353937,1.5073333547468803,
MOBO_MOEAD_EI_Hybrid_Fixed,wfg9,131,1.8643869940104156,1.486779263207131,
MOBO_MOEAD_EI_Hybrid_Fixed,wfg9,132,1.8716289607684664,1.4675603155673151,
MOBO_MOEAD_EI_Hybrid_Fixed,wfg9,133,1.874527992996569,1.4536418831859677,
MOBO_MOEAD_EI_Hybrid_Fixed,wfg9,134,1.8800048530881568,1.451120891547103,
MOBO_MOEAD_EI_Hybrid_Fixed,wfg9,135,1.8839632652668103,1.3862233463564684,
MOBO_MOEAD_EI_Hybrid_Fixed,wfg9,136,1.8973613608612567,1.3776933487550664,
MOBO_MOEAD_EI_Hybrid_Fixed,wfg9,137,1.8980293673538229,1.3394021962911256,
MOBO_MOEAD_EI_Hybrid_Fixed,wfg9,138,1.903319829485418,1.2769533187174291,
MOBO_MOEAD_EI_Hybrid_Fixed,wfg9,139,1.911595682231554,1.237494604612642,
MOBO_MOEAD_EI_Hybrid_Fixed,wfg9,140,1.9145984340715532,1.2168156700184225,
MOBO_MOEAD_EI_Hybrid_Fixed,wfg9,141,1.9159927950231308,1.1815672004879811,
MOBO_MOEAD_EI_Hybrid_Fixed,wfg9,142,1.916518634161522,1.1694028272980452,
MOBO_MOEAD_EI_Hybrid_Fixed,wfg9,143,1.9215672595876048,1.1403420948054774,
MOBO_MOEAD_EI_Hybrid_Fixed,wfg9,144,1.9309892213164088,1.120769805600832,
MOBO_MOEAD_EI_Hybrid_Fixed,wfg9,145,1.9357472619845597,1.0611320175992955,
MOBO_MOEAD_EI_Hybrid_Fixed,wfg9,146,1.9378878915953417,1.0353836634006215,
MOBO_MOEAD_EI_Hybrid_Fixed,wfg9,147,1.9482888316097935,0.9673563380477026,
MOBO_MOEAD_EI_Hybrid_Fixed,wfg9,148,1.9575144527075088,0.9581967021716769,
MOBO_MOEAD_EI_Hybrid_Fixed,wfg9,149,1.964321388573871,0.9506820955793854,
MOBO_MOEAD_EI_Hybrid_Fixed,wfg9,150,1.9699204299434336,0.7507605366999077,
MOBO_MOEAD_EI_Hybrid_Fixed,wfg9,151,1.981258712163528,0.6928375168033305,
MOBO_MOEAD_EI_Hybrid_Fixed,wfg9,152,1.9928485097951416,0.6378102840362087,
MOBO_MOEAD_EI_Hybrid_Fixed,wfg9,153,2.016328579334631,0.3708259228427767,
MOBO_MOEAD_EI_Hybrid_Fixed,zdt1,0,0.0,1.0216599121864798,
MOBO_MOEAD_EI_Hybrid_Fixed,zdt1,1,0.0003962905574428,1.0176632067264777,
MOBO_MOEAD_EI_Hybrid_Fixed,zdt1,2,0.0005554259515614,1.0084160656967964,
MOBO_MOEAD_EI_Hybrid_Fixed,zdt1,3,0.0009537657050278,1.0072283857763915,
MOBO_MOEAD_EI_Hybrid_Fixed,zdt1,4,0.0010239573702811,0.9743947538187834,
MOBO_MOEAD_EI_Hybrid_Fixed,zdt1,5,0.0033579078361501,0.9642461488837044,
MOBO_MOEAD_EI_Hybrid_Fixed,zdt1,6,0.0057990131499702,0.9569587734645968,
MOBO_MOEAD_EI_Hybrid_Fixed,zdt1,7,0.0088544195238963,0.9401224604569848,
MOBO_MOEAD_EI_Hybrid_Fixed,zdt1,8,0.0100958618954812,0.9387313801704588,
MOBO_MOEAD_EI_Hybrid_Fixed,zdt1,9,0.0125550936879224,0.9227135262279982,
MOBO_MOEAD_EI_Hybrid_Fixed,zdt1,10,0.0130449501923011,0.9128080222312326,
MOBO_MOEAD_EI_Hybrid_Fixed,zdt1,11,0.0151788588272102,0.901492711281451,
MOBO_MOEAD_EI_Hybrid_Fixed,zdt1,12,0.0176471902767174,0.8977455962324217,
MOBO_MOEAD_EI_Hybrid_Fixed,zdt1,13,0.021371617476202,0.8957736082831518,
MOBO_MOEAD_EI_Hybrid_Fixed,zdt1,14,0.0224079897435266,0.8759977675604862,
MOBO_MOEAD_EI_Hybrid_Fixed,zdt1,15,0.0234020380759718,0.8662193577910746,
MOBO_MOEAD_EI_Hybrid_Fixed,zdt1,16,0.0261889810540561,0.8570663430960272,
MOBO_MOEAD_EI_Hybrid_Fixed,zdt1,17,0.0289880383104849,0.8548556800156567,
MOBO_MOEAD_EI_Hybrid_Fixed,zdt1,18,0.0321635340057371,0.846881141274503,
MOBO_MOEAD_EI_Hybrid_Fixed,zdt1,19,0.0350904681355792,0.8373174390136905,
MOBO_MOEAD_EI_Hybrid_Fixed,zdt1,20,0.0374821552724808,0.8254290796119127,
MOBO_MOEAD_EI_Hybrid_Fixed,zdt1,21,0.0467848690637929,0.8086152248510591,
MOBO_MOEAD_EI_Hybrid_Fixed,zdt1,22,0.0499753831188462,0.795616788690135,
MOBO_MOEAD_EI_Hybrid_Fixed,zdt1,23,0.0551719228655635,0.7939736472565897,
MOBO_MOEAD_EI_Hybrid_Fixed,zdt1,24,0.0587553633854495,0.7921837341416811,
MOBO_MOEAD_EI_Hybrid_Fixed,zdt1,25,0.0590574120543762,0.7744369316241256,
MOBO_MOEAD_EI_Hybrid_Fixed,zdt1,26,0.0607055249119719,0.7678979745962993,
MOBO_MOEAD_EI_Hybrid_Fixed,zdt1,27,0.0715235219206219,0.7371817880679203,
MOBO_MOEAD_EI_Hybrid_Fixed,zdt1,28,0.0783253411492069,0.7362420427298233,
MOBO_MOEAD_EI_Hybrid_Fixed,zdt1,29,0.0858533593994958,0.7249378547657606,
MOBO_MOEAD_EI_Hybrid_Fixed,zdt1,30,0.0880818346470174,0.7224607645131723,
MOBO_MOEAD_EI_Hybrid_Fixed,zdt1,31,0.0891103959344893,0.7183374686367899,
MOBO_MOEAD_EI_Hybrid_Fixed,zdt1,32,0.0946349312755892,0.7104057105282496,
MOBO_MOEAD_EI_Hybrid_Fixed,zdt1,33,0.0970539946327833,0.7001811924256317,
MOBO_MOEAD_EI_Hybrid_Fixed,zdt1,34,0.1000241103206994,0.6973492426299506,
MOBO_MOEAD_EI_Hybrid_Fixed,zdt1,35,0.1076970507981086,0.6895208603256269,
MOBO_MOEAD_EI_Hybrid_Fixed,zdt1,36,0.1087768116304289,0.6866171907844237,
MOBO_MOEAD_EI_Hybrid_Fixed,zdt1,37,0.1105304681888523,0.6844350509013333,
MOBO_MOEAD_EI_Hybrid_Fixed,zdt1,38,0.112073832535326,0.682152240096592,
MOBO_MOEAD_EI_Hybrid_Fixed,zdt1,39,0.1152811229857112,0.6808763812556952,
MOBO_MOEAD_EI_Hybrid_Fixed,zdt1,40,0.1275551285180019,0.6569792318988731,
MOBO_MOEAD_EI_Hybrid_Fixed,zdt1,41,0.1304778555965035,0.6540763156640717,
MOBO_MOEAD_EI_Hybrid_Fixed,zdt1,42,0.1370805956340119,0.6463204644238664,
MOBO_MOEAD_EI_Hybrid_Fixed,zdt1,43,0.1393828138002502,0.643218717402813,
MOBO_MOEAD_EI_Hybrid_Fixed,zdt1,44,0.1488475654749079,0.6337410101625888,
MOBO_MOEAD_EI_Hybrid_Fixed,zdt1,45,0.1544299487865784,0.61866352583064,
MOBO_MOEAD_EI_Hybrid_Fixed,zdt1,46,0.1607965464120175,0.6167813102713343,
MOBO_MOEAD_EI_Hybrid_Fixed,zdt1,47,0.1649247310283096,0.6111946183913839,
MOBO_MOEAD_EI_Hybrid_Fixed,zdt1,48,0.1712760488755852,0.6086188867024862,
MOBO_MOEAD_EI_Hybrid_Fixed,zdt1,49,0.173075724998059,0.599936821699525,
MOBO_MOEAD_EI_Hybrid_Fixed,zdt1,50,0.1878472084635243,0.5974859693500627,
MOBO_MOEAD_EI_Hybrid_Fixed,zdt1,51,0.1892987030353854,0.5763752959249234,
MOBO_MOEAD_EI_Hybrid_Fixed,zdt1,52,0.2014779781299183,0.5566758580433158,
MOBO_MOEAD_EI_Hybrid_Fixed,zdt1,53,0.2215713690794803,0.5465714276651903,
MOBO_MOEAD_EI_Hybrid_Fixed,zdt1,54,0.2219172864462502,0.5403409781701516,
MOBO_MOEAD_EI_Hybrid_Fixed,zdt1,55,0.2500446399915469,0.5278963022484175,
MOBO_MOEAD_EI_Hybrid_Fixed,zdt1,56,0.2570476033916681,0.5271736362970082,
MOBO_MOEAD_EI_Hybrid_Fixed,zdt1,57,0.2586942734304889,0.5178157353485067,
MOBO_MOEAD_EI_Hybrid_Fixed,zdt1,58,0.2771568971943074,0.5018395522991642,
MOBO_MOEAD_EI_Hybrid_Fixed,zdt1,59,0.2973911325542513,0.4914127006678597,
MOBO_MOEAD_EI_Hybrid_Fixed,zdt1,60,0.308634667656861,0.4749044050699959,
MOBO_MOEAD_EI_Hybrid_Fixed,zdt1,61,0.3142553924481174,0.4727446083848221,
MOBO_MOEAD_EI_Hybrid_Fixed,zdt1,62,0.3187400038771711,0.4661818860680493,
MOBO_MOEAD_EI_Hybrid_Fixed,zdt1,63,0.352991999307206,0.4479782406914881,
MOBO_MOEAD_EI_Hybrid_Fixed,zdt1,64,0.3751521606269822,0.4428465222830789,
MOBO_MOEAD_EI_Hybrid_Fixed,zdt1,65,0.4081218004722374,0.4313743416086956,
MOBO_MOEAD_EI_Hybrid_Fixed,zdt1,66,0.4351124302797601,0.4104101021493646,
MOBO_MOEAD_EI_Hybrid_Fixed,zdt1,67,0.4397003281152928,0.4059123088507163,
MOBO_MOEAD_EI_Hybrid_Fixed,zdt1,68,0.4446053780465822,0.3971915512699165,
MOBO_MOEAD_EI_Hybrid_Fixed,zdt1,69,0.4618871924937657,0.3837730704037509,
MOBO_MOEAD_EI_Hybrid_Fixed,zdt1,70,0.4636300412054379,0.3821690150739747,
MOBO_MOEAD_EI_Hybrid_Fixed,zdt1,71,0.4803237151265465,0.3696258678559203,
MOBO_MOEAD_EI_Hybrid_Fixed,zdt1,72,0.4897891738567773,0.3505809215172416,
MOBO_MOEAD_EI_Hybrid_Fixed,zdt1,73,0.4997306824081007,0.3429583586963883,
MOBO_MOEAD_EI_Hybrid_Fixed,zdt1,74,0.5113569201304515,0.3259778866417782,
MOBO_MOEAD_EI_Hybrid_Fixed,zdt1,75,0.5285168204893276,0.3214513762354465,
MOBO_MOEAD_EI_Hybrid_Fixed,zdt1,76,0.5420119390839957,0.3120925953132046,
MOBO_MOEAD_EI_Hybrid_Fixed,zdt1,77,0.5533880741614973,0.3116147315128237,
MOBO_MOEAD_EI_Hybrid_Fixed,zdt1,78,0.5793253458605054,0.2939254317976054,
MOBO_MOEAD_EI_Hybrid_Fixed,zdt1,79,0.6189127498855961,0.2677767791185316,
MOBO_MOEAD_EI_Hybrid_Fixed,zdt1,80,0.6465801102412372,0.2631337327405111,
MOBO_MOEAD_EI_Hybrid_Fixed,zdt1,81,0.6857993179830759,0.238093785101877,
MOBO_MOEAD_EI_Hybrid_Fixed,zdt1,82,0.8453723461870342,0.2165584230489473,
MOBO_MOEAD_EI_Hybrid_Fixed,zdt1,83,0.8887877696315096,0.1915702834855445,
MOBO_MOEAD_EI_Hybrid_Fixed,zdt1,84,0.9794465000171584,0.1578779586104468,
MOBO_MOEAD_EI_Hybrid_Fixed,zdt1,85,1.0,0.1434176181832188,
MOBO_MOEAD_EI_Hybrid_Fixed,zdt2,0,0.0,1.003884632646802,
MOBO_MOEAD_EI_Hybrid_Fixed,zdt2,1,0.0014724732402264,1.000239630458139,
MOBO_MOEAD_EI_Hybrid_Fixed,zdt2,2,0.0028084432719128,1.000233912664522,
MOBO_MOEAD_EI_Hybrid_Fixed,zdt2,3,0.0356907617380367,0.9989682755733506,
MOBO_MOEAD_EI_Hybrid_Fixed,zdt2,4,0.0433254580536152,0.9983651565642736,
MOBO_MOEAD_EI_Hybrid_Fixed,zdt2,5,0.0499856147515126,0.9977438404308104,
MOBO_MOEAD_EI_Hybrid_Fixed,zdt2,6,0.0576973563883806,0.9972252442253589,
MOBO_MOEAD_EI_Hybrid_Fixed,zdt2,7,0.0655877983979205,0.9961661187548544,
MOBO_MOEAD_EI_Hybrid_Fixed,zdt2,8,0.0807837705257825,0.9936976095469968,
MOBO_MOEAD_EI_Hybrid_Fixed,zdt2,9,0.112932672224247,0.9878210386298144,
MOBO_MOEAD_EI_Hybrid_Fixed,zdt2,10,0.1234633159528296,0.9853314810718128,
MOBO_MOEAD_EI_Hybrid_Fixed,zdt2,11,0.1303208256801881,0.9835985655954648,
MOBO_MOEAD_EI_Hybrid_Fixed,zdt2,12,0.1380823780467653,0.9821147415268744,
MOBO_MOEAD_EI_Hybrid_Fixed,zdt2,13,0.1447614860589073,0.97925597364565,
MOBO_MOEAD_EI_Hybrid_Fixed,zdt2,14,0.1574903650055937,0.9757840548592516,
MOBO_MOEAD_EI_Hybrid_Fixed,zdt2,15,0.1691490085709315,0.9719767810237036,
MOBO_MOEAD_EI_Hybrid_Fixed,zdt2,16,0.172924644637789,0.970682922646112,
MOBO_MOEAD_EI_Hybrid_Fixed,zdt2,17,0.1903462020795172,0.9701128861846012,
MOBO_MOEAD_EI_Hybrid_Fixed,zdt2,18,0.2151415410357727,0.9658979052694636,
MOBO_MOEAD_EI_Hybrid_Fixed,zdt2,19,0.2316275205642332,0.9620820912119892,
MOBO_MOEAD_EI_Hybrid_Fixed,zdt2,20,0.2382121234746712,0.959908641213504,
MOBO_MOEAD_EI_Hybrid_Fixed,zdt2,21,0.2597734798584951,0.9526180608715674,
MOBO_MOEAD_EI_Hybrid_Fixed,zdt2,22,0.2680118625889297,0.9484411573080532,
MOBO_MOEAD_EI_Hybrid_Fixed,zdt2,23,0.2801752170664283,0.9416589663354216,
MOBO_MOEAD_EI_Hybrid_Fixed,zdt2,24,0.3000435061205323,0.9367258810549842,
MOBO_MOEAD_EI_Hybrid_Fixed,zdt2,25,0.3736399762213544,0.932030531427308,
MOBO_MOEAD_EI_Hybrid_Fixed,zdt2,26,0.3823413566368184,0.9154360515692942,
MOBO_MOEAD_EI_Hybrid_Fixed,zdt2,27,0.4585382025149414,0.8980964178321397,
MOBO_MOEAD_EI_Hybrid_Fixed,zdt2,28,0.4887114132316848,0.8426122900401112,
MOBO_MOEAD_EI_Hybrid_Fixed,zdt2,29,0.5036056488453378,0.830265929573274,
MOBO_MOEAD_EI_Hybrid_Fixed,zdt3,0,0.0,1.0345054695289106,
MOBO_MOEAD_EI_Hybrid_Fixed,zdt3,1,1.4167210140236634e-05,1.0270375658749389,
MOBO_MOEAD_EI_Hybrid_Fixed,zdt3,2,2.026650044835432e-05,1.0102520726318371,
MOBO_MOEAD_EI_Hybrid_Fixed,zdt3,3,0.0010932791743007,1.0034951898368991,
MOBO_MOEAD_EI_Hybrid_Fixed,zdt3,4,0.0016513939742366,0.9915087631777432,
MOBO_MOEAD_EI_Hybrid_Fixed,zdt3,5,0.001878116232884,0.9781987816395248,
MOBO_MOEAD_EI_Hybrid_Fixed,zdt3,6,0.0060119785086692,0.9504667053232444,
MOBO_MOEAD_EI_Hybrid_Fixed,zdt3,7,0.0076585658131298,0.9456609486758714,
MOBO_MOEAD_EI_Hybrid_Fixed,zdt3,8,0.0083490286971427,0.9261970764799528,
MOBO_MOEAD_EI_Hybrid_Fixed,zdt3,9,0.0089536876294248,0.915813628122168,
MOBO_MOEAD_EI_Hybrid_Fixed,zdt3,10,0.0111126590032413,0.9084161458100366,
MOBO_MOEAD_EI_Hybrid_Fixed,zdt3,11,0.0113907269556645,0.9069291381683556,
MOBO_MOEAD_EI_Hybrid_Fixed,zdt3,12,0.0114885331364797,0.9056712475130088,
MOBO_MOEAD_EI_Hybrid_Fixed,zdt3,13,0.0144759075922349,0.8975639497179785,
MOBO_MOEAD_EI_Hybrid_Fixed,zdt3,14,0.0161157137219047,0.8929704613500588,
MOBO_MOEAD_EI_Hybrid_Fixed,zdt3,15,0.0170285748976354,0.8886737009976476,
MOBO_MOEAD_EI_Hybrid_Fixed,zdt3,16,0.0171186106892025,0.8748024238430447,
MOBO_MOEAD_EI_Hybrid_Fixed,zdt3,17,0.0171580401277136,0.8686794696789087,
MOBO_MOEAD_EI_Hybrid_Fixed,zdt3,18,0.0198576080040121,0.8681036018747984,
MOBO_MOEAD_EI_Hybrid_Fixed,zdt3,19,0.0244508285853899,0.8672651796753889,
MOBO_MOEAD_EI_Hybrid_Fixed,zdt3,20,0.0245636443186572,0.8479310567681937,
MOBO_MOEAD_EI_Hybrid_Fixed,zdt3,21,0.025729143478778,0.8362630352780175,
MOBO_MOEAD_EI_Hybrid_Fixed,zdt3,22,0.0285838347624977,0.8250850976211341,
MOBO_MOEAD_EI_Hybrid_Fixed,zdt3,23,0.028993923331089,0.8219683189073989,
MOBO_MOEAD_EI_Hybrid_Fixed,zdt3,24,0.0302751401272276,0.817161241874443,
MOBO_MOEAD_EI_Hybrid_Fixed,zdt3,25,0.032530691110059,0.8073639314553218,
MOBO_MOEAD_EI_Hybrid_Fixed,zdt3,26,0.033406175404677,0.8034077147462261,
MOBO_MOEAD_EI_Hybrid_Fixed,zdt3,27,0.0344604985884062,0.7986966584368747,
MOBO_MOEAD_EI_Hybrid_Fixed,zdt3,28,0.0379788591317328,0.7858966469543933,
MOBO_MOEAD_EI_Hybrid_Fixed,zdt3,29,0.0408521625265283,0.7789349107631967,
MOBO_MOEAD_EI_Hybrid_Fixed,zdt3,30,0.0431593301573935,0.7620984185540783,
MOBO_MOEAD_EI_Hybrid_Fixed,zdt3,31,0.0472356798509708,0.7382505713276326,
MOBO_MOEAD_EI_Hybrid_Fixed,zdt3,32,0.0495065033246643,0.7353139533306171,
MOBO_MOEAD_EI_Hybrid_Fixed,zdt3,33,0.0617692612813726,0.7252195337127264,
MOBO_MOEAD_EI_Hybrid_Fixed,zdt3,34,0.0643518477598023,0.721307602002918,
MOBO_MOEAD_EI_Hybrid_Fixed,zdt3,35,0.0647504424817979,0.6948010085318844,
MOBO_MOEAD_EI_Hybrid_Fixed,zdt3,36,0.0770125239973387,0.6888643880153361,
MOBO_MOEAD_EI_Hybrid_Fixed,zdt3,37,0.088542728362659,0.6797162226669236,
MOBO_MOEAD_EI_Hybrid_Fixed,zdt3,38,0.1950050600672753,0.6320659273626639,
MOBO_MOEAD_EI_Hybrid_Fixed,zdt3,39,0.1972979468541758,0.6245546892344063,
MOBO_MOEAD_EI_Hybrid_Fixed,zdt3,40,0.2000532081548853,0.6118233915312925,
MOBO_MOEAD_EI_Hybrid_Fixed,zdt3,41,0.206673585049218,0.5909649441254555,
MOBO_MOEAD_EI_Hybrid_Fixed,zdt3,42,0.2075653529121426,0.5733020011666922,
MOBO_MOEAD_EI_Hybrid_Fixed,zdt3,43,0.2088719804707272,0.5564306425746348,
MOBO_MOEAD_EI_Hybrid_Fixed,zdt3,44,0.2119923493023825,0.519800640727648,
MOBO_MOEAD_EI_Hybrid_Fixed,zdt3,45,0.2127628113842088,0.4931865854184174,
MOBO_MOEAD_EI_Hybrid_Fixed,zdt3,46,0.2136468395773715,0.4829934662888004,
MOBO_MOEAD_EI_Hybrid_Fixed,zdt3,47,0.2187622714762586,0.4822388811198545,
MOBO_MOEAD_EI_Hybrid_Fixed,zdt3,48,0.2193678896292968,0.4641733186742441,
MOBO_MOEAD_EI_Hybrid_Fixed,zdt3,49,0.220777404161407,0.4341995270657306,
MOBO_MOEAD_EI_Hybrid_Fixed,zdt3,50,0.2267867664031952,0.4242580770518037,
MOBO_MOEAD_EI_Hybrid_Fixed,zdt3,51,0.2274266731487512,0.3796811291007571,
MOBO_MOEAD_EI_Hybrid_Fixed,zdt3,52,0.2295857035510136,0.3708556285447239,
MOBO_MOEAD_EI_Hybrid_Fixed,zdt3,53,0.2418106909380536,0.343318424058248,
MOBO_MOEAD_EI_Hybrid_Fixed,zdt3,54,0.2436345895691453,0.3304303122478524,
MOBO_MOEAD_EI_Hybrid_Fixed,zdt3,55,0.2441608349674341,0.2994530324603637,
MOBO_MOEAD_EI_Hybrid_Fixed,zdt3,56,0.2450449688622819,0.2926807533492971,
MOBO_MOEAD_EI_Hybrid_Fixed,zdt3,57,0.2663059709595539,0.2926553205724508,
MOBO_MOEAD_EI_Hybrid_Fixed,zdt3,58,0.4233745198937872,0.2916441940224675,
MOBO_MOEAD_EI_Hybrid_Fixed,zdt3,59,0.4245046088588915,0.2841033514407212,
MOBO_MOEAD_EI_Hybrid_Fixed,zdt3,60,0.4264269369968321,0.212590623158519,
MOBO_MOEAD_EI_Hybrid_Fixed,zdt3,61,0.433856913375044,0.1737587456528546,
MOBO_MOEAD_EI_Hybrid_Fixed,zdt3,62,0.4342765053649068,0.1722521765830299,
MOBO_MOEAD_EI_Hybrid_Fixed,zdt3,63,0.4408315037233526,0.1323813683102369,
MOBO_MOEAD_EI_Hybrid_Fixed,zdt3,64,0.4413550046313363,0.1103525855097018,
MOBO_MOEAD_EI_Hybrid_Fixed,zdt3,65,0.4421889458978676,0.0894196447024578,
MOBO_MOEAD_EI_Hybrid_Fixed,zdt3,66,0.4556192677173509,0.0886072819626053,
MOBO_MOEAD_EI_Hybrid_Fixed,zdt4,0,0.0,6.623452210985482,
MOBO_MOEAD_EI_Hybrid_Fixed,zdt4,1,0.0,6.623452210985482,
MOBO_MOEAD_EI_Hybrid_Fixed,zdt4,2,0.0,6.623452210985482,
MOBO_MOEAD_EI_Hybrid_Fixed,zdt4,3,0.0,6.623452210985482,
MOBO_MOEAD_EI_Hybrid_Fixed,zdt4,4,0.0,6.623452210985482,
MOBO_MOEAD_EI_Hybrid_Fixed,zdt4,5,0.0,6.623452210985482,
MOBO_MOEAD_EI_Hybrid_Fixed,zdt4,6,0.0363483527705337,6.284460603682983,
MOBO_MOEAD_EI_Hybrid_Fixed,zdt4,7,0.0574477798703181,5.918099595339223,
MOBO_MOEAD_EI_Hybrid_Fixed,zdt6,0,0.2807753198480957,3.3205421649618985,
MOBO_MOEAD_EI_Hybrid_Fixed,zdt6,1,0.2807753228040196,2.4185204889237566,
MOBO_MOEAD_EI_Hybrid_Fixed,zdt6,2,0.2807753667430802,1.7284873359281026,
MOBO_MOEAD_EI_Hybrid_Fixed,zdt6,3,0.2807753703511079,1.4727383298596108,
MOBO_MOEAD_EI_Hybrid_Fixed,zdt6,4,0.2807764495896965,1.3803332554275265,
MOBO_MOEAD_EI_Hybrid_Fixed,zdt6,5,0.2807781115430513,0.9387266402577376,
MOBO_MOEAD_EI_Hybrid_Fixed,zdt6,6,0.2807825967560401,0.9387241619317658,
MOBO_MOEAD_EI_Hybrid_Fixed,zdt6,7,0.2807892747435662,0.921157383188982,
MOBO_MOEAD_EI_Hybrid_Fixed,zdt6,8,0.2807892747435662,0.921157383188982,
MOBO_MOEAD_EI_Hybrid_Fixed,zdt6,9,0.2808175428935284,0.9211415076032412,
MOBO_MOEAD_EI_Hybrid_Fixed,zdt6,10,0.2808175428935284,0.9211415076032412,
MOBO_MOEAD_EI_Hybrid_Fixed,zdt6,11,0.2808877561865132,0.921102068424506,
MOBO_MOEAD_EI_Hybrid_Fixed,zdt6,12,0.2810076027045646,0.9210347272222336,
MOBO_MOEAD_EI_Hybrid_Fixed,zdt6,13,0.2810535018964322,0.9210089290717522,
MOBO_MOEAD_EI_Hybrid_Fixed,zdt6,14,0.2810535018964322,0.9210089290717522,
MOBO_MOEAD_EI_Hybrid_Fixed,zdt6,15,0.2810535018964322,0.9210089290717522,
MOBO_MOEAD_EI_Hybrid_Fixed,zdt6,16,0.2810535018964322,0.9210089290717522,
MOBO_MOEAD_EI_Hybrid_Fixed,zdt6,17,0.2810535018964322,0.9210089290717522,
MOBO_MOEAD_EI_Hybrid_Fixed,zdt6,18,0.2810535018964322,0.9210089290717522,
MOBO_MOEAD_EI_Hybrid_Fixed,zdt6,19,0.2810535018964322,0.9210089290717522,
MOBO_MOEAD_EI_Hybrid_Fixed,zdt6,20,0.2810535018964322,0.9210089290717522,
MOBO_MOEAD_EI_Hybrid_Fixed,zdt6,21,0.2816020157616004,0.9207003047190032,
MOBO_MOEAD_EI_Hybrid_Fixed,zdt6,22,0.283840650839448,0.9194344849310384,
MOBO_MOEAD_EI_Hybrid_Fixed,zdt6,23,0.2838738312856971,0.9194156479111796,
MOBO_MOEAD_EI_Hybrid_Fixed,zdt6,24,0.2838738312856971,0.9194156479111796,
MOBO_MOEAD_EI_Hybrid_Fixed,zdt6,25,0.2841041688431657,0.919284821245934,
MOBO_MOEAD_EI_Hybrid_Fixed,zdt6,26,0.2843037168381717,0.9191713965920008,
MOBO_MOEAD_EI_Hybrid_Fixed,zdt6,27,0.2850985030346477,0.918718843567403,
MOBO_MOEAD_EI_Hybrid_Fixed,zdt6,28,0.2852863109448944,0.918611720787453,
MOBO_MOEAD_EI_Hybrid_Fixed,zdt6,29,0.2864917148666918,0.9179224973127422,
MOBO_MOEAD_EI_Hybrid_Fixed,zdt6,30,0.2866850234512875,0.9178116973287348,
MOBO_MOEAD_EI_Hybrid_Fixed,zdt6,31,0.2891432761046589,0.916396165883465,
MOBO_MOEAD_EI_Hybrid_Fixed,zdt6,32,0.2909108965623266,0.9153708502613032,
MOBO_MOEAD_EI_Hybrid_Fixed,zdt6,33,0.2936400988522819,0.913775492346022,
MOBO_MOEAD_EI_Hybrid_Fixed,zdt6,34,0.2936729064495352,0.9137562240174826,
MOBO_MOEAD_EI_Hybrid_Fixed,zdt6,35,0.2939060663623618,0.913619224155403,
MOBO_MOEAD_EI_Hybrid_Fixed,zdt6,36,0.2940203700983075,0.9135520219672544,
MOBO_MOEAD_EI_Hybrid_Fixed,zdt6,37,0.2940203700983075,0.9135520219672544,
MOBO_MOEAD_EI_Hybrid_Fixed,zdt6,38,0.2940773652290129,0.9135185032599618,
MOBO_MOEAD_EI_Hybrid_Fixed,zdt6,39,0.2941024779478919,0.9135037324649098,
MOBO_MOEAD_EI_Hybrid_Fixed,zdt6,40,0.2941382326476498,0.913482700094917,
MOBO_MOEAD_EI_Hybrid_Fixed,zdt6,41,0.2941382326476498,0.913482700094917,
MOBO_MOEAD_EI_Hybrid_Fixed,zdt6,42,0.2941382326476498,0.913482700094917,
MOBO_MOEAD_EI_Hybrid_Fixed,zdt6,43,0.2944873416608468,0.9132772056015276,
MOBO_MOEAD_EI_Hybrid_Fixed,zdt6,44,0.2944873416608468,0.9132772056015276,
MOBO_MOEAD_EI_Hybrid_Fixed,zdt6,45,0.2944873416608468,0.9132772056015276,
MOBO_MOEAD_EI_Hybrid_Fixed,zdt6,46,0.2944873416608468,0.9132772056015276,
MOBO_MOEAD_EI_Hybrid_Fixed,zdt6,47,0.2948156984266912,0.9130837039611824,
MOBO_MOEAD_EI_Hybrid_Fixed,zdt6,48,0.2949015626999727,0.913033068317114,
MOBO_MOEAD_EI_Hybrid_Fixed,zdt6,49,0.2949052037896202,0.9130309207778026,
MOBO_MOEAD_EI_Hybrid_Fixed,zdt6,50,0.2949271774182221,0.9130179600201204,
MOBO_MOEAD_EI_Hybrid_Fixed,zdt6,51,0.2950153421681299,0.9129659478854212,
MOBO_MOEAD_EI_Hybrid_Fixed,zdt6,52,0.2951452251086354,0.9128892960955728,
MOBO_MOEAD_EI_Hybrid_Fixed,zdt6,53,0.2952123709333025,0.9128496560479382,
MOBO_MOEAD_EI_Hybrid_Fixed,zdt6,54,0.2961416789323191,0.9123001059991472,
MOBO_MOEAD_EI_Hybrid_Fixed,zdt6,55,0.2961416789323191,0.9123001059991472,
MOBO_MOEAD_EI_Hybrid_Fixed,zdt6,56,0.2964881575242388,0.9120947724478822,
MOBO_MOEAD_EI_Hybrid_Fixed,zdt6,57,0.3022755087753876,0.9086295167945806,
MOBO_MOEAD_EI_Hybrid_Fixed,zdt6,58,0.3022755087753876,0.9086295167945806,
MOBO_MOEAD_EI_Hybrid_Fixed,zdt6,59,0.3023561718521602,0.9085807453429068,
MOBO_MOEAD_EI_Hybrid_Fixed,zdt6,60,0.3023561718521602,0.9085807453429068,
MOBO_MOEAD_EI_Hybrid_Fixed,zdt6,61,0.3023561718521602,0.9085807453429068,
MOBO_MOEAD_EI_Hybrid_Fixed,zdt6,62,0.3049528148174372,0.9070037807349218,
MOBO_MOEAD_EI_Hybrid_Fixed,zdt6,63,0.3095369175035486,0.9041868967024014,
MOBO_MOEAD_EI_Hybrid_Fixed,zdt6,64,0.3239999143689253,0.895024055488929,
MOBO_MOEAD_EI_Hybrid_Fixed,zdt6,65,0.3252340688064715,0.8942228004875873,
MOBO_MOEAD_EI_Hybrid_Fixed,zdt6,66,0.3252340688064715,0.8942228004875873,
MOBO_MOEAD_EI_Hybrid_Fixed,zdt6,67,0.3252340688064715,0.8942228004875873,
MOBO_MOEAD_EI_Hybrid_Fixed,zdt6,68,0.3252340688064715,0.8942228004875873,
MOBO_MOEAD_EI_Hybrid_Fixed,zdt6,69,0.3252340688064715,0.8942228004875873,
MOBO_MOEAD_EI_Hybrid_Fixed,zdt6,70,0.3252340688064715,0.8942228004875873,
MOBO_MOEAD_EI_Hybrid_Fixed,zdt6,71,0.3279053421217116,0.8924780866080433,
MOBO_MOEAD_EI_Hybrid_Fixed,zdt6,72,0.3319993209417015,0.8897764508942491,
MOBO_MOEAD_EI_Hybrid_Fixed,zdt6,73,0.3342345563541371,0.8882872613387531,
MOBO_MOEAD_EI_Hybrid_Fixed,zdt6,74,0.3373932677039031,0.8861657829080823,
MOBO_MOEAD_EI_Hybrid_Fixed,zdt6,75,0.341179165022942,0.8835967773542481,
MOBO_MOEAD_EI_Hybrid_Fixed,zdt6,76,0.341179165022942,0.8835967773542481,
MOBO_MOEAD_EI_Hybrid_Fixed,zdt6,77,0.342677400587609,0.8825721991265194,
MOBO_MOEAD_EI_Hybrid_Fixed,zdt6,78,0.3448047304892756,0.881109697832218,
MOBO_MOEAD_EI_Hybrid_Fixed,zdt6,79,0.3455689917749032,0.8805820719236769,
MOBO_MOEAD_EI_Hybrid_Fixed,zdt6,80,0.351945204610223,0.8761345729518683,
MOBO_MOEAD_EI_Hybrid_Fixed,zdt6,81,0.3579793144761389,0.8744242437000384,
MOBO_MOEAD_EI_Hybrid_Fixed,zdt6,82,0.3592535340156079,0.872559271100203,
MOBO_MOEAD_EI_Hybrid_Fixed,zdt6,83,0.3592535340156079,0.872559271100203,
MOBO_MOEAD_EI_Hybrid_Fixed,zdt6,84,0.3615583801855367,0.8692755377176109,
MOBO_MOEAD_EI_Hybrid_Fixed,zdt6,85,0.3685437309205551,0.8641755183991574,
MOBO_MOEAD_EI_Hybrid_Fixed,zdt6,86,0.3978516358743819,0.8417140758320782,
MOBO_MOEAD_EI_Hybrid_Fixed,zdt6,87,0.3983484594233891,0.8413185048750125,
MOBO_MOEAD_EI_Hybrid_Fixed,zdt6,88,0.398984222657909,0.8408115900700641,
MOBO_MOEAD_EI_Hybrid_Fixed,zdt6,89,0.4015835122093346,0.8387306827216152,
MOBO_MOEAD_EI_Hybrid_Fixed,zdt6,90,0.4025791406842647,0.837930035485919,
MOBO_MOEAD_EI_Hybrid_Fixed,zdt6,91,0.4031144612235863,0.8374987311524178,
MOBO_MOEAD_EI_Hybrid_Fixed,zdt6,92,0.4069805539378179,0.8343668287164668,
MOBO_MOEAD_EI_Hybrid_Fixed,zdt6,93,0.4078830671831291,0.833631403505283,
MOBO_MOEAD_EI_Hybrid_Fixed,zdt6,94,0.4099628233768659,0.8319304834488686,
MOBO_MOEAD_EI_Hybrid_Fixed,zdt6,95,0.4108410784994889,0.8312096082173768,
MOBO_MOEAD_EI_Hybrid_Fixed,zdt6,96,0.4118352288751298,0.8303917442573694,
MOBO_MOEAD_EI_Hybrid_Fixed,zdt6,97,0.4118352288751298,0.8303917442573694,
MOBO_MOEAD_EI_Hybrid_Fixed,zdt6,98,0.4120233644388705,0.8302367471564737,
MOBO_MOEAD_EI_Hybrid_Fixed,zdt6,99,0.4130796209742653,0.8293652267357573,
MOBO_MOEAD_EI_Hybrid_Fixed,zdt6,100,0.413927019104873,0.828664422854954,
MOBO_MOEAD_EI_Hybrid_Fixed,zdt6,101,0.4152396807153782,0.8275760075593908,
MOBO_MOEAD_EI_Hybrid_Fixed,zdt6,102,0.4153399448807678,0.8274927301864408,
MOBO_MOEAD_EI_Hybrid_Fixed,zdt6,103,0.4174099373844808,0.8257689441726838,
MOBO_MOEAD_EI_Hybrid_Fixed,zdt6,104,0.4176528389348164,0.8255661061296883,
MOBO_MOEAD_EI_Hybrid_Fixed,zdt6,105,0.4176528389348164,0.8255661061296883,
MOBO_MOEAD_EI_Hybrid_Fixed,zdt6,106,0.4211401369993913,0.8226409850081339,
MOBO_MOEAD_EI_Hybrid_Fixed,zdt6,107,0.4226324751634563,0.8213817909372104,
MOBO_MOEAD_EI_Hybrid_Fixed,zdt6,108,0.4294073961440684,0.8156092881367711,
MOBO_MOEAD_EI_Hybrid_Fixed,zdt6,109,0.4334294848030435,0.8121388817033682,
MOBO_MOEAD_EI_Hybrid_Fixed,zdt6,110,0.4360030262346791,0.8099013611142017,
MOBO_MOEAD_EI_Hybrid_Fixed,zdt6,111,0.4374208561006742,0.8086629946481532,
MOBO_MOEAD_EI_Hybrid_Fixed,zdt6,112,0.4546409388934553,0.7933016166820774,
MOBO_MOEAD_EI_Hybrid_Fixed,zdt6,113,0.4562597317428618,0.7918270571899317,
MOBO_MOEAD_EI_Hybrid_Fixed,zdt6,114,0.4653522590582014,0.7834472749894286,
MOBO_MOEAD_EI_Hybrid_Fixed,zdt6,115,0.4653522590582014,0.7834472749894286,
MOBO_MOEAD_EI_Hybrid_Fixed,zdt6,116,0.4676098960520101,0.7813409851142283,
MOBO_MOEAD_EI_Hybrid_Fixed,zdt6,117,0.4685432574351191,0.7804672159120877,
MOBO_MOEAD_EI_Hybrid_Fixed,zdt6,118,0.4705986383732157,0.7785369215612754,
MOBO_MOEAD_EI_Hybrid_Fixed,zdt6,119,0.4742994548497554,0.7750400271292248,
MOBO_MOEAD_EI_Hybrid_Fixed,zdt6,120,0.4780307693376988,0.7714865835664078,
MOBO_MOEAD_EI_Hybrid_Fixed,zdt6,121,0.4813173033535545,0.7683336534924624,
MOBO_MOEAD_EI_Hybrid_Fixed,zdt6,122,0.490447281404236,0.7594614641631942,
MOBO_MOEAD_EI_Hybrid_Fixed,zdt6,123,0.4967727083373219,0.7532168762512021,
MOBO_MOEAD_EI_Hybrid_Fixed,zdt6,124,0.5067297828714878,0.7432249271510147,
MOBO_MOEAD_EI_Hybrid_Fixed,zdt6,125,0.510261848044653,0.7396328464300554,
MOBO_MOEAD_EI_Hybrid_Fixed,zdt6,126,0.5141159472798802,0.7356847927525114,
MOBO_MOEAD_EI_Hybrid_Fixed,zdt6,127,0.5158549418733037,0.7338936789448904,
MOBO_MOEAD_EI_Hybrid_Fixed,zdt6,128,0.5160830888714935,0.7336582453808582,
MOBO_MOEAD_EI_Hybrid_Fixed,zdt6,129,0.5182096056800957,0.7314588045808798,
MOBO_MOEAD_EI_Hybrid_Fixed,zdt6,130,0.5188665232890812,0.7307775310099014,
MOBO_MOEAD_EI_Hybrid_Fixed,zdt6,131,0.5193984827024669,0.7302252161663751,
MOBO_MOEAD_EI_Hybrid_Fixed,zdt6,132,0.5297340414304978,0.7193818453497116,
MOBO_MOEAD_EI_Hybrid_Fixed,zdt6,133,0.5370391072887908,0.7115889972424587,
MOBO_MOEAD_EI_Hybrid_Fixed,zdt6,134,0.5460953390278691,0.7017798806920367,
MOBO_MOEAD_EI_Hybrid_Fixed,zdt6,135,0.5479987623727351,0.6996973564379505,
MOBO_MOEAD_EI_Hybrid_Fixed,zdt6,136,0.558856975955017,0.6965499887460137,
MOBO_MOEAD_EI_Hybrid_Fixed,zdt6,137,0.5632369944121849,0.6915789725639951,
MOBO_MOEAD_EI_Hybrid_Fixed,zdt6,138,0.5658218599171498,0.6798456228398972,
MOBO_MOEAD_EI_Hybrid_Fixed,zdt6,139,0.568704637421954,0.6765750353747639,
MOBO_MOEAD_EI_Hybrid_Fixed,zdt6,140,0.5690853323303109,0.6761418845264996,
MOBO_MOEAD_EI_Hybrid_Fixed,zdt6,141,0.5778639439232066,0.666073262313517,
MOBO_MOEAD_EI_Hybrid_Fixed,zdt6,142,0.5779125485249532,0.6660170862573935,
MOBO_MOEAD_EI_Hybrid_Fixed,zdt6,143,0.5787221498717738,0.6650806732477921,
MOBO_MOEAD_EI_Hybrid_Fixed,zdt6,144,0.5803404700179948,0.6632049388592929,
MOBO_MOEAD_EI_Hybrid_Fixed,zdt6,145,0.5845268215520578,0.6583283948862488,
MOBO_MOEAD_EI_Hybrid_Fixed,zdt6,146,0.5883383591972151,0.6538579750971287,
MOBO_MOEAD_EI_Hybrid_Fixed,zdt6,147,0.602761177315775,0.6366789631209008,
MOBO_MOEAD_EI_Hybrid_Fixed,zdt6,148,0.6032605814545348,0.6360766708631367,
MOBO_MOEAD_EI_Hybrid_Fixed,zdt6,149,0.607238749949101,0.6312611005602532,
MOBO_MOEAD_EI_Hybrid_Fixed,zdt6,150,0.618576984145434,0.6173625146855395,
MOBO_MOEAD_EI_Hybrid_Fixed,zdt6,151,0.620595005660357,0.6148618389494215,
MOBO_MOEAD_EI_Hybrid_Fixed,zdt6,152,0.6215209306815881,0.6137117327246926,
MOBO_MOEAD_EI_Hybrid_Fixed,zdt6,153,0.622859728509952,0.6120457586005089,
MOBO_MOEAD_EI_Hybrid_Fixed,zdt6,154,0.6334911066038631,0.5986890178538129,
MOBO_MOEAD_EI_Hybrid_Fixed,zdt6,155,0.636150446954767,0.5953126088392502,
MOBO_MOEAD_EI_Hybrid_Fixed,zdt6,156,0.6377285325710855,0.5933023187447299,
MOBO_MOEAD_EI_Hybrid_Fixed,zdt6,157,0.6564581878851864,0.5690626475584973,
MOBO_MOEAD_EI_Hybrid_Fixed,zdt6,158,0.6605441968401461,0.5636813640208063,
MOBO_MOEAD_EI_Hybrid_Fixed,zdt6,159,0.6621260870568402,0.5615890448387977,
MOBO_MOEAD_EI_Hybrid_Fixed,zdt6,160,0.6696473419081845,0.551572437475303,
MOBO_MOEAD_EI_Hybrid_Fixed,zdt6,161,0.6704336079316762,0.5505187773557155,
MOBO_MOEAD_EI_Hybrid_Fixed,zdt6,162,0.6714223041495694,0.5491920894904831,
MOBO_MOEAD_EI_Hybrid_Fixed,zdt6,163,0.6772402461600383,0.5413456489810907,
MOBO_MOEAD_EI_Hybrid_Fixed,zdt6,164,0.6813947686076292,0.5357011693141556,
MOBO_MOEAD_EI_Hybrid_Fixed,zdt6,165,0.6869748818310428,0.5280655117332247,
MOBO_MOEAD_EI_Hybrid_Fixed,zdt6,166,0.6907208697084541,0.5229046801491968,
MOBO_MOEAD_EI_Hybrid_Fixed,zdt6,167,0.6964476693217847,0.514960643896254,
MOBO_MOEAD_EI_Hybrid_Fixed,zdt6,168,0.6971932673922694,0.5139215479028916,
MOBO_MOEAD_EI_Hybrid_Fixed,zdt6,169,0.7027292596750221,0.5061715875965953,
MOBO_MOEAD_EI_Hybrid_Fixed,zdt6,170,0.7046537895595775,0.5034630368593267,
MOBO_MOEAD_EI_Hybrid_Fixed,zdt6,171,0.7107029392644684,0.4949013321208454,
MOBO_MOEAD_EI_Hybrid_Fixed,zdt6,172,0.717961177847277,0.4845317471041507,
MOBO_MOEAD_EI_Hybrid_Fixed,zdt6,173,0.7229571035376077,0.4773330264445128,
MOBO_MOEAD_EI_Hybrid_Fixed,zdt6,174,0.726452960599189,0.4722660960366732,
MOBO_MOEAD_EI_Hybrid_Fixed,zdt6,175,0.728118579007982,0.469843334903397,
MOBO_MOEAD_EI_Hybrid_Fixed,zdt6,176,0.7290468270027077,0.468490724037284,
MOBO_MOEAD_EI_Hybrid_Fixed,zdt6,177,0.7347767084478594,0.4601031887225295,
MOBO_MOEAD_EI_Hybrid_Fixed,zdt6,178,0.7441165054240527,0.4462906263554957,
MOBO_MOEAD_EI_Hybrid_Fixed,zdt6,179,0.7451719358074542,0.4447187860849713,
MOBO_MOEAD_EI_Hybrid_Fixed,zdt6,180,0.7494093615376456,0.4383856088397384,
MOBO_MOEAD_EI_Hybrid_Fixed,zdt6,181,0.7505383830070074,0.4366921356332267,
MOBO_MOEAD_EI_Hybrid_Fixed,zdt6,182,0.7587371829842181,0.4243178871571731,
MOBO_MOEAD_EI_Hybrid_Fixed,zdt6,183,0.772828860379015,0.4027355525652729,
MOBO_MOEAD_EI_Hybrid_Fixed,zdt6,184,0.7731231020495055,0.4022806690773498,
MOBO_MOEAD_EI_Hybrid_Fixed,zdt6,185,0.7753501344787307,0.3988321689638142,
MOBO_MOEAD_EI_Hybrid_Fixed,zdt6,186,0.7779049546960088,0.3948638814594004,
MOBO_MOEAD_EI_Hybrid_Fixed,zdt6,187,0.7877648565786365,0.3794265307396403,
MOBO_MOEAD_EI_Hybrid_Fixed,zdt6,188,0.7887049381836286,0.3779445204847586,
MOBO_MOEAD_EI_Hybrid_Fixed,zdt6,189,0.7918380354520621,0.3729925256114188,
MOBO_MOEAD_EI_Hybrid_Fixed,zdt6,190,0.7929224742662835,0.371273949803435,
MOBO_MOEAD_EI_Hybrid_Fixed,zdt6,191,0.7944080930918085,0.3689157816302365,
MOBO_MOEAD_EI_Hybrid_Fixed,zdt6,192,0.7981003293239427,0.3630358643330141,
MOBO_MOEAD_EI_Hybrid_Fixed,zdt6,193,0.8012981749591964,0.357921234807061,
MOBO_MOEAD_EI_Hybrid_Fixed,zdt6,194,0.8014347673705896,0.3577023136496489,
MOBO_MOEAD_EI_Hybrid_Fixed,zdt6,195,0.80295811755869,0.355258261446605,
MOBO_MOEAD_EI_Hybrid_Fixed,zdt6,196,0.8050442575483391,0.3519037433884435,
MOBO_MOEAD_EI_Hybrid_Fixed,zdt6,197,0.805943151549541,0.3504556364703936,
MOBO_MOEAD_EI_Hybrid_Fixed,zdt6,198,0.8066013047118051,0.3493943352372136,
MOBO_MOEAD_EI_Hybrid_Fixed,zdt6,199,0.8102088630403033,0.3435615982509391,
MOBO_MOEAD_EI_Hybrid_Fixed,zdt6,200,0.8156361002812784,0.3347377519179483,
MOBO_MOEAD_EI_Hybrid_Fixed,zdt6,201,0.8162851472811875,0.33367855832813,
MOBO_MOEAD_EI_Hybrid_Fixed,zdt6,202,0.8172930379307526,0.3320320901499214,
MOBO_MOEAD_EI_Hybrid_Fixed,zdt6,203,0.8215469568336548,0.325060597717361,
MOBO_MOEAD_EI_Hybrid_Fixed,zdt6,204,0.8229873594320741,0.322691806215022,
MOBO_MOEAD_EI_Hybrid_Fixed,zdt6,205,0.8234714403920171,0.3218947868586965,
MOBO_MOEAD_EI_Hybrid_Fixed,zdt6,206,0.8301828599627182,0.3107964190241218,
MOBO_MOEAD_EI_Hybrid_Fixed,zdt6,207,0.8345474733176338,0.3035305147791532,
MOBO_MOEAD_EI_Hybrid_Fixed,zdt6,208,0.8345474733176338,0.3035305147791532,
MOBO_MOEAD_EI_Hybrid_Fixed,zdt6,209,0.8358587892266685,0.3013400844725278,
MOBO_MOEAD_EI_Hybrid_Fixed,zdt6,210,0.8368268838769036,0.2997207664208712,
MOBO_MOEAD_EI_Hybrid_Fixed,zdt6,211,0.8376312436066935,0.298373899733904,
MOBO_MOEAD_EI_Hybrid_Fixed,zdt6,212,0.8403567495657467,0.2938005334592929,
MOBO_MOEAD_EI_Hybrid_Fixed,zdt6,213,0.8428775704006594,0.2895574013154816,
MOBO_MOEAD_EI_Hybrid_Fixed,zdt6,214,0.8432024122941184,0.2890096919013796,
MOBO_MOEAD_EI_Hybrid_Fixed,zdt6,215,0.8456207961836832,0.2849254690616736,
MOBO_MOEAD_EI_Hybrid_Fixed,zdt6,216,0.8511539738359302,0.2755369128233047,
MOBO_MOEAD_EI_Hybrid_Fixed,zdt6,217,0.8526939097945776,0.2729130961992367,
MOBO_MOEAD_EI_Hybrid_Fixed,zdt6,218,0.8527154640992414,0.2728763372860153,
MOBO_MOEAD_EI_Hybrid_Fixed,zdt6,219,0.8556530785628997,0.2678578091458321,
MOBO_MOEAD_EI_Hybrid_Fixed,zdt6,220,0.8560697584136243,0.2671445687296389,
MOBO_MOEAD_EI_Hybrid_Fixed,zdt6,221,0.856584545075185,0.2662629171383384,
MOBO_MOEAD_EI_Hybrid_Fixed,zdt6,222,0.8621702938274343,0.2566623844415157,
MOBO_MOEAD_EI_Hybrid_Fixed,zdt6,223,0.8714116979199918,0.2406416527281969,
MOBO_MOEAD_EI_Hybrid_Fixed,zdt6,224,0.8717189736199384,0.240106031031001,
MOBO_MOEAD_EI_Hybrid_Fixed,zdt6,225,0.8804520803657557,0.2248041341796128,
MOBO_MOEAD_EI_Hybrid_Fixed,zdt6,226,0.8839750506035371,0.218588109910474,
MOBO_MOEAD_EI_Hybrid_Fixed,zdt6,227,0.8857530422466717,0.2154415481507657,
MOBO_MOEAD_EI_Hybrid_Fixed,zdt6,228,0.8900179478752497,0.2078680524599293,
MOBO_MOEAD_EI_Hybrid_Fixed,zdt6,229,0.8944533624829589,0.1999531823429284,
MOBO_MOEAD_EI_Hybrid_Fixed,zdt6,230,0.9047911321903808,0.181353007109649,
MOBO_MOEAD_EI_Hybrid_Fixed,zdt6,231,0.9112934896128536,0.1695441757892278,
MOBO_MOEAD_EI_Hybrid_Fixed,zdt6,232,0.9163561364485524,0.1602914311930822,
MOBO_MOEAD_EI_Hybrid_Fixed,zdt6,233,0.9217037878847948,0.150462127398821,
MOBO_MOEAD_EI_Hybrid_Fixed,zdt6,234,0.9219524141223996,0.1500037460938794,
MOBO_MOEAD_EI_Hybrid_Fixed,zdt6,235,0.9303305716737436,0.1344850274092055,
MOBO_MOEAD_EI_Hybrid_Fixed,zdt6,236,0.9444034544895292,0.1081021151482437,
MOBO_MOEAD_EI_Hybrid_Fixed,zdt6,237,0.9445060337808372,0.107908352151592,
MOBO_MOEAD_EI_Hybrid_Fixed,zdt6,238,0.9449040727883384,0.1071562932280102,
MOBO_MOEAD_EI_Hybrid_Fixed,zdt6,239,0.9498007702623862,0.0978784968089778,
MOBO_MOEAD_EI_Hybrid_Fixed,zdt6,240,0.9546412294144412,0.088660123102084,
MOBO_MOEAD_EI_Hybrid_Fixed,zdt6,241,0.9555089068246144,0.0870027289788305,
MOBO_MOEAD_EI_Hybrid_Fixed,zdt6,242,0.958896699322088,0.0805171200292051,
MOBO_MOEAD_EI_Hybrid_Fixed,zdt6,243,0.9627097686594064,0.073189901327752,
MOBO_MOEAD_EI_Hybrid_Fixed,zdt6,244,0.9632586016420144,0.072132866362671,
MOBO_MOEAD_EI_Hybrid_Fixed,zdt6,245,0.9641413616608882,0.0704314347346884,
MOBO_MOEAD_EI_Hybrid_Fixed,zdt6,246,0.9671475545222652,0.0646256077816023,
MOBO_MOEAD_EI_Hybrid_Fixed,zdt6,247,0.9688958497983442,0.0612408322435444,
MOBO_MOEAD_EI_Hybrid_Fixed,zdt6,248,0.9735940933003024,0.0521145414907622,
MOBO_MOEAD_EI_Hybrid_Fixed,zdt6,249,0.975418287464364,0.0485591644800873,
MOBO_MOEAD_EI_Hybrid_Fixed,zdt6,250,0.9759340611387344,0.0475527083092568,
MOBO_MOEAD_EI_Hybrid_Fixed,zdt6,251,0.978053211980354,0.0434119145349127,
MOBO_MOEAD_EI_Hybrid_Fixed,zdt6,252,0.9790400970972688,0.0414804882757704,
MOBO_MOEAD_EI_Hybrid_Fixed,zdt6,253,0.9817158192690144,0.036234050196968,
MOBO_MOEAD_EI_Hybrid_Fixed,zdt6,254,0.981877071063913,0.0359174173189515,
MOBO_MOEAD_EI_Hybrid_Fixed,zdt6,255,0.9819461973368028,0.0357816655357925,
MOBO_MOEAD_EI_Hybrid_Fixed,zdt6,256,0.9832413140873526,0.0332365182717759,
MOBO_MOEAD_EI_Hybrid_Fixed,zdt6,257,0.9850683081500724,0.029640428278354,
MOBO_MOEAD_EI_Hybrid_Fixed,zdt6,258,0.9853564408312884,0.0290726845122959,
MOBO_MOEAD_EI_Hybrid_Fixed,zdt6,259,0.9856781267395722,0.0284386304671677,
MOBO_MOEAD_EI_Hybrid_Fixed,zdt6,260,0.9873092341743858,0.0252204761139879,
MOBO_MOEAD_EI_Hybrid_Fixed,zdt6,261,0.9894909031955044,0.0209077524933452,
MOBO_MOEAD_EI_Hybrid_Fixed,zdt6,262,0.9896703166808426,0.0205526642808406,
MOBO_MOEAD_EI_Hybrid_Fixed,zdt6,263,0.9899214618912652,0.0200554992870601,
MOBO_MOEAD_EI_Hybrid_Fixed,zdt6,264,0.9913061013936896,0.017312213339644,
MOBO_MOEAD_EI_Hybrid_Fixed,zdt6,265,0.9917613755707584,0.0164093739259971,
MOBO_MOEAD_EI_Hybrid_Fixed,zdt6,266,0.9922689740241888,0.0154022831889839,
MOBO_MOEAD_EI_Hybrid_Fixed,zdt6,267,0.9932880130546408,0.0133789231219635,
MOBO_MOEAD_EI_Hybrid_Fixed,zdt6,268,0.9936426383720616,0.0126743072090083,
MOBO_MOEAD_EI_Hybrid_Fixed,zdt6,269,0.9938179132350026,0.0123259553332248,
MOBO_MOEAD_EI_Hybrid_Fixed,zdt6,270,0.9944567252336776,0.0110558216375097,
MOBO_MOEAD_EI_Hybrid_Fixed,zdt6,271,0.9950822275670004,0.0098113603802962,
MOBO_MOEAD_EI_Hybrid_Fixed,zdt6,272,0.9951941715470148,0.0095885609188508,
MOBO_MOEAD_EI_Hybrid_Fixed,zdt6,273,0.9965671163975578,0.0068539825150565,
MOBO_MOEAD_EI_Hybrid_Fixed,zdt6,274,0.9965977865819382,0.0067928517799815,
MOBO_MOEAD_EI_Hybrid_Fixed,zdt6,275,0.9966601059387216,0.0066686332302162,
MOBO_MOEAD_EI_Hybrid_Fixed,zdt6,276,0.9968392522421406,0.0063115051893298,
MOBO_MOEAD_EI_Hybrid_Fixed,zdt6,277,0.997048513715431,0.0058942612978499,
MOBO_MOEAD_EI_Hybrid_Fixed,zdt6,278,0.9972315055983114,0.0055293242421249,
MOBO_MOEAD_EI_Hybrid_Fixed,zdt6,279,0.9974584634158998,0.005076613759992,
MOBO_MOEAD_EI_Hybrid_Fixed,zdt6,280,0.9980226270972788,0.003950835801846,
MOBO_MOEAD_EI_Hybrid_Fixed,zdt6,281,0.9983022870049918,0.0033925437606029,
MOBO_MOEAD_EI_Hybrid_Fixed,zdt6,282,0.9983806894889228,0.0032359988556229,
MOBO_MOEAD_EI_Hybrid_Fixed,zdt6,283,0.9987429131973924,0.0025125933379857,
MOBO_MOEAD_EI_Hybrid_Fixed,zdt6,284,0.9987677286447612,0.0024630242177845,
MOBO_MOEAD_EI_Hybrid_Fixed,zdt6,285,0.9990350461924604,0.0019289764792285,
MOBO_MOEAD_EI_Hybrid_Fixed,zdt6,286,0.9994346473700968,0.00113038563621,
MOBO_MOEAD_EI_Hybrid_Fixed,zdt6,287,0.9996236455912774,0.0007525671748043,
MOBO_MOEAD_EI_Hybrid_Fixed,zdt6,288,0.9996415567029808,0.0007167581124414,
MOBO_MOEAD_EI_Hybrid_Fixed,zdt6,289,0.9996840690900102,0.0006317620076398,
MOBO_MOEAD_EI_Hybrid_Fixed,zdt6,290,0.9996861191365872,0.0006276632056293,
MOBO_MOEAD_EI_Hybrid_Fixed,zdt6,291,0.9997397883190638,0.0005203556517534,
MOBO_MOEAD_EI_Hybrid_Fixed,zdt6,292,0.9997902430462322,0.0004194699095558,
MOBO_MOEAD_EI_Hybrid_Fixed,zdt6,293,0.9997921420240152,0.0004156727470311,
MOBO_MOEAD_EI_Hybrid_Fixed,zdt6,294,0.9998323124952584,0.0003353468903841,
MOBO_MOEAD_EI_Hybrid_Fixed,zdt6,295,0.999834026367902,0.0003319197169496,
MOBO_MOEAD_EI_Hybrid_Fixed,zdt6,296,0.9998374597504625,0.0003250540797425,
MOBO_MOEAD_EI_Hybrid_Fixed,zdt6,297,0.9999092983546288,0.000181395063954,
MOBO_MOEAD_EI_Hybrid_Fixed,zdt6,298,0.9999144582540728,0.0001710761744639,
MOBO_MOEAD_EI_Hybrid_Fixed,zdt6,299,0.9999197164941604,0.000160560566238,
MOBO_MOEAD_EI_Hybrid_Fixed,zdt6,300,0.9999371642064792,0.0001256676387044,
MOBO_MOEAD_EI_Hybrid_Fixed,zdt6,301,0.9999473784917916,0.0001052402473938,
MOBO_MOEAD_EI_Hybrid_Fixed,zdt6,302,0.9999659390711284,6.812069759609685e-05,
MOBO_MOEAD_EI_Hybrid_Fixed,zdt6,303,0.999977472545037,4.505440243973702e-05,
MOBO_MOEAD_EI_Hybrid_Fixed,zdt6,304,0.9999775377972469,4.492390095578447e-05,
MOBO_MOEAD_EI_Hybrid_Fixed,zdt6,305,0.999981624451714,3.675075891096391e-05,
MOBO_MOEAD_EI_Hybrid_Fixed,zdt6,306,0.9999836236507664,3.275243028255659e-05,
MOBO_MOEAD_EI_Hybrid_Fixed,zdt6,307,0.9999944923567442,1.1015256177415722e-05,
MOBO_MOEAD_EI_Hybrid_Fixed,zdt6,308,0.9999951307599376,9.738456415497865e-06,
MOBO_MOEAD_EI_Hybrid_Fixed,zdt6,309,0.999995998831876,8.002320238786886e-06,
MOBO_MOEAD_EI_Hybrid_Fixed,zdt6,310,0.9999973421225148,5.31574790607614e-06,
MOBO_MOEAD_EI_Hybrid_Fixed,zdt6,311,0.9999973421225148,5.31574790607614e-06,
MOBO_MOEAD_EI_Hybrid_Fixed,zdt6,312,0.9999976374481684,4.7250980815816135e-06,
MOBO_MOEAD_EI_Hybrid_Fixed,zdt6,313,0.9999980746785858,3.850639121560917e-06,
MOBO_MOEAD_EI_Hybrid_Fixed,zdt6,314,0.9999987251628366,2.549672701523953e-06,
MOBO_MOEAD_EI_Hybrid_Fixed,zdt6,315,0.99999882036669,2.3592652282911075e-06,
MOBO_MOEAD_EI_Hybrid_Fixed,zdt6,316,0.9999995792345624,8.41530697903714e-07,
MOBO_MOEAD_EI_Hybrid_Fixed,zdt6,317,0.9999999326829594,1.3463407666503002e-07,
MOBO_MOEAD_EI_Hybrid_Fixed,zdt6,318,0.999999994113274,1.1773451991103911e-08,
MOBO_MOEAD_EI_Hybrid_Fixed,zdt6,319,0.9999999959279636,8.14407274951634e-09,
MOBO_MOEAD_EI_Hybrid_Fixed,zdt6,320,0.999999997273054,5.453892004680938e-09,
MOBO_MOEAD_EI_Hybrid_Fixed,zdt6,321,0.9999999999710864,5.7827076460625904e-11,
MOBO_MOEAD_EI_Hybrid_Fixed,zdt6,322,0.9999999999969126,6.174838418360196e-12,
MOBO_MOEAD_EI_Hybrid_Fixed,zdt6,323,1.0,0.0,
MOBO_MOEAD_EI_Hybrid_Fixed,zdt6,324,1.0,0.0,
MOBO_MOEAD_EI_Hybrid_Fixed,zdt6,325,1.0,0.0,
MOBO_MOEAD_EI_Hybrid_Fixed,zdt6,326,1.0,0.0,
NSGA2Wrapper,dtlz1,0,2.2382501142585808e-10,1.0499331906815263e-05,28.944451141914787
NSGA2Wrapper,dtlz1,1,5.36988141985326e-10,0.0001720105719714,24.46154647814325
NSGA2Wrapper,dtlz1,2,8.37039232524198e-10,4.476880049805856e-06,11.48486950079027
NSGA2Wrapper,dtlz1,3,8.476335790885712e-10,4.380230439650707e-06,11.237000673176428
NSGA2Wrapper,dtlz1,4,1.0169801316934882e-09,5.255345516341714e-06,11.236999797892002
NSGA2Wrapper,dtlz1,5,1.5477477433803087e-08,2.2324875841900146e-06,11.671824612810829
NSGA2Wrapper,dtlz1,6,2.9055520322078933e-08,4.5067739413142255e-06,9.696651396831152
NSGA2Wrapper,dtlz1,7,1.3317347535007334e-07,4.241188206838486e-06,11.219773842384974
NSGA2Wrapper,dtlz1,8,1.5595008627760492e-07,4.880924212245049e-06,9.33323419303492
NSGA2Wrapper,dtlz1,9,1.8604271396556864e-06,3.192444998506502e-07,11.459647155626188
NSGA2Wrapper,dtlz1,10,1.8958348259117144e-06,2.838304435861938e-07,11.459613665238166
NSGA2Wrapper,dtlz1,11,1.9003968541875107e-06,2.7910972258697066e-07,11.458779336533018
NSGA2Wrapper,dtlz1,12,4.70124103189445e-06,10.785532710067114,0.7730550486054165
NSGA2Wrapper,dtlz1,13,7.208080520195838e-06,1.7577664280772156e-07,38.82070868010567
NSGA2Wrapper,dtlz1,14,8.029149378922377e-06,2.38913428243744e-08,42.33894845831375
NSGA2Wrapper,dtlz1,15,2.1425708655968927e-05,3.764556868166364e-06,9.685139965487016
NSGA2Wrapper,dtlz1,16,2.535406695059131e-05,3.6847534362248978e-06,11.164830303574464
NSGA2Wrapper,dtlz1,17,4.124489059687833e-05,32.819571037857685,0.3869245721182479
NSGA2Wrapper,dtlz1,18,5.153564541953317e-05,29.862923767275632,0.6586143490048381
NSGA2Wrapper,dtlz1,19,5.309397331602117e-05,20.130798512930983,0.0510824672204119
NSGA2Wrapper,dtlz1,20,7.26627138368894e-05,12.73773919364545,0.0212653193541085
NSGA2Wrapper,dtlz1,21,7.466072563019911e-05,21.847430044497347,0.0023249327632625
NSGA2Wrapper,dtlz1,22,8.616852554655887e-05,13.422574690876656,0.0019343887968868
NSGA2Wrapper,dtlz1,23,8.997834234341825e-05,24.287807063972977,0.0004946833565448
NSGA2Wrapper,dtlz1,24,0.0001833173019619,9.535760363633206e-10,10.753279782845508
NSGA2Wrapper,dtlz1,25,0.0002170825262704,49.45883877331944,4.549194758667435e-07
NSGA2Wrapper,dtlz1,26,0.0002797985763111,49.45877605726939,4.549194758667435e-07
NSGA2Wrapper,dtlz1,27,0.0155970106019143,32.0674458024119,3.74092844300987e-06
NSGA2Wrapper,dtlz1,28,0.0184224870342944,11.675477133324954,0.0002322946451531
NSGA2Wrapper,dtlz1,29,0.0906571706831884,10.647213027384012,5.747741992752151
NSGA2Wrapper,dtlz1,30,0.0916033800227085,9.975768862336702,0.3418258753541922
NSGA2Wrapper,dtlz1,31,0.1581257933994832,11.297670696731917,0.2191728753971987
NSGA2Wrapper,dtlz1,32,0.1810832594081008,6.714364761485936,1.3823342221541768
NSGA2Wrapper,dtlz1,33,0.2359981742911858,6.828468469127017,1.1679866170972124
NSGA2Wrapper,dtlz1,34,0.3437390894949425,12.590289606120391,2.322027563988279e-05
NSGA2Wrapper,dtlz1,35,0.3497148440727359,12.5843138515426,2.322027563988279e-05
NSGA2Wrapper,dtlz1,36,0.352033941686249,11.177144541894588,0.1903422803194795
NSGA2Wrapper,dtlz1,37,0.4020535940005624,11.319113672488117,9.531404363133932e-05
NSGA2Wrapper,dtlz1,38,0.4263367640392721,0.0385215805232492,7.995234537162134
NSGA2Wrapper,dtlz1,39,0.6102717248814615,12.32377257502205,7.61598746511052e-06
NSGA2Wrapper,dtlz1,40,0.7535028727856294,10.964349978638902,9.528709151173772e-05
NSGA2Wrapper,dtlz1,41,0.7705680300476088,12.16346074158081,2.314426255712645e-05
NSGA2Wrapper,dtlz1,42,0.8267349245244565,10.922966223545878,9.554607509818996e-05
NSGA2Wrapper,dtlz1,43,0.9629166161724032,1.975003977071333e-07,9.935202670792826
NSGA2Wrapper,dtlz1,44,1.0621820330261051,31.7443751580132,3.825291248977397e-06
NSGA2Wrapper,dtlz1,45,1.1118487296642272,30.97345803699027,3.741192423225756e-06
NSGA2Wrapper,dtlz1,46,1.1285514963375511,11.710693093934523,2.3050111099185872e-05
NSGA2Wrapper,dtlz1,47,2.4062867845204488,36.84485072108674,3.610280583047935e-07
NSGA2Wrapper,dtlz1,48,2.760831831526412,42.2736131673879,7.201059460894877e-08
NSGA2Wrapper,dtlz1,49,2.7756870637632,10.07418456824874,0.0844549658083717
NSGA2Wrapper,dtlz1,50,3.50185706742723,7.152999197232476,0.6488788558827386
NSGA2Wrapper,dtlz1,51,4.480349115064186,0.6862350580324372,1.3588722880471624
NSGA2Wrapper,dtlz1,52,5.467495745199281,1.954444709406586,0.805237656598446
NSGA2Wrapper,dtlz1,53,5.676547728527942,1.4087783883385634,1.1723094929991815
NSGA2Wrapper,dtlz1,54,6.154161950610254,0.9311641662562528,1.1723094929991815
NSGA2Wrapper,dtlz1,55,6.227801228308948,0.3242755888744786,3.507180322280457
NSGA2Wrapper,dtlz1,56,6.233369242757635,0.9431487374693192,1.0668933321415768
NSGA2Wrapper,dtlz1,57,6.693021166172199,0.3528193720373494,1.082354840051012
NSGA2Wrapper,dtlz1,58,6.707528663081049,0.4248307226491838,1.0596854722543052
NSGA2Wrapper,dtlz1,59,6.715665272927116,0.3540130451675041,1.0616058603011822
NSGA2Wrapper,dtlz1,60,6.724427804369005,0.3544749577722947,1.0523814162545024
NSGA2Wrapper,dtlz1,61,6.732693649320861,0.3549106877891085,1.043679841285833
NSGA2Wrapper,dtlz1,62,8.038609588944599,0.2777897349965085,0.6446835067761619
NSGA2Wrapper,dtlz1,63,8.4519274673043,0.2920727353871188,0.2183792780106568
NSGA2Wrapper,dtlz1,64,8.98143823413254,0.0108750472335087,0.2245808367463116
NSGA2Wrapper,dtlz1,65,8.992478264712872,0.3192043456641221,0.0183599192316667
NSGA2Wrapper,dtlz1,66,10.01006454279671,0.0201419790390356,0.0014454897825053
NSGA2Wrapper,dtlz1,67,10.537192897271003,5.25678833091825e-05,0.4028196052893899
NSGA2Wrapper,dtlz1,68,10.65236121070158,0.2916700102768008,4.9104914097500326e-05
NSGA2Wrapper,dtlz1,69,10.674045726849023,2.0318474839414207,7.481644656740103e-06
NSGA2Wrapper,dtlz1,70,10.936999695240733,6.969497471231196e-06,0.0059562413626702
NSGA2Wrapper,dtlz1,71,10.942593861146024,2.2443964547154867e-06,0.0003668005583938
NSGA2Wrapper,dtlz1,72,34.696588166221844,5.117449768093888,4.642373474598882e-06
NSGA2Wrapper,dtlz1,73,56.48908384965322,3.3160378311111947,5.500815601587056e-07
NSGA2Wrapper,dtlz1,74,107.62775990721586,0.0876492209742125,9.216227765899632e-05
NSGA2Wrapper,dtlz2,0,4.4775136716588655e-08,2.8508257933245755e-05,1.730921592197712
NSGA2Wrapper,dtlz2,1,1.792386825121056e-07,8.902793600005507e-07,1.3820806780717114
NSGA2Wrapper,dtlz2,2,9.075510354603272e-07,3.1584594558085323e-08,1.3820158431613665
NSGA2Wrapper,dtlz2,3,2.444973593530415e-06,1.4213445889034988e-08,1.375831930912227
NSGA2Wrapper,dtlz2,4,2.581141688333873e-06,6.810151113921293e-09,1.413732657135692
NSGA2Wrapper,dtlz2,5,0.0003321646142782,1.699543317471079,5.6789575666715626e-05
NSGA2Wrapper,dtlz2,6,0.0003398877880469,1.739059472425733,2.879902661020464e-05
NSGA2Wrapper,dtlz2,7,0.0029094702020438,1.6759616874679375,6.0251370282750354e-05
NSGA2Wrapper,dtlz2,8,0.0040175929560867,1.6386224116352548,0.0008751179846232
NSGA2Wrapper,dtlz2,9,0.004067665742439,1.6590451848795404,0.0008469903632853
NSGA2Wrapper,dtlz2,10,0.004623038656837,1.5935492129707258,0.0243395972167682
NSGA2Wrapper,dtlz2,11,0.0051340299516995,1.6682429682839228,0.000803265491768
NSGA2Wrapper,dtlz2,12,0.0126409984347454,1.667132587370069,0.0008027501133642
NSGA2Wrapper,dtlz2,13,0.062557358008251,1.6464739558246797,0.0005023607266896
NSGA2Wrapper,dtlz2,14,0.0857134203100446,1.57798368512938,0.2997908626149824
NSGA2Wrapper,dtlz2,15,0.0911588371567609,1.689726222322565,5.654364563124516e-05
NSGA2Wrapper,dtlz2,16,0.1343964495853391,1.618433913464669,0.0168328895350948
NSGA2Wrapper,dtlz2,17,0.1439887661489153,1.5795714224022386,0.097243110970906
NSGA2Wrapper,dtlz2,18,0.2151905652000382,1.4820226269919543,0.0194463378553927
NSGA2Wrapper,dtlz2,19,0.2211189725242696,1.3583298141680504,0.0002792412263955
NSGA2Wrapper,dtlz2,20,1.0750831365607507,1.3141781283551546,0.2530497590931181
NSGA2Wrapper,dtlz2,21,1.2384883704163216,0.1023115083465473,1.240744881813919
NSGA2Wrapper,dtlz2,22,1.344359061242644,0.003551185070908,0.1252254846734871
NSGA2Wrapper,dtlz2,23,1.361009180052707,0.061423585022436,0.0002764380192985
NSGA2Wrapper,dtlz2,24,1.387567846313962,0.0031543833846577,0.1212033125885547
NSGA2Wrapper,dtlz2,25,1.3919732252970975,0.0114041827992167,0.0002824491935609
NSGA2Wrapper,dtlz2,26,1.450557177491345,0.0002514633716947,0.3598459502521504
NSGA2Wrapper,dtlz2,27,1.599423372179077,0.0071691084376839,0.0003634564154313
NSGA2Wrapper,dtlz2,28,1.6027772985533797,0.0004946521356783,0.0006390138667813
NSGA2Wrapper,dtlz2,29,1.652874024548167,0.0004567671392557,0.2563565186433713
NSGA2Wrapper,dtlz2,30,1.6759581002416095,0.0002187830465348,0.0718515968560748
NSGA2Wrapper,dtlz2,31,1.682601707763003,0.0557864703205076,3.868534451115932e-05
NSGA2Wrapper,dtlz2,32,1.692166123033618,0.0029802775468655,5.628013626995601e-05
NSGA2Wrapper,dtlz2,33,1.6949741590202392,0.0002172141148094,0.1559055828854593
NSGA2Wrapper,dtlz2,34,1.7025737707171258,0.0723749453996295,2.825468456929713e-05
NSGA2Wrapper,dtlz2,35,1.7078826371681934,0.0011821688211758,6.13988610445588e-05
NSGA2Wrapper,dtlz2,36,1.7180589069455112,0.0002201724685161,0.0274922240685506
NSGA2Wrapper,dtlz2,37,1.7360481996499089,0.1084867535054839,1.807521142119667e-05
NSGA2Wrapper,dtlz2,38,1.7403668212526708,2.8784841932352924e-05,0.003531873875459
NSGA2Wrapper,dtlz2,39,1.749415535465824,2.8934503374490265e-05,0.00297356919558
NSGA2Wrapper,dtlz2,40,1.7500859839869627,0.0013372479392285,5.7594521842852646e-05
NSGA2Wrapper,dtlz4,0,1.000002444566964,0.0,1.0009826888889179e-113
NSGA2Wrapper,dtlz4,1,1.000002603565297,0.0,1.09699849966902e-160
NSGA2Wrapper,dtlz4,2,1.0000034648316547,1.0402360141626192e-283,0.0
NSGA2Wrapper,dtlz4,3,1.0000044780091042,0.0,0.0
NSGA2Wrapper,dtlz4,4,1.0000044780091042,0.0,0.0
NSGA2Wrapper,dtlz4,5,1.0000044780091042,0.0,0.0
NSGA2Wrapper,dtlz4,6,1.0000044780091042,0.0,0.0
NSGA2Wrapper,dtlz4,7,1.0000044780091042,0.0,0.0
NSGA2Wrapper,dtlz4,8,1.0000044780091042,0.0,0.0
NSGA2Wrapper,dtlz4,9,1.0000044780091042,0.0,0.0
NSGA2Wrapper,dtlz4,10,1.0000044780091042,0.0,0.0
NSGA2Wrapper,dtlz4,11,1.0000044780091042,0.0,0.0
NSGA2Wrapper,dtlz4,12,1.0000044780091042,0.0,0.0
NSGA2Wrapper,dtlz4,13,1.0000044780091042,0.0,0.0
NSGA2Wrapper,dtlz4,14,1.0000044780091042,0.0,0.0
NSGA2Wrapper,dtlz4,15,1.0000044780091042,0.0,0.0
NSGA2Wrapper,dtlz4,16,1.0000044780091042,0.0,0.0
NSGA2Wrapper,dtlz4,17,1.0000044780091042,0.0,0.0
NSGA2Wrapper,dtlz7,0,4.3793810652057504e-08,1.61204462933405e-05,12.699953037534794
NSGA2Wrapper,dtlz7,1,1.4114068965793786e-07,0.8226366567477981,7.393965558030976
NSGA2Wrapper,dtlz7,2,2.2136345068713725e-07,0.2771405616905032,8.802898280504811
NSGA2Wrapper,dtlz7,3,7.295769996429872e-07,0.0226735010032197,12.581502528603275
NSGA2Wrapper,dtlz7,4,1.4343533169052038e-06,0.019751954728937,12.653580587392788
NSGA2Wrapper,dtlz7,5,1.4414248656766143e-06,0.0302229919966235,12.389820409272756
NSGA2Wrapper,dtlz7,6,2.6891375683394943e-05,0.2771405616905032,8.770394857955315
NSGA2Wrapper,dtlz7,7,4.906548377215173e-05,1.980757630948647e-05,11.181295594658266
NSGA2Wrapper,dtlz7,8,0.0002591695147008,0.794906752844535,8.406473866078302
NSGA2Wrapper,dtlz7,9,0.0002772652500771,0.794906752844535,8.390318285199397
NSGA2Wrapper,dtlz7,10,0.0004905341916474,1.308556928682333e-05,13.088981694824582
NSGA2Wrapper,dtlz7,11,0.0005265941395511,0.8139756292447469,8.142647226965487
NSGA2Wrapper,dtlz7,12,0.0006666423246484,1.61204462933405e-05,12.458338005834923
NSGA2Wrapper,dtlz7,13,0.0013288885029798,0.008912020134245,8.142049111022652
NSGA2Wrapper,dtlz7,14,0.0013288885029798,0.3024778338770429,7.670798999725385
NSGA2Wrapper,dtlz7,15,0.0019580183640092,9.157435459876832e-05,11.121317512356292
NSGA2Wrapper,dtlz7,16,0.0019580183640092,3.8433671811302704e-05,11.121405184983518
NSGA2Wrapper,dtlz7,17,0.0021081328877288,0.0002463881692509,8.084913349882013
NSGA2Wrapper,dtlz7,18,0.0021081328877288,0.0002511051625769,8.005578333142212
NSGA2Wrapper,dtlz7,19,0.0024377537930523,0.800360809971465,7.463618504745119
NSGA2Wrapper,dtlz7,20,0.0028174418942963,5.743240718600952e-06,8.236807128877656
NSGA2Wrapper,dtlz7,21,0.0028180210993048,0.2924269249033497,7.739549335878769
NSGA2Wrapper,dtlz7,22,0.0031019072052016,0.2908743935241263,7.7372415375682735
NSGA2Wrapper,dtlz7,23,0.0059723499957159,0.750833944959581,7.483107002329163
NSGA2Wrapper,dtlz7,24,0.0063336780267725,0.2853834763629295,7.792634041368802
NSGA2Wrapper,dtlz7,25,0.0117215594782456,0.2853834763629295,7.776128399921985
NSGA2Wrapper,dtlz7,26,0.0117215594782456,0.2854172434141369,7.756644363238336
NSGA2Wrapper,dtlz7,27,0.0164947422953451,5.743240718600952e-06,8.183517520246117
NSGA2Wrapper,dtlz7,28,0.0167838487647446,0.266880772747966,7.9097476172656975
NSGA2Wrapper,dtlz7,29,0.0882903040137913,0.2519056693156263,7.728981563604223
NSGA2Wrapper,dtlz7,30,0.1323712488405279,0.2853834763629295,7.692840825320931
NSGA2Wrapper,dtlz7,31,0.1376983717793742,0.2853834763629295,7.687906790055008
NSGA2Wrapper,dtlz7,32,0.2206095660922175,0.8363895449488237,7.227838086092589
NSGA2Wrapper,dtlz7,33,0.22121521045942,0.7974846103718878,7.3495188647492
NSGA2Wrapper,dtlz7,34,0.22121521045942,0.7993400292505144,7.264272066360695
NSGA2Wrapper,dtlz7,35,0.2319068584460503,0.7472061653541866,7.505737785948074
NSGA2Wrapper,dtlz7,36,0.242495796636585,0.0002279875186164,8.1410382826153
NSGA2Wrapper,dtlz7,37,0.2426470301150858,0.2806271688159085,7.488383912735238
NSGA2Wrapper,dtlz7,38,0.2426470301150858,0.0266958629041517,7.961701429237038
NSGA2Wrapper,dtlz7,39,0.2426601188109166,0.2391138501407633,7.709938640535633
NSGA2Wrapper,dtlz7,40,0.2428911614900555,0.7455587372184801,6.936250348842925
NSGA2Wrapper,dtlz7,41,0.2430284782135206,0.750833944959581,6.792078658561533
NSGA2Wrapper,dtlz7,42,0.2445546107339659,0.2795830650387515,7.697758853412365
NSGA2Wrapper,dtlz7,43,0.2447876900462565,0.2795830650387515,7.686716892010686
NSGA2Wrapper,dtlz7,44,0.2451941944345662,0.0045428373230174,8.004159344206174
NSGA2Wrapper,dtlz7,45,0.2452275259032828,0.0002279875186164,8.063265943744463
NSGA2Wrapper,dtlz7,46,0.2453708598706606,0.0228472801909923,7.892796381313069
NSGA2Wrapper,dtlz7,47,0.2510965106464413,0.0103428095843213,7.863447408395407
NSGA2Wrapper,dtlz7,48,0.2513379697851449,0.2767425190975864,7.481367321182458
NSGA2Wrapper,dtlz7,49,0.2547415502184895,0.0002279875186164,7.878915626228725
NSGA2Wrapper,dtlz7,50,0.2669118002388183,0.0541338090273381,7.745751679425746
NSGA2Wrapper,dtlz7,51,0.2669118002388183,5.743240718600952e-06,7.826316046137465
NSGA2Wrapper,dtlz7,52,0.2766130122933843,4.834466209426954e-06,7.799512551878388
NSGA2Wrapper,dtlz7,53,0.2784619644334529,0.2908743935241263,7.414441233404341
NSGA2Wrapper,wfg4,0,0.2421483182015187,4.06022292149607,
NSGA2Wrapper,wfg4,1,0.2664035168042622,4.038662305329982,
NSGA2Wrapper,wfg4,2,0.3025614386042591,4.021851520056269,
NSGA2Wrapper,wfg4,3,0.3067592330997072,4.015170581161414,
NSGA2Wrapper,wfg4,4,0.3231296028366593,3.9916285047492472,
NSGA2Wrapper,wfg4,5,0.3387854001879012,3.9869228305784894,
NSGA2Wrapper,wfg4,6,0.3388987528752842,3.981011961660872,
NSGA2Wrapper,wfg4,7,0.3402022237151466,3.966833956867181,
NSGA2Wrapper,wfg4,8,0.3748102547715332,3.9549403149269846,
NSGA2Wrapper,wfg4,9,0.4371932556128551,3.9494069676354377,
NSGA2Wrapper,wfg4,10,0.4429053659708306,3.946179833352122,
NSGA2Wrapper,wfg4,11,0.4482428189327179,3.932561879417624,
NSGA2Wrapper,wfg4,12,0.4577070030373504,3.918203283129754,
NSGA2Wrapper,wfg4,13,0.465608036040751,3.917727374199667,
NSGA2Wrapper,wfg4,14,0.4880011590586308,3.917102408550458,
NSGA2Wrapper,wfg4,15,0.4977348441401792,3.909741184802212,
NSGA2Wrapper,wfg4,16,0.5062856589616719,3.898183961985567,
NSGA2Wrapper,wfg4,17,0.5326752023507711,3.8631272404467496,
NSGA2Wrapper,wfg4,18,0.58519748759573,3.855070764098986,
NSGA2Wrapper,wfg4,19,0.6023156209654165,3.8526656027318578,
NSGA2Wrapper,wfg4,20,0.607560931251568,3.8494793787041046,
NSGA2Wrapper,wfg4,21,0.6303722799888694,3.834385901170818,
NSGA2Wrapper,wfg4,22,0.6452949539945759,3.828619427938093,
NSGA2Wrapper,wfg4,23,0.6498104893362165,3.82323166199396,
NSGA2Wrapper,wfg4,24,0.6580830015628771,3.8176952954734977,
NSGA2Wrapper,wfg4,25,0.6590455703207668,3.8165233919599006,
NSGA2Wrapper,wfg4,26,0.6908304565839181,3.808156669077007,
NSGA2Wrapper,wfg4,27,0.7087469455609781,3.795575502619817,
NSGA2Wrapper,wfg4,28,0.7227069436160146,3.778742066098736,
NSGA2Wrapper,wfg4,29,0.7419658181028959,3.7605225952273433,
NSGA2Wrapper,wfg4,30,0.7618986217963224,3.740177614769412,
NSGA2Wrapper,wfg4,31,0.7650600120809841,3.705866817532997,
NSGA2Wrapper,wfg4,32,0.8170047203165314,3.674969578904804,
NSGA2Wrapper,wfg4,33,0.860330785337803,3.6703827000597418,
NSGA2Wrapper,wfg4,34,0.8633066218843856,3.667663644225638,
NSGA2Wrapper,wfg4,35,0.8665709598638808,3.6546377013861377,
NSGA2Wrapper,wfg4,36,0.8801371008773025,3.627548613214836,
NSGA2Wrapper,wfg4,37,0.9027885373821974,3.620449617559098,
NSGA2Wrapper,wfg4,38,0.9192735333847072,3.5951155917981303,
NSGA2Wrapper,wfg4,39,0.9319448562923844,3.572069895549596,
NSGA2Wrapper,wfg4,40,0.9321744555658326,3.5484573447547927,
NSGA2Wrapper,wfg4,41,0.9885661991620044,3.504199541676806,
NSGA2Wrapper,wfg4,42,1.002186297857618,3.489984567473127,
NSGA2Wrapper,wfg4,43,1.0190133638727048,3.471119912617718,
NSGA2Wrapper,wfg4,44,1.0322419877874405,3.4388099896088224,
NSGA2Wrapper,wfg4,45,1.0401876048268743,3.433959729809419,
NSGA2Wrapper,wfg4,46,1.0664115337304885,3.426187067949531,
NSGA2Wrapper,wfg4,47,1.0789289085477185,3.4257078605274685,
NSGA2Wrapper,wfg4,48,1.0811870246422466,3.4162280654378505,
NSGA2Wrapper,wfg4,49,1.0833697785604457,3.408962914155073,
NSGA2Wrapper,wfg4,50,1.099097459828697,3.353362942306293,
NSGA2Wrapper,wfg4,51,1.136800469740753,3.3469866387042213,
NSGA2Wrapper,wfg4,52,1.1375688356501117,3.338494433686832,
NSGA2Wrapper,wfg4,53,1.1391325392091074,3.328149909067192,
NSGA2Wrapper,wfg4,54,1.1631786248080165,3.315335950569701,
NSGA2Wrapper,wfg4,55,1.175310086667947,3.298422141887189,
NSGA2Wrapper,wfg4,56,1.2059778070119718,3.269537191470173,
NSGA2Wrapper,wfg4,57,1.2103250553442435,3.2086706706074737,
NSGA2Wrapper,wfg4,58,1.2615018347606688,3.1995909688547703,
NSGA2Wrapper,wfg4,59,1.2696160404866177,3.167317164214777,
NSGA2Wrapper,wfg4,60,1.2720430009100283,3.148890668360298,
NSGA2Wrapper,wfg4,61,1.2861856609233986,3.126075588085397,
NSGA2Wrapper,wfg4,62,1.305724368354847,3.1115447074696907,
NSGA2Wrapper,wfg4,63,1.3093625769946171,3.104639240411953,
NSGA2Wrapper,wfg4,64,1.3171011275795426,3.0747187093266857,
NSGA2Wrapper,wfg4,65,1.3175066469994403,3.074023587744372,
NSGA2Wrapper,wfg4,66,1.3222722119775012,3.071280133332593,
NSGA2Wrapper,wfg4,67,1.3315905664189065,3.04975383341777,
NSGA2Wrapper,wfg4,68,1.3407119494482396,3.043350974554607,
NSGA2Wrapper,wfg4,69,1.3461745595168002,3.039530892332287,
NSGA2Wrapper,wfg4,70,1.348437173769135,2.9852167634568163,
NSGA2Wrapper,wfg4,71,1.370620352243657,2.9590762149899725,
NSGA2Wrapper,wfg4,72,1.3748978723513037,2.951243666346337,
NSGA2Wrapper,wfg4,73,1.3983146481684092,2.9098106879246566,
NSGA2Wrapper,wfg4,74,1.4111894362838324,2.872282894231569,
NSGA2Wrapper,wfg4,75,1.428337961766662,2.848474701476891,
NSGA2Wrapper,wfg4,76,1.4447343628807647,2.843901876309577,
NSGA2Wrapper,wfg4,77,1.4590612728413503,2.826119704448025,
NSGA2Wrapper,wfg4,78,1.4600388435938338,2.8072131153585893,
NSGA2Wrapper,wfg4,79,1.473646626650214,2.713666923624802,
NSGA2Wrapper,wfg4,80,1.4847866554676772,2.690349320637043,
NSGA2Wrapper,wfg4,81,1.5071975476514388,2.646499095518424,
NSGA2Wrapper,wfg4,82,1.5471223373722074,2.6416326720414145,
NSGA2Wrapper,wfg4,83,1.5527332238852638,2.5851270642849604,
NSGA2Wrapper,wfg4,84,1.5577790112760908,2.5730144682212845,
NSGA2Wrapper,wfg4,85,1.5985665118809542,2.5138745141701,
NSGA2Wrapper,wfg4,86,1.6061135631426169,2.4163748700766217,
NSGA2Wrapper,wfg4,87,1.6108299948979767,2.415832266833884,
NSGA2Wrapper,wfg4,88,1.6180893611255849,2.398323676380673,
NSGA2Wrapper,wfg4,89,1.6251745945045797,2.3778739544987224,
NSGA2Wrapper,wfg4,90,1.6330155124982018,2.347413762462333,
NSGA2Wrapper,wfg4,91,1.6581430416691525,2.299691416258552,
NSGA2Wrapper,wfg4,92,1.6593458465552449,2.2510399717251866,
NSGA2Wrapper,wfg4,93,1.6761905781487882,2.2271028473409045,
NSGA2Wrapper,wfg4,94,1.6945935412441244,2.143504444241648,
NSGA2Wrapper,wfg4,95,1.7253028862392188,2.125704954054721,
NSGA2Wrapper,wfg4,96,1.7266519150770552,2.050658158557264,
NSGA2Wrapper,wfg4,97,1.75002875459264,2.0483220384259018,
NSGA2Wrapper,wfg4,98,1.752156929960915,1.962266436112835,
NSGA2Wrapper,wfg4,99,1.7719717454070405,1.8860440754015264,
NSGA2Wrapper,wfg4,100,1.8017305962302728,1.756865099124247,
NSGA2Wrapper,wfg4,101,1.8208693908276603,1.6827646738866413,
NSGA2Wrapper,wfg4,102,1.8510524214316333,1.5624207451892702,
NSGA2Wrapper,wfg4,103,1.8891448051663315,1.511994211458081,
NSGA2Wrapper,wfg4,104,1.8966353105214,1.4275765204071296,
NSGA2Wrapper,wfg4,105,1.9075198073965185,1.411112369249251,
NSGA2Wrapper,wfg4,106,1.91107590127088,1.3220294939769204,
NSGA2Wrapper,wfg4,107,1.9155391598280536,1.2154028372090728,
NSGA2Wrapper,wfg4,108,1.961347645669022,1.1775090915514626,
NSGA2Wrapper,wfg4,109,1.9649777963531403,1.0519113215299485,
NSGA2Wrapper,wfg4,110,1.9675912032097136,0.8796845565525001,
NSGA2Wrapper,wfg4,111,1.980373097096497,0.8137980113624949,
NSGA2Wrapper,wfg4,112,1.9931833023398176,0.8072968949709903,
NSGA2Wrapper,wfg4,113,1.9933075175047936,0.8060397757648636,
NSGA2Wrapper,wfg4,114,2.00115415481787,0.2941490315796944,
NSGA2Wrapper,wfg4,115,2.0230391589878347,0.2046334208715259,
NSGA2Wrapper,wfg4,116,2.0242730110674354,0.1369500326926764,
NSGA2Wrapper,wfg7,0,0.1467505213387505,0.132507750744503,6.118856080897777
NSGA2Wrapper,wfg7,1,0.1470924442317801,0.1315996709055765,6.118802117130901
NSGA2Wrapper,wfg7,2,0.1511425865802065,0.1344737979712957,6.118496293639486
NSGA2Wrapper,wfg7,3,0.1591884367325065,0.1184950303943917,6.099478694196904
NSGA2Wrapper,wfg7,4,0.1642729049472021,0.1199317188608133,6.098967081664153
NSGA2Wrapper,wfg7,5,0.2097702531920801,0.134714422856564,6.095730733949429
NSGA2Wrapper,wfg7,6,0.2108093858842248,0.1210525837728838,6.072670515568543
NSGA2Wrapper,wfg7,7,0.3206720329276769,0.1651847465383333,6.0653971762461065
NSGA2Wrapper,wfg7,8,0.3482847879706317,2.271332623375893,5.584810311691285
NSGA2Wrapper,wfg7,9,0.3490935557170717,2.389754168854333,5.482475214002406
NSGA2Wrapper,wfg7,10,0.3587561861136306,2.7742112746944745,5.14067985738373
NSGA2Wrapper,wfg7,11,0.3621993873643347,2.332494192208972,5.583729234641997
NSGA2Wrapper,wfg7,12,0.3630730677427346,2.771527536615729,5.153203467592148
NSGA2Wrapper,wfg7,13,0.3638117447681812,3.669925527953657,3.740520337878551
NSGA2Wrapper,wfg7,14,0.3661086991327007,2.7696062450160848,5.161950983459659
NSGA2Wrapper,wfg7,15,0.3664787430481019,2.9055974392515225,5.002407333022271
NSGA2Wrapper,wfg7,16,0.3681684212439468,2.7683419080922125,5.167808158410789
NSGA2Wrapper,wfg7,17,0.3703566257705744,2.767007672960017,5.1739974216939055
NSGA2Wrapper,wfg7,18,0.3734277306084964,2.7651486163104244,5.18263572312719
NSGA2Wrapper,wfg7,19,0.3739036020453351,3.382092138870618,4.32843716914976
NSGA2Wrapper,wfg7,20,0.3745783982352432,2.3519884204006045,5.566272176941375
NSGA2Wrapper,wfg7,21,0.3782078548675353,2.8159699126203823,5.135154398585194
NSGA2Wrapper,wfg7,22,0.3796197508172494,2.8315902024228934,5.120114545323699
NSGA2Wrapper,wfg7,23,0.381037319561544,2.8296029213759644,5.089232152433124
NSGA2Wrapper,wfg7,24,0.3847510831826196,3.658830906387736,3.1003435318250685
NSGA2Wrapper,wfg7,25,0.3868959182554513,2.6403303341571145,5.344167227756163
NSGA2Wrapper,wfg7,26,0.3919450792934956,2.71973565507268,5.271296092623233
NSGA2Wrapper,wfg7,27,0.3938779603018996,0.1631709158790166,6.006012723366847
NSGA2Wrapper,wfg7,28,0.4031615957337169,2.197925205845806,5.649864056212966
NSGA2Wrapper,wfg7,29,0.4059410620702584,2.7183685994267943,5.301707072507618
NSGA2Wrapper,wfg7,30,0.4099610557561216,2.590754505840465,5.342901020441448
NSGA2Wrapper,wfg7,31,0.4102398596638322,2.96712062293422,4.621343448862946
NSGA2Wrapper,wfg7,32,0.4267852369092668,3.651278204998312,3.475387400324466
NSGA2Wrapper,wfg7,33,0.4288653372348346,3.600957085371816,2.973718016849318
NSGA2Wrapper,wfg7,34,0.4328162061736477,2.550524931170941,5.459770514707487
NSGA2Wrapper,wfg7,35,0.4417573524853184,1.5534083013949358,5.8865360450432185
NSGA2Wrapper,wfg7,36,0.4427947858033666,2.539461063670574,5.4799384017448745
NSGA2Wrapper,wfg7,37,0.4503020350474255,3.26622173023087,4.590568618773778
NSGA2Wrapper,wfg7,38,0.4650871538512391,4.162540913045784,2.443809653397666
NSGA2Wrapper,wfg7,39,0.4664046124840085,4.24239830558642,2.0757290353635813
NSGA2Wrapper,wfg7,40,0.468411534295467,4.235530018260922,2.096128715179447
NSGA2Wrapper,wfg7,41,0.471770212023284,4.1578320362250025,2.581148655184857
NSGA2Wrapper,wfg7,42,0.4735231628173949,2.047549396661674,5.664667064262705
NSGA2Wrapper,wfg7,43,0.4737223326585968,4.374021895180022,1.0093599415060988
NSGA2Wrapper,wfg7,44,0.484255045676536,4.083727423053547,2.739363760452059
NSGA2Wrapper,wfg7,45,0.4866374883821212,3.5436343117418097,4.300103024145455
NSGA2Wrapper,wfg7,46,0.4896007345359244,4.380613169727978,0.9827191244276348
NSGA2Wrapper,wfg7,47,0.4955334447277527,4.055866997314444,2.797796081641727
NSGA2Wrapper,wfg7,48,0.499232926340435,2.922079117966946,4.83301851536276
NSGA2Wrapper,wfg7,49,0.5099634239757078,2.837158996248116,5.00407608130458
NSGA2Wrapper,wfg7,50,0.5556828840281143,2.2463190568661564,5.456459699937518
NSGA2Wrapper,wfg7,51,0.5768635994779094,2.919812633536805,4.955419524440536
NSGA2Wrapper,wfg7,52,0.576943000999748,1.9697067414235263,5.684335996795184
NSGA2Wrapper,wfg7,53,0.5832423269396405,3.95936814866832,2.33348458519676
NSGA2Wrapper,wfg7,54,0.5929114121493924,3.232555510325504,4.377928606410346
NSGA2Wrapper,wfg7,55,0.5932236213548784,3.246215532581346,4.277845509185942
NSGA2Wrapper,wfg7,56,0.6065111933384646,4.107651744963173,2.1265889320760483
NSGA2Wrapper,wfg7,57,0.606567698724642,1.770001932877869,5.742674199401863
NSGA2Wrapper,wfg7,58,0.6229152296615581,3.959080923373077,2.63212926965448
NSGA2Wrapper,wfg7,59,0.6274849249013185,4.163815049746967,1.88105529973732
NSGA2Wrapper,wfg7,60,0.6287289211188468,4.1617353782298085,1.875306104777833
NSGA2Wrapper,wfg7,61,0.6338841516799323,4.108034221274874,2.084041085284858
NSGA2Wrapper,wfg7,62,0.6354340241712736,0.1536454723192996,5.907988107719133
NSGA2Wrapper,wfg7,63,0.6529399786744545,4.11533587222911,2.0773683242538814
NSGA2Wrapper,wfg7,64,0.6576496148962707,3.9125416683745535,2.920485668891888
NSGA2Wrapper,wfg7,65,0.659239879902992,1.1381857781212994,5.767785350435782
NSGA2Wrapper,wfg7,66,0.6633862452220712,0.9471928259335816,5.84796890871427
NSGA2Wrapper,wfg7,67,0.6709601087775717,2.721390234917415,4.961611744166894
NSGA2Wrapper,wfg7,68,0.6713559728151004,0.5518708345898482,5.883990442770443
NSGA2Wrapper,wfg7,69,0.6782621402054589,3.2874644447197223,3.98783763856472
NSGA2Wrapper,wfg7,70,0.6939283236578796,3.4049013540837287,3.619863610580607
NSGA2Wrapper,wfg7,71,0.6979828999990334,2.111691929676277,5.538042881537544
NSGA2Wrapper,wfg7,72,0.7118434846033064,3.157049555416569,4.137414136566197
NSGA2Wrapper,wfg7,73,0.7213149223227753,1.937247535324479,5.403743854355982
NSGA2Wrapper,wfg7,74,0.7382426728283361,3.5724044085536435,3.243130526982566
NSGA2Wrapper,wfg7,75,0.7604613599077494,2.5842399977180337,5.377418091955687
NSGA2Wrapper,wfg7,76,0.7716947849152744,3.926991110235286,2.6431308276258383
NSGA2Wrapper,wfg7,77,0.7848459129035227,0.915775818930324,5.8255129064570665
NSGA2Wrapper,wfg7,78,0.8048757891660889,1.7576319879555695,5.697401460463868
NSGA2Wrapper,wfg7,79,0.8156816396986113,1.9023515745630528,5.6445458691037445
NSGA2Wrapper,wfg7,80,0.8161534936559991,3.53719890118418,3.397520529167146
NSGA2Wrapper,wfg7,81,0.8231131534298406,1.891766516325076,5.653457443502379
NSGA2Wrapper,wfg7,82,0.8397458907087196,2.794590542335976,4.292312788387722
NSGA2Wrapper,wfg7,83,0.8405415370965525,3.985633002260001,2.316874727766677
NSGA2Wrapper,wfg7,84,0.843843643363382,3.7658237147607294,2.850123031539263
NSGA2Wrapper,wfg7,85,0.8610608459303459,2.6662436941496788,5.0553058096881
NSGA2Wrapper,wfg7,86,0.867907766682935,3.1262426854899865,3.5650061860193545
NSGA2Wrapper,wfg7,87,0.8688880948474702,0.7354960500859342,5.690851862451856
NSGA2Wrapper,wfg7,88,0.8829749467386934,3.974053715193113,2.078973189495556
NSGA2Wrapper,wfg7,89,0.8928155405531177,0.2604779003447664,5.878294086459316
NSGA2Wrapper,wfg7,90,0.8949055710247807,3.831682615061829,2.748925024152547
NSGA2Wrapper,wfg7,91,0.900362774832776,2.891799380050398,4.050327037187653
NSGA2Wrapper,wfg7,92,0.9171344694468806,0.6582386185367584,5.608960191972851
NSGA2Wrapper,wfg7,93,0.9216361201812968,2.1877827876952605,5.329809513189165
NSGA2Wrapper,wfg7,94,0.9339971064415222,2.2418009377767603,5.279880069839763
NSGA2Wrapper,wfg7,95,0.938591853491266,3.346590434672069,3.5354200105085023
NSGA2Wrapper,wfg7,96,0.9479236703757687,3.9418217456974047,2.3232537330561858
NSGA2Wrapper,wfg7,97,0.9576106813941282,2.052734912390056,5.079231178182938
NSGA2Wrapper,wfg7,98,0.957959264922982,3.5087065838822795,3.4350442479044045
NSGA2Wrapper,wfg7,99,0.9608675428929,4.069854813965408,1.862943502591941
NSGA2Wrapper,wfg7,100,0.963691079467633,2.720514150700962,4.921619010627009
NSGA2Wrapper,wfg7,101,0.970523427057874,3.896382507489827,2.143054400817736
NSGA2Wrapper,wfg7,102,0.9790886908882503,0.3326103972205161,5.618073579584277
NSGA2Wrapper,wfg7,103,0.9817936159766688,3.2669686442131054,3.206555132191345
NSGA2Wrapper,wfg7,104,0.9821867630612884,3.2841074896081115,3.203238076316345
NSGA2Wrapper,wfg7,105,0.9854833932654206,3.273171583673369,3.164459743258139
NSGA2Wrapper,wfg7,106,0.9877097951547268,1.768945997286838,5.308451120851423
NSGA2Wrapper,wfg7,107,0.9959792382127096,0.5646767216401642,5.59005397705411
NSGA2Wrapper,wfg7,108,0.9982469562707263,0.3951610068642293,5.464296026052626
NSGA2Wrapper,wfg7,109,1.0000306204193743,3.4918400827153264,3.1578146234352795
NSGA2Wrapper,wfg7,110,1.0054533255049896,1.9231188053395591,5.005632597549598
NSGA2Wrapper,wfg7,111,1.0093007315973863,3.0106109341455265,3.9428738368636846
NSGA2Wrapper,wfg7,112,1.0095885075966695,3.040771994141853,3.655462384595351
NSGA2Wrapper,wfg7,113,1.0143312220869698,3.2332581137900336,3.18728304824246
NSGA2Wrapper,wfg7,114,1.0161311035211424,2.1183765130162766,4.798240030814629
NSGA2Wrapper,wfg7,115,1.0196634710210786,1.938745732252784,4.98926512450462
NSGA2Wrapper,wfg7,116,1.022809668983617,2.937216972149564,4.042531187993409
NSGA2Wrapper,wfg7,117,1.026902660394462,1.241311114567598,5.299341937314075
NSGA2Wrapper,wfg7,118,1.0301723199019284,1.99140405111796,4.832466589803497
NSGA2Wrapper,wfg7,119,1.0303080762863286,3.916106976760048,1.968564368399761
NSGA2Wrapper,wfg7,120,1.031990860920939,3.190714692439616,3.35859870726778
NSGA2Wrapper,wfg7,121,1.0397644619793265,3.748835495211629,2.9021891338576555
NSGA2Wrapper,wfg7,122,1.0410415426245754,2.924313875495987,4.018472793151641
NSGA2Wrapper,wfg7,123,1.041424139879502,2.33689090748826,4.5933013512664855
NSGA2Wrapper,wfg7,124,1.0420269923163137,0.4410519863304705,5.395481593530534
NSGA2Wrapper,wfg7,125,1.0504893845666985,1.5871905246232727,4.980281355035689
NSGA2Wrapper,wfg7,126,1.053722405403003,2.1323017212751503,4.539593722001118
NSGA2Wrapper,wfg7,127,1.0628437624846965,3.185273896972603,3.440742165616805
NSGA2Wrapper,wfg7,128,1.067825907475967,2.012579424569041,4.683218580295515
NSGA2Wrapper,wfg7,129,1.0688102667181325,2.1473028873432867,4.515597989650937
NSGA2Wrapper,wfg7,130,1.0689815401387963,0.4674189730920432,5.351329685758631
NSGA2Wrapper,wfg7,131,1.078224443058761,4.096701975181749,1.344576340827136
NSGA2Wrapper,wfg7,132,1.083059752285762,1.9732818312146363,4.717763623019458
NSGA2Wrapper,wfg7,133,1.1037065583299916,3.020278985893831,3.815682715812725
NSGA2Wrapper,wfg7,134,1.109012091226084,3.7516781148384144,2.790225524715908
NSGA2Wrapper,wfg7,135,1.1091909921834835,0.7661526612350125,5.323576472089268
NSGA2Wrapper,wfg7,136,1.118130055877408,1.5563849009501236,5.09118376536532
NSGA2Wrapper,wfg7,137,1.119182169651049,0.584277137989536,5.292903241454176
NSGA2Wrapper,wfg7,138,1.1222940119506082,2.1135716721410427,4.547286031718694
NSGA2Wrapper,wfg7,139,1.1224604338918018,2.757788447902633,4.025234609511054
NSGA2Wrapper,wfg7,140,1.1241646901529192,0.3339818125344636,5.61349282201123
NSGA2Wrapper,wfg7,141,1.1243102470741395,1.748438339259666,4.7333574310629976
NSGA2Wrapper,wfg7,142,1.1263124859811058,2.7622105082826844,4.020776239148306
NSGA2Wrapper,wfg7,143,1.1298419384991871,0.869422953222362,5.270051717899313
NSGA2Wrapper,wfg7,144,1.13131230979233,3.7082946251631377,2.8635276318653524
NSGA2Wrapper,wfg7,145,1.1368738457945566,2.3707667615948296,4.3371216973666185
NSGA2Wrapper,wfg7,146,1.1392218205190636,2.376535431709335,4.318750256104667
NSGA2Wrapper,wfg7,147,1.145378301964993,2.406759304697528,4.246926280938254
NSGA2Wrapper,wfg7,148,1.154221534182243,3.899821705419553,1.0069238662594011
NSGA2Wrapper,wfg7,149,1.1626864331786866,2.100055600498143,4.515889637375276
NSGA2Wrapper,wfg7,150,1.167086686319199,3.03653733028331,3.454406348107141
NSGA2Wrapper,wfg7,151,1.167620965450993,0.6548807484947845,5.192475442543631
NSGA2Wrapper,wfg7,152,1.1689630107138047,1.9006521964425185,4.555667069901025
NSGA2Wrapper,wfg7,153,1.17052191799751,2.289357147064704,3.9139721239266616
NSGA2Wrapper,wfg7,154,1.1709971780559785,2.143981362519084,4.45933573912053
NSGA2Wrapper,wfg7,155,1.1871671942620865,2.981304911157338,3.4928554643097875
NSGA2Wrapper,wfg7,156,1.188510973631196,2.950961817923173,3.3822348015371944
NSGA2Wrapper,wfg7,157,1.1974057761442811,1.9481657455893475,4.527956076142439
NSGA2Wrapper,wfg7,158,1.2032498865813814,3.2184918582626163,3.311170699335773
NSGA2Wrapper,wfg7,159,1.205361483153072,0.5797488607045449,5.205179282576553
NSGA2Wrapper,wfg7,160,1.221765751375216,3.168227013899969,3.248545317031272
NSGA2Wrapper,wfg7,161,1.2252347809792916,3.236322322168051,3.1557412953570663
NSGA2Wrapper,wfg7,162,1.2375001748752583,1.1176667595385923,5.117392783713555
NSGA2Wrapper,wfg7,163,1.245320605017606,0.866817892911949,5.002909925023371
NSGA2Wrapper,wfg7,164,1.2498317665852103,1.1952714332838854,4.764927673060993
NSGA2Wrapper,wfg7,165,1.2552396511714208,2.7270404045212,3.867615013913163
NSGA2Wrapper,wfg7,166,1.2639456521682468,2.692209871130086,3.7943093746634697
NSGA2Wrapper,wfg7,167,1.265443211214245,2.051214858677548,4.329558372392123
NSGA2Wrapper,wfg7,168,1.2720040675167923,2.6909756732169057,3.880059546332868
NSGA2Wrapper,wfg7,169,1.2759246383944207,2.6530243152239383,3.742365584379783
NSGA2Wrapper,wfg7,170,1.2847391369621648,2.5384334446841263,3.6398810072160295
NSGA2Wrapper,wfg7,171,1.2850594061367375,2.329638509434216,3.909251051143784
NSGA2Wrapper,wfg7,172,1.2926113382373696,1.713960608733854,4.418328377960929
NSGA2Wrapper,wfg7,173,1.295648861466311,2.2201194250995515,4.14695409423571
NSGA2Wrapper,wfg7,174,1.296479709721814,3.300065265153013,3.1015992131824364
NSGA2Wrapper,wfg7,175,1.298505443383035,3.163302616727776,3.02225347185637
NSGA2Wrapper,wfg7,176,1.2985056385978948,3.163302662545588,3.022253401630806
NSGA2Wrapper,wfg7,177,1.3018514915776591,3.0374260450923205,3.174429451743061
NSGA2Wrapper,wfg7,178,1.301867935117392,1.003650044650963,4.860536747111912
NSGA2Wrapper,wfg7,179,1.3070540447546732,3.1728786206402897,2.9957254847316475
NSGA2Wrapper,wfg7,180,1.3094969904982738,1.0585017586738594,4.859224034264549
NSGA2Wrapper,wfg7,181,1.3098720210896135,2.4819763804574904,3.6262743933534174
NSGA2Wrapper,wfg7,182,1.309901078543068,0.577643389143402,5.036198751979455
NSGA2Wrapper,wfg7,183,1.3134021664331494,2.4654966490399293,3.5975917403043667
NSGA2Wrapper,wfg7,184,1.3156477867217604,1.342548571315015,4.73424258507856
NSGA2Wrapper,wfg7,185,1.3171121126596648,2.24659719977249,4.083760503271962
NSGA2Wrapper,wfg7,186,1.320077313847602,2.4611952969211,3.710623393826233
NSGA2Wrapper,wfg7,187,1.320224379384233,3.132991810492462,3.0522297280590887
NSGA2Wrapper,wfg7,188,1.3219002546139684,2.5549765810940017,3.434052141798449
NSGA2Wrapper,wfg7,189,1.3254593882636647,2.4313761038872874,3.673393434051417
NSGA2Wrapper,wfg7,190,1.3287199422303753,3.1317189318440595,3.0201437487019107
NSGA2Wrapper,wfg7,191,1.3306506046349018,3.0151731333563463,3.367426267102737
NSGA2Wrapper,wfg7,192,1.3322923555167046,3.5054483885986523,2.862664177467549
NSGA2Wrapper,wfg7,193,1.332546249742208,3.494017399778773,2.8293040786031973
NSGA2Wrapper,wfg7,194,1.3415664245019143,1.167714115372475,4.745330877376091
NSGA2Wrapper,wfg7,195,1.3631020103889415,0.5234358985939365,5.177939542310678
NSGA2Wrapper,wfg7,196,1.3677061369642434,3.5020014619771587,2.8200454903208594
NSGA2Wrapper,wfg7,197,1.3715827508172809,0.4425766565585334,5.066050929330845
NSGA2Wrapper,wfg7,198,1.3717192817429558,3.67743673364727,2.113013620325908
NSGA2Wrapper,wfg7,199,1.3739247353673587,2.05773003735616,4.005048363417402
NSGA2Wrapper,wfg7,200,1.384512486353283,3.380317908728061,2.8986113514285865
NSGA2Wrapper,wfg7,201,1.384778330356305,1.8770838510670769,4.2817330085563485
NSGA2Wrapper,wfg7,202,1.385382180553078,3.378799119361841,2.929526888891969
NSGA2Wrapper,wfg7,203,1.3871374919760908,3.452465586952165,2.602073457250701
NSGA2Wrapper,wfg7,204,1.388436785888326,2.328478177187882,3.872895676120554
NSGA2Wrapper,wfg7,205,1.3906322164153218,3.636669893252192,0.7594236067240006
NSGA2Wrapper,wfg7,206,1.393139917741394,0.4663949341023308,4.900667818013766
NSGA2Wrapper,wfg7,207,1.3957713561326142,0.9495863525677948,4.821939821533406
NSGA2Wrapper,wfg7,208,1.3974807982944293,1.6445325415231555,4.684892156837109
NSGA2Wrapper,wfg7,209,1.4009840442603223,3.422409168704858,2.785783078748542
NSGA2Wrapper,wfg7,210,1.401994607199809,2.306972728296976,3.844968755606376
NSGA2Wrapper,wfg7,211,1.4027112974469156,3.5807480140634365,2.479738441885925
NSGA2Wrapper,wfg7,212,1.4148563568469976,3.31031911658251,2.6172214127526243
NSGA2Wrapper,wfg7,213,1.4202985771431278,0.4681436286947351,4.809843673059589
NSGA2Wrapper,wfg7,214,1.4223773657900725,2.3111954821764145,3.818363946562988
NSGA2Wrapper,wfg7,215,1.4246684678933768,0.6425767302467731,4.681199889417962
NSGA2Wrapper,wfg7,216,1.4247036365341166,1.6288618158262371,4.527744649833483
NSGA2Wrapper,wfg7,217,1.4309286277434985,1.9767963402208728,4.249660570262773
NSGA2Wrapper,wfg7,218,1.4333404516310837,2.284762884419892,3.899627703936455
NSGA2Wrapper,wfg7,219,1.4342461142680651,3.5727183613548155,2.5328483607294823
NSGA2Wrapper,wfg7,220,1.4348423513156237,1.6364894812207635,4.475334848574482
NSGA2Wrapper,wfg7,221,1.438405518471244,3.179305016422464,2.928297607681338
NSGA2Wrapper,wfg7,222,1.4490299836176674,1.063429987547666,4.487290586889803
NSGA2Wrapper,wfg7,223,1.452573035438513,2.4413539865737763,3.5839794593244103
NSGA2Wrapper,wfg7,224,1.4536611546686642,1.774558492383775,4.227813763190574
NSGA2Wrapper,wfg7,225,1.457119970519599,2.3323604778638103,3.5999438567451287
NSGA2Wrapper,wfg7,226,1.458526598971408,2.442192047386948,3.582649283091241
NSGA2Wrapper,wfg7,227,1.4615351697231005,3.5304855523283605,0.8018137901334154
NSGA2Wrapper,wfg7,228,1.4619868442891544,2.6525485147321763,3.3866650727293925
NSGA2Wrapper,wfg7,229,1.4624285876974277,2.454991408652834,3.543136813933123
NSGA2Wrapper,wfg7,230,1.462857970310976,2.92985625881507,2.6035094987741365
NSGA2Wrapper,wfg7,231,1.4656622765172211,2.0239627634528383,4.144023805044024
NSGA2Wrapper,wfg7,232,1.4687698666728872,2.442794755761314,3.574481859079352
NSGA2Wrapper,wfg7,233,1.46894745499476,2.444418705505497,3.5714828195506274
NSGA2Wrapper,wfg7,234,1.484335128261191,2.3885652595819096,3.591004163815942
NSGA2Wrapper,wfg7,235,1.494599099995051,0.4689731548275422,4.578546348044744
NSGA2Wrapper,wfg7,236,1.4997786604016057,2.342098224087959,3.582027036489575
NSGA2Wrapper,wfg7,237,1.5025691266122312,2.3173718794755445,3.8144948643178047
NSGA2Wrapper,wfg7,238,1.505086069798256,1.7152711657199629,3.9987308168442888
NSGA2Wrapper,wfg7,239,1.508205943036093,0.7727657205332318,4.570822981701399
NSGA2Wrapper,wfg7,240,1.5172333159334026,3.522476064201054,1.938978067413892
NSGA2Wrapper,wfg7,241,1.5278531145700829,1.4449787208116476,4.125308880832893
NSGA2Wrapper,wfg7,242,1.537831888056055,0.6155113743977666,4.351390731134127
NSGA2Wrapper,wfg7,243,1.5389150159824756,2.592567010027855,3.406505046989416
NSGA2Wrapper,wfg7,244,1.54606383071912,2.6355675889566648,3.3953692905929147
NSGA2Wrapper,wfg7,245,1.547393954799256,1.421964272786554,3.886577565513836
NSGA2Wrapper,wfg7,246,1.55141839751197,1.5981383865737169,3.880855267047565
NSGA2Wrapper,wfg7,247,1.557195925658667,2.8203480815594326,3.179538856864956
NSGA2Wrapper,wfg7,248,1.5612753954937268,2.59842304465492,2.0792923996189283
NSGA2Wrapper,wfg7,249,1.5654621345066548,3.510423626531292,1.9386187681824167
NSGA2Wrapper,wfg7,250,1.5677716351288726,1.82052055112574,3.839215329024397
NSGA2Wrapper,wfg7,251,1.5680301558562366,0.5251608509024199,4.48603125355211
NSGA2Wrapper,wfg7,252,1.5730395122191907,1.3744441896787232,3.955183076170244
NSGA2Wrapper,wfg7,253,1.5738720208126762,2.432267303447524,3.006346942132552
NSGA2Wrapper,wfg7,254,1.5745783973157796,2.06297074836864,3.5991024399349927
NSGA2Wrapper,wfg7,255,1.5809895480949958,1.7322203904085425,3.865797853355356
NSGA2Wrapper,wfg7,256,1.5853466238735257,1.355493449831687,4.22706363052163
NSGA2Wrapper,wfg7,257,1.5903845869747628,0.5164061509103102,4.381537193225495
NSGA2Wrapper,wfg7,258,1.5917420754041742,1.3828501281842558,3.905788088863578
NSGA2Wrapper,wfg7,259,1.599817960322908,0.332509926277827,4.66531896089165
NSGA2Wrapper,wfg7,260,1.6052323132951671,2.694693395968977,1.7067653113266088
NSGA2Wrapper,wfg7,261,1.6069102413226686,2.125073774531019,3.417782279602864
NSGA2Wrapper,wfg7,262,1.6160502068194118,1.981167108251504,3.788073297991554
NSGA2Wrapper,wfg7,263,1.6162440043676245,1.266681959928032,4.285197858231356
NSGA2Wrapper,wfg7,264,1.6175174526917715,0.5028152512796261,4.4758827781151895
NSGA2Wrapper,wfg7,265,1.6251651154266336,1.728113731324432,3.805553193159244
NSGA2Wrapper,wfg7,266,1.6390533535271643,0.7772039439423,4.311032897637298
NSGA2Wrapper,wfg7,267,1.6489580765547616,1.463903585662203,3.77327033752809
NSGA2Wrapper,wfg7,268,1.651634980690535,1.330164479924049,4.221479311912081
NSGA2Wrapper,wfg7,269,1.6518285836258326,2.7862776728916283,0.36163622142861
NSGA2Wrapper,wfg7,270,1.65535550410358,2.7712978147202643,0.3597871338417299
NSGA2Wrapper,wfg7,271,1.6566146557624593,2.7710255792414955,0.3604629313776717
NSGA2Wrapper,wfg7,272,1.6642122721420942,2.7706411849951373,0.3650247423590491
NSGA2Wrapper,wfg7,273,1.6678203363195443,0.2753920379470774,4.202055954210442
NSGA2Wrapper,wfg7,274,1.672202618663745,1.4244888922330745,3.533399481909699
NSGA2Wrapper,wfg7,275,1.673522507832574,2.767403892560741,0.3695789987772295
NSGA2Wrapper,wfg7,276,1.6774932003904517,1.362935750171944,3.957394991433283
NSGA2Wrapper,wfg7,277,1.6796465580975537,2.4849704937545405,2.086191468136608
NSGA2Wrapper,wfg7,278,1.6883130244629792,0.508163180822733,3.963541378785186
NSGA2Wrapper,wfg7,279,1.6958339982159982,1.3325214869428628,3.925514500464197
NSGA2Wrapper,wfg7,280,1.72444496050928,1.3072688808437614,3.699323060774733
NSGA2Wrapper,wfg7,281,1.7462094699949555,0.760146780071033,3.90457086201274
NSGA2Wrapper,wfg7,282,1.7524806928564884,1.5668823496450568,3.493738124002692
NSGA2Wrapper,wfg7,283,1.7707672255563829,2.617928084910293,0.2981660767816513
NSGA2Wrapper,wfg7,284,1.7762414843531735,2.603149153389454,0.5585908051316556
NSGA2Wrapper,wfg7,285,1.7779848500173705,1.7514911562649806,3.128006815998559
NSGA2Wrapper,wfg7,286,1.778372627544277,2.6001124063753487,0.559862684235479
NSGA2Wrapper,wfg7,287,1.7783919905806005,2.6001417731265883,0.5586873545808321
NSGA2Wrapper,wfg7,288,1.780416324257978,2.620023398608397,0.2530054338676272
NSGA2Wrapper,wfg7,289,1.7814467298643253,2.356125528424053,2.0388353054202435
NSGA2Wrapper,wfg7,290,1.7937899543305489,1.348043998295404,3.150703574732049
NSGA2Wrapper,wfg7,291,1.8028511601000927,2.190706045757412,1.5216150956626084
NSGA2Wrapper,wfg7,292,1.8158622571275609,1.1287784160089465,3.300251555564787
NSGA2Wrapper,wfg7,293,1.8173553463074188,0.8758278519061127,3.300077618444827
NSGA2Wrapper,wfg7,294,1.81738269898073,0.3799437090201265,3.984483775720853
NSGA2Wrapper,wfg7,295,1.850495162345076,2.4442289508818744,0.9037660562644196
NSGA2Wrapper,wfg7,296,1.8517421147695312,0.3155344498175145,3.862800594643288
NSGA2Wrapper,wfg7,297,1.852955112939861,2.4727371760905457,0.5951151754649162
NSGA2Wrapper,wfg7,298,1.853277697758179,2.442897512024933,0.6319880481030942
NSGA2Wrapper,wfg7,299,1.8534709990147569,2.397167687948456,0.5844320538888284
NSGA2Wrapper,wfg7,300,1.8537257727252376,2.3975057588064272,0.5702341362339809
NSGA2Wrapper,wfg7,301,1.8639816264235096,1.5627136282946767,3.0562221572206587
NSGA2Wrapper,wfg7,302,1.8731713937152128,2.059282798325233,2.883306122317205
NSGA2Wrapper,wfg7,303,1.8959479433033777,2.3890867811513976,0.7892882948996743
NSGA2Wrapper,wfg7,304,1.9021796127247868,2.390715983296212,0.7763773152217375
NSGA2Wrapper,wfg7,305,1.9040575962517936,2.390734693962371,0.7730771775336408
NSGA2Wrapper,wfg7,306,1.904937903764426,2.390003795868176,0.7724009955117039
NSGA2Wrapper,wfg7,307,1.907923969269981,2.183662824975081,0.647623184996659
NSGA2Wrapper,wfg7,308,1.9128431881277304,2.385205407103333,0.6252864795905373
NSGA2Wrapper,wfg7,309,1.919825831135326,2.3584382882504844,0.6254217069411572
NSGA2Wrapper,wfg7,310,1.9224058819957648,2.181696310578084,0.3448809819648717
NSGA2Wrapper,wfg7,311,1.9249400780475685,1.7479290468907738,2.259924654304376
NSGA2Wrapper,wfg7,312,1.9312540930166968,1.440420109520288,2.087380547517715
NSGA2Wrapper,wfg7,313,1.936350568856748,1.7470105860996636,1.552132061710207
NSGA2Wrapper,wfg7,314,1.952492761818388,1.386181437934681,2.1440580217283536
NSGA2Wrapper,wfg7,315,1.9603140656798743,0.8615470071823572,3.5164644335333284
NSGA2Wrapper,wfg7,316,1.960852769565302,2.1624622482888705,0.4754119880989593
NSGA2Wrapper,wfg7,317,1.961685235476828,1.9336869297416464,1.241447200264109
NSGA2Wrapper,wfg7,318,1.9679473074121747,2.0266661561111503,0.3125609599797719
NSGA2Wrapper,wfg7,319,1.9686929675715663,1.1386458674287074,2.263121675415531
NSGA2Wrapper,wfg7,320,1.9710824876677435,1.438062932159201,1.59150374163986
NSGA2Wrapper,wfg7,321,1.9733399608583888,0.599614477243533,3.613482428418516
NSGA2Wrapper,wfg7,322,1.9855880082472976,2.00886739712272,1.0040226768343627
NSGA2Wrapper,wfg7,323,1.9878321613621603,1.721176906940659,0.5302975152291312
NSGA2Wrapper,wfg7,324,1.9923785879585263,1.909555606493794,0.2578349608689333
NSGA2Wrapper,wfg7,325,2.0143087335970304,1.2746248551908423,1.2353609730621913
NSGA2Wrapper,wfg7,326,2.023996634323098,1.712347032266106,0.4540912339550776
NSGA2Wrapper,wfg7,327,2.0318900678882645,1.6628493557692468,0.9337335804592416
NSGA2Wrapper,wfg7,328,2.0427171398896484,0.6836228852356198,3.368814643454846
NSGA2Wrapper,wfg7,329,2.0428715071323698,1.58716114458367,0.9975855660565078
NSGA2Wrapper,wfg7,330,2.054542548081363,0.7709667791470894,3.2367150946835395
NSGA2Wrapper,wfg7,331,2.060948361286352,0.975610125269041,0.7263116548813386
NSGA2Wrapper,wfg7,332,2.063213800265074,0.700531312010883,3.255840203798336
NSGA2Wrapper,wfg7,333,2.07653641220162,0.8390117480229076,2.37240048885079
NSGA2Wrapper,wfg7,334,2.081596901652095,0.7037790191181841,3.1550056944388256
NSGA2Wrapper,wfg7,335,2.0952276780418715,0.9342724552086092,1.9741836134282724
NSGA2Wrapper,wfg7,336,2.10536701435303,0.6694000036566141,2.674078453783355
NSGA2Wrapper,wfg7,337,2.107970265245521,0.9406923887904004,1.9233490973461724
NSGA2Wrapper,wfg7,338,2.121206351951117,1.62522026829352,0.3517814181936486
NSGA2Wrapper,wfg7,339,2.123909718196858,1.538623335824879,0.3633071052078834
NSGA2Wrapper,wfg7,340,2.151895541224812,0.9536270585009404,0.4376080256908715
NSGA2Wrapper,wfg7,341,2.1730188539578346,0.6905698115553466,2.2625527006786244
NSGA2Wrapper,wfg7,342,2.186081206867976,0.6348693926195511,0.554575398420437
NSGA2Wrapper,wfg7,343,2.186421277799469,1.031086349290565,0.3162183085609735
NSGA2Wrapper,wfg7,344,2.187927992606258,0.7337404520084606,0.5320180527376371
NSGA2Wrapper,wfg7,345,2.2104152847022065,0.8903533595064808,0.3279054389273278
NSGA2Wrapper,wfg7,346,2.212888387895486,0.8807477306043789,0.3203450887525229
NSGA2Wrapper,wfg7,347,2.214424204941691,0.8620055734782653,0.3122384494397093
NSGA2Wrapper,wfg7,348,2.2154487309638187,0.8488573142488552,0.312470089034313
NSGA2Wrapper,wfg7,349,2.228087710785447,0.3182422242496089,1.2873550750460672
NSGA2Wrapper,wfg7,350,2.235249353837132,0.6713998724235504,0.5232877126230018
NSGA2Wrapper,wfg7,351,2.246768670123074,0.6789013860224726,0.5088369850695633
NSGA2Wrapper,wfg7,352,2.27018656183182,0.6959486611942818,0.490667514268239
NSGA2Wrapper,wfg7,353,2.270484988561517,0.7139942512743797,0.4806049803836623
NSGA2Wrapper,wfg7,354,2.271207186023931,0.6981403900871586,0.4853684355055408
NSGA2Wrapper,wfg9,0,0.1052550119103572,4.028779163149273,
NSGA2Wrapper,wfg9,1,0.1111421381538512,4.026037528568996,
NSGA2Wrapper,wfg9,2,0.1343287859034272,4.025521256016117,
NSGA2Wrapper,wfg9,3,0.1463387263586476,4.022535967766965,
NSGA2Wrapper,wfg9,4,0.1506240217465324,4.022024681278027,
NSGA2Wrapper,wfg9,5,0.1655929900734044,4.020093751052093,
NSGA2Wrapper,wfg9,6,0.1661180527565454,4.020021926137418,
NSGA2Wrapper,wfg9,7,0.2054954880759395,4.015072306810799,
NSGA2Wrapper,wfg9,8,0.2172078636324974,4.012098108197796,
NSGA2Wrapper,wfg9,9,0.2676506574410657,4.008261422640381,
NSGA2Wrapper,wfg9,10,0.2715788300395284,4.007336397188272,
NSGA2Wrapper,wfg9,11,0.2902924464197595,4.00496847061635,
NSGA2Wrapper,wfg9,12,0.3093507903675461,3.9763223054714287,
NSGA2Wrapper,wfg9,13,0.3327732783534725,3.973045516888196,
NSGA2Wrapper,wfg9,14,0.3833755580532682,3.9612695079553726,
NSGA2Wrapper,wfg9,15,0.4040830230780362,3.95528329346664,
NSGA2Wrapper,wfg9,16,0.4259878113329685,3.946603758124376,
NSGA2Wrapper,wfg9,17,0.4437092208398791,3.945619840169938,
NSGA2Wrapper,wfg9,18,0.4780067564095568,3.936129490868863,
NSGA2Wrapper,wfg9,19,0.4784264979578294,3.912789158277748,
NSGA2Wrapper,wfg9,20,0.5019326665541785,3.9107059915382862,
NSGA2Wrapper,wfg9,21,0.5362493825106344,3.884506304295476,
NSGA2Wrapper,wfg9,22,0.5365653328102211,3.88388317502361,
NSGA2Wrapper,wfg9,23,0.5418111935924829,3.881689732502738,
NSGA2Wrapper,wfg9,24,0.5466503309316634,3.859712567568897,
NSGA2Wrapper,wfg9,25,0.5665283696866685,3.8545496440279896,
NSGA2Wrapper,wfg9,26,0.5670824108355619,3.854229454842157,
NSGA2Wrapper,wfg9,27,0.5820298803896397,3.853514812909708,
NSGA2Wrapper,wfg9,28,0.5873476171954745,3.838841425929687,
NSGA2Wrapper,wfg9,29,0.612602402060582,3.836141653536613,
NSGA2Wrapper,wfg9,30,0.6320383609650053,3.828165484343974,
NSGA2Wrapper,wfg9,31,0.6603783473056393,3.807766913687736,
NSGA2Wrapper,wfg9,32,0.6904439311278021,3.774143106378906,
NSGA2Wrapper,wfg9,33,0.6910069372461994,3.772553058156933,
NSGA2Wrapper,wfg9,34,0.6990379759408337,3.766706290564468,
NSGA2Wrapper,wfg9,35,0.7030494433400698,3.763756700665717,
NSGA2Wrapper,wfg9,36,0.7080097445253135,3.760082494526757,
NSGA2Wrapper,wfg9,37,0.708217043791185,3.7599282934528473,
NSGA2Wrapper,wfg9,38,0.7100497764997836,3.7556165217630113,
NSGA2Wrapper,wfg9,39,0.7349426682507528,3.752500587203533,
NSGA2Wrapper,wfg9,40,0.7473407786586258,3.72988393458345,
NSGA2Wrapper,wfg9,41,0.8132366134556144,3.674948629524712,
NSGA2Wrapper,wfg9,42,0.8408397733909156,3.6320794782297487,
NSGA2Wrapper,wfg9,43,0.8629937404504323,3.6113111668844975,
NSGA2Wrapper,wfg9,44,0.9215443086709538,3.5890158564147847,
NSGA2Wrapper,wfg9,45,0.9349397822320434,3.576231689946481,
NSGA2Wrapper,wfg9,46,0.945843577654289,3.5590399387051503,
NSGA2Wrapper,wfg9,47,0.9494158806546636,3.543707873412823,
NSGA2Wrapper,wfg9,48,0.9622395269822448,3.5403090968571784,
NSGA2Wrapper,wfg9,49,0.9631618424229146,3.539318064091207,
NSGA2Wrapper,wfg9,50,0.9849784167260834,3.5197976928852643,
NSGA2Wrapper,wfg9,51,0.9966898461123306,3.5124181398479783,
NSGA2Wrapper,wfg9,52,1.052352313272686,3.479571497611588,
NSGA2Wrapper,wfg9,53,1.0609724213846805,3.435566877450724,
NSGA2Wrapper,wfg9,54,1.1214551314429368,3.3588307364408494,
NSGA2Wrapper,wfg9,55,1.1236168808011606,3.353509013526051,
NSGA2Wrapper,wfg9,56,1.1310107295650444,3.345749326001964,
NSGA2Wrapper,wfg9,57,1.1351624411135863,3.324505461427589,
NSGA2Wrapper,wfg9,58,1.151015326195421,3.319280548516745,
NSGA2Wrapper,wfg9,59,1.159006895364243,3.278328629053826,
NSGA2Wrapper,wfg9,60,1.1644073005266844,3.255718706421145,
NSGA2Wrapper,wfg9,61,1.187021494674531,3.251797557786216,
NSGA2Wrapper,wfg9,62,1.1981753601225422,3.234207758039477,
NSGA2Wrapper,wfg9,63,1.2038100743575513,3.215375137373216,
NSGA2Wrapper,wfg9,64,1.2238413096274083,3.2074419187672163,
NSGA2Wrapper,wfg9,65,1.2433935748003937,3.199139623540701,
NSGA2Wrapper,wfg9,66,1.2463240301219547,3.1895889500836687,
NSGA2Wrapper,wfg9,67,1.254921061973323,3.187284454857708,
NSGA2Wrapper,wfg9,68,1.2624336539218703,3.138890208348448,
NSGA2Wrapper,wfg9,69,1.2730610778995206,3.103441651902572,
NSGA2Wrapper,wfg9,70,1.2916321310248695,3.0814791606493683,
NSGA2Wrapper,wfg9,71,1.311143869415847,3.066398875298858,
NSGA2Wrapper,wfg9,72,1.3123428118139937,3.0452469105284745,
NSGA2Wrapper,wfg9,73,1.332706731095146,3.0190951984407177,
NSGA2Wrapper,wfg9,74,1.3467423872741169,3.0068658732897666,
NSGA2Wrapper,wfg9,75,1.3482252906214878,2.95850074384618,
NSGA2Wrapper,wfg9,76,1.3649684537834146,2.94384584976364,
NSGA2Wrapper,wfg9,77,1.39441597476888,2.942127026129877,
NSGA2Wrapper,wfg9,78,1.399672345912896,2.908390911862296,
NSGA2Wrapper,wfg9,79,1.4155538870665725,2.90519967486478,
NSGA2Wrapper,wfg9,80,1.4172720758913888,2.870504914111822,
NSGA2Wrapper,wfg9,81,1.4263176211352429,2.8469479355282874,
NSGA2Wrapper,wfg9,82,1.4318538870177715,2.83264980903337,
NSGA2Wrapper,wfg9,83,1.4480892015075035,2.8189802359171563,
NSGA2Wrapper,wfg9,84,1.4498748155677688,2.812807772368707,
NSGA2Wrapper,wfg9,85,1.4520152886706583,2.8124730384631205,
NSGA2Wrapper,wfg9,86,1.4621274294464206,2.786534188392113,
NSGA2Wrapper,wfg9,87,1.4698143746428556,2.765116843935782,
NSGA2Wrapper,wfg9,88,1.5041044820960237,2.719479668254623,
NSGA2Wrapper,wfg9,89,1.5071456261634415,2.713909436635588,
NSGA2Wrapper,wfg9,90,1.527846124045637,2.6479794431084485,
NSGA2Wrapper,wfg9,91,1.5488676752225514,2.609241097978326,
NSGA2Wrapper,wfg9,92,1.5496896150835198,2.5969899599585875,
NSGA2Wrapper,wfg9,93,1.5729834756770718,2.540646277243576,
NSGA2Wrapper,wfg9,94,1.5854840394820124,2.53088400261967,
NSGA2Wrapper,wfg9,95,1.590433477099663,2.4970220467822606,
NSGA2Wrapper,wfg9,96,1.5928132444716248,2.465725883168893,
NSGA2Wrapper,wfg9,97,1.6064321969798192,2.457332491218614,
NSGA2Wrapper,wfg9,98,1.622313469716562,2.4262230409174808,
NSGA2Wrapper,wfg9,99,1.6296054483717393,2.4218331666334265,
NSGA2Wrapper,wfg9,100,1.6382022554700857,2.368325616165272,
NSGA2Wrapper,wfg9,101,1.6533531953993752,2.2854904644291016,
NSGA2Wrapper,wfg9,102,1.6768025014299612,2.262265679198644,
NSGA2Wrapper,wfg9,103,1.6832473026515933,2.2376152675117065,
NSGA2Wrapper,wfg9,104,1.6966305611057686,2.210392704912103,
NSGA2Wrapper,wfg9,105,1.6975273475870427,2.2100559744138795,
NSGA2Wrapper,wfg9,106,1.6986062821636567,2.205281085511229,
NSGA2Wrapper,wfg9,107,1.7358215100538206,2.160960285377913,
NSGA2Wrapper,wfg9,108,1.7361489681797655,2.1043561280991785,
NSGA2Wrapper,wfg9,109,1.746695620786379,2.053340796290294,
NSGA2Wrapper,wfg9,110,1.747127436318475,2.0518737400023763,
NSGA2Wrapper,wfg9,111,1.7711207273757297,1.899911046485216,
NSGA2Wrapper,wfg9,112,1.7854103876279266,1.881269236399613,
NSGA2Wrapper,wfg9,113,1.799602344965891,1.849115589242552,
NSGA2Wrapper,wfg9,114,1.8116328849749848,1.840906812184192,
NSGA2Wrapper,wfg9,115,1.8211047190626213,1.7473419968228945,
NSGA2Wrapper,wfg9,116,1.8311121614107235,1.7014955628809076,
NSGA2Wrapper,wfg9,117,1.8376112342143915,1.6325564018005652,
NSGA2Wrapper,wfg9,118,1.8600240341044127,1.627058326335351,
NSGA2Wrapper,wfg9,119,1.863235604647944,1.6051222592329133,
NSGA2Wrapper,wfg9,120,1.8650265976646792,1.553360684423039,
NSGA2Wrapper,wfg9,121,1.8772334183961383,1.5492789663934343,
NSGA2Wrapper,wfg9,122,1.8778620309185523,1.537642228654843,
NSGA2Wrapper,wfg9,123,1.877865104917177,1.5375676516847383,
NSGA2Wrapper,wfg9,124,1.8806638837226093,1.4677737787676457,
NSGA2Wrapper,wfg9,125,1.892877145422092,1.4666095604248974,
NSGA2Wrapper,wfg9,126,1.900915323693426,1.465867901001552,
NSGA2Wrapper,wfg9,127,1.918981447723781,1.2322236765278654,
NSGA2Wrapper,wfg9,128,1.932642339228401,1.2310553129216713,
NSGA2Wrapper,wfg9,129,1.9328712053951824,1.2304832650790414,
NSGA2Wrapper,wfg9,130,1.9352833516365573,1.2180477513701762,
NSGA2Wrapper,wfg9,131,1.935542509835124,1.2163860505809192,
NSGA2Wrapper,wfg9,132,1.935542802259289,1.2163845180848316,
NSGA2Wrapper,wfg9,133,1.9355434311961128,1.2163812220456254,
NSGA2Wrapper,wfg9,134,1.9356576718694176,1.2119491483245015,
NSGA2Wrapper,wfg9,135,1.938014144760004,1.1962562325360762,
NSGA2Wrapper,wfg9,136,1.9414063356212483,1.1750435095466845,
NSGA2Wrapper,wfg9,137,1.941909371182624,1.1709250432103009,
NSGA2Wrapper,wfg9,138,1.9429638667335127,1.167216433826219,
NSGA2Wrapper,wfg9,139,1.9431003494567016,1.163688075871919,
NSGA2Wrapper,wfg9,140,1.9435091530735773,1.1609271928221654,
NSGA2Wrapper,wfg9,141,1.943872496818064,1.1584689873611933,
NSGA2Wrapper,wfg9,142,1.944311411995724,1.1554917461522127,
NSGA2Wrapper,wfg9,143,1.9443190805212127,1.1554416888918833,
NSGA2Wrapper,wfg9,144,1.9443198365907712,1.155436552728614,
NSGA2Wrapper,wfg9,145,1.9459647626164696,1.1552453633472677,
NSGA2Wrapper,wfg9,146,1.9504718241608163,1.143336285734799,
NSGA2Wrapper,wfg9,147,1.9555662428760203,1.0879115147755902,
NSGA2Wrapper,wfg9,148,1.9570851466511143,1.0755151154667373,
NSGA2Wrapper,wfg9,149,1.9612021604812224,1.0460198036668913,
NSGA2Wrapper,wfg9,150,1.961989817110112,1.0369222565744751,
NSGA2Wrapper,wfg9,151,1.9625326261572715,1.0357013800068091,
NSGA2Wrapper,wfg9,152,1.962678752531617,1.033402813294689,
NSGA2Wrapper,wfg9,153,1.9631187216773744,1.0300118091300137,
NSGA2Wrapper,wfg9,154,1.968534728665956,0.9872220990178626,
NSGA2Wrapper,wfg9,155,1.977083918526546,0.9749665795055978,
NSGA2Wrapper,wfg9,156,1.978169718914752,0.9659557690137494,
NSGA2Wrapper,wfg9,157,2.0111457019053978,0.9047438765891156,
NSGA2Wrapper,wfg9,158,2.0226067882283054,0.8440618073020512,
NSGA2Wrapper,wfg9,159,2.0316832299366294,0.7537485989191844,
NSGA2Wrapper,wfg9,160,2.033612920512508,0.7310854164920588,
NSGA2Wrapper,wfg9,161,2.0383496221925688,0.7075200161180524,
NSGA2Wrapper,wfg9,162,2.0412439843712544,0.6812590254821579,
NSGA2Wrapper,wfg9,163,2.0429525927826964,0.6784964011626798,
NSGA2Wrapper,wfg9,164,2.044353383047393,0.6249696723702458,
NSGA2Wrapper,wfg9,165,2.0461072584747653,0.599615765632149,
NSGA2Wrapper,wfg9,166,2.046816751763277,0.5980124059058265,
NSGA2Wrapper,wfg9,167,2.047366977402313,0.5806232820362824,
NSGA2Wrapper,wfg9,168,2.0486035455614697,0.5598684147359123,
NSGA2Wrapper,wfg9,169,2.048709508298651,0.5595674206648504,
NSGA2Wrapper,wfg9,170,2.0575096981985053,0.4058714627518465,
NSGA2Wrapper,wfg9,171,2.0575821380165067,0.3870556950852906,
NSGA2Wrapper,wfg9,172,2.058530207699792,0.3867938142681135,
NSGA2Wrapper,wfg9,173,2.0587513830631963,0.3567557528591664,
NSGA2Wrapper,wfg9,174,2.0591917245747764,0.3443231083228706,
NSGA2Wrapper,wfg9,175,2.0597241879030745,0.3289014712939262,
NSGA2Wrapper,wfg9,176,2.060312140432882,0.3105374606712225,
NSGA2Wrapper,wfg9,177,2.065376362879307,0.2912749531720917,
NSGA2Wrapper,zdt1,0,1.2946063796259732e-06,2.6737301812188488,
NSGA2Wrapper,zdt1,1,0.0003050361073901,2.361943508346241,
NSGA2Wrapper,zdt1,2,0.003122357060908,2.2857175612465124,
NSGA2Wrapper,zdt1,3,0.0070818397381665,2.27338060105679,
NSGA2Wrapper,zdt1,4,0.0362979328066411,2.130943100537505,
NSGA2Wrapper,zdt1,5,0.0588793599504166,2.08408658042874,
NSGA2Wrapper,zdt1,6,0.1057908958424135,2.03699366664247,
NSGA2Wrapper,zdt1,7,0.1404480766953364,1.9814749676534689,
NSGA2Wrapper,zdt1,8,0.1546812057996615,1.8697015578852711,
NSGA2Wrapper,zdt1,9,0.2751598141651063,1.853994775921572,
NSGA2Wrapper,zdt1,10,0.2891796529582782,1.835000172977692,
NSGA2Wrapper,zdt1,11,0.2976255468267285,1.6715236313593138,
NSGA2Wrapper,zdt1,12,0.298601351367013,1.6440236954231815,
NSGA2Wrapper,zdt1,13,0.3104711987537092,1.6372343297116838,
NSGA2Wrapper,zdt1,14,0.3373082321151441,1.6331322805431638,
NSGA2Wrapper,zdt1,15,0.5554554068396302,1.6077239659457947,
NSGA2Wrapper,zdt1,16,0.5723282172140951,1.607188868805229,
NSGA2Wrapper,zdt1,17,0.5777571925717119,1.3408348495250155,
NSGA2Wrapper,zdt1,18,0.5787329970582317,1.3132239638761918,
NSGA2Wrapper,zdt1,19,0.604580594782757,1.2879186838166543,
NSGA2Wrapper,zdt1,20,0.7738441587852777,1.2672653165326735,
NSGA2Wrapper,zdt1,21,0.8093893212269763,1.1869902871686169,
NSGA2Wrapper,zdt1,22,0.8361793507632707,1.1103624644479602,
NSGA2Wrapper,zdt1,23,0.8547381212545446,1.09251401612439,
NSGA2Wrapper,zdt1,24,0.8636927141058395,1.063249645868803,
NSGA2Wrapper,zdt1,25,0.8750816477275498,1.0277184521314502,
NSGA2Wrapper,zdt1,26,0.8925066968449663,1.0071798743148748,
NSGA2Wrapper,zdt1,27,0.9137009813618988,0.979362690129118,
NSGA2Wrapper,zdt1,28,0.9349674280372944,0.9180717499579512,
NSGA2Wrapper,zdt1,29,0.9666014274809128,0.910408201547477,
NSGA2Wrapper,zdt1,30,0.9777940214861296,0.8487283163653725,
NSGA2Wrapper,zdt2,0,2.198731810249513e-07,2.518086561014593,
NSGA2Wrapper,zdt2,1,2.284576697499151e-07,2.512656385422863,
NSGA2Wrapper,zdt2,2,5.2945384770797406e-05,2.3426709614498047,
NSGA2Wrapper,zdt2,3,0.00010717536646,2.286288594056997,
NSGA2Wrapper,zdt2,4,0.0436862859838088,2.0147917357055585,
NSGA2Wrapper,zdt2,5,0.0436889287114413,2.0121852028705263,
NSGA2Wrapper,zdt3,0,7.451873002010945e-05,2.8052278291669173,
NSGA2Wrapper,zdt3,1,0.0001843363343664,2.799260723621971,
NSGA2Wrapper,zdt3,2,0.0003712848825571,2.619135633685456,
NSGA2Wrapper,zdt3,3,0.0006800977234161,2.5981158178738752,
NSGA2Wrapper,zdt3,4,0.0077861250478515,2.557847716020363,
NSGA2Wrapper,zdt3,5,0.0160648247628264,2.499622357089288,
NSGA2Wrapper,zdt3,6,0.0458203453937682,2.47327078077768,
NSGA2Wrapper,zdt3,7,0.0614786579090269,2.364393137505325,
NSGA2Wrapper,zdt3,8,0.0708289678067981,2.213676769326354,
NSGA2Wrapper,zdt3,9,0.0782266953227175,2.149227379334656,
NSGA2Wrapper,zdt3,10,0.2232467835352819,2.096459236212449,
NSGA2Wrapper,zdt3,11,0.2304161964664619,1.743045733705971,
NSGA2Wrapper,zdt3,12,0.2383655211565805,1.6822210456960216,
NSGA2Wrapper,zdt3,13,0.2492566629971646,1.6490846990428634,
NSGA2Wrapper,zdt3,14,0.2495601506730443,1.6410010801166304,
NSGA2Wrapper,zdt3,15,0.2511185165023957,1.634080599952792,
NSGA2Wrapper,zdt3,16,0.4258986847000611,1.6290035309959925,
NSGA2Wrapper,zdt3,17,0.4309699083403948,1.5791846560247813,
NSGA2Wrapper,zdt3,18,0.4336617655974492,1.5467922440389268,
NSGA2Wrapper,zdt3,19,0.4364705176714639,1.5373404661022758,
NSGA2Wrapper,zdt3,20,0.4366927385374686,1.4305095819189202,
NSGA2Wrapper,zdt3,21,0.4369816291149814,1.2977143757627565,
NSGA2Wrapper,zdt3,22,0.4407193322689094,1.2894132756662369,
NSGA2Wrapper,zdt3,23,0.4483722269702315,1.267832202246922,
NSGA2Wrapper,zdt3,24,0.4517555525885087,1.2269640594042108,
NSGA2Wrapper,zdt3,25,0.4568893360220811,1.1191406241522892,
NSGA2Wrapper,zdt3,26,0.8188349784937128,1.0665052534780586,
NSGA2Wrapper,zdt3,27,0.8349382701885542,0.8507684421096505,
NSGA2Wrapper,zdt3,28,0.8450256437573641,0.5905497200903479,
NSGA2Wrapper,zdt4,0,4.271816456125066e-09,27.04664204266151,
NSGA2Wrapper,zdt4,1,8.76646230052458e-07,26.202549120961105,
NSGA2Wrapper,zdt4,2,0.0004208058669417,23.474436623349103,
NSGA2Wrapper,zdt4,3,0.0260695515270718,22.10874878573484,
NSGA2Wrapper,zdt4,4,0.0361207975357851,21.93738488871708,
NSGA2Wrapper,zdt4,5,0.9324665520147796,19.104689126841947,
NSGA2Wrapper,zdt4,6,0.9377998889649904,19.09123112908372,
NSGA2Wrapper,zdt4,7,0.9535388910327532,19.051738705082712,
NSGA2Wrapper,zdt4,8,0.96546661614252,18.574719827661426,
NSGA2Wrapper,zdt4,9,0.9805784872305467,18.53939449262964,
NSGA2Wrapper,zdt6,0,0.2807753332499941,6.252886880218488,
NSGA2Wrapper,zdt6,1,0.2808721556153,5.887583530790582,
NSGA2Wrapper,zdt6,2,0.4388180813235207,5.86882491699607,
NSGA2Wrapper,zdt6,3,0.5704383302592879,5.853226838226654,
NSGA2Wrapper,zdt6,4,0.6050302975400369,5.823926937037313,
NSGA2Wrapper,zdt6,5,0.6307386230752086,5.376818092306445,
NSGA2Wrapper,zdt6,6,0.6307774692255113,5.3309490376587885,
NSGA2Wrapper,zdt6,7,0.6319142459964386,5.249216358276151,
NSGA2Wrapper,zdt6,8,0.8104144393181149,5.0181159110073,
NSGA2Wrapper,zdt6,9,0.8104144398353685,4.73059681407246,
NSGA2Wrapper,zdt6,10,0.8125692502237754,4.674302434384452,
NSGA2Wrapper,zdt6,11,0.9026761111132252,3.490535427789629,
NSGA2Wrapper,zdt6,12,0.9026761118192096,3.108440629236849,
NSGA2Wrapper,zdt6,13,0.902676157500202,2.692963628393691,
NSGA3Wrapper,dtlz1,0,7.495545410590035e-08,7.54191029240785e-09,25.464380589939083
NSGA3Wrapper,dtlz1,1,7.624282927281036e-07,9.524614028453589e-08,15.319532036376678
NSGA3Wrapper,dtlz1,2,7.62579999360878e-07,9.509429687535928e-08,15.31952959331624
NSGA3Wrapper,dtlz1,3,7.795411656479758e-07,7.812639659377654e-08,15.3194093126593
NSGA3Wrapper,dtlz1,4,7.797727130469873e-07,7.78892053823297e-08,15.319308504518023
NSGA3Wrapper,dtlz1,5,8.30612928285489e-07,2.7424621607306444e-08,15.32601792480285
NSGA3Wrapper,dtlz1,6,2.00632989090223e-06,7.605765775660439e-08,15.31403814893314
NSGA3Wrapper,dtlz1,7,2.060115321785941e-06,2.2243623230597377e-08,15.313827795548344
NSGA3Wrapper,dtlz1,8,3.932772029057248e-06,0.0013101613925578,7.736432837842263
NSGA3Wrapper,dtlz1,9,8.736935761774214e-06,0.0005411936861742,7.718193775998432
NSGA3Wrapper,dtlz1,10,3.213867957666764e-05,3.044995390581961e-05,6.1772185242950295
NSGA3Wrapper,dtlz1,11,0.0001601022126637,5.749418736618529e-06,15.313556366842256
NSGA3Wrapper,dtlz1,12,0.0002155051558251,2.537543591631985,2.579719038457013
NSGA3Wrapper,dtlz1,13,0.0002159758103863,1.6629967490484065e-05,6.494797954767613
NSGA3Wrapper,dtlz1,14,0.0002160431194152,1.656128659808405e-05,6.494759649714156
NSGA3Wrapper,dtlz1,15,0.0003726410969689,2.856566791774089e-05,6.494595799714254
NSGA3Wrapper,dtlz1,16,0.0005366924108493,2.145609323942573e-05,6.49443410561608
NSGA3Wrapper,dtlz1,17,0.0007061496048332,2.823071736436141e-05,6.494257873797971
NSGA3Wrapper,dtlz1,18,0.0017566801741845,8.259914549011521e-05,5.308286171952032
NSGA3Wrapper,dtlz1,19,0.0018960149834734,3.4315450654160062,0.2134217382898869
NSGA3Wrapper,dtlz1,20,0.0027355246894177,3.384255057576145,0.210534388303669
NSGA3Wrapper,dtlz1,21,0.0027359648030908,3.384799544317557,0.2099894614485846
NSGA3Wrapper,dtlz1,22,0.0034050670275812,5.31386404571457,0.0132502368368591
NSGA3Wrapper,dtlz1,23,0.0069513930069927,5.3206586359249775,0.0029037602711467
NSGA3Wrapper,dtlz1,24,0.0120016401954134,3.344940591271404e-05,5.810873581788899
NSGA3Wrapper,dtlz1,25,0.0140111414768153,2.801686865211217,0.8330808272710658
NSGA3Wrapper,dtlz1,26,0.0150184418818205,2.9418247774911306,0.1927220688383906
NSGA3Wrapper,dtlz1,27,0.0693241383891555,2.4734388817934425,2.784197667160831
NSGA3Wrapper,dtlz1,28,0.072437371487748,2.924371725294098,0.6498964539025687
NSGA3Wrapper,dtlz1,29,0.0914234808209602,0.0065402275890893,5.251805544574965
NSGA3Wrapper,dtlz1,30,0.135820954034928,2.407870019817767,2.785213729775794
NSGA3Wrapper,dtlz1,31,0.1410995185462546,2.5014498162844365,2.686241904424013
NSGA3Wrapper,dtlz1,32,0.1740633851893446,2.4687069236054366,2.686466532026724
NSGA3Wrapper,dtlz1,33,0.3705248688431985,4.957082419384807,0.0029037587773535
NSGA3Wrapper,dtlz1,34,2.364687622927116,0.1991945179499324,0.5523204237968935
NSGA3Wrapper,dtlz1,35,2.530001081392123,0.0581093255640505,3.124770871969567
NSGA3Wrapper,dtlz1,36,2.625686301102042,0.10650932926472,2.9806056655347306
NSGA3Wrapper,dtlz1,37,2.64263320375192,0.1521456292611051,2.892918339347625
NSGA3Wrapper,dtlz1,38,2.694058706124648,0.0477101001239039,2.7868167444464342
NSGA3Wrapper,dtlz1,39,2.696116903438467,0.0119028259715459,2.819366549603944
NSGA3Wrapper,dtlz1,40,2.7920087911278,3.335775023931721,0.0018266676385349
NSGA3Wrapper,dtlz1,41,2.7959124308207675,3.331871384238753,0.0018266676385349
NSGA3Wrapper,dtlz1,42,2.826127139556945,0.1805298485668096,0.634657594272638
NSGA3Wrapper,dtlz1,43,2.8456074780686444,0.1281059438493465,0.6473601949735434
NSGA3Wrapper,dtlz1,44,2.8671567536738425,0.1290760672103335,0.6454589136686335
NSGA3Wrapper,dtlz1,45,2.883884016342437,3.2391633364203254,0.0049484508673743
NSGA3Wrapper,dtlz1,46,2.911044306690811,0.054313413637734,0.1897776514038417
NSGA3Wrapper,dtlz1,47,3.008027189997021,3.1186131967568507,0.0050962720307095
NSGA3Wrapper,dtlz1,48,3.009141683556971,3.1174987031969006,0.0050962720307095
NSGA3Wrapper,dtlz1,49,3.014350667706672,3.024113244044877,0.0257371927603289
NSGA3Wrapper,dtlz1,50,3.0144701543366903,3.048450575644497,0.016289106032356
NSGA3Wrapper,dtlz1,51,3.0155730566912435,3.047347673289944,0.016289106032356
NSGA3Wrapper,dtlz1,52,3.189075379165108,3.011064416355847,0.1863389097992202
NSGA3Wrapper,dtlz1,53,3.2643164312263955,2.7946050844788366,0.0048966264185783
NSGA3Wrapper,dtlz1,54,3.2952960487775607,2.83248776628196,0.0018266676385349
NSGA3Wrapper,dtlz1,55,3.299199688470529,2.828584126588991,0.0018266676385349
NSGA3Wrapper,dtlz1,56,3.343700160192552,0.0487736601573249,0.2108610089331671
NSGA3Wrapper,dtlz1,57,3.362529376027824,2.752616479581915,0.0165907645878858
NSGA3Wrapper,dtlz1,58,3.419008838573487,0.0093681034558614,0.2131069528636672
NSGA3Wrapper,dtlz1,59,5.195205332656669,0.0144793985773994,0.1252227911873926
NSGA3Wrapper,dtlz1,60,5.215986671009061,0.01306967404235,0.0782785320458024
NSGA3Wrapper,dtlz1,61,5.277259076018264,0.0147080880668085,0.0432021805865364
NSGA3Wrapper,dtlz1,62,5.66887289028288,0.385518335839777,0.0112161472029303
NSGA3Wrapper,dtlz1,63,5.681403061904086,0.3963524765845694,0.0017884342229322
NSGA3Wrapper,dtlz1,64,6.034263561261705,0.0151445673518814,0.0161992447120011
NSGA3Wrapper,dtlz1,65,6.039291953467462,0.0151571874212003,0.0111582324369245
NSGA3Wrapper,dtlz1,66,6.048150894614804,0.0151794212579411,0.0018966115614293
NSGA3Wrapper,dtlz1,67,6.479972813348711,0.0313937048565246,0.0009018436406158
NSGA3Wrapper,dtlz1,68,10.459344366218293,0.0100563868396088,0.1209858131735454
NSGA3Wrapper,dtlz1,69,13.436051252565711,0.0093207508056608,0.2877266537022522
NSGA3Wrapper,dtlz1,70,34.57685697470914,0.0056576944407815,2.020925140958834
NSGA3Wrapper,dtlz1,71,98.38786955207108,0.0554384100166126,0.0005781447036432
NSGA3Wrapper,dtlz2,0,1.2057507867091772e-07,0.0009559723807109,1.370407383879282
NSGA3Wrapper,dtlz2,1,1.2186800708908492e-05,0.0009536923032171,1.3672504482226784
NSGA3Wrapper,dtlz2,2,6.91313539595868e-05,0.003729550592056,1.362103853890483
NSGA3Wrapper,dtlz2,3,9.480395057304918e-05,0.0024108636269324,1.361050375184966
NSGA3Wrapper,dtlz2,4,0.0009402473417852,0.0001107893076796,1.3571897436075773
NSGA3Wrapper,dtlz2,5,0.0009460536045352,7.663014488571867e-05,1.3606302700711932
NSGA3Wrapper,dtlz2,6,0.0009525533468125,5.549936543720098e-05,1.3678218698228504
NSGA3Wrapper,dtlz2,7,0.0009654064052076,0.0005504314210906,1.354521867168266
NSGA3Wrapper,dtlz2,8,0.0010363749513111,0.7124509742942039,1.2363784881992983
NSGA3Wrapper,dtlz2,9,0.0012227758133517,0.9526616839111284,0.9451201960092316
NSGA3Wrapper,dtlz2,10,0.0014188654231237,1.03724388319107,0.8651772612639619
NSGA3Wrapper,dtlz2,11,0.0014332093195455,1.047729809891504,0.8596071180439193
NSGA3Wrapper,dtlz2,12,0.0014358776372662,1.0496804503039885,0.8571111260827909
NSGA3Wrapper,dtlz2,13,0.0015938969717631,1.1651985152745303,0.8074621357458064
NSGA3Wrapper,dtlz2,14,0.0017213151533389,1.341072480021272,0.006439339540006
NSGA3Wrapper,dtlz2,15,0.0033872868425064,0.9876357538234166,0.9252789283915316
NSGA3Wrapper,dtlz2,16,0.0034249928431945,0.9746496689895466,0.933540225156349
NSGA3Wrapper,dtlz2,17,0.0035680005069416,1.3369764360678755,0.1002128054502228
NSGA3Wrapper,dtlz2,18,0.0042574099193843,1.4941345371233103,0.0019277586940525
NSGA3Wrapper,dtlz2,19,0.0047341009379609,1.3471823514361516,0.0035822703070375
NSGA3Wrapper,dtlz2,20,0.0055379719612279,0.6916707434194173,1.2163319240336683
NSGA3Wrapper,dtlz2,21,0.0065296473579144,0.6829616568569593,1.1879778372698166
NSGA3Wrapper,dtlz2,22,0.0066350994267175,0.7584753021822871,1.1791535550743075
NSGA3Wrapper,dtlz2,23,0.0066611530331384,0.7614535570255238,1.1732488849494729
NSGA3Wrapper,dtlz2,24,0.0069670873452162,0.7287152362046992,1.1481785388204848
NSGA3Wrapper,dtlz2,25,0.0071714418432948,0.824389924471864,1.130609673140942
NSGA3Wrapper,dtlz2,26,0.0076115130235954,0.0007445028278751,1.3256255099394127
NSGA3Wrapper,dtlz2,27,0.0105542189305827,1.138794205022717,0.8566277575491213
NSGA3Wrapper,dtlz2,28,0.0116142175303571,1.1480300439181526,0.8279280065966292
NSGA3Wrapper,dtlz2,29,0.0122686754602019,1.1228242945243796,0.8204637659968939
NSGA3Wrapper,dtlz2,30,0.0136524739564805,1.3055709175075785,0.2310798819583917
NSGA3Wrapper,dtlz2,31,0.0151326165754848,1.1023327225515416,0.7951140258583439
NSGA3Wrapper,dtlz2,32,0.0239635891328113,1.532225479102662,0.0018245355090193
NSGA3Wrapper,dtlz2,33,0.0267557933979201,0.9849839670009586,0.9231295258831704
NSGA3Wrapper,dtlz2,34,0.0468975880406894,0.9791289618895462,0.8615213168666565
NSGA3Wrapper,dtlz2,35,0.052301809984846,1.5060115455516672,0.0017941823211087
NSGA3Wrapper,dtlz2,36,0.0598820630286561,0.4496899405095755,1.2568876028991245
NSGA3Wrapper,dtlz2,37,0.0734625735046706,0.4240845423784701,1.1924469690047177
NSGA3Wrapper,dtlz2,38,0.0770806941052445,1.012205479287816,0.8475583599929236
NSGA3Wrapper,dtlz2,39,0.0780492390210026,1.300321706082312,0.0626186988877767
NSGA3Wrapper,dtlz2,40,0.0995836375835428,1.3077088209901824,0.0530734266565294
NSGA3Wrapper,dtlz2,41,0.1194554689342748,1.2976424814155076,0.0108106691208275
NSGA3Wrapper,dtlz2,42,0.1213565501045752,1.3252326918139576,0.0081099888402771
NSGA3Wrapper,dtlz2,43,0.1401847579234832,1.0104264659263058,0.8492872411307133
NSGA3Wrapper,dtlz2,44,0.1490419509778541,0.9983125357699166,0.8403557721467043
NSGA3Wrapper,dtlz2,45,0.1508982320953907,1.0107462747098015,0.822083225996969
NSGA3Wrapper,dtlz2,46,0.1518680442942044,1.0172422690863252,0.8132329407578983
NSGA3Wrapper,dtlz2,47,0.1756681363053414,1.2402136898505034,0.007633518359088
NSGA3Wrapper,dtlz2,48,0.1886351257167149,1.3316273165040515,0.0027995456163341
NSGA3Wrapper,dtlz2,49,0.2148724959640353,0.911054604332982,0.8871129418050809
NSGA3Wrapper,dtlz2,50,0.2174147570035139,0.9180975096119552,0.8707566653643654
NSGA3Wrapper,dtlz2,51,0.2355221414158877,0.9967419981631466,0.8055765085610893
NSGA3Wrapper,dtlz2,52,0.2489936655266262,1.4819377977551562,0.0008934600824991
NSGA3Wrapper,dtlz2,53,0.2738898841413327,0.9005103996585062,0.8649217619764578
NSGA3Wrapper,dtlz2,54,0.2809881643164731,0.8793907989930304,0.8837882479007007
NSGA3Wrapper,dtlz2,55,0.2863919328766367,0.9719830187253596,0.8436197861968653
NSGA3Wrapper,dtlz2,56,0.2866918880056138,0.8027810168881891,0.9340238726044122
NSGA3Wrapper,dtlz2,57,0.2893545315725355,0.8755681348364451,0.8827834151824183
NSGA3Wrapper,dtlz2,58,0.2933456479782904,0.8419035154130533,0.9287897424113092
NSGA3Wrapper,dtlz2,59,0.3161780848035857,1.1393424443483346,0.7547920556047958
NSGA3Wrapper,dtlz2,60,0.3412583691994895,0.2933976941561162,1.2323481589598126
NSGA3Wrapper,dtlz2,61,0.3695874955547976,1.2151503308501042,0.0156899921205007
NSGA3Wrapper,dtlz2,62,0.3735563553716315,1.2281993689737667,0.0007137550312632
NSGA3Wrapper,dtlz2,63,0.4300550078930461,0.1056327528614429,1.22690647273852
NSGA3Wrapper,dtlz2,64,0.4301431252395849,0.0977738497244053,1.2221337424244352
NSGA3Wrapper,dtlz2,65,0.6320411726104993,0.0150380710247332,1.1063928649193262
NSGA3Wrapper,dtlz2,66,0.6874267589322067,0.5637510877433397,0.9734089324615316
NSGA3Wrapper,dtlz2,67,0.6904497917366224,0.0111231775362922,1.198352120156831
NSGA3Wrapper,dtlz2,68,0.7011688498436194,0.0090042203007412,1.1905798012610878
NSGA3Wrapper,dtlz2,69,0.7610223253197979,0.6560190051065689,0.8907956875647403
NSGA3Wrapper,dtlz2,70,0.7640043168200651,0.6613896900995133,0.885730336028862
NSGA3Wrapper,dtlz2,71,0.7893622559515474,0.6786560760204221,0.8561502973049948
NSGA3Wrapper,dtlz2,72,0.8568723748751296,0.1909740249921392,0.9612202949055944
NSGA3Wrapper,dtlz2,73,0.8708247623548604,0.0299958724911651,0.9547369169315753
NSGA3Wrapper,dtlz2,74,0.8986681229846978,0.0005166305011478,0.9846794305420644
NSGA3Wrapper,dtlz2,75,0.9028757623203936,0.5208273454222406,0.8734232560866528
NSGA3Wrapper,dtlz2,76,0.9113892751843672,0.3913477077449615,0.8413973208540767
NSGA3Wrapper,dtlz2,77,0.9192145733338524,0.0001648439101842,1.0015786462262382
NSGA3Wrapper,dtlz2,78,0.9207422255222888,0.0068002668042106,0.9616602065938052
NSGA3Wrapper,dtlz2,79,0.9217328374271796,0.000529890051227,0.9626687452998198
NSGA3Wrapper,dtlz2,80,0.9373954901322268,0.0005337149063612,0.8863667499176087
NSGA3Wrapper,dtlz2,81,0.9374763030581628,0.0002767823348367,0.8864430586080462
NSGA3Wrapper,dtlz2,82,0.9451920307900518,0.0338587359652515,0.8456113847296917
NSGA3Wrapper,dtlz2,83,0.9614084893499864,0.5481519888276654,0.8307580193408064
NSGA3Wrapper,dtlz2,84,0.971770203328999,0.2536272691433234,0.8361480416193428
NSGA3Wrapper,dtlz2,85,0.9734398691668296,0.9493288489009822,0.0205504243097128
NSGA3Wrapper,dtlz2,86,0.9800081489052638,0.5587566802670305,0.790742961848137
NSGA3Wrapper,dtlz2,87,0.982853087219326,0.9131140990986952,0.025453296396148
NSGA3Wrapper,dtlz2,88,0.98527937778214,0.2665140786090826,0.8210698918382988
NSGA3Wrapper,dtlz2,89,0.9933383614477428,0.9162206251504342,0.0203679396477441
NSGA3Wrapper,dtlz2,90,0.995176776719542,0.2779392043503118,0.7955941871457162
NSGA3Wrapper,dtlz2,91,0.9952488203411668,0.8556675391864057,0.0249022063259418
NSGA3Wrapper,dtlz2,92,1.003057688671361,0.924224846091442,0.0056468512926947
NSGA3Wrapper,dtlz2,93,1.027293835017116,0.8334452262482931,0.0063874540501635
NSGA3Wrapper,dtlz2,94,1.0671149269443736,0.0006156084445413,0.8749138916523633
NSGA3Wrapper,dtlz2,95,1.1298031674392657,0.2031648023968105,0.833233853283527
NSGA3Wrapper,dtlz2,96,1.140521143454028,0.1471019525857148,0.8402482395633754
NSGA3Wrapper,dtlz2,97,1.140761988022552,0.1928495912766592,0.8343167634522077
NSGA3Wrapper,dtlz2,98,1.1442331814899565,0.1475807232304254,0.8378355122303778
NSGA3Wrapper,dtlz2,99,1.1462550571212426,0.1481866898526405,0.8335972279576469
NSGA3Wrapper,dtlz2,100,1.159129913018791,0.1111376025206385,0.7968468748769942
NSGA3Wrapper,dtlz2,101,1.1611549160371315,0.2704074080196985,0.7850259643930714
NSGA3Wrapper,dtlz2,102,1.1637932757406213,0.209388203230541,0.7805942940144284
NSGA3Wrapper,dtlz2,103,1.1660809217474883,0.688493275689716,0.0004608714414519
NSGA3Wrapper,dtlz2,104,1.1736608982510446,0.6691687900743868,0.0004598019525638
NSGA3Wrapper,dtlz2,105,1.1741019658785647,0.6694202670479219,0.0004590556220709
NSGA3Wrapper,dtlz2,106,1.1751777548275006,0.6642107722605242,0.0112780428021073
NSGA3Wrapper,dtlz2,107,1.196723749147394,0.0667386674522165,0.6380200814593334
NSGA3Wrapper,dtlz2,108,1.2283108169585162,0.4773554981844611,0.0109324368301009
NSGA3Wrapper,dtlz2,109,1.265090492934729,0.3905677771960782,0.0251203232727551
NSGA3Wrapper,dtlz2,110,1.268403953084543,0.2757647639106396,0.0525287259574103
NSGA3Wrapper,dtlz2,111,1.269194351580223,0.3140216558578071,0.0248064482467695
NSGA3Wrapper,dtlz2,112,1.2694617952444829,0.3952023759181121,0.0085110010130365
NSGA3Wrapper,dtlz2,113,1.2720657090744218,0.2891473888123548,0.0349921318272087
NSGA3Wrapper,dtlz2,114,1.273313540175144,0.4143051202734793,0.0055931123762261
NSGA3Wrapper,dtlz2,115,1.2763025078793535,0.0351951331234713,0.0094295382761034
NSGA3Wrapper,dtlz2,116,1.2896574616725125,0.0007342785607998,0.0265479211706238
NSGA3Wrapper,dtlz2,117,1.2902815595856914,0.0007443511508093,0.0133302336493094
NSGA3Wrapper,dtlz2,118,1.3235895971453615,0.0611529401193391,0.0004500443802264
NSGA3Wrapper,dtlz2,119,1.3584000241372052,0.0007858726534942,0.0112719141098083
NSGA3Wrapper,dtlz2,120,1.358759171094815,0.0007838207960087,0.0005492718883131
NSGA3Wrapper,dtlz2,121,1.4122633210133555,0.0002560957397021,0.0421816290195663
NSGA3Wrapper,dtlz2,122,1.4321327982522996,0.0008187896896562,0.0004209740863396
NSGA3Wrapper,dtlz2,123,1.553950583103676,0.0243672007573641,0.0003446414855681
NSGA3Wrapper,dtlz4,0,1.9159076479373173e-07,6.162900971465472e-108,1.0280640572562438
NSGA3Wrapper,dtlz4,1,4.799883402641987e-07,1.9502659811284042e-111,1.0181279701772366
NSGA3Wrapper,dtlz4,2,5.5565571460054825e-06,2.2577140869891922e-110,1.018127970162187
NSGA3Wrapper,dtlz4,3,5.607871699020014e-06,9.958357199465962e-83,1.0106430897917738
NSGA3Wrapper,dtlz4,4,6.799513414258135e-06,4.2955415395054636e-114,1.0004816780608627
NSGA3Wrapper,dtlz4,5,6.79959452579482e-06,1.193767709698475e-218,1.0004936128275717
NSGA3Wrapper,dtlz4,6,1.058965513597573e-05,1.9739230785578163e-240,1.0178879324013694
NSGA3Wrapper,dtlz4,7,7.840113363709264e-05,8.242774502618672e-242,1.0217036544256244
NSGA3Wrapper,dtlz4,8,0.000174256975008,1.0988094093288303e-223,1.0005069870271344
NSGA3Wrapper,dtlz4,9,0.0001780957026322,1.8685357561366832e-304,1.0225472744197903
NSGA3Wrapper,dtlz4,10,0.0049499751205395,3.1962591963715424e-222,1.0003174813643607
NSGA3Wrapper,dtlz4,11,0.0109243544911048,6.008266666847773e-281,1.0055542072108146
NSGA3Wrapper,dtlz4,12,0.0289206617398597,1.019888455665933e-115,0.9999753418980832
NSGA3Wrapper,dtlz4,13,0.0507182415699694,3.274938602603304e-221,0.9990703474287956
NSGA3Wrapper,dtlz4,14,0.0669637141032261,4.323928541327757e-221,0.9984390235901718
NSGA3Wrapper,dtlz4,15,0.0885944013521664,3.0262211784942387e-112,0.9964463127081208
NSGA3Wrapper,dtlz4,16,0.1025403134505889,1.9334467097464844e-215,0.9954974314142998
NSGA3Wrapper,dtlz4,17,0.1078493856765307,0.0,0.9990021117854666
NSGA3Wrapper,dtlz4,18,0.1321571839789891,2.791689494798269e-76,0.9919346450515684
NSGA3Wrapper,dtlz4,19,0.1333780226314891,3.167805183063495e-144,0.9946991769420148
NSGA3Wrapper,dtlz4,20,0.1713013154129766,3.007443726138676e-214,0.9878466955015412
NSGA3Wrapper,dtlz4,21,0.1772293916649092,7.061972592112493e-82,0.9866024808845304
NSGA3Wrapper,dtlz4,22,0.190747639795318,8.839166059588881e-243,0.9945212809463766
NSGA3Wrapper,dtlz4,23,0.1907492399097067,2.7337347224527635e-267,0.9945296236331496
NSGA3Wrapper,dtlz4,24,0.2623966390337675,1.5104615981322007e-126,0.9758389687261182
NSGA3Wrapper,dtlz4,25,0.2792043239256034,5.830611978469691e-236,0.9645162667948328
NSGA3Wrapper,dtlz4,26,0.3256589920541364,6.633769273555927e-94,0.9587773585851916
NSGA3Wrapper,dtlz4,27,0.3945272725909925,1.0836680534905222e-105,0.956058927372439
NSGA3Wrapper,dtlz4,28,0.401451844136717,8.177691921382001e-94,0.9414623319748164
NSGA3Wrapper,dtlz4,29,0.4143975739846822,1.3814689047295853e-234,0.9122949303368848
NSGA3Wrapper,dtlz4,30,0.4401143520792094,9.982331413017399e-61,0.9116229503341508
NSGA3Wrapper,dtlz4,31,0.4839083216721573,9.990010183636674e-236,0.8911551744556642
NSGA3Wrapper,dtlz4,32,0.4894873594683489,2.364450422685704e-143,0.8824738755878411
NSGA3Wrapper,dtlz4,33,0.5153629845118376,9.23733360742369e-142,0.8780145072393036
NSGA3Wrapper,dtlz4,34,0.5633801727517429,9.252135001433792e-142,0.8426592983265375
NSGA3Wrapper,dtlz4,35,0.5635210943955046,8.572113553135266e-238,0.842870077724171
NSGA3Wrapper,dtlz4,36,0.5776033827833734,3.1722222825906404e-247,0.8443526369424406
NSGA3Wrapper,dtlz4,37,0.5834181454277321,3.096236559693481e-33,0.8180203176107573
NSGA3Wrapper,dtlz4,38,0.6088267063807478,9.136333920788016e-170,0.8353684023204583
NSGA3Wrapper,dtlz4,39,0.6242182542334522,1.2500519312682051e-151,0.7839170901851996
NSGA3Wrapper,dtlz4,40,0.6342223696975061,3.76610962928146e-158,0.7746201486819736
NSGA3Wrapper,dtlz4,41,0.6530726736418748,5.396182748512807e-215,0.7589212994569434
NSGA3Wrapper,dtlz4,42,0.6759085752655887,1.0383461838334448e-143,0.7398753287158587
NSGA3Wrapper,dtlz4,43,0.6759458800974093,9.803844661331281e-144,0.7399161640088495
NSGA3Wrapper,dtlz4,44,0.6765920293449775,1.9723255734927656e-153,0.7406234636414311
NSGA3Wrapper,dtlz4,45,0.6774911482947432,4.671759565426577e-236,0.7813398045028075
NSGA3Wrapper,dtlz4,46,0.6828152106035577,3.75540346372545e-279,0.7315485284649653
NSGA3Wrapper,dtlz4,47,0.6903541759435969,3.796866887666847e-279,0.729558125822873
NSGA3Wrapper,dtlz4,48,0.69116746753159,3.801339895882156e-279,0.7288785431356929
NSGA3Wrapper,dtlz4,49,0.6911766339752735,0.0,0.728888209713522
NSGA3Wrapper,dtlz4,50,0.7049647784059344,4.5520433966391375e-220,0.7239786270971432
NSGA3Wrapper,dtlz4,51,0.7118894064114535,3.159145637861242e-143,0.7058827594281619
NSGA3Wrapper,dtlz4,52,0.7165100918778343,1.6015788286991165e-25,0.7020605575770006
NSGA3Wrapper,dtlz4,53,0.7165147368137565,1.3605369318077286e-32,0.7020554464206495
NSGA3Wrapper,dtlz4,54,0.7221177626045816,1.715071453324235e-143,0.714238019488678
NSGA3Wrapper,dtlz4,55,0.7221178071538016,5.07834473837772e-157,0.7142380635517773
NSGA3Wrapper,dtlz4,56,0.7256782512389396,1.6220719523792076e-25,0.6925888301208202
NSGA3Wrapper,dtlz4,57,0.7315526798762171,1.173251182202314e-202,0.6987050155771116
NSGA3Wrapper,dtlz4,58,0.7372936896310526,2.6570314e-315,0.6772137406688512
NSGA3Wrapper,dtlz4,59,0.7418242471120935,1.5814344195192485e-203,0.6733469964212615
NSGA3Wrapper,dtlz4,60,0.742283751883302,8.748613523743349e-215,0.6719228285429889
NSGA3Wrapper,dtlz4,61,0.7452583597812092,4.812223956923307e-220,0.6678297146078944
NSGA3Wrapper,dtlz4,62,0.754820673481092,4.8739689806003325e-220,0.6652734123397516
NSGA3Wrapper,dtlz4,63,0.7723056864128232,2.78320632e-315,0.6369963595303249
NSGA3Wrapper,dtlz4,64,0.783662830381987,1.705598843805288e-180,0.6275564613627295
NSGA3Wrapper,dtlz4,65,0.7876290128097538,4.573904007050008e-181,0.630732576540063
NSGA3Wrapper,dtlz4,66,0.7909577360261885,5.251967876566727e-124,0.6151112022541648
NSGA3Wrapper,dtlz4,67,0.7931052602616911,8.994227869444469e-93,0.6132122432029611
NSGA3Wrapper,dtlz4,68,0.7961723012330868,9.458380941483147e-178,0.6213824672680475
NSGA3Wrapper,dtlz4,69,0.7987840092535409,9.428972137770508e-138,0.6155837576410589
NSGA3Wrapper,dtlz4,70,0.8049354124161879,3.445075475440419e-138,0.6203243431181843
NSGA3Wrapper,dtlz4,71,0.8075050923976765,3.2023557361822904e-144,0.61576439190604
NSGA3Wrapper,dtlz4,72,0.8128882912978544,0.0,0.5870986462626444
NSGA3Wrapper,dtlz4,73,0.8389902643749699,7.2220231171139185e-152,0.5708438901375348
NSGA3Wrapper,dtlz4,74,0.8448704326269061,4.04035337613124e-153,0.5748447209720846
NSGA3Wrapper,dtlz4,75,0.8581482752057137,2.931276068329491e-111,0.5141742425965635
NSGA3Wrapper,dtlz4,76,0.8594375315734452,1.4913246847657109e-210,0.5136458757553293
NSGA3Wrapper,dtlz4,77,0.8595749450895059,2.771850350204165e-248,0.5150290563019904
NSGA3Wrapper,dtlz4,78,0.8598542845823288,4.449262305348931e-252,0.514525809828006
NSGA3Wrapper,dtlz4,79,0.8618083403135006,1.7925e-320,0.5156950917930527
NSGA3Wrapper,dtlz4,80,0.8765792048924668,1.8128368863473562e-143,0.4893135176528747
NSGA3Wrapper,dtlz4,81,0.8796524971523392,1.8300805127669167e-151,0.4910290539535996
NSGA3Wrapper,dtlz4,82,0.8801525685951245,1.7402342165613868e-155,0.4824388218989304
NSGA3Wrapper,dtlz4,83,0.8898963320778314,1.8513923861871972e-151,0.4607941870777621
NSGA3Wrapper,dtlz4,84,0.8924204509228545,5.7624674949503884e-220,0.4552873696889566
NSGA3Wrapper,dtlz4,85,0.893259317952267,5.767884161483049e-220,0.4511009697773193
NSGA3Wrapper,dtlz4,86,0.8938436147796174,1.569272462933135e-213,0.4501388603349176
NSGA3Wrapper,dtlz4,87,0.9091971288883572,3.1939080703186187e-227,0.5068688977291794
NSGA3Wrapper,dtlz4,88,0.9163783976757016,1.6294646848312762e-213,0.4016127876107415
NSGA3Wrapper,dtlz4,89,0.9301722346260942,3.1772966159378704e-111,0.3681309102035339
NSGA3Wrapper,dtlz4,90,0.9364666589580216,3.088700440688952e-169,0.3518600075773695
NSGA3Wrapper,dtlz4,91,0.93762556840041,1.4262878395480748e-237,0.397275007101232
NSGA3Wrapper,dtlz4,92,0.9432552924983344,7.038862364522394e-213,0.3439721731202304
NSGA3Wrapper,dtlz4,93,0.9474106260444762,4.420584464045013e-249,0.3642956401042376
NSGA3Wrapper,dtlz4,94,0.9523910423745756,1.0555334453310856e-59,0.3430865035041648
NSGA3Wrapper,dtlz4,95,0.9537280506404252,3.2577589343364364e-111,0.3019557888736001
NSGA3Wrapper,dtlz4,96,0.9568610763345186,1.6799087817107057e-213,0.2921525223725764
NSGA3Wrapper,dtlz4,97,0.9601883386957109,3.2798260855713816e-111,0.280736259228185
NSGA3Wrapper,dtlz4,98,0.9604318614109056,2.7176858551835764e-111,0.2808074594847866
NSGA3Wrapper,dtlz4,99,0.960522278658424,3.7485082136193746e-113,0.2799490249990559
NSGA3Wrapper,dtlz4,100,0.9626425194230652,4.191428790667879e-149,0.2747641652941714
NSGA3Wrapper,dtlz4,101,0.969491142906896,1.1092855699109645e-155,0.2483760641506401
NSGA3Wrapper,dtlz4,102,0.9700514259718324,4.6729006171363736e-200,0.2861514907375344
NSGA3Wrapper,dtlz4,103,0.9702341840471836,1.3112979239179464e-148,0.2452922337861495
NSGA3Wrapper,dtlz4,104,0.971462950259733,7.803617535652846e-121,0.2424118424201789
NSGA3Wrapper,dtlz4,105,0.9717315096923635,7.630696946380296e-149,0.2456707839941822
NSGA3Wrapper,dtlz4,106,0.9853406442816376,3.353834734980011e-35,0.2124324878048369
NSGA3Wrapper,dtlz4,107,0.985963792942804,1.0429637210618529e-103,0.2305126454402193
NSGA3Wrapper,dtlz4,108,0.9868126825022496,5.4273538555789204e-279,0.1875556676572486
NSGA3Wrapper,dtlz4,109,0.9869858408695018,6.3730877302344974e-220,0.1750046606744401
NSGA3Wrapper,dtlz4,110,0.9897249602037828,1.2872255150988521e-142,0.1487363798198116
NSGA3Wrapper,dtlz4,111,0.9951128029453384,0.0,0.2188772254415572
NSGA3Wrapper,dtlz4,112,0.9956202383357116,1.2172617887756887e-176,0.1679451148980158
NSGA3Wrapper,dtlz4,113,0.9956883997975964,5.46829497099325e-176,0.1674874178658688
NSGA3Wrapper,dtlz4,114,0.9969976312583306,1.1948039222943143e-240,0.1136455677174311
NSGA3Wrapper,dtlz4,115,0.9986526118483142,8.942026592387791e-143,0.0933891794524628
NSGA3Wrapper,dtlz4,116,0.9987673127151128,3.897762247051983e-113,0.0875857802914658
NSGA3Wrapper,dtlz4,117,0.9994856426757336,4.3180804625329397e-156,0.0654114250931746
NSGA3Wrapper,dtlz4,118,0.9998098227677874,4.4105614250588676e-194,0.0376041959307531
NSGA3Wrapper,dtlz4,119,1.0000011130815727,8.102760089831264e-151,9.000499277127789e-167
NSGA3Wrapper,dtlz4,120,1.0000044614142785,8.102787220537681e-151,7.715107819619435e-245
NSGA3Wrapper,dtlz4,121,1.0000096098915288,7.711069202828025e-157,1.435077880177575e-182
NSGA3Wrapper,dtlz4,122,1.0000096845201307,6.82246130750798e-148,2.1462115251935384e-249
NSGA3Wrapper,dtlz4,123,1.0000129821913009,8.102856262272823e-151,6.547544929865123e-245
NSGA3Wrapper,dtlz4,124,1.000028356848546,0.0,2.4915872726782e-244
NSGA3Wrapper,dtlz4,125,1.0000336202197455,0.0,2.418646751624443e-302
NSGA3Wrapper,dtlz4,126,1.00005813626353,0.0,2.241980849261999e-308
NSGA3Wrapper,dtlz4,127,1.0003038335370955,2.856135473545128e-146,0.0
NSGA3Wrapper,dtlz4,128,1.0005599798735547,7.407600127531107e-191,0.0
NSGA3Wrapper,dtlz4,129,1.000593570497218,0.0,0.0
NSGA3Wrapper,dtlz7,0,2.140503272119891e-06,8.199348098137318e-05,12.586386574052144
NSGA3Wrapper,dtlz7,1,2.481614704449633e-06,0.1750353125861107,9.996922220503317
NSGA3Wrapper,dtlz7,2,3.253782270025888e-06,2.450685290888265e-05,12.82764106096047
NSGA3Wrapper,dtlz7,3,3.305556749710326e-06,0.0054595682443226,10.71558039472016
NSGA3Wrapper,dtlz7,4,3.834146896752579e-06,0.0045439923562234,10.174971260716172
NSGA3Wrapper,dtlz7,5,4.420724076352467e-06,0.0001010199275537,10.182763369711008
NSGA3Wrapper,dtlz7,6,4.510584877012595e-06,0.0122382190946996,10.17357145645203
NSGA3Wrapper,dtlz7,7,5.50499593469451e-06,7.222576571405299e-05,12.691664104997583
NSGA3Wrapper,dtlz7,8,5.883865444705115e-06,7.334535501373477e-06,12.62980862523934
NSGA3Wrapper,dtlz7,9,7.84641883425598e-06,1.8714300570269165e-05,10.677324740095283
NSGA3Wrapper,dtlz7,10,1.9438859931747866e-05,0.1866538629281204,9.889127106550044
NSGA3Wrapper,dtlz7,11,4.283456425752309e-05,4.0523631819662335e-05,10.379921351361896
NSGA3Wrapper,dtlz7,12,4.558067219250922e-05,4.871495705204357e-07,10.201827415714057
NSGA3Wrapper,dtlz7,13,4.558363777612899e-05,1.0084583352294046e-07,10.49798497694078
NSGA3Wrapper,dtlz7,14,0.0001710170019042,0.173635561640904,10.076527894788509
NSGA3Wrapper,dtlz7,15,0.0002240381263385,0.0001090291808494,10.107408141899558
NSGA3Wrapper,dtlz7,16,0.0002246216302927,0.0050402532078056,10.100769415364118
NSGA3Wrapper,dtlz7,17,0.0002251284503584,0.1750353125861107,9.993478790118486
NSGA3Wrapper,dtlz7,18,0.000242405491709,0.1719706417484991,9.724964385647064
NSGA3Wrapper,dtlz7,19,0.0002424114123068,0.1719152292931771,9.742553031801869
NSGA3Wrapper,dtlz7,20,0.000242994916261,0.0025889487756211,9.81448806825252
NSGA3Wrapper,dtlz7,21,0.0019439840953948,0.1750163199824377,9.475360849728183
NSGA3Wrapper,dtlz7,22,0.0019445836483612,0.0001036656304974,9.86433315239848
NSGA3Wrapper,dtlz7,23,0.1012859853057366,0.0023190608656346,9.662417353850214
NSGA3Wrapper,dtlz7,24,0.1014146246066776,0.0001781104917891,9.861639695497225
NSGA3Wrapper,dtlz7,25,0.1014147971177656,0.0001035279985924,9.583442410331113
NSGA3Wrapper,wfg4,0,0.1781570312752605,3.9917903834924378,
NSGA3Wrapper,wfg4,1,0.179275870071117,3.9916736680045775,
NSGA3Wrapper,wfg4,2,0.2430713126509286,3.978403389873536,
NSGA3Wrapper,wfg4,3,0.2513203657056063,3.976035373499047,
NSGA3Wrapper,wfg4,4,0.2802794549187105,3.969582213421291,
NSGA3Wrapper,wfg4,5,0.2989772002125608,3.963980543025094,
NSGA3Wrapper,wfg4,6,0.3007699630677557,3.959102438190758,
NSGA3Wrapper,wfg4,7,0.3392284922824156,3.946480137825282,
NSGA3Wrapper,wfg4,8,0.3557587381942862,3.942157468203373,
NSGA3Wrapper,wfg4,9,0.3727000979823544,3.9396696929659183,
NSGA3Wrapper,wfg4,10,0.3944980414984034,3.938537386176282,
NSGA3Wrapper,wfg4,11,0.4005318459630552,3.936258337636634,
NSGA3Wrapper,wfg4,12,0.4109859000453826,3.933050552900417,
NSGA3Wrapper,wfg4,13,0.4182319346739886,3.925142665035228,
NSGA3Wrapper,wfg4,14,0.4279018812167855,3.924848368709049,
NSGA3Wrapper,wfg4,15,0.4281911245125682,3.920916485731373,
NSGA3Wrapper,wfg4,16,0.4289296460792249,3.9203027332804745,
NSGA3Wrapper,wfg4,17,0.4311179173558677,3.919709207538953,
NSGA3Wrapper,wfg4,18,0.4507410222724453,3.9126748257445847,
NSGA3Wrapper,wfg4,19,0.4550811512770277,3.9090424031875015,
NSGA3Wrapper,wfg4,20,0.4598559654836318,3.906462349948405,
NSGA3Wrapper,wfg4,21,0.479216656344568,3.89112072691817,
NSGA3Wrapper,wfg4,22,0.5006410753633735,3.889137852691477,
NSGA3Wrapper,wfg4,23,0.5010893419627033,3.882903609187301,
NSGA3Wrapper,wfg4,24,0.5148545968948597,3.8818520089838033,
NSGA3Wrapper,wfg4,25,0.5205976420031339,3.871821890963413,
NSGA3Wrapper,wfg4,26,0.5413380877658904,3.854818470746668,
NSGA3Wrapper,wfg4,27,0.5701297570584263,3.848596828291936,
NSGA3Wrapper,wfg4,28,0.5757082379342006,3.836156544675009,
NSGA3Wrapper,wfg4,29,0.5920109595689499,3.83145189212316,
NSGA3Wrapper,wfg4,30,0.5931643228176545,3.830745047454818,
NSGA3Wrapper,wfg4,31,0.6011260711452704,3.8305609432954575,
NSGA3Wrapper,wfg4,32,0.6134527720814428,3.813510195092077,
NSGA3Wrapper,wfg4,33,0.6250451645586,3.811328097483163,
NSGA3Wrapper,wfg4,34,0.644925102207462,3.802209133565913,
NSGA3Wrapper,wfg4,35,0.6465419715273213,3.801121768919737,
NSGA3Wrapper,wfg4,36,0.6581728901857606,3.781653203585645,
NSGA3Wrapper,wfg4,37,0.6814286111387228,3.772705022819749,
NSGA3Wrapper,wfg4,38,0.6890829296883144,3.766546905958665,
NSGA3Wrapper,wfg4,39,0.695990877136917,3.760057272179985,
NSGA3Wrapper,wfg4,40,0.6973605137732222,3.7595553390572607,
NSGA3Wrapper,wfg4,41,0.7022809460433361,3.756476139558868,
NSGA3Wrapper,wfg4,42,0.708125458653038,3.751554748551438,
NSGA3Wrapper,wfg4,43,0.721984978246722,3.74620937215952,
NSGA3Wrapper,wfg4,44,0.7291000306352744,3.736130800003466,
NSGA3Wrapper,wfg4,45,0.7343435846112101,3.7326192579022863,
NSGA3Wrapper,wfg4,46,0.7410757098484835,3.727154111591493,
NSGA3Wrapper,wfg4,47,0.7418068677397396,3.7256064712206656,
NSGA3Wrapper,wfg4,48,0.7545928361457244,3.724101564334205,
NSGA3Wrapper,wfg4,49,0.7571084133979512,3.713353788948496,
NSGA3Wrapper,wfg4,50,0.7579933196827656,3.712636234356308,
NSGA3Wrapper,wfg4,51,0.7745129016262423,3.691821746309993,
NSGA3Wrapper,wfg4,52,0.7849452171398571,3.690279482599224,
NSGA3Wrapper,wfg4,53,0.797879400455966,3.679262479293551,
NSGA3Wrapper,wfg4,54,0.8114046656114196,3.676545461601367,
NSGA3Wrapper,wfg4,55,0.8117551666328381,3.673877837565773,
NSGA3Wrapper,wfg4,56,0.8151579698422742,3.6732577543409177,
NSGA3Wrapper,wfg4,57,0.8181186248248541,3.669532550197033,
NSGA3Wrapper,wfg4,58,0.8291265929386672,3.658208910178921,
NSGA3Wrapper,wfg4,59,0.8538807172338436,3.634875738981001,
NSGA3Wrapper,wfg4,60,0.8549696035920837,3.6346005269026818,
NSGA3Wrapper,wfg4,61,0.8597335336287134,3.6163638501173456,
NSGA3Wrapper,wfg4,62,0.8787998588829844,3.603785421637778,
NSGA3Wrapper,wfg4,63,0.888475749022354,3.599923379920859,
NSGA3Wrapper,wfg4,64,0.8949366092949178,3.595394165927809,
NSGA3Wrapper,wfg4,65,0.899187923128513,3.591258364736881,
NSGA3Wrapper,wfg4,66,0.914812679260476,3.581808556102794,
NSGA3Wrapper,wfg4,67,0.9171157901201398,3.573215674356931,
NSGA3Wrapper,wfg4,68,0.918499114299276,3.5718046965515136,
NSGA3Wrapper,wfg4,69,0.9316611782915696,3.551425379380224,
NSGA3Wrapper,wfg4,70,0.9459573520472032,3.54363675314266,
NSGA3Wrapper,wfg4,71,0.9478553984433216,3.54230946912771,
NSGA3Wrapper,wfg4,72,0.949388020511072,3.532151875107337,
NSGA3Wrapper,wfg4,73,0.9583330062868518,3.5307106292131154,
NSGA3Wrapper,wfg4,74,0.9649583908517532,3.5128982083129587,
NSGA3Wrapper,wfg4,75,0.9783568589599934,3.509052046023244,
NSGA3Wrapper,wfg4,76,0.979468633738672,3.506878262453705,
NSGA3Wrapper,wfg4,77,0.9916479146182672,3.494957153131386,
NSGA3Wrapper,wfg4,78,0.9967566113013412,3.4874699843632446,
NSGA3Wrapper,wfg4,79,0.998496271414038,3.485491917607858,
NSGA3Wrapper,wfg4,80,1.0005243404216406,3.4718400311864235,
NSGA3Wrapper,wfg4,81,1.0075783851204718,3.467317527106367,
NSGA3Wrapper,wfg4,82,1.022738065479802,3.457444634321872,
NSGA3Wrapper,wfg4,83,1.0333002110907044,3.430915515743419,
NSGA3Wrapper,wfg4,84,1.0471210022612494,3.4143104114119938,
NSGA3Wrapper,wfg4,85,1.0598508189278737,3.404300772818111,
NSGA3Wrapper,wfg4,86,1.0735454126338937,3.3810069692308216,
NSGA3Wrapper,wfg4,87,1.0923114170977857,3.363533539031911,
NSGA3Wrapper,wfg4,88,1.1030965021397108,3.349505955020877,
NSGA3Wrapper,wfg4,89,1.1086190675032397,3.342200856111768,
NSGA3Wrapper,wfg4,90,1.1095093108898997,3.3382824180447783,
NSGA3Wrapper,wfg4,91,1.1135083273798236,3.336645020216728,
NSGA3Wrapper,wfg4,92,1.1259168491494167,3.311828470768575,
NSGA3Wrapper,wfg4,93,1.1337791816137848,3.31035990999998,
NSGA3Wrapper,wfg4,94,1.1377861517421084,3.3028990116856987,
NSGA3Wrapper,wfg4,95,1.1492940119333748,3.295557414227104,
NSGA3Wrapper,wfg4,96,1.1583276806256737,3.282947543922569,
NSGA3Wrapper,wfg4,97,1.1683709349654954,3.2612953795190074,
NSGA3Wrapper,wfg4,98,1.1719424226904482,3.254863229557741,
NSGA3Wrapper,wfg4,99,1.1730608962306106,3.25201050856922,
NSGA3Wrapper,wfg4,100,1.183107258195908,3.237459927065684,
NSGA3Wrapper,wfg4,101,1.190304434875673,3.2282338455975137,
NSGA3Wrapper,wfg4,102,1.2061858428033974,3.207107995841748,
NSGA3Wrapper,wfg4,103,1.2097161333160815,3.200622888505801,
NSGA3Wrapper,wfg4,104,1.2113977877614226,3.188577299187623,
NSGA3Wrapper,wfg4,105,1.213484412031144,3.1854057428570326,
NSGA3Wrapper,wfg4,106,1.224112467409954,3.1721961349543704,
NSGA3Wrapper,wfg4,107,1.2344693701354283,3.1704691495853328,
NSGA3Wrapper,wfg4,108,1.2355196033475884,3.1689384034332497,
NSGA3Wrapper,wfg4,109,1.2384955747764934,3.1564247435783424,
NSGA3Wrapper,wfg4,110,1.248824142877212,3.150160737463705,
NSGA3Wrapper,wfg4,111,1.2505634885509993,3.136050603957216,
NSGA3Wrapper,wfg4,112,1.2509639010672642,3.1269419176237148,
NSGA3Wrapper,wfg4,113,1.2811230566091245,3.085961276707534,
NSGA3Wrapper,wfg4,114,1.284726441805648,3.0817609937368093,
NSGA3Wrapper,wfg4,115,1.2850118414085006,3.0799898950276465,
NSGA3Wrapper,wfg4,116,1.2894951474234178,3.073428500196928,
NSGA3Wrapper,wfg4,117,1.2920587250502171,3.072258462715851,
NSGA3Wrapper,wfg4,118,1.303509200929261,3.067131377778405,
NSGA3Wrapper,wfg4,119,1.3202441168982553,3.02136718850307,
NSGA3Wrapper,wfg4,120,1.3242548231300562,3.0129316544779483,
NSGA3Wrapper,wfg4,121,1.3269350278141057,3.0082222581510827,
NSGA3Wrapper,wfg4,122,1.328066574716734,3.0076582947236736,
NSGA3Wrapper,wfg4,123,1.332975953101354,2.997447212912235,
NSGA3Wrapper,wfg4,124,1.3486717384198494,2.982015035598065,
NSGA3Wrapper,wfg4,125,1.3497424994843037,2.9774494579403665,
NSGA3Wrapper,wfg4,126,1.3510412668971556,2.9656147529482424,
NSGA3Wrapper,wfg4,127,1.3741670332001628,2.913484374235117,
NSGA3Wrapper,wfg4,128,1.3887080780596823,2.897245996869964,
NSGA3Wrapper,wfg4,129,1.3954708364630406,2.895091415528839,
NSGA3Wrapper,wfg4,130,1.4054596254414244,2.863379851484416,
NSGA3Wrapper,wfg4,131,1.4518825682166518,2.784043729934673,
NSGA3Wrapper,wfg4,132,1.4531752762271923,2.780724690358656,
NSGA3Wrapper,wfg4,133,1.4576124459414297,2.756252478967164,
NSGA3Wrapper,wfg4,134,1.46910700315322,2.722088906233549,
NSGA3Wrapper,wfg4,135,1.4727519933407294,2.714168139753754,
NSGA3Wrapper,wfg4,136,1.4879908598857663,2.690184534274106,
NSGA3Wrapper,wfg4,137,1.5008732836404797,2.661366505204008,
NSGA3Wrapper,wfg4,138,1.5311372474418592,2.5917697816556093,
NSGA3Wrapper,wfg4,139,1.5474791561851655,2.5582859177353745,
NSGA3Wrapper,wfg4,140,1.557351279092365,2.529027770664692,
NSGA3Wrapper,wfg4,141,1.558012191270791,2.5271973318729497,
NSGA3Wrapper,wfg4,142,1.5657301830199355,2.508276598987651,
NSGA3Wrapper,wfg4,143,1.5803493774146773,2.4713750631416533,
NSGA3Wrapper,wfg4,144,1.589316119240098,2.447179740062368,
NSGA3Wrapper,wfg4,145,1.5898777531926716,2.4468701634525245,
NSGA3Wrapper,wfg4,146,1.5961854158555933,2.4365858507606823,
NSGA3Wrapper,wfg4,147,1.6051112301738224,2.4067970050477423,
NSGA3Wrapper,wfg4,148,1.6090270635451047,2.39818339520898,
NSGA3Wrapper,wfg4,149,1.6266145161686605,2.3490100063797303,
NSGA3Wrapper,wfg4,150,1.6302953400521265,2.33752382549221,
NSGA3Wrapper,wfg4,151,1.634419696793099,2.326661519802025,
NSGA3Wrapper,wfg4,152,1.6361656661019428,2.3237393516487512,
NSGA3Wrapper,wfg4,153,1.6400121306752198,2.310684813732521,
NSGA3Wrapper,wfg4,154,1.6483649994495655,2.2869858928887035,
NSGA3Wrapper,wfg4,155,1.6512687012124487,2.279892430654808,
NSGA3Wrapper,wfg4,156,1.659251234233663,2.254626913933385,
NSGA3Wrapper,wfg4,157,1.6659552373085496,2.235492626215372,
NSGA3Wrapper,wfg4,158,1.683159536912448,2.183346822395893,
NSGA3Wrapper,wfg4,159,1.6960126131339568,2.1378131148842,
NSGA3Wrapper,wfg4,160,1.703797890345223,2.1184085085836752,
NSGA3Wrapper,wfg4,161,1.7043438519836551,2.11591559885036,
NSGA3Wrapper,wfg4,162,1.7135520842081775,2.086738512566016,
NSGA3Wrapper,wfg4,163,1.7362292392117236,1.9883533214512448,
NSGA3Wrapper,wfg4,164,1.7508789121028536,1.96129220457085,
NSGA3Wrapper,wfg4,165,1.762114595217883,1.9182321099384143,
NSGA3Wrapper,wfg4,166,1.814739552128998,1.810857525137456,
NSGA3Wrapper,wfg4,167,1.8188571900375992,1.6931369137112824,
NSGA3Wrapper,wfg4,168,1.8621196757364809,1.493646640645962,
NSGA3Wrapper,wfg4,169,1.862533134561216,1.4910707070576303,
NSGA3Wrapper,wfg4,170,1.8869242446332144,1.36276771718662,
NSGA3Wrapper,wfg4,171,1.88997905649114,1.3457366446908563,
NSGA3Wrapper,wfg4,172,1.8914994973558537,1.337125697343461,
NSGA3Wrapper,wfg4,173,1.947553326853329,1.300106437888426,
NSGA3Wrapper,wfg4,174,1.9586057682828264,1.2847066050240468,
NSGA3Wrapper,wfg4,175,1.9656655741687312,1.081685670447817,
NSGA3Wrapper,wfg4,176,1.979096898708265,1.0500960631013128,
NSGA3Wrapper,wfg7,0,0.2950295420767766,0.3120339992846848,6.2787036328794485
NSGA3Wrapper,wfg7,1,0.2981192637378271,0.3196020066436159,6.277316701591336
NSGA3Wrapper,wfg7,2,0.3023863554207668,0.3481268262217396,6.254803470277833
NSGA3Wrapper,wfg7,3,0.3235387691581456,0.4296341371425082,6.203211180984203
NSGA3Wrapper,wfg7,4,0.3309036980421731,0.4262544846603584,6.225851746006859
NSGA3Wrapper,wfg7,5,0.3362434043475709,3.686123626160792,3.520648616968802
NSGA3Wrapper,wfg7,6,0.3469688500524324,3.1384296345737903,4.581065206887136
NSGA3Wrapper,wfg7,7,0.3513248888426752,2.716884757440264,5.07519770803694
NSGA3Wrapper,wfg7,8,0.3534946699085651,2.583936350116959,5.32066898140809
NSGA3Wrapper,wfg7,9,0.3554978671453486,1.5593503077568014,6.05710524265098
NSGA3Wrapper,wfg7,10,0.3578540507991389,2.9323265403520304,4.834580374713331
NSGA3Wrapper,wfg7,11,0.3663579743722465,2.4325145557680408,5.38114844720348
NSGA3Wrapper,wfg7,12,0.3666345426315814,2.8908525610508167,4.894319741290167
NSGA3Wrapper,wfg7,13,0.367011371944278,3.2864892223652102,4.293672688760563
NSGA3Wrapper,wfg7,14,0.3670227313113146,2.9089980413080805,4.871159110345645
NSGA3Wrapper,wfg7,15,0.3690426697507333,2.9789925142143123,4.780001671939854
NSGA3Wrapper,wfg7,16,0.3700246415425949,3.049319245092841,4.682188128504114
NSGA3Wrapper,wfg7,17,0.3701681117698957,2.931466638683068,4.837677198347419
NSGA3Wrapper,wfg7,18,0.3716487811768585,2.645281796296572,5.1657137441025816
NSGA3Wrapper,wfg7,19,0.3722059694493303,2.941068857799213,4.821885325474027
NSGA3Wrapper,wfg7,20,0.3744219864222637,4.241478886297516,1.5827424275700643
NSGA3Wrapper,wfg7,21,0.3793570066247895,3.311807267373102,4.270230622893118
NSGA3Wrapper,wfg7,22,0.382649047357239,3.519115515158488,3.5740984693093325
NSGA3Wrapper,wfg7,23,0.3846095275914281,4.213600162926139,2.108540350615725
NSGA3Wrapper,wfg7,24,0.3903299765781064,3.258486977438523,4.110098699252097
NSGA3Wrapper,wfg7,25,0.3922879038655922,4.2406039479064095,1.5866630758752498
NSGA3Wrapper,wfg7,26,0.3940042534579888,3.708968418046104,3.47346871024953
NSGA3Wrapper,wfg7,27,0.404049734929101,4.193892658048244,2.0556015583326945
NSGA3Wrapper,wfg7,28,0.4065168725247995,3.199462701597566,4.537937584727251
NSGA3Wrapper,wfg7,29,0.406689203145888,1.7341685851613025,6.055806472116821
NSGA3Wrapper,wfg7,30,0.4072135206830645,1.86785573223929,5.992836527741588
NSGA3Wrapper,wfg7,31,0.4092997360850938,2.389098851889376,5.621459421198625
NSGA3Wrapper,wfg7,32,0.4099087742216038,3.006621776701497,4.696416203200397
NSGA3Wrapper,wfg7,33,0.4165151416638566,2.253876795697324,5.74510048368747
NSGA3Wrapper,wfg7,34,0.428059782969496,1.7152081015327223,5.9248018492571095
NSGA3Wrapper,wfg7,35,0.4282689992604399,4.234896582102178,1.5874841193390437
NSGA3Wrapper,wfg7,36,0.4295579434724943,4.162272090652275,2.012577612377115
NSGA3Wrapper,wfg7,37,0.4298858107567413,3.88318876116141,2.768629771527354
NSGA3Wrapper,wfg7,38,0.4318975577166646,4.231458436948271,1.6032903686411035
NSGA3Wrapper,wfg7,39,0.4332371952670714,1.5064173612656775,6.125763478455072
NSGA3Wrapper,wfg7,40,0.4345061861656756,2.313857579308761,5.684680565022108
NSGA3Wrapper,wfg7,41,0.4347104731554384,3.1635838903478444,4.450519471297821
NSGA3Wrapper,wfg7,42,0.4401656670049462,2.428497327126449,5.571574071609595
NSGA3Wrapper,wfg7,43,0.4433462203950066,4.195254644380467,1.206531948930215
NSGA3Wrapper,wfg7,44,0.4494161479646073,1.2296416344949774,6.172290508766609
NSGA3Wrapper,wfg7,45,0.4526172439435475,2.6360964109226583,5.193738776016541
NSGA3Wrapper,wfg7,46,0.4537459674939825,2.306339812245047,5.629361832454411
NSGA3Wrapper,wfg7,47,0.4570493599560525,1.0689086601568756,6.177784456933612
NSGA3Wrapper,wfg7,48,0.4695829905953901,4.391590020914771,0.8367670426313518
NSGA3Wrapper,wfg7,49,0.4705042473811364,3.875269429459335,3.46137560278617
NSGA3Wrapper,wfg7,50,0.4747125592920153,1.2303218304931236,6.076951906041707
NSGA3Wrapper,wfg7,51,0.4823472806955823,3.092196075347045,4.625491328869579
NSGA3Wrapper,wfg7,52,0.4905771673167782,2.211386518299006,5.899954905786094
NSGA3Wrapper,wfg7,53,0.4906331136212999,0.7315181824532804,6.173314780222456
NSGA3Wrapper,wfg7,54,0.4914876843406734,3.800754685723617,3.450921199514608
NSGA3Wrapper,wfg7,55,0.4944561359474942,3.683031870492387,3.534041383616235
NSGA3Wrapper,wfg7,56,0.4957080333462247,4.171055087413301,1.188701161826662
NSGA3Wrapper,wfg7,57,0.5004247525848133,0.743540885395588,6.167597452418271
NSGA3Wrapper,wfg7,58,0.500872020548413,2.1906514306735096,5.852956395563074
NSGA3Wrapper,wfg7,59,0.5116155128332349,1.0580063539981384,6.142367511374509
NSGA3Wrapper,wfg7,60,0.5141611910118622,2.9864227822635794,4.581531233581425
NSGA3Wrapper,wfg7,61,0.5204213430676727,4.104668806907576,2.3091313893320407
NSGA3Wrapper,wfg7,62,0.5212801083772036,1.079339823447893,6.127640158611113
NSGA3Wrapper,wfg7,63,0.5241146586150242,3.857674227215184,3.3808742035439705
NSGA3Wrapper,wfg7,64,0.525691618058715,4.039817825913478,2.0244624863670024
NSGA3Wrapper,wfg7,65,0.5280226343458574,0.8166625311119484,6.12597781167121
NSGA3Wrapper,wfg7,66,0.528896491532331,2.277388295178853,5.67162913599255
NSGA3Wrapper,wfg7,67,0.5346291014297251,4.447776448648226,0.7204559336737544
NSGA3Wrapper,wfg7,68,0.5362263456110035,3.654063089260978,3.554763203219661
NSGA3Wrapper,wfg7,69,0.5372594860080042,0.8123349658742096,6.16014358902422
NSGA3Wrapper,wfg7,70,0.537439648277695,4.427071128400685,0.6901033518813872
NSGA3Wrapper,wfg7,71,0.539708341645703,4.419770710555902,0.679661017483258
NSGA3Wrapper,wfg7,72,0.5597101322727036,4.380599767056934,0.6177183595588498
NSGA3Wrapper,wfg7,73,0.5598220503703883,4.058667100054389,1.9539945160158847
NSGA3Wrapper,wfg7,74,0.5601753108139721,3.7493688766160216,3.289346038643682
NSGA3Wrapper,wfg7,75,0.5701784042901448,4.047452537733116,1.930844506582128
NSGA3Wrapper,wfg7,76,0.57096329482294,2.023460871796879,5.882176824510598
NSGA3Wrapper,wfg7,77,0.5739498116513182,2.870366322467707,4.649540301740266
NSGA3Wrapper,wfg7,78,0.5743969205451662,4.044404054282443,1.932064384196142
NSGA3Wrapper,wfg7,79,0.5747447832437257,2.394566802206344,5.5707155166163975
NSGA3Wrapper,wfg7,80,0.5757457324200452,4.045216690449501,1.931993618089268
NSGA3Wrapper,wfg7,81,0.5782937030366764,2.71559533685971,5.020132631021428
NSGA3Wrapper,wfg7,82,0.5829811909393279,3.043898113882765,4.519200962145109
NSGA3Wrapper,wfg7,83,0.584064284624817,1.9815114709915995,5.801679633990163
NSGA3Wrapper,wfg7,84,0.5894645274156887,3.0345347618096747,4.570801644238334
NSGA3Wrapper,wfg7,85,0.5986988212831779,2.807947419927076,5.001472471413544
NSGA3Wrapper,wfg7,86,0.6071736896096515,3.08089073275248,4.457832639519983
NSGA3Wrapper,wfg7,87,0.612807227071898,2.855365338713503,4.821091241863951
NSGA3Wrapper,wfg7,88,0.6139371874537743,3.774654354736216,2.8445616503858075
NSGA3Wrapper,wfg7,89,0.6182209323784651,3.830886752256536,2.759927896519593
NSGA3Wrapper,wfg7,90,0.6212946818504019,0.6359578548182445,6.041292704477591
NSGA3Wrapper,wfg7,91,0.6301997949866414,4.029241137935478,1.30610184962044
NSGA3Wrapper,wfg7,92,0.6307155743879406,1.8821314582384576,5.7984232057304
NSGA3Wrapper,wfg7,93,0.6318042589444922,1.4241981462801312,6.027977706277841
NSGA3Wrapper,wfg7,94,0.63358070427545,2.494296716235627,5.327781596151229
NSGA3Wrapper,wfg7,95,0.6346340433274926,2.2564822596520124,5.530071077877344
NSGA3Wrapper,wfg7,96,0.6383613493761721,4.028123542522136,1.2810334978557878
NSGA3Wrapper,wfg7,97,0.646746776065199,2.4844224676195727,5.321299703181925
NSGA3Wrapper,wfg7,98,0.6508196668290753,3.769172966942064,3.13309934548563
NSGA3Wrapper,wfg7,99,0.6559214437279681,2.116660587872938,5.669649046233412
NSGA3Wrapper,wfg7,100,0.658377932410823,3.0962602027835247,4.338078086699133
NSGA3Wrapper,wfg7,101,0.6587680099257991,2.6855951807467675,5.1543565993669285
NSGA3Wrapper,wfg7,102,0.6592068013415711,2.787625677917995,4.94262538171076
NSGA3Wrapper,wfg7,103,0.6593365093765675,4.3633519808489885,1.1832191587852143
NSGA3Wrapper,wfg7,104,0.6639948052113454,1.796206211190794,5.8625818118238335
NSGA3Wrapper,wfg7,105,0.6661361562177223,3.71795786646527,3.195806425359006
NSGA3Wrapper,wfg7,106,0.667515110522249,1.8949031712686584,5.755370659320167
NSGA3Wrapper,wfg7,107,0.6677501138113996,3.450682606811902,3.5274751848473467
NSGA3Wrapper,wfg7,108,0.6841565293346417,2.648230664278923,5.12094062825056
NSGA3Wrapper,wfg7,109,0.6843402552165927,2.1271643009633965,5.628797561045993
NSGA3Wrapper,wfg7,110,0.6928142262963181,4.018581258276265,2.6122074120895733
NSGA3Wrapper,wfg7,111,0.6973508150018235,2.7061033076902694,5.094672156124288
NSGA3Wrapper,wfg7,112,0.7046368333809894,3.993397075841368,2.206744893168129
NSGA3Wrapper,wfg7,113,0.7061294700905012,3.711180020460982,3.2615210691673147
NSGA3Wrapper,wfg7,114,0.7063602138096474,3.912255385480517,2.1992144542379246
NSGA3Wrapper,wfg7,115,0.7070391377898044,2.362864416485751,5.393352954437274
NSGA3Wrapper,wfg7,116,0.7099208212864632,3.94061526472841,2.0646509849619648
NSGA3Wrapper,wfg7,117,0.7129081746103622,3.9235769033127,2.16835284503842
NSGA3Wrapper,wfg7,118,0.714861432044245,1.9990590400062287,5.658352394654057
NSGA3Wrapper,wfg7,119,0.7150909854783044,3.934332752904129,2.097957249248095
NSGA3Wrapper,wfg7,120,0.7164682675546955,3.932764644885787,2.0960592440700188
NSGA3Wrapper,wfg7,121,0.7207755567856515,2.422822632196978,5.3261467852494135
NSGA3Wrapper,wfg7,122,0.7249560386191699,1.1977743222997668,5.962717393005491
NSGA3Wrapper,wfg7,123,0.7253155022815962,3.871763628286572,1.903789614522412
NSGA3Wrapper,wfg7,124,0.725484778394003,0.83004931090752,5.993550323628053
NSGA3Wrapper,wfg7,125,0.7277697969072241,1.710352532053246,5.839111981294607
NSGA3Wrapper,wfg7,126,0.7296587658122194,0.5445852374514688,5.99765464435139
NSGA3Wrapper,wfg7,127,0.7316267236265237,3.7136284835562985,2.954176032341944
NSGA3Wrapper,wfg7,128,0.7467122410116149,3.5960501553734656,2.886110660954701
NSGA3Wrapper,wfg7,129,0.7505568708681425,2.742093810799361,4.855968577588174
NSGA3Wrapper,wfg7,130,0.7626240391886221,2.3552366058317493,5.304432863877838
NSGA3Wrapper,wfg7,131,0.7628442920727283,3.713227610590567,2.810468370384002
NSGA3Wrapper,wfg7,132,0.769039577330181,3.4359962491543645,3.9872186397726814
NSGA3Wrapper,wfg7,133,0.7778266588587276,2.977434525559078,4.6144496512234205
NSGA3Wrapper,wfg7,134,0.7815028012018701,2.616065760442317,5.019755094025047
NSGA3Wrapper,wfg7,135,0.7832753338007676,2.5832748067835323,5.282660004144205
NSGA3Wrapper,wfg7,136,0.7863912223102973,2.5787477132242143,5.284981608245753
NSGA3Wrapper,wfg7,137,0.787356692759863,2.4697057070887274,5.262568127007267
NSGA3Wrapper,wfg7,138,0.78752506985424,0.520131896725565,6.081411933347311
NSGA3Wrapper,wfg7,139,0.7877518716012357,3.063562829760593,4.284883405744606
NSGA3Wrapper,wfg7,140,0.7922566886003833,1.679075090995485,5.774533632227399
NSGA3Wrapper,wfg7,141,0.7944489774800532,2.1580249463865586,5.386977202060415
NSGA3Wrapper,wfg7,142,0.7964621653749429,4.159523544793692,1.2399675716830902
NSGA3Wrapper,wfg7,143,0.8078499003115541,0.911521066388631,5.887031580134317
NSGA3Wrapper,wfg7,144,0.8130845830260487,0.9514235926324432,5.883968722304067
NSGA3Wrapper,wfg7,145,0.8186919888705458,2.877671629900684,4.537021217442713
NSGA3Wrapper,wfg7,146,0.820916092593931,4.0140031383030434,1.3373093255342612
NSGA3Wrapper,wfg7,147,0.8215022749641709,4.155719424941984,1.2649305957917254
NSGA3Wrapper,wfg7,148,0.8342520702714487,3.074093334149138,4.216010962408694
NSGA3Wrapper,wfg7,149,0.8364580950429753,2.8107599624071296,3.9893188987605432
NSGA3Wrapper,wfg7,150,0.8416842844710455,1.677640652685288,5.710195914643022
NSGA3Wrapper,wfg7,151,0.8550853994825116,4.151966089066304,0.4261475787472973
NSGA3Wrapper,wfg7,152,0.8560217238265856,3.844857665182956,2.109427712146213
NSGA3Wrapper,wfg7,153,0.8718809400645988,2.394495080678228,5.073399321037902
NSGA3Wrapper,wfg7,154,0.8833341540470508,2.675399884528476,4.9335056881997605
NSGA3Wrapper,wfg7,155,0.8908358365946774,2.556653031513034,4.916710474956221
NSGA3Wrapper,wfg7,156,0.8963721355338896,2.121144402485748,5.547829697271271
NSGA3Wrapper,wfg7,157,0.9072776908449104,1.5865710832134647,5.671673770263976
NSGA3Wrapper,wfg7,158,0.9108168955089696,0.4932788647465876,6.003497385453351
NSGA3Wrapper,wfg7,159,0.9134061989783132,3.454840558678375,3.5131304633474985
NSGA3Wrapper,wfg7,160,0.9183509819487394,2.784512043300236,3.9359227658147433
NSGA3Wrapper,wfg7,161,0.9196150780884756,0.7135512223355442,5.787201484867232
NSGA3Wrapper,wfg7,162,0.9237020332163908,3.4525095258225265,3.2642608112695592
NSGA3Wrapper,wfg7,163,0.9273466417953676,2.664488116718221,4.7517011900780455
NSGA3Wrapper,wfg7,164,0.9292204209147534,2.201199819486364,5.353927618669235
NSGA3Wrapper,wfg7,165,0.930751412342408,1.4258634388927618,5.772245760930407
NSGA3Wrapper,wfg7,166,0.936746169597459,2.4810384526865943,4.840618768670341
NSGA3Wrapper,wfg7,167,0.938968308458994,2.3159969273183383,5.29392205617646
NSGA3Wrapper,wfg7,168,0.9402444141519972,2.608901261979378,4.827963453702339
NSGA3Wrapper,wfg7,169,0.9419998516407506,2.367733819060982,5.271854688941939
NSGA3Wrapper,wfg7,170,0.9428054140905452,4.080904280640142,1.215395288018051
NSGA3Wrapper,wfg7,171,0.9433899555920664,2.666429853957351,4.718961078306337
NSGA3Wrapper,wfg7,172,0.9449566265315976,1.6310814385886656,5.5029368307374185
NSGA3Wrapper,wfg7,173,0.9511851358758632,2.020843540732886,5.468454894770073
NSGA3Wrapper,wfg7,174,0.954491460952708,3.391474418144236,3.8429349992568143
NSGA3Wrapper,wfg7,175,0.956312381162465,2.088429658785957,5.09617149689867
NSGA3Wrapper,wfg7,176,0.9670013117525076,1.1043413853693775,5.627028978440433
NSGA3Wrapper,wfg7,177,0.9702577004066908,3.395166562633593,3.2298048138493543
NSGA3Wrapper,wfg7,178,0.9777370597390084,2.057780437738657,5.4572885728917
NSGA3Wrapper,wfg7,179,0.9789467570313816,0.5617861909808706,5.925244164532092
NSGA3Wrapper,wfg7,180,0.9827117070614364,3.489877435720959,3.0874801956472733
NSGA3Wrapper,wfg7,181,0.9886002016414044,2.282280984329347,4.951663582382293
NSGA3Wrapper,wfg7,182,0.9899513636761316,0.9730785342118812,5.783502010882829
NSGA3Wrapper,wfg7,183,0.99292016355289,2.021465509623078,4.987216891997825
NSGA3Wrapper,wfg7,184,0.9976423860924504,3.2069044306928265,3.533466423097302
NSGA3Wrapper,wfg7,185,0.9994628490524156,1.8427900112402853,5.27201595910972
NSGA3Wrapper,wfg7,186,1.0409808967768197,2.739157160800409,4.2488556732293405
NSGA3Wrapper,wfg7,187,1.042473213900894,1.85395273031118,5.172760923188559
NSGA3Wrapper,wfg7,188,1.044149886907893,3.843479754542238,2.519227297293058
NSGA3Wrapper,wfg7,189,1.0473431285259012,4.036866992273563,1.2702163665125143
NSGA3Wrapper,wfg7,190,1.050816500409127,2.3712456059154747,4.744705561777687
NSGA3Wrapper,wfg7,191,1.05172227266982,3.964669293193969,1.5209112846318131
NSGA3Wrapper,wfg7,192,1.0674039216379718,1.4469142361903042,5.4378631691601145
NSGA3Wrapper,wfg7,193,1.0679449331540094,4.017021988633123,1.261450858765727
NSGA3Wrapper,wfg7,194,1.0846848624086474,0.7272062582459077,5.631526786596544
NSGA3Wrapper,wfg7,195,1.0917496344951283,3.089304914403295,3.5658435437393
NSGA3Wrapper,wfg7,196,1.0948367304621731,3.7677572366189658,2.8043938547524765
NSGA3Wrapper,wfg7,197,1.0969611281444618,0.9162353966468844,5.630945236325839
NSGA3Wrapper,wfg7,198,1.1011658447374746,2.1647683637654085,4.816462912039542
NSGA3Wrapper,wfg7,199,1.105363278064775,3.849281250219541,1.750039012262428
NSGA3Wrapper,wfg7,200,1.1075589421876229,1.4396694731752675,5.605654596155809
NSGA3Wrapper,wfg7,201,1.1188525517573036,3.975029347234808,0.5546359210453825
NSGA3Wrapper,wfg7,202,1.124673918843036,2.565373537586193,4.652808228997975
NSGA3Wrapper,wfg7,203,1.1297285836156394,1.1602769968958977,5.444036023598915
NSGA3Wrapper,wfg7,204,1.1366910438836162,2.484538174031071,4.552166169389847
NSGA3Wrapper,wfg7,205,1.1377857438001848,3.371185387816448,3.396336088898547
NSGA3Wrapper,wfg7,206,1.1412559025171087,3.526005141941096,3.005896505849836
NSGA3Wrapper,wfg7,207,1.1444888264429351,3.371126843556152,2.873523778448837
NSGA3Wrapper,wfg7,208,1.1491142352799073,3.8246814976207952,2.178431356393411
NSGA3Wrapper,wfg7,209,1.1522288178985405,2.641972832110294,4.512364474040043
NSGA3Wrapper,wfg7,210,1.1633141471724062,3.15720967873953,3.557272008217977
NSGA3Wrapper,wfg7,211,1.1726495665544867,2.772692147384004,4.048968057576889
NSGA3Wrapper,wfg7,212,1.177496724061181,3.700356078520605,2.688902139945505
NSGA3Wrapper,wfg7,213,1.192408953863851,3.022335076825247,3.382986850602113
NSGA3Wrapper,wfg7,214,1.1932166135170796,1.86629040868756,4.8672459325280375
NSGA3Wrapper,wfg7,215,1.2026985325384087,2.6185167397077658,4.090315007676157
NSGA3Wrapper,wfg7,216,1.2045042134923267,3.909913170960778,1.3454824851614369
NSGA3Wrapper,wfg7,217,1.2067452615449783,3.588668561262036,2.757477227350031
NSGA3Wrapper,wfg7,218,1.2093200996745774,3.3418712500938565,3.309877262462424
NSGA3Wrapper,wfg7,219,1.21217786885889,1.6344885399095417,5.353723510679978
NSGA3Wrapper,wfg7,220,1.222233047022554,2.3305479325773355,4.746496255174429
NSGA3Wrapper,wfg7,221,1.2232324413347726,1.889730078554941,4.806386337076593
NSGA3Wrapper,wfg7,222,1.2251626120571817,2.9997703718260498,3.684677844787651
NSGA3Wrapper,wfg7,223,1.226678504150286,2.970319848796606,3.1178296577947706
NSGA3Wrapper,wfg7,224,1.2329782256366932,1.5671490939899506,5.365204629703287
NSGA3Wrapper,wfg7,225,1.233019851409532,1.3928159103000617,5.345645546339504
NSGA3Wrapper,wfg7,226,1.2336959607962246,1.0292036365932502,5.522423215170175
NSGA3Wrapper,wfg7,227,1.23681341583354,3.502520709617804,2.340461615333003
NSGA3Wrapper,wfg7,228,1.2377398854466657,2.201077483506003,4.791664065220187
NSGA3Wrapper,wfg7,229,1.243628299288666,1.3020213164644527,5.274679965265302
NSGA3Wrapper,wfg7,230,1.2518936921263295,2.406651919728616,4.233110745335324
NSGA3Wrapper,wfg7,231,1.267249333972175,2.558555671121616,4.128242843375752
NSGA3Wrapper,wfg7,232,1.2747187026502451,2.907570612335376,3.729799261796312
NSGA3Wrapper,wfg7,233,1.279455494021632,3.871093837526249,1.465422393970005
NSGA3Wrapper,wfg7,234,1.2801984697571724,1.6407680273655898,4.547253444190524
NSGA3Wrapper,wfg7,235,1.2919468283275686,1.5413198510653408,4.781543248647707
NSGA3Wrapper,wfg7,236,1.2933238795845798,2.654100672982292,3.93119286912864
NSGA3Wrapper,wfg7,237,1.2961476554644455,1.4186950144993893,4.689006286236055
NSGA3Wrapper,wfg7,238,1.3006226082774268,1.2428407596637747,5.1600030357832045
NSGA3Wrapper,wfg7,239,1.3029583190305716,1.4220116846220727,4.6247494676061525
NSGA3Wrapper,wfg7,240,1.3054122220540434,3.5868033365641376,1.484099554175782
NSGA3Wrapper,wfg7,241,1.3064648479420822,2.8492987873196256,3.8522075083420417
NSGA3Wrapper,wfg7,242,1.307151637597464,1.514933762377833,4.575881715486186
NSGA3Wrapper,wfg7,243,1.311319372843894,3.477695050471459,2.6406581857304823
NSGA3Wrapper,wfg7,244,1.3131272092571655,1.425874140781758,4.593362314460811
NSGA3Wrapper,wfg7,245,1.313994901797105,1.423978044896538,4.581199563372506
NSGA3Wrapper,wfg7,246,1.3154156534020576,1.420992586881121,4.592726119220456
NSGA3Wrapper,wfg7,247,1.316266855154484,2.8749525414913872,3.237276977382481
NSGA3Wrapper,wfg7,248,1.3221425291271522,2.298727749916246,3.9822947339331
NSGA3Wrapper,wfg7,249,1.3229211928994609,3.4328009082782893,2.805993720490455
NSGA3Wrapper,wfg7,250,1.3274275074047317,2.713014185347262,3.6756324166758905
NSGA3Wrapper,wfg7,251,1.3322038116906,2.718593390954842,3.4648941675312024
NSGA3Wrapper,wfg7,252,1.3323111743919371,1.4611042672739791,4.511019073925864
NSGA3Wrapper,wfg7,253,1.3328640499042188,1.445098892887248,4.531780337824171
NSGA3Wrapper,wfg7,254,1.3398293895421878,3.4993419844989915,2.5697740794050943
NSGA3Wrapper,wfg7,255,1.3416330413205346,3.2940149688279217,2.8876981151289223
NSGA3Wrapper,wfg7,256,1.3425175232268218,3.0723357191805576,2.6536252980730404
NSGA3Wrapper,wfg7,257,1.343420490586493,1.0319864480850112,5.417124798776891
NSGA3Wrapper,wfg7,258,1.3447287336144016,0.753876717811121,5.462611766301461
NSGA3Wrapper,wfg7,259,1.3520943562866494,3.163077504433407,2.529636773220857
NSGA3Wrapper,wfg7,260,1.3730110388053394,1.483755516566735,4.406901596518431
NSGA3Wrapper,wfg7,261,1.3749226904787475,0.7846771758748381,5.303615504461963
NSGA3Wrapper,wfg7,262,1.3774596128644,2.188904337955196,4.186058973003617
NSGA3Wrapper,wfg7,263,1.3785185649466056,3.25454176359965,2.3267724363176794
NSGA3Wrapper,wfg7,264,1.3809281704130485,2.7688924879355423,3.327226929143299
NSGA3Wrapper,wfg7,265,1.387050970499216,3.1010050971811087,2.552835395695656
NSGA3Wrapper,wfg7,266,1.3931322214887107,3.0687070437897868,2.355295558087513
NSGA3Wrapper,wfg7,267,1.411339349296234,2.5818790558100773,3.62940373616028
NSGA3Wrapper,wfg7,268,1.413107082728888,2.3507503389447466,3.825611557120709
NSGA3Wrapper,wfg7,269,1.413267392279579,3.5637142531933663,1.643577341044713
NSGA3Wrapper,wfg7,270,1.419281578540336,3.045926576579004,2.997053818286541
NSGA3Wrapper,wfg7,271,1.4209033041193693,2.7136857311073355,3.4130461426334824
NSGA3Wrapper,wfg7,272,1.4266957286794093,3.414947634640128,1.5015949394523775
NSGA3Wrapper,wfg7,273,1.4298625514220724,3.2765704183799187,1.4924836602292977
NSGA3Wrapper,wfg7,274,1.4372183791126294,2.6900798639480925,3.602263251632523
NSGA3Wrapper,wfg7,275,1.449009790928773,2.838601068322087,3.2921853580825737
NSGA3Wrapper,wfg7,276,1.4491941142101807,1.073559619349445,5.0004921616565445
NSGA3Wrapper,wfg7,277,1.4528310891067258,1.5696428656520087,4.203334764926693
NSGA3Wrapper,wfg7,278,1.454094817065043,3.8437646931995215,0.8043226909934782
NSGA3Wrapper,wfg7,279,1.4661427697519966,3.3015957835023904,1.2109283018164465
NSGA3Wrapper,wfg7,280,1.4715321622139246,2.890395102704604,3.188141050424234
NSGA3Wrapper,wfg7,281,1.4843635985427437,3.182750166074489,1.4707881833950434
NSGA3Wrapper,wfg7,282,1.4914468924801254,3.168162982581738,1.857185906364412
NSGA3Wrapper,wfg7,283,1.4965655700859046,2.9307740473424846,2.596924076624465
NSGA3Wrapper,wfg7,284,1.5013276433877276,1.3455347386241554,4.605724248972643
NSGA3Wrapper,wfg7,285,1.5031331616274115,2.769986805377056,3.264523605595921
NSGA3Wrapper,wfg7,286,1.506612276023684,2.602724623025118,3.2284280030344963
NSGA3Wrapper,wfg7,287,1.508945707967558,2.9343959304625264,2.166718122573085
NSGA3Wrapper,wfg7,288,1.5104351399088305,3.543727752279902,0.8434941004152106
NSGA3Wrapper,wfg7,289,1.5140412933660925,1.488174925360196,4.394664714434659
NSGA3Wrapper,wfg7,290,1.514136083994141,1.4641638235224166,4.355678838726583
NSGA3Wrapper,wfg7,291,1.516164465993039,1.143622565457623,4.643868843812399
NSGA3Wrapper,wfg7,292,1.5166123002600471,3.716660586931832,0.5377076171052687
NSGA3Wrapper,wfg7,293,1.519221764589763,1.120004768596616,4.518988465553575
NSGA3Wrapper,wfg7,294,1.5198692745994469,1.069388182245942,4.488698965061005
NSGA3Wrapper,wfg7,295,1.5307749930246004,2.341683277092457,3.776891765366296
NSGA3Wrapper,wfg7,296,1.5368088823412267,3.1086202722917347,1.5317002380192004
NSGA3Wrapper,wfg7,297,1.5393337745654752,2.402533630306734,3.4556870146988485
NSGA3Wrapper,wfg7,298,1.5426997266553903,3.161939061910563,1.4916556463915982
NSGA3Wrapper,wfg7,299,1.5429989956027637,3.1671032243695767,1.467745491544544
NSGA3Wrapper,wfg7,300,1.543672659851902,1.8744508655101468,4.127359254035687
NSGA3Wrapper,wfg7,301,1.544417324553384,3.164872803446605,1.470077533308921
NSGA3Wrapper,wfg7,302,1.547531149315192,3.093169457662189,2.1386305488338384
NSGA3Wrapper,wfg7,303,1.549707718038582,1.5418325981394172,3.81748211727946
NSGA3Wrapper,wfg7,304,1.5629794609515093,3.406980323704907,0.8054168793911938
NSGA3Wrapper,wfg7,305,1.5730768226274612,1.1181543667511908,4.457718400583173
NSGA3Wrapper,wfg7,306,1.5783598607368892,2.89750043493976,2.730286615482685
NSGA3Wrapper,wfg7,307,1.579297918983262,2.775902868077093,2.5192173784605534
NSGA3Wrapper,wfg7,308,1.5831355488626409,0.8456181972340913,4.933662326712798
NSGA3Wrapper,wfg7,309,1.5895656717257625,1.108143941101389,4.45201704463551
NSGA3Wrapper,wfg7,310,1.5912429659353782,3.0619129112008805,2.1480565727263388
NSGA3Wrapper,wfg7,311,1.5914084078625723,2.709336619182229,2.5154986364207343
NSGA3Wrapper,wfg7,312,1.5948451051523382,2.998482065080367,2.1488405956720085
NSGA3Wrapper,wfg7,313,1.5951200818268685,2.998158602120149,2.151599113933655
NSGA3Wrapper,wfg7,314,1.5971645899199374,3.657905951043152,0.6572873047695151
NSGA3Wrapper,wfg7,315,1.604281144082274,1.503940136852247,4.328953151343868
NSGA3Wrapper,wfg7,316,1.6124185394434267,1.8777856801219424,3.322092380888394
NSGA3Wrapper,wfg7,317,1.6182461273755266,3.05328545408937,1.5155562716066693
NSGA3Wrapper,wfg7,318,1.6244648469987977,1.822938977463882,3.7516980117445606
NSGA3Wrapper,wfg7,319,1.6245209442066395,1.5105575180722486,4.231115161618491
NSGA3Wrapper,wfg7,320,1.625803199003455,3.037970373061454,1.518033068809006
NSGA3Wrapper,wfg7,321,1.626708020824106,0.8298405972228164,4.979049114260601
NSGA3Wrapper,wfg7,322,1.6278728245804268,1.174455301552021,4.1089055107738535
NSGA3Wrapper,wfg7,323,1.6412481410055662,1.6386659175730296,3.455712081735637
NSGA3Wrapper,wfg7,324,1.6472455192301108,0.8055733240386277,4.709771817508663
NSGA3Wrapper,wfg7,325,1.6534387462098314,3.236084519942609,0.7469291925384285
NSGA3Wrapper,wfg7,326,1.6661126395906551,1.9495606284088929,3.269341574317721
NSGA3Wrapper,wfg7,327,1.6737875900334978,1.8504896656494767,3.0878763646321814
NSGA3Wrapper,wfg7,328,1.6968292066229416,3.4649769379799222,0.703053167359573
NSGA3Wrapper,wfg7,329,1.705493344105271,3.291119712973349,0.4711606212775027
NSGA3Wrapper,wfg7,330,1.705587870566168,2.399180518009815,2.9267398793472617
NSGA3Wrapper,wfg7,331,1.707753449057536,2.809318598476054,1.508936203646169
NSGA3Wrapper,wfg7,332,1.7079287909572922,0.8362630593075451,4.699978336894683
NSGA3Wrapper,wfg7,333,1.7082188296917562,2.6642498975334026,2.2184873458654457
NSGA3Wrapper,wfg7,334,1.7100081915808794,0.8370062804792602,4.693945161184801
NSGA3Wrapper,wfg7,335,1.7132280096211676,0.9164617915344272,4.421034064106453
NSGA3Wrapper,wfg7,336,1.716546162367861,0.8643010315143471,4.668376428679787
NSGA3Wrapper,wfg7,337,1.7213976277544758,1.211060237975994,4.105167446266863
NSGA3Wrapper,wfg7,338,1.7256102699925453,1.62195335764961,3.661832305843292
NSGA3Wrapper,wfg7,339,1.7312812121220598,3.2749197080175656,0.4760545793544385
NSGA3Wrapper,wfg7,340,1.7315786264460502,3.272511432065091,0.5010161349406366
NSGA3Wrapper,wfg7,341,1.732351041591491,3.272062201834089,0.4999365794389523
NSGA3Wrapper,wfg7,342,1.7334423706207216,3.270658433470817,0.4780982889359223
NSGA3Wrapper,wfg7,343,1.7359358671647662,0.8640923244408647,4.663329572465164
NSGA3Wrapper,wfg7,344,1.7596430972386972,3.236375498203765,0.4814594456748346
NSGA3Wrapper,wfg7,345,1.775628595708553,1.680723319830541,3.428236107103323
NSGA3Wrapper,wfg7,346,1.778344199048567,3.181239300243667,0.5785442732237482
NSGA3Wrapper,wfg7,347,1.7794991480625155,1.117554234550253,3.812595595250971
NSGA3Wrapper,wfg7,348,1.7807090163039665,3.142974229203507,1.2645455625992317
NSGA3Wrapper,wfg7,349,1.7915825612677447,1.830578532289239,3.1850056326304736
NSGA3Wrapper,wfg7,350,1.7954392807091777,0.5466781629040018,4.23898620905112
NSGA3Wrapper,wfg7,351,1.826523477625892,3.000791006812376,0.455245600565673
NSGA3Wrapper,wfg7,352,1.8387502627027013,1.188941529931206,2.923258116419569
NSGA3Wrapper,wfg7,353,1.864729206928364,1.16189721029652,3.680551582444832
NSGA3Wrapper,wfg7,354,1.8741647797725312,1.826838970455942,2.871946700126534
NSGA3Wrapper,wfg7,355,1.8790457738663329,2.5329562586925745,2.760203492604983
NSGA3Wrapper,wfg7,356,1.884631187086208,2.536006441919933,2.759992415609555
NSGA3Wrapper,wfg7,357,1.8945628159142227,0.9110595029015488,3.657141866331988
NSGA3Wrapper,wfg7,358,1.8992324097288344,1.805853270228298,2.69624600987229
NSGA3Wrapper,wfg7,359,1.900943138253108,2.648090065903145,2.6327267621612447
NSGA3Wrapper,wfg7,360,1.9033056982879504,2.614938958678936,2.5761775421699853
NSGA3Wrapper,wfg7,361,1.9083440863145904,1.773777645157559,2.866576040215723
NSGA3Wrapper,wfg7,362,1.913484392812818,1.604301163327809,2.827139490898144
NSGA3Wrapper,wfg7,363,1.917682239099854,1.7927369766588814,2.596316649979188
NSGA3Wrapper,wfg7,364,1.962608732709664,2.98270925234663,0.8322291317570465
NSGA3Wrapper,wfg7,365,1.9661888601199689,1.7669913282097969,2.694627738922025
NSGA3Wrapper,wfg7,366,1.9723373739549823,1.758054091074274,2.6861271011183567
NSGA3Wrapper,wfg7,367,1.975299811423474,2.880387451464088,0.6530657989686698
NSGA3Wrapper,wfg7,368,1.977938235275204,1.7715000703859882,2.591614684200106
NSGA3Wrapper,wfg7,369,1.982096761309177,1.75065842813067,2.67762732410432
NSGA3Wrapper,wfg7,370,1.9870219978232653,1.7499797068277885,2.6956835767823804
NSGA3Wrapper,wfg7,371,1.993573678395666,2.868420576063534,0.530291835527385
NSGA3Wrapper,wfg7,372,1.995316968911028,1.8285388174585004,2.561922237942191
NSGA3Wrapper,wfg7,373,2.003837157115266,1.694155368480137,2.798149776380971
NSGA3Wrapper,wfg7,374,2.006401498301373,1.623627830919912,2.621764530713436
NSGA3Wrapper,wfg7,375,2.009692728944749,1.7646476093208503,2.5908449870876544
NSGA3Wrapper,wfg7,376,2.009880606908294,1.7636005176959002,2.591070109166506
NSGA3Wrapper,wfg7,377,2.0123066270150325,1.026799349231621,3.638580696329619
NSGA3Wrapper,wfg7,378,2.0177810177733493,2.630827127282185,2.422054726870147
NSGA3Wrapper,wfg7,379,2.024458791038289,1.829435776470954,2.50683204499794
NSGA3Wrapper,wfg7,380,2.029080959676193,1.3775104897292547,2.7162131768013524
NSGA3Wrapper,wfg7,381,2.033115473984353,2.7438703383574707,0.7059798764797907
NSGA3Wrapper,wfg7,382,2.039492792667858,0.7589697975011578,3.262206284519715
NSGA3Wrapper,wfg7,383,2.039664066569749,2.2438761021560234,2.250926322073104
NSGA3Wrapper,wfg7,384,2.044844008225744,1.266968451698096,2.4925547829858288
NSGA3Wrapper,wfg7,385,2.0565246244026905,1.258040456633183,2.645779038731793
NSGA3Wrapper,wfg7,386,2.05654976517514,2.527727042413384,0.6027530177481115
NSGA3Wrapper,wfg7,387,2.057577755265592,1.3155670181409738,2.4880854603633784
NSGA3Wrapper,wfg7,388,2.0620793371253017,1.2729806775522563,2.4397669140797267
NSGA3Wrapper,wfg7,389,2.067310314877927,1.3418963289271222,2.4317328700119054
NSGA3Wrapper,wfg7,390,2.0698563813215465,1.2698901678795558,2.44118397279469
NSGA3Wrapper,wfg7,391,2.0699457022201804,1.3811667492315125,2.415308795081568
NSGA3Wrapper,wfg7,392,2.072888095283029,1.3319304449688567,2.423692065494027
NSGA3Wrapper,wfg7,393,2.074203849964342,0.9647708207850711,2.701423086312609
NSGA3Wrapper,wfg7,394,2.08294414552594,1.2723579947926562,2.436647608556596
NSGA3Wrapper,wfg7,395,2.090104459470487,1.2883262488201426,2.4330817183240825
NSGA3Wrapper,wfg7,396,2.1084930231343404,2.009060924548433,0.3376125787187904
NSGA3Wrapper,wfg7,397,2.1188857868170805,1.127821467311213,2.6467210924889466
NSGA3Wrapper,wfg7,398,2.120705598677186,1.272029386036379,2.4375733621088544
NSGA3Wrapper,wfg7,399,2.146572960654489,1.8008099599073517,2.097937423469304
NSGA3Wrapper,wfg7,400,2.1477308535333384,1.6981298396712112,1.334572582821896
NSGA3Wrapper,wfg7,401,2.157496926615712,1.7446125765856109,1.1580078630643236
NSGA3Wrapper,wfg7,402,2.1917630754138173,0.8345728161421127,0.3954993300947581
NSGA3Wrapper,wfg7,403,2.193035069689849,1.6185895571418458,0.3426508615116426
NSGA3Wrapper,wfg7,404,2.1980806896286125,0.8266005816244004,0.3138289887445424
NSGA3Wrapper,wfg7,405,2.251697176355466,0.813747249250631,1.2414118206522198
NSGA3Wrapper,wfg7,406,2.276421223959079,0.8203115578604712,0.3677925210845703
NSGA3Wrapper,wfg7,407,2.27888258063508,0.779400171040271,1.243921812411468
NSGA3Wrapper,wfg9,0,0.1816941523016743,3.997646385875647,
NSGA3Wrapper,wfg9,1,0.1885888783503582,3.9968383691283833,
NSGA3Wrapper,wfg9,2,0.1927842374628703,3.996432389342748,
NSGA3Wrapper,wfg9,3,0.1991318028067978,3.9949172243859095,
NSGA3Wrapper,wfg9,4,0.2097270863953171,3.992873074410439,
NSGA3Wrapper,wfg9,5,0.2099634150571803,3.992826181309076,
NSGA3Wrapper,wfg9,6,0.2101966526201193,3.983640689726957,
NSGA3Wrapper,wfg9,7,0.2668361300850172,3.9792079147701,
NSGA3Wrapper,wfg9,8,0.3525222653773489,3.978669102374671,
NSGA3Wrapper,wfg9,9,0.3569199720082199,3.961886865792087,
NSGA3Wrapper,wfg9,10,0.4126496552407768,3.9198989622486304,
NSGA3Wrapper,wfg9,11,0.5729007400974386,3.8776889679606135,
NSGA3Wrapper,wfg9,12,0.6355203891497506,3.839317390313313,
NSGA3Wrapper,wfg9,13,0.6447150204497926,3.807212497356522,
NSGA3Wrapper,wfg9,14,0.7073014226425686,3.789517118944633,
NSGA3Wrapper,wfg9,15,0.7092852298104803,3.7468459276838058,
NSGA3Wrapper,wfg9,16,0.7351921502858516,3.733423670938358,
NSGA3Wrapper,wfg9,17,0.7419629278008979,3.722292553952385,
NSGA3Wrapper,wfg9,18,0.7805634756966043,3.7198551752570777,
NSGA3Wrapper,wfg9,19,0.783199823368832,3.7147939570076174,
NSGA3Wrapper,wfg9,20,0.7841623602833973,3.708337877055596,
NSGA3Wrapper,wfg9,21,0.7848577913138225,3.70665085088751,
NSGA3Wrapper,wfg9,22,0.795444424090575,3.701001390812679,
NSGA3Wrapper,wfg9,23,0.7987002975466968,3.68608057001593,
NSGA3Wrapper,wfg9,24,0.8131768912164972,3.662568657172904,
NSGA3Wrapper,wfg9,25,0.8415756245037933,3.658414527932661,
NSGA3Wrapper,wfg9,26,0.8587726184258055,3.6345376729820975,
NSGA3Wrapper,wfg9,27,0.8663597167149788,3.63427494448388,
NSGA3Wrapper,wfg9,28,0.8846174365771212,3.612833888881055,
NSGA3Wrapper,wfg9,29,0.9470350293943616,3.574888561448232,
NSGA3Wrapper,wfg9,30,0.9584885620203248,3.55285712537022,
NSGA3Wrapper,wfg9,31,1.0263390380215636,3.550515287599211,
NSGA3Wrapper,wfg9,32,1.032214015605897,3.5467688209897124,
NSGA3Wrapper,wfg9,33,1.041032079316384,3.5177811316378893,
NSGA3Wrapper,wfg9,34,1.043371374348912,3.509235223831841,
NSGA3Wrapper,wfg9,35,1.0439512123956105,3.50856615590283,
NSGA3Wrapper,wfg9,36,1.0521851205378128,3.493175854429656,
NSGA3Wrapper,wfg9,37,1.055898907531746,3.479987007811185,
NSGA3Wrapper,wfg9,38,1.0598783306709398,3.471572032957251,
NSGA3Wrapper,wfg9,39,1.0635499256805676,3.464593196750241,
NSGA3Wrapper,wfg9,40,1.0717549197365626,3.454694037583867,
NSGA3Wrapper,wfg9,41,1.0742857164555577,3.4280266212680024,
NSGA3Wrapper,wfg9,42,1.081282589462443,3.4119129056265964,
NSGA3Wrapper,wfg9,43,1.119439979096608,3.39469251840432,
NSGA3Wrapper,wfg9,44,1.1376447194175483,3.387224285305752,
NSGA3Wrapper,wfg9,45,1.1398876201479444,3.336395464134762,
NSGA3Wrapper,wfg9,46,1.142232001554821,3.333225821736814,
NSGA3Wrapper,wfg9,47,1.143719064636021,3.3243062172481297,
NSGA3Wrapper,wfg9,48,1.1514557225686377,3.320660971790367,
NSGA3Wrapper,wfg9,49,1.1519499723883395,3.3199980999433683,
NSGA3Wrapper,wfg9,50,1.1680705416667614,3.2976441537437533,
NSGA3Wrapper,wfg9,51,1.1760785813078325,3.257796270197622,
NSGA3Wrapper,wfg9,52,1.1910919102906172,3.254624267560867,
NSGA3Wrapper,wfg9,53,1.198328833064476,3.252945214597217,
NSGA3Wrapper,wfg9,54,1.2140523171556177,3.207003884513818,
NSGA3Wrapper,wfg9,55,1.230944440923709,3.1869336122645944,
NSGA3Wrapper,wfg9,56,1.2386596344869305,3.1628614556633186,
NSGA3Wrapper,wfg9,57,1.2578921750793517,3.1425274615196965,
NSGA3Wrapper,wfg9,58,1.2712782117315304,3.1112355881166844,
NSGA3Wrapper,wfg9,59,1.2821851990159792,3.103464989273294,
NSGA3Wrapper,wfg9,60,1.282428694935868,3.1013253046343148,
NSGA3Wrapper,wfg9,61,1.3032096899761827,3.0876002526803186,
NSGA3Wrapper,wfg9,62,1.3034799178770018,3.06784113130308,
NSGA3Wrapper,wfg9,63,1.316453010671465,3.063186863474101,
NSGA3Wrapper,wfg9,64,1.3280978616465329,3.028481304133989,
NSGA3Wrapper,wfg9,65,1.328884340530117,3.020332817886584,
NSGA3Wrapper,wfg9,66,1.332726087409358,2.990212060883816,
NSGA3Wrapper,wfg9,67,1.3476150688638575,2.9711641231522634,
NSGA3Wrapper,wfg9,68,1.3568781153614,2.9685930091748056,
NSGA3Wrapper,wfg9,69,1.3603762840686195,2.963464943895483,
NSGA3Wrapper,wfg9,70,1.3687076397064557,2.9632068249281738,
NSGA3Wrapper,wfg9,71,1.3700724062902672,2.959159697192796,
NSGA3Wrapper,wfg9,72,1.3718387558997007,2.9564999972584447,
NSGA3Wrapper,wfg9,73,1.3724833523105748,2.9557083320545448,
NSGA3Wrapper,wfg9,74,1.3774089979629975,2.9540350203961614,
NSGA3Wrapper,wfg9,75,1.377828318074089,2.931801445753071,
NSGA3Wrapper,wfg9,76,1.3819532149353273,2.924059037147228,
NSGA3Wrapper,wfg9,77,1.3888941767420144,2.9180185627912176,
NSGA3Wrapper,wfg9,78,1.389183393582385,2.9143330084686245,
NSGA3Wrapper,wfg9,79,1.3934250529552676,2.907120433844669,
NSGA3Wrapper,wfg9,80,1.4042763654415682,2.889146411071452,
NSGA3Wrapper,wfg9,81,1.4049122018909537,2.887932439623958,
NSGA3Wrapper,wfg9,82,1.4062161949967409,2.8639663419240247,
NSGA3Wrapper,wfg9,83,1.4262192490314236,2.8414888942765115,
NSGA3Wrapper,wfg9,84,1.4312212355739249,2.8201954935952287,
NSGA3Wrapper,wfg9,85,1.449979742890237,2.7861893824499653,
NSGA3Wrapper,wfg9,86,1.454238669488133,2.781780305996888,
NSGA3Wrapper,wfg9,87,1.4566318935201794,2.770805841622441,
NSGA3Wrapper,wfg9,88,1.4720094651530098,2.768100948464828,
NSGA3Wrapper,wfg9,89,1.4725157481010318,2.761637268588406,
NSGA3Wrapper,wfg9,90,1.4766490622983532,2.751603141112501,
NSGA3Wrapper,wfg9,91,1.486048377306459,2.7206727330680662,
NSGA3Wrapper,wfg9,92,1.4944642195293436,2.702923108281288,
NSGA3Wrapper,wfg9,93,1.5030181991189715,2.681764185979553,
NSGA3Wrapper,wfg9,94,1.5200876206983112,2.672363425728741,
NSGA3Wrapper,wfg9,95,1.530364257913162,2.612965837871708,
NSGA3Wrapper,wfg9,96,1.545408184262691,2.6097677802905186,
NSGA3Wrapper,wfg9,97,1.55238820865645,2.5810040210743184,
NSGA3Wrapper,wfg9,98,1.5593213108931994,2.5799517657311286,
NSGA3Wrapper,wfg9,99,1.5655621465917149,2.54239447065607,
NSGA3Wrapper,wfg9,100,1.5743007594248035,2.5133445539156822,
NSGA3Wrapper,wfg9,101,1.5777552998157789,2.4977290727008965,
NSGA3Wrapper,wfg9,102,1.5807261283189955,2.486801372481992,
NSGA3Wrapper,wfg9,103,1.5842532171590145,2.4825443882939986,
NSGA3Wrapper,wfg9,104,1.5884230608779062,2.4742991044306035,
NSGA3Wrapper,wfg9,105,1.600984110194846,2.4475504065266103,
NSGA3Wrapper,wfg9,106,1.6026751873434977,2.4363522480519,
NSGA3Wrapper,wfg9,107,1.605311224377072,2.4326307958509528,
NSGA3Wrapper,wfg9,108,1.6078544417473897,2.426201948502631,
NSGA3Wrapper,wfg9,109,1.6146224604361228,2.400845416743413,
NSGA3Wrapper,wfg9,110,1.6166364440198082,2.399264987712996,
NSGA3Wrapper,wfg9,111,1.6296888436721806,2.395580167393109,
NSGA3Wrapper,wfg9,112,1.6298196051163685,2.3679864803099457,
NSGA3Wrapper,wfg9,113,1.63778568517975,2.3587140156577564,
NSGA3Wrapper,wfg9,114,1.6425414468538704,2.342131154539617,
NSGA3Wrapper,wfg9,115,1.6470818458767282,2.3324457660461366,
NSGA3Wrapper,wfg9,116,1.6492767179126164,2.311542905530534,
NSGA3Wrapper,wfg9,117,1.6503623081053118,2.3084482854134487,
NSGA3Wrapper,wfg9,118,1.650544427684865,2.3079286045546032,
NSGA3Wrapper,wfg9,119,1.6573937021902296,2.297139649769834,
NSGA3Wrapper,wfg9,120,1.6579733258757603,2.286576151063374,
NSGA3Wrapper,wfg9,121,1.6596918758984376,2.275079398516549,
NSGA3Wrapper,wfg9,122,1.6703674063602931,2.2740496459599933,
NSGA3Wrapper,wfg9,123,1.6735180509231855,2.249418988361073,
NSGA3Wrapper,wfg9,124,1.6774687855177477,2.22909013221094,
NSGA3Wrapper,wfg9,125,1.6906490307327235,2.2229313246698688,
NSGA3Wrapper,wfg9,126,1.6906994789581022,2.222114225509809,
NSGA3Wrapper,wfg9,127,1.691788513046987,2.21853446691199,
NSGA3Wrapper,wfg9,128,1.692927390252884,2.2156250907565105,
NSGA3Wrapper,wfg9,129,1.6966833668113688,2.1692974524334687,
NSGA3Wrapper,wfg9,130,1.6972141291854004,2.16718124201981,
NSGA3Wrapper,wfg9,131,1.7005680803970609,2.157207874317517,
NSGA3Wrapper,wfg9,132,1.7014990388174605,2.1553574326760536,
NSGA3Wrapper,wfg9,133,1.7144718698307269,2.1085224300545446,
NSGA3Wrapper,wfg9,134,1.7341163026553446,2.0694430351356363,
NSGA3Wrapper,wfg9,135,1.7355858824342756,2.050261765384493,
NSGA3Wrapper,wfg9,136,1.7428304387193283,2.037912063090048,
NSGA3Wrapper,wfg9,137,1.74777786271542,2.0289357795793954,
NSGA3Wrapper,wfg9,138,1.749067831962029,1.9952059836581169,
NSGA3Wrapper,wfg9,139,1.7580670836024936,1.9843398279925368,
NSGA3Wrapper,wfg9,140,1.7647274755996163,1.9704775061592823,
NSGA3Wrapper,wfg9,141,1.7647962050331327,1.9585159390073763,
NSGA3Wrapper,wfg9,142,1.7664654686001866,1.9305464690192544,
NSGA3Wrapper,wfg9,143,1.775632092086835,1.921644266132684,
NSGA3Wrapper,wfg9,144,1.7784293416714354,1.9085896184075184,
NSGA3Wrapper,wfg9,145,1.7806908180428025,1.890085888017716,
NSGA3Wrapper,wfg9,146,1.785676871533098,1.8826908944457088,
NSGA3Wrapper,wfg9,147,1.7933474160838292,1.878611059313857,
NSGA3Wrapper,wfg9,148,1.794577294844312,1.869182774709482,
NSGA3Wrapper,wfg9,149,1.7957749997394008,1.848106183557852,
NSGA3Wrapper,wfg9,150,1.796686478608888,1.8361727807760253,
NSGA3Wrapper,wfg9,151,1.79756267864468,1.816927190945348,
NSGA3Wrapper,wfg9,152,1.8010848941653943,1.808261633352982,
NSGA3Wrapper,wfg9,153,1.8080645731339624,1.7956121813203254,
NSGA3Wrapper,wfg9,154,1.8103771952707688,1.7628984772367668,
NSGA3Wrapper,wfg9,155,1.815018858067985,1.7345417240484082,
NSGA3Wrapper,wfg9,156,1.8243262166678829,1.7305267373341997,
NSGA3Wrapper,wfg9,157,1.8297923816986983,1.7008529539503576,
NSGA3Wrapper,wfg9,158,1.8308187092635213,1.692144050661881,
NSGA3Wrapper,wfg9,159,1.8310779979546976,1.6906292604553794,
NSGA3Wrapper,wfg9,160,1.8313328185292364,1.6686781799036414,
NSGA3Wrapper,wfg9,161,1.8366120079872503,1.6430698398969434,
NSGA3Wrapper,wfg9,162,1.8466366721271288,1.599676205665561,
NSGA3Wrapper,wfg9,163,1.84764966187866,1.5995630724721277,
NSGA3Wrapper,wfg9,164,1.8487958208084168,1.5856020116794192,
NSGA3Wrapper,wfg9,165,1.8500673519049955,1.5839590403263877,
NSGA3Wrapper,wfg9,166,1.8564284155128656,1.5443427854102627,
NSGA3Wrapper,wfg9,167,1.8624379126847808,1.5123306364688849,
NSGA3Wrapper,wfg9,168,1.862494492945144,1.5120241121449751,
NSGA3Wrapper,wfg9,169,1.865441422337022,1.4974050306958708,
NSGA3Wrapper,wfg9,170,1.87058219594455,1.4929960798339388,
NSGA3Wrapper,wfg9,171,1.870864527678796,1.4687682355570957,
NSGA3Wrapper,wfg9,172,1.876375272542723,1.4454193318772302,
NSGA3Wrapper,wfg9,173,1.8850014374438768,1.4383565905475335,
NSGA3Wrapper,wfg9,174,1.886952453375469,1.3985662424399623,
NSGA3Wrapper,wfg9,175,1.8924114371378271,1.3577560985419908,
NSGA3Wrapper,wfg9,176,1.895667135629832,1.3457385793788956,
NSGA3Wrapper,wfg9,177,1.901448104003688,1.3347085047578278,
NSGA3Wrapper,wfg9,178,1.903696515887567,1.3045684460727702,
NSGA3Wrapper,wfg9,179,1.9091549024141816,1.265684178080745,
NSGA3Wrapper,wfg9,180,1.9126744151603177,1.262478275014248,
NSGA3Wrapper,wfg9,181,1.9167609715210112,1.235911007556836,
NSGA3Wrapper,wfg9,182,1.922714375977124,1.193068708550581,
NSGA3Wrapper,wfg9,183,1.932966489999393,1.1478827008414834,
NSGA3Wrapper,wfg9,184,1.933382102868913,1.1272071280262168,
NSGA3Wrapper,wfg9,185,1.938339363025388,1.092450118999619,
NSGA3Wrapper,wfg9,186,1.941906476276354,1.0682532856355635,
NSGA3Wrapper,wfg9,187,1.9433292529066384,1.0507406124197376,
NSGA3Wrapper,wfg9,188,1.9480234986783376,1.0081088089462715,
NSGA3Wrapper,wfg9,189,1.9490508390055368,1.0072793520990344,
NSGA3Wrapper,wfg9,190,1.950930722657986,0.9921395460269172,
NSGA3Wrapper,wfg9,191,1.9563325426776608,0.9902324237933066,
NSGA3Wrapper,wfg9,192,1.9650329829975783,0.8615309566008424,
NSGA3Wrapper,wfg9,193,1.969690569273877,0.8367061024937972,
NSGA3Wrapper,wfg9,194,1.9859606178202995,0.6657494453380706,
NSGA3Wrapper,wfg9,195,1.9997647322341536,0.6141317339693415,
NSGA3Wrapper,wfg9,196,2.058022466841362,0.4333467234980537,
NSGA3Wrapper,wfg9,197,2.062952677016331,0.3030176596699315,
NSGA3Wrapper,wfg9,198,2.0630798023378945,0.2986863420256594,
NSGA3Wrapper,zdt1,0,2.2007575880863064e-05,2.8657207047331443,
NSGA3Wrapper,zdt1,1,9.462182873870573e-05,2.8205061684434214,
NSGA3Wrapper,zdt1,2,9.996154178702016e-05,2.818591485150279,
NSGA3Wrapper,zdt1,3,0.0011396465260835,2.791600401926883,
NSGA3Wrapper,zdt1,4,0.0024506863665959,2.7764804521563744,
NSGA3Wrapper,zdt1,5,0.003305527182353,2.716123850689474,
NSGA3Wrapper,zdt1,6,0.0054434610532133,2.667389755047286,
NSGA3Wrapper,zdt1,7,0.0143943191125015,2.6569338673839096,
NSGA3Wrapper,zdt1,8,0.0147135563012044,2.3915568991664977,
NSGA3Wrapper,zdt1,9,0.0234641214117603,2.3871641776939354,
NSGA3Wrapper,zdt1,10,0.0245372124300598,2.340721327355302,
NSGA3Wrapper,zdt1,11,0.0312858718494046,2.2950830380568177,
NSGA3Wrapper,zdt1,12,0.0437479887031491,2.287445798760546,
NSGA3Wrapper,zdt1,13,0.0478481425946646,2.280228624381201,
NSGA3Wrapper,zdt1,14,0.0625570281961256,2.269732844689714,
NSGA3Wrapper,zdt1,15,0.1120113931179802,2.1579301553312606,
NSGA3Wrapper,zdt1,16,0.1154498425458292,2.116468338146282,
NSGA3Wrapper,zdt1,17,0.1392781343925786,2.0283094811381024,
NSGA3Wrapper,zdt1,18,0.1409062588892397,2.006739110301171,
NSGA3Wrapper,zdt1,19,0.1658649973766698,1.9520132366040743,
NSGA3Wrapper,zdt1,20,0.1673444803939023,1.9504337343823293,
NSGA3Wrapper,zdt1,21,0.2121411891330561,1.942394914329592,
NSGA3Wrapper,zdt1,22,0.2197693996146144,1.9285853398113824,
NSGA3Wrapper,zdt1,23,0.226396217563991,1.85869504763055,
NSGA3Wrapper,zdt1,24,0.2266796175611703,1.8222355381563344,
NSGA3Wrapper,zdt1,25,0.2330546527501975,1.804125279143383,
NSGA3Wrapper,zdt1,26,0.2336713091719876,1.793115526590322,
NSGA3Wrapper,zdt1,27,0.3401070169391562,1.6281152189692396,
NSGA3Wrapper,zdt1,28,0.4545763371805297,1.6087762543051731,
NSGA3Wrapper,zdt1,29,0.4563547086150512,1.5980120922952044,
NSGA3Wrapper,zdt1,30,0.4574874259492535,1.5852323315781471,
NSGA3Wrapper,zdt1,31,0.4579188029704725,1.5823373149581732,
NSGA3Wrapper,zdt1,32,0.4588147402720651,1.5815151507176612,
NSGA3Wrapper,zdt1,33,0.497697537043777,1.5422057871303063,
NSGA3Wrapper,zdt1,34,0.4988918062078766,1.5189170638083047,
NSGA3Wrapper,zdt1,35,0.5015388094183801,1.4933099483576795,
NSGA3Wrapper,zdt1,36,0.5015453098952208,1.4832922847274612,
NSGA3Wrapper,zdt1,37,0.5090722074397166,1.4690634149559156,
NSGA3Wrapper,zdt1,38,0.5090787079165574,1.46505777262354,
NSGA3Wrapper,zdt1,39,0.5242914766493788,1.449672519322243,
NSGA3Wrapper,zdt1,40,0.5271943162402001,1.4300200200887134,
NSGA3Wrapper,zdt1,41,0.5290180627586943,1.4205533897690563,
NSGA3Wrapper,zdt1,42,0.5301142203121949,1.397309476661441,
NSGA3Wrapper,zdt1,43,0.5977456539544826,1.277693483852972,
NSGA3Wrapper,zdt1,44,0.6105831130211524,1.2702232933588933,
NSGA3Wrapper,zdt1,45,0.6107344287105058,1.2559511845161295,
NSGA3Wrapper,zdt1,46,0.6110285683162546,1.247495916772931,
NSGA3Wrapper,zdt1,47,0.6898683797836952,1.2200758316163065,
NSGA3Wrapper,zdt1,48,0.6904668414034929,1.1970809904819022,
NSGA3Wrapper,zdt1,49,0.6907609810092418,1.19531900593204,
NSGA3Wrapper,zdt1,50,0.979277406963176,1.176924180057242,
NSGA3Wrapper,zdt2,0,0.0002645565524611,2.796909506214353,
NSGA3Wrapper,zdt2,1,0.0431651082533479,2.605394802808428,
NSGA3Wrapper,zdt2,2,0.0434503087815591,2.590311044007992,
NSGA3Wrapper,zdt2,3,0.0434858308671901,2.576150883126373,
NSGA3Wrapper,zdt2,4,0.0435092008322743,2.560196720910958,
NSGA3Wrapper,zdt2,5,0.0578731625093431,2.50237676647436,
NSGA3Wrapper,zdt3,0,0.0001745538731532,2.727055890407175,
NSGA3Wrapper,zdt3,1,0.0034001603250873,2.721083581893845,
NSGA3Wrapper,zdt3,2,0.0051951424522412,2.625366561968072,
NSGA3Wrapper,zdt3,3,0.0098553801293271,2.607200459920703,
NSGA3Wrapper,zdt3,4,0.011156911032251,2.591849003253326,
NSGA3Wrapper,zdt3,5,0.018746007658878,2.5397495357845634,
NSGA3Wrapper,zdt3,6,0.0216271771287233,2.5105877690073712,
NSGA3Wrapper,zdt3,7,0.0339280001948558,2.497271649392371,
NSGA3Wrapper,zdt3,8,0.0363104420629412,2.4475315092103296,
NSGA3Wrapper,zdt3,9,0.0623797040154076,2.447195601005592,
NSGA3Wrapper,zdt3,10,0.3901165229938677,1.8201238812236755,
NSGA3Wrapper,zdt3,11,0.3960085389506649,1.7498803588130167,
NSGA3Wrapper,zdt3,12,0.3968600472220692,1.7316148248061691,
NSGA3Wrapper,zdt3,13,0.4087079997016886,1.643467948902023,
NSGA3Wrapper,zdt3,14,0.4442477708917475,1.6350221791270123,
NSGA3Wrapper,zdt3,15,0.4460066581749649,1.2188623010051207,
NSGA3Wrapper,zdt3,16,0.4472690667553214,1.1927466502772723,
NSGA3Wrapper,zdt3,17,0.6279347212487688,1.152637108450027,
NSGA3Wrapper,zdt3,18,0.6299641121421321,1.1199894330868794,
NSGA3Wrapper,zdt3,19,0.6307805172733322,1.092335256137697,
NSGA3Wrapper,zdt3,20,0.6325015136969501,1.07952175105617,
NSGA3Wrapper,zdt3,21,0.6325109334664442,1.0793509226470486,
NSGA3Wrapper,zdt3,22,0.633210114274693,0.8671128322646539,
NSGA3Wrapper,zdt3,23,0.6371490666934314,0.8286842666631373,
NSGA3Wrapper,zdt3,24,0.650523261784562,0.785111128803451,
NSGA3Wrapper,zdt3,25,0.651867535995654,0.7160014934860753,
NSGA3Wrapper,zdt3,26,0.652756378269407,0.7073859728542242,
NSGA3Wrapper,zdt3,27,0.8416418846192847,0.5694869199602075,
NSGA3Wrapper,zdt3,28,0.8473904384147106,0.4893586997271086,
NSGA3Wrapper,zdt3,29,0.8474896887755459,0.4717401627271343,
NSGA3Wrapper,zdt3,30,0.8475152364476229,0.4659874347641832,
NSGA3Wrapper,zdt3,31,0.8522844878756932,0.370681907715218,
NSGA3Wrapper,zdt3,32,0.8537789695703486,0.3692385585261635,
NSGA3Wrapper,zdt4,0,1.5186638682711447e-06,43.70973013705977,
NSGA3Wrapper,zdt4,1,1.8719921298432016e-06,18.17022808772913,
NSGA3Wrapper,zdt4,2,1.4657158077018008e-05,17.014232255109096,
NSGA3Wrapper,zdt4,3,0.000171471503465,15.4886283927109,
NSGA3Wrapper,zdt4,4,0.0001836137043681,13.387581895207656,
NSGA3Wrapper,zdt4,5,0.0006998255808205,12.53356553693339,
NSGA3Wrapper,zdt4,6,0.0013348585308054,12.420322995819715,
NSGA3Wrapper,zdt4,7,0.0309075245986027,12.0634089715127,
NSGA3Wrapper,zdt4,8,0.031478340091842,11.981670746988494,
NSGA3Wrapper,zdt4,9,0.0438498841598743,11.925496898050175,
NSGA3Wrapper,zdt4,10,0.0908462121150233,11.52330355905213,
NSGA3Wrapper,zdt6,0,0.2807761044383945,4.879041010551167,
NSGA3Wrapper,zdt6,1,0.2807763540020211,4.799657134976144,
NSGA3Wrapper,zdt6,2,0.999681591503707,4.56633852904624,
RandomSearchMO,dtlz1,0,0.000813188416723,0.0012129499069094,130.45399111123848
RandomSearchMO,dtlz1,1,0.0057864837700988,1.729849092688002,73.49364443689481
RandomSearchMO,dtlz1,2,0.0263016201075803,7.139093524868373,58.99862904935609
RandomSearchMO,dtlz1,3,0.0496574512591027,0.0150087751962546,64.03915506224709
RandomSearchMO,dtlz1,4,0.0520055979676904,1.7946516798054852,49.50717686501657
RandomSearchMO,dtlz1,5,0.0595742346159793,15.235659586659292,38.3626188035696
RandomSearchMO,dtlz1,6,0.1211230049144587,2.651446653794073,20.27563022906624
RandomSearchMO,dtlz1,7,0.1369281895088551,2.9197347680403944,6.233921441399393
RandomSearchMO,dtlz1,8,0.1915782586012491,0.3609708065407344,25.216522155521613
RandomSearchMO,dtlz1,9,0.2546478325448604,142.86906083340313,3.439558347585106
RandomSearchMO,dtlz1,10,1.0820360455446614,12.583988935491565,3.741563436845712
RandomSearchMO,dtlz1,11,1.2273103347747587,2.583390680679536,20.25185265439078
RandomSearchMO,dtlz1,12,1.48078785069557,11.729141203486057,3.151324971987755
RandomSearchMO,dtlz1,13,1.542161490354141,1.6817548900267176,9.978759570411738
RandomSearchMO,dtlz1,14,1.5835637853559386,148.35120339871992,1.2389221894578304
RandomSearchMO,dtlz1,15,1.6468973956955255,1.1118628272522653,21.37056608904598
RandomSearchMO,dtlz1,16,2.47492393968091,0.1597165774995778,39.55326852664547
RandomSearchMO,dtlz1,17,3.975343235416899,1.8705297344920864,6.026932044745623
RandomSearchMO,dtlz1,18,5.311357967638643,98.60178427170348,0.3574325449800823
RandomSearchMO,dtlz1,19,5.647387521411315,36.14827439148449,0.6382806245773243
RandomSearchMO,dtlz1,20,6.398638320017337,13.919982173503024,2.441778383796584
RandomSearchMO,dtlz1,21,9.093020945353668,1.3417009798473971,12.702728497567303
RandomSearchMO,dtlz1,22,10.134719026966868,1.3680121526723512,10.179946138772571
RandomSearchMO,dtlz1,23,13.0894045336489,8.614658191513186,1.149447086286174
RandomSearchMO,dtlz1,24,13.537301542351868,2.224643894755024,3.934499411240016
RandomSearchMO,dtlz1,25,15.474527524727048,136.18873004289298,0.2748952505717555
RandomSearchMO,dtlz1,26,20.621470365080945,0.1448776759030641,58.10768297726432
RandomSearchMO,dtlz1,27,22.12960226209437,1.0487696085099028,11.507052549475652
RandomSearchMO,dtlz1,28,31.11886401205133,74.0974585299325,0.1076994737796811
RandomSearchMO,dtlz1,29,35.53965247398574,1.185647957209295,4.248392176841891
RandomSearchMO,dtlz1,30,41.09027400338716,0.254387443897924,27.88699262969282
RandomSearchMO,dtlz1,31,41.97747624771785,0.2815927158515442,15.319526718759032
RandomSearchMO,dtlz1,32,51.28668296248818,0.7738717624802559,5.07762168507209
RandomSearchMO,dtlz1,33,60.95214763129847,5.404855741908524,1.955285124635653
RandomSearchMO,dtlz1,34,63.15508610224071,11.405443503463806,0.4490335548050888
RandomSearchMO,dtlz1,35,91.16392079722696,10.88544076525234,0.8328254269579627
RandomSearchMO,dtlz1,36,141.20553660411494,0.5227601690835536,3.331835418945159
RandomSearchMO,dtlz1,37,144.35344276694184,6.136546824081945,1.061456408760138
RandomSearchMO,dtlz2,0,2.8347135502583056e-05,8.282087731207845e-05,2.592774480814083
RandomSearchMO,dtlz2,1,0.0002029439664616,0.6807562732316168,2.0326586511423126
RandomSearchMO,dtlz2,2,0.0002104460537759,0.1335224066093596,2.532763513770064
RandomSearchMO,dtlz2,3,0.0014289780760143,0.1601917777841409,1.9686755032437773
RandomSearchMO,dtlz2,4,0.0015736525623601,0.0018695533187421,2.197511110220161
RandomSearchMO,dtlz2,5,0.0060178287566738,0.1095239448800682,1.696619657357439
RandomSearchMO,dtlz2,6,0.0061670954699852,0.0002502845747094,2.080527881771036
RandomSearchMO,dtlz2,7,0.0074338367437125,2.377697305118749,1.6317371439341577
RandomSearchMO,dtlz2,8,0.0096418226469994,0.0676150563111704,1.9415775216171776
RandomSearchMO,dtlz2,9,0.01140448881766,2.793372760229978,0.731267964197717
RandomSearchMO,dtlz2,10,0.0147390671463082,2.4892057604072457,0.400812641602915
RandomSearchMO,dtlz2,11,0.0222194518385994,2.3845464483193166,0.3929407285103788
RandomSearchMO,dtlz2,12,0.0227659577129858,2.089795865631685,1.3159563710375688
RandomSearchMO,dtlz2,13,0.0240352177760592,3.132856398877119,0.108096328993555
RandomSearchMO,dtlz2,14,0.0269807241070474,1.9546313263384671,0.6393990230750359
RandomSearchMO,dtlz2,15,0.0289139916383356,2.310628946050971,0.4744633436505675
RandomSearchMO,dtlz2,16,0.0344470223976382,2.796630784327585,0.2601792941086918
RandomSearchMO,dtlz2,17,0.0400917360560842,1.6428378434390931,1.6494007278086156
RandomSearchMO,dtlz2,18,0.0411890961317702,1.2694104612907495,1.6713811117510664
RandomSearchMO,dtlz2,19,0.0431154213314738,4.336911980358838e-05,2.4542871757312548
RandomSearchMO,dtlz2,20,0.0548450195372404,2.107856622342495,0.0120287374214931
RandomSearchMO,dtlz2,21,0.0550445230532457,0.0154367286318811,2.060506322646816
RandomSearchMO,dtlz2,22,0.0550929218607758,1.944077359106659,1.0701476493198292
RandomSearchMO,dtlz2,23,0.0698458641766741,1.8238315274389467,1.394134654718733
RandomSearchMO,dtlz2,24,0.0782097544703528,1.86877747826462,0.8898238252667671
RandomSearchMO,dtlz2,25,0.080618815062559,1.468853525435016,1.5065295564948813
RandomSearchMO,dtlz2,26,0.0960960719804411,0.1053106102479555,1.9263416163149445
RandomSearchMO,dtlz2,27,0.0993053260995947,1.1803142996329878,1.67931275526291
RandomSearchMO,dtlz2,28,0.1004000584455909,0.0194200943570622,2.039130585453844
RandomSearchMO,dtlz2,29,0.1077825623349825,1.4127807754292896,1.6308187960728475
RandomSearchMO,dtlz2,30,0.1694532641894214,0.0443185276628008,1.9755682027516743
RandomSearchMO,dtlz2,31,0.1739992748488454,2.034701911739556,0.4542098269007687
RandomSearchMO,dtlz2,32,0.1768414281024754,1.6260778727016778,1.2669205776205246
RandomSearchMO,dtlz2,33,0.202523475553846,1.9052642714435344,0.5513309649806915
RandomSearchMO,dtlz2,34,0.2362298496150614,0.0272970917606948,1.8622595052585884
RandomSearchMO,dtlz2,35,0.2605007567647784,1.804600560948502,1.2175195023693943
RandomSearchMO,dtlz2,36,0.2800494255953375,1.9522442286862032,0.3426715008507437
RandomSearchMO,dtlz2,37,0.2869384313318315,1.853747419779604,0.6100658490203144
RandomSearchMO,dtlz2,38,0.2886525282016065,1.6747816133230171,1.148246635145094
RandomSearchMO,dtlz2,39,0.2938387935077314,1.7465833077726822,1.0442071725629536
RandomSearchMO,dtlz2,40,0.308543913651616,1.366321357250385,1.081159480488281
RandomSearchMO,dtlz2,41,0.3403625289894217,1.0923477391943055,1.3265150034388544
RandomSearchMO,dtlz2,42,0.3424189934010139,1.526068093442002,0.7240924663453917
RandomSearchMO,dtlz2,43,0.3441404685459239,2.085110949146548,0.0114097400588164
RandomSearchMO,dtlz2,44,0.3923031546228624,0.0111423136410086,1.881504676519928
RandomSearchMO,dtlz2,45,0.4066432072767237,1.6494336462591943,0.6715141656215424
RandomSearchMO,dtlz2,46,0.4848226901188993,2.908916455392521,0.0026260646915713
RandomSearchMO,dtlz2,47,0.5067280923236948,1.0538901978114932,1.4091576696460208
RandomSearchMO,dtlz2,48,0.5081254384071116,2.045654701322684,0.2071754384497139
RandomSearchMO,dtlz2,49,0.5393127426763936,0.7000961082746747,1.5895087534697687
RandomSearchMO,dtlz2,50,0.6104963840775413,1.6192727859252711,0.3855891906695936
RandomSearchMO,dtlz2,51,0.624731146849343,1.4927798401165957,0.9014903388176604
RandomSearchMO,dtlz2,52,0.6461143805800038,2.015805894259118,0.1208214006933834
RandomSearchMO,dtlz2,53,0.6593487215656805,1.8350210426608693,0.2570484157915964
RandomSearchMO,dtlz2,54,0.6906551284853952,1.131431463155118,1.0440516962443245
RandomSearchMO,dtlz2,55,0.6959880088318763,0.0735847494548294,1.585426551194123
RandomSearchMO,dtlz2,56,0.6982981122624273,0.9202557642121596,1.312498460424797
RandomSearchMO,dtlz2,57,0.7263478164477304,1.9606361568332853,0.0813607883332966
RandomSearchMO,dtlz2,58,0.7598486186236642,0.0524711179270264,1.8495905212058537
RandomSearchMO,dtlz2,59,0.7717286989765543,0.6266860223182524,1.527793143275613
RandomSearchMO,dtlz2,60,0.781730258372156,2.365531503608641,0.0091518345768997
RandomSearchMO,dtlz2,61,0.8919019012855052,1.8425014176003351,0.02965284103425
RandomSearchMO,dtlz2,62,0.9210364649784208,1.3995437519365124,0.9624667211057552
RandomSearchMO,dtlz2,63,0.9560877259667352,1.5733340358914858,0.5182384673322098
RandomSearchMO,dtlz2,64,1.0113825024034175,0.3288761113615954,1.3293407834955957
RandomSearchMO,dtlz2,65,1.0262905566976763,1.4471283004961648,0.9417339350330156
RandomSearchMO,dtlz2,66,1.041780374707372,1.4478768880157329,0.7462699051848428
RandomSearchMO,dtlz2,67,1.0606262388697134,1.3244806723699414,1.0202832676463087
RandomSearchMO,dtlz2,68,1.1404511077911073,0.1275136400307125,1.3522890419262594
RandomSearchMO,dtlz2,69,1.1599118072438404,1.672357237192908,0.224475421185247
RandomSearchMO,dtlz2,70,1.165960629543449,1.708453391090953,0.187143498780762
RandomSearchMO,dtlz2,71,1.1703283292470004,0.7467112625907051,1.165477115658213
RandomSearchMO,dtlz2,72,1.188161840287225,1.8050584401945744,0.0139588389218909
RandomSearchMO,dtlz2,73,1.197900564852375,1.614863363124653,0.2814233191037573
RandomSearchMO,dtlz2,74,1.2109762743006405,0.1215523072842499,1.402016374725506
RandomSearchMO,dtlz2,75,1.2168050770313583,0.097643266223419,1.5448117091241536
RandomSearchMO,dtlz2,76,1.2200748265523769,1.4465639214206067,0.7214336140489355
RandomSearchMO,dtlz2,77,1.2458306909157717,1.765088783742656,0.0204740296291551
RandomSearchMO,dtlz2,78,1.2479731642123526,0.9251455753203264,0.9475446265984084
RandomSearchMO,dtlz2,79,1.2683493656339129,1.443270325142572,0.4530491496748209
RandomSearchMO,dtlz2,80,1.321583861857735,0.9020068092499116,1.11544490991783
RandomSearchMO,dtlz2,81,1.3276892521238008,1.5931419461247864,0.094630663636059
RandomSearchMO,dtlz2,82,1.3420971008001032,0.0043505095576892,1.892009753157332
RandomSearchMO,dtlz2,83,1.3617345632673563,1.49901962524438,0.3320794512770345
RandomSearchMO,dtlz2,84,1.3897993033685627,0.9887351574882604,0.7518433116144669
RandomSearchMO,dtlz2,85,1.3998851345217749,1.172119016338793,0.5796070384567794
RandomSearchMO,dtlz2,86,1.4227879735457878,0.6255934370248086,0.0047546154102644
RandomSearchMO,dtlz2,87,1.4461688247795343,0.4732254218529653,1.1807125903845284
RandomSearchMO,dtlz2,88,1.4519080964363738,0.0246273725850202,1.684187897577091
RandomSearchMO,dtlz2,89,1.5239096937835312,0.4376764996439125,1.1477654348306146
RandomSearchMO,dtlz2,90,1.5640998088564193,0.24970122666337,1.1715119421082614
RandomSearchMO,dtlz2,91,1.680189346429853,0.4403580139230051,1.02073296009353
RandomSearchMO,dtlz2,92,1.6981018889319557,0.3263065215433488,1.1091377739509938
RandomSearchMO,dtlz2,93,1.737029691646212,0.3478882280511972,0.0967260515417264
RandomSearchMO,dtlz2,94,1.7961780556781832,0.2325795512176887,1.061324757350962
RandomSearchMO,dtlz2,95,1.7988756501709682,0.0416175340242241,0.3423870087573575
RandomSearchMO,dtlz2,96,1.8492819044172155,0.0542634465242343,0.3228077499391248
RandomSearchMO,dtlz2,97,1.9172127256010048,0.2118931829809495,0.0956086442321905
RandomSearchMO,dtlz2,98,2.052128153028617,0.3837296893970294,0.0659790946434155
RandomSearchMO,dtlz2,99,2.074393889469335,0.0256287424636369,1.6586718685471802
RandomSearchMO,dtlz2,100,2.082073744947873,0.0262227815887502,1.3066448328798388
RandomSearchMO,dtlz2,101,2.103866929907816,0.1564015067587641,0.0810006292303752
RandomSearchMO,dtlz2,102,2.123774764608102,2.0265070810573977,0.0009435164493153
RandomSearchMO,dtlz2,103,2.1418059273254606,0.2297750620099203,0.0166382170407591
RandomSearchMO,dtlz2,104,2.253520528292495,0.1201167356026419,0.1383979527237058
RandomSearchMO,dtlz2,105,2.2560915741203886,0.0006596709370528,1.501388301742118
RandomSearchMO,dtlz2,106,2.315553972816636,0.1184099899264339,0.1266372283923556
RandomSearchMO,dtlz2,107,2.3514690310261788,0.5759643183865059,0.0086870151723865
RandomSearchMO,dtlz2,108,2.433197974402469,0.0311481781620196,0.797693349050185
RandomSearchMO,dtlz2,109,2.4461731122035983,0.0040114733964697,0.6574687732089601
RandomSearchMO,dtlz2,110,2.453037141391127,0.1169235205984313,0.2453598117554439
RandomSearchMO,dtlz2,111,2.4557725371155725,0.0706940578016943,0.2541636057021282
RandomSearchMO,dtlz2,112,2.457365355266656,0.0060756753447727,0.5940580582063627
RandomSearchMO,dtlz2,113,2.4811445818279547,0.0013108002058553,0.8048234097139914
RandomSearchMO,dtlz2,114,2.488568073972925,0.1089078296664832,0.1108756728848145
RandomSearchMO,dtlz2,115,2.498392252513713,0.9666483044163238,0.0022859913633027
RandomSearchMO,dtlz2,116,2.511917042015784,0.027098234278252,0.2602846832764132
RandomSearchMO,dtlz2,117,2.5304155682569904,0.143714848244813,0.1089287606928022
RandomSearchMO,dtlz2,118,2.6320456648036106,0.4078257576501387,0.0159881194713611
RandomSearchMO,dtlz2,119,2.6563506833354045,0.1706101071571215,0.0005262563319278
RandomSearchMO,dtlz2,120,2.8472840755608364,0.156293013370034,0.0348582012338898
RandomSearchMO,dtlz2,121,3.0137312300544803,0.0585076770607601,0.1133741834964587
RandomSearchMO,dtlz4,0,0.0504143238129262,1.200069155134049,1.7041349405642747e-05
RandomSearchMO,dtlz4,1,0.1553970415102924,6.72025254326748e-16,1.225783099541273
RandomSearchMO,dtlz4,2,0.1578038235393047,0.0536326547922396,1.1578416235446614
RandomSearchMO,dtlz4,3,0.1962742310185536,1.1996153788467665,6.697226844924151e-61
RandomSearchMO,dtlz4,4,0.2333564318120771,1.012720314771531,5.973537776034722e-69
RandomSearchMO,dtlz4,5,0.5133557974303037,1.41789402938896e-25,1.2652645582356783
RandomSearchMO,dtlz4,6,0.542356451703295,4.64164610477858e-07,1.044987706373272
RandomSearchMO,dtlz4,7,0.6402810458633571,4.4350812627358695e-49,0.8261009276207631
RandomSearchMO,dtlz4,8,0.6856650958671429,1.0084307699957902,5.5921467928709293e-14
RandomSearchMO,dtlz4,9,0.7641853420586378,8.443233057246513e-58,1.291230745038194
RandomSearchMO,dtlz4,10,0.765184265502196,1.070486668662548,1.468126540845441e-140
RandomSearchMO,dtlz4,11,0.8351999156583699,0.9341652762798144,7.620925302823134e-37
RandomSearchMO,dtlz4,12,0.8511610730067345,0.7436257503924802,1.0734174264477452e-47
RandomSearchMO,dtlz4,13,0.8950188254048407,0.5947147293107243,6.089810637448538e-66
RandomSearchMO,dtlz4,14,0.9635750232937552,1.4700438313353317e-18,0.307945314417219
RandomSearchMO,dtlz4,15,0.996689086874172,1.9129091223542485e-69,0.9314334442996351
RandomSearchMO,dtlz4,16,0.9990568944994144,2.134069326845706e-30,0.4515549132158966
RandomSearchMO,dtlz4,17,1.0004256605802382,0.844783640946653,1.399014824045651e-159
RandomSearchMO,dtlz4,18,1.0017354138189754,1.6684875785462414e-07,1.786282783249947e-14
RandomSearchMO,dtlz4,19,1.0039143083656057,6.21478453852587e-44,3.1014737217401888e-148
RandomSearchMO,dtlz4,20,1.005270858236185,1.121147945177866e-114,4.8513417971094445e-17
RandomSearchMO,dtlz4,21,1.0054497091013,8.764168398665239e-158,6.479601741447234e-147
RandomSearchMO,dtlz4,22,1.0164918931802205,4.2226982924871815e-34,2.6809585851023746e-201
RandomSearchMO,dtlz4,23,1.0190025222844088,3.7170383167110346e-213,1.9684587160958312e-45
RandomSearchMO,dtlz4,24,1.0432889553214706,8.382636439682391e-255,3.932077292797951e-07
RandomSearchMO,dtlz4,25,1.092439789186075,5.48585336137781e-43,8.994380288824764e-155
RandomSearchMO,dtlz4,26,1.093745125663375,2.3043488029192264e-235,8.109641936325745e-24
RandomSearchMO,dtlz4,27,1.0977671597015712,1.051153375714488e-57,4.457326256915356e-179
RandomSearchMO,dtlz4,28,1.108641780253309,8.568607123992509e-138,2.2358452138201382e-154
RandomSearchMO,dtlz4,29,1.1108259433479548,2.0701593110571246e-60,3.34332901703006e-170
RandomSearchMO,dtlz4,30,1.111741162212068,5.364393097571996e-164,1.375176361084034e-62
RandomSearchMO,dtlz4,31,1.1194758126358426,1.9229761050899084e-05,9.438111022514636e-225
RandomSearchMO,dtlz4,32,1.1442762462722995,9.39828437269518e-218,4.817942864964756e-32
RandomSearchMO,dtlz4,33,1.1570996453295874,1.0272079881256508e-182,4.327626643007648e-86
RandomSearchMO,dtlz4,34,1.1636165421888571,3.61918646010286e-12,3.4037106140045753e-240
RandomSearchMO,dtlz4,35,1.1639530702603065,2.705974111787796e-25,5.792945468471659e-267
RandomSearchMO,dtlz4,36,1.177499004735061,6.784419459828216e-70,8.265437711620995e-220
RandomSearchMO,dtlz4,37,1.198475831709805,2.922439803451965e-54,5.309536960953634e-242
RandomSearchMO,dtlz4,38,1.2044503799999904,5.128436427135394e-262,6.336180323859499e-19
RandomSearchMO,dtlz4,39,1.2207399919694524,1.4686584820788674e-228,1.719466025082325e-55
RandomSearchMO,dtlz4,40,1.2260107299207963,0.0,0.0038010487552413
RandomSearchMO,dtlz4,41,1.2293731179522738,5.48765511132798e-215,1.269571852456155e-65
RandomSearchMO,dtlz4,42,1.2347772530565584,8.263760758226879e-199,4.76752037905e-68
RandomSearchMO,dtlz4,43,1.2358121682590475,6.1933627170419385e-84,5.83240253942021e-184
RandomSearchMO,dtlz4,44,1.3106915201678446,7.52026269359755e-310,3.5026505258414847e-227
RandomSearchMO,dtlz4,45,1.3281735223234068,2.316662865837518e-17,1.2000228822858259e-307
RandomSearchMO,dtlz4,46,1.3354336909489222,2.6380063386914158e-80,3.802802839506436e-280
RandomSearchMO,dtlz4,47,1.354329560570539,2.504497694814172e-168,1.4879549522791516e-233
RandomSearchMO,dtlz4,48,1.4708621873103802,0.0,0.0005515731068411
RandomSearchMO,dtlz4,49,1.4857323021014106,5.65797905806088e-100,4.729691267792099e-236
RandomSearchMO,dtlz4,50,1.5329125489902533,0.0,9.104790043196745e-43
RandomSearchMO,dtlz7,0,0.0004108667243105,0.6327466139218654,19.710182656447085
RandomSearchMO,dtlz7,1,0.0013307743197562,0.958676570249998,17.61619269956768
RandomSearchMO,dtlz7,2,0.0017203630347865,0.5583736895216473,20.1913280665096
RandomSearchMO,dtlz7,3,0.0017443109163252,0.167173536071614,20.101491077589827
RandomSearchMO,dtlz7,4,0.0030022692449278,0.5666884223233802,17.358596404379103
RandomSearchMO,dtlz7,5,0.0032775742329838,0.3927650983984466,18.242605590814488
RandomSearchMO,dtlz7,6,0.0041319990614658,0.0450701560702364,18.644282509240348
RandomSearchMO,dtlz7,7,0.0103480261816718,0.2247457097227777,18.53486620070799
RandomSearchMO,dtlz7,8,0.0104914137746683,0.1090423015654187,17.973097856011556
RandomSearchMO,dtlz7,9,0.0107983137131864,0.4295452065129508,15.63568086960159
RandomSearchMO,dtlz7,10,0.0192909242913862,0.0369613062958861,17.91055285017595
RandomSearchMO,dtlz7,11,0.0194453790543696,0.3993538277508288,15.486346541543965
RandomSearchMO,dtlz7,12,0.0225598666053318,0.015860921434562,19.789641829424845
RandomSearchMO,dtlz7,13,0.0242537152616706,0.1881719751774079,16.41939575977684
RandomSearchMO,dtlz7,14,0.0284916789119126,0.1804512989661262,16.135937764783957
RandomSearchMO,dtlz7,15,0.0295183229238477,0.8161889184117084,14.622814101740875
RandomSearchMO,dtlz7,16,0.0339587306613411,0.71147567530187,15.295772838155557
RandomSearchMO,dtlz7,17,0.0361158371798143,0.0588618699798405,15.189839931297938
RandomSearchMO,dtlz7,18,0.0445144674838093,0.0019537578039398,20.304427386200448
RandomSearchMO,dtlz7,19,0.0476543546485684,0.7689371167785134,14.549355330660113
RandomSearchMO,dtlz7,20,0.0501040319198012,0.7675751634083973,14.149792898631846
RandomSearchMO,dtlz7,21,0.0511142099932412,0.0351809576601656,17.581492875497464
RandomSearchMO,dtlz7,22,0.0654753192106517,0.0560754929003209,15.34508798446919
RandomSearchMO,dtlz7,23,0.0659126973261021,0.0174129625083721,19.362244348575057
RandomSearchMO,dtlz7,24,0.1133895771650833,0.0263063784223478,17.87206084012184
RandomSearchMO,dtlz7,25,0.1385883086846289,0.8306382640931367,13.401572254787588
RandomSearchMO,dtlz7,26,0.1439325585982547,0.3204833959258337,14.499471333138146
RandomSearchMO,dtlz7,27,0.1550115803710002,0.4640986765691812,14.159927072301944
RandomSearchMO,dtlz7,28,0.1607351288227663,0.0169981077635662,16.657647566748672
RandomSearchMO,dtlz7,29,0.1940057557230478,0.0014518988292401,16.822755652069624
RandomSearchMO,dtlz7,30,0.198557749451224,0.8492831734687146,12.699565324910756
RandomSearchMO,dtlz7,31,0.2231346563306665,0.3349551460884427,12.946147089501276
RandomSearchMO,dtlz7,32,0.2364314945327271,0.266279709471926,14.922690214574375
RandomSearchMO,dtlz7,33,0.2589959396390584,0.8528537956519504,12.64403932367224
RandomSearchMO,dtlz7,34,0.2764277748998227,0.8249627669766134,12.654162315497528
RandomSearchMO,dtlz7,35,0.2930233151743648,0.0298659429948831,15.593185873717324
RandomSearchMO,dtlz7,36,0.3681368747457731,0.1033034871627274,14.233227855921909
RandomSearchMO,dtlz7,37,0.3737940301498776,0.8793218370887951,11.362216619096852
RandomSearchMO,dtlz7,38,0.5666233178125288,0.8756491082935727,12.39252225318605
RandomSearchMO,dtlz7,39,0.5733182585023129,0.8490467134587509,12.226774421493593
RandomSearchMO,dtlz7,40,0.5896316107130736,0.0111734834813888,16.65276758809106
RandomSearchMO,dtlz7,41,0.6053222968838176,0.0002102872914852,17.38878655873016
RandomSearchMO,dtlz7,42,0.691271194092838,0.1637726018644022,13.60458749442272
RandomSearchMO,dtlz7,43,0.7902392035468406,0.6352975176500688,12.414288204159924
RandomSearchMO,dtlz7,44,0.8144853003712396,0.0023160314854357,15.853267008619992
RandomSearchMO,dtlz7,45,0.8167837243252242,0.0311913519828674,14.878065296488671
RandomSearchMO,dtlz7,46,0.8237448991972967,0.8430220584886816,10.895800028390472
RandomSearchMO,dtlz7,47,0.8244362940301452,0.0404291584173598,14.846418067817735
RandomSearchMO,dtlz7,48,0.8395446688707022,0.0919613440354154,14.063845076978009
RandomSearchMO,dtlz7,49,0.8820052891584101,0.0624886045287599,14.839054755681143
RandomSearchMO,dtlz7,50,0.9351495025673272,0.0023285725093044,15.814985393384076
RandomSearchMO,dtlz7,51,0.9588122246083156,0.0623883353240199,13.075469446624147
RandomSearchMO,wfg4,0,0.3934861121540319,4.059780294701465,
RandomSearchMO,wfg4,1,0.4831438674306407,4.052802307798235,
RandomSearchMO,wfg4,2,0.5023585434097289,3.970730498610288,
RandomSearchMO,wfg4,3,0.5617758696498762,3.936612257702871,
RandomSearchMO,wfg4,4,0.6421439063744888,3.900740308621743,
RandomSearchMO,wfg4,5,0.734012915879117,3.8981799523437344,
RandomSearchMO,wfg4,6,0.7358649857185813,3.8958558368756258,
RandomSearchMO,wfg4,7,0.7410406300815644,3.886381068361681,
RandomSearchMO,wfg4,8,0.7511555683654904,3.856248146976398,
RandomSearchMO,wfg4,9,0.7838463056852577,3.8042347813351767,
RandomSearchMO,wfg4,10,0.7960361914961617,3.76975686321822,
RandomSearchMO,wfg4,11,0.8042916493591347,3.7164141777536552,
RandomSearchMO,wfg4,12,0.8631867503613424,3.70551799490789,
RandomSearchMO,wfg4,13,0.8978404663553311,3.695055235780375,
RandomSearchMO,wfg4,14,0.914488221228421,3.587696978612945,
RandomSearchMO,wfg4,15,1.0348856387844214,3.548420459216961,
RandomSearchMO,wfg4,16,1.0496173989900748,3.5204760636326227,
RandomSearchMO,wfg4,17,1.0753804431029954,3.492731207125197,
RandomSearchMO,wfg4,18,1.0802348926577598,3.482224722697976,
RandomSearchMO,wfg4,19,1.0822766643577957,3.382168242320782,
RandomSearchMO,wfg4,20,1.1849336089260003,3.365179027137792,
RandomSearchMO,wfg4,21,1.2019608184355128,3.326789538058046,
RandomSearchMO,wfg4,22,1.2281915514421329,3.2816808247373315,
RandomSearchMO,wfg4,23,1.2635032670295692,3.2678985591898804,
RandomSearchMO,wfg4,24,1.2712997251866556,3.261213223759129,
RandomSearchMO,wfg4,25,1.2739804297755666,3.166520647513225,
RandomSearchMO,wfg4,26,1.2823471248432603,3.154730649586242,
RandomSearchMO,wfg4,27,1.3300530076183807,3.074851773348265,
RandomSearchMO,wfg4,28,1.3554582518167533,3.0682737778627525,
RandomSearchMO,wfg4,29,1.367766456899793,3.0046018341416016,
RandomSearchMO,wfg4,30,1.458808717418925,3.003605916790337,
RandomSearchMO,wfg4,31,1.4773494419435629,2.932663659031007,
RandomSearchMO,wfg4,32,1.49898865294575,2.882932858093383,
RandomSearchMO,wfg4,33,1.5153685375895605,2.852199436125188,
RandomSearchMO,wfg4,34,1.5712662973264653,2.7684998846520625,
RandomSearchMO,wfg4,35,1.5821167009689838,2.6971927803299085,
RandomSearchMO,wfg4,36,1.6487449159804382,2.656209952178882,
RandomSearchMO,wfg4,37,1.65267367092388,2.490206744428291,
RandomSearchMO,wfg4,38,1.688255813023458,2.4437848984892625,
RandomSearchMO,wfg4,39,1.732709627263683,2.1982662069047896,
RandomSearchMO,wfg4,40,1.8075679701783207,2.117023977940129,
RandomSearchMO,wfg4,41,1.8438171555128964,1.998734301509504,
RandomSearchMO,wfg4,42,1.9015250475797727,1.922564753419568,
RandomSearchMO,wfg4,43,1.9431708520653328,1.351741994445694,
RandomSearchMO,wfg7,0,0.2583511542479731,0.3105534710745398,6.235254851880012
RandomSearchMO,wfg7,1,0.2740235475851345,0.2740316441339881,6.274017396896409
RandomSearchMO,wfg7,2,0.3038808353951365,3.3056361456106544,4.264649095094739
RandomSearchMO,wfg7,3,0.3306555819708846,1.8038733004005387,5.830170774030247
RandomSearchMO,wfg7,4,0.3315269282813692,1.591389699834736,5.979064804538308
RandomSearchMO,wfg7,5,0.3503202945403399,2.964576346948002,4.891161891903264
RandomSearchMO,wfg7,6,0.3512940239281207,2.55911088737585,5.35300255670364
RandomSearchMO,wfg7,7,0.3547593165372208,1.5624606402680077,6.045838861098104
RandomSearchMO,wfg7,8,0.3596892030322906,2.375867650926776,5.5268018032904
RandomSearchMO,wfg7,9,0.3610690808577894,2.7308979952582497,5.164161941184802
RandomSearchMO,wfg7,10,0.3683117837417743,1.4000411469511946,6.163012872327514
RandomSearchMO,wfg7,11,0.3806247048501489,2.210018104714605,5.665030763904124
RandomSearchMO,wfg7,12,0.3876431831494952,1.1260744442922548,6.0476415597796604
RandomSearchMO,wfg7,13,0.3981548892733713,3.612759806103752,3.935523272092152
RandomSearchMO,wfg7,14,0.3996978312297335,3.2831475293907566,4.554369692009057
RandomSearchMO,wfg7,15,0.4008485227877617,3.708426266035461,3.768039682776914
RandomSearchMO,wfg7,16,0.4020135316734642,2.000072543194145,5.664010012585594
RandomSearchMO,wfg7,17,0.4061527079848673,2.876477183610195,5.107659675887756
RandomSearchMO,wfg7,18,0.4141863791844882,2.345702743665355,5.624638141123542
RandomSearchMO,wfg7,19,0.426043388956274,3.2210267309271066,4.678803401743859
RandomSearchMO,wfg7,20,0.4532989296188656,3.574688941679992,3.875707662733266
RandomSearchMO,wfg7,21,0.4550763439870436,3.5200570495947088,4.23914720917475
RandomSearchMO,wfg7,22,0.4556548529793842,2.7053601482929106,5.34432621799348
RandomSearchMO,wfg7,23,0.4586523066700058,3.6675357649116,3.629312373935408
RandomSearchMO,wfg7,24,0.4598312286892307,3.872239724108211,3.457227867252993
RandomSearchMO,wfg7,25,0.4708735049895217,3.54008942735941,4.129665404110643
RandomSearchMO,wfg7,26,0.4746571464293219,4.396076838197937,1.4028512146246186
RandomSearchMO,wfg7,27,0.479503867031767,1.9654168629986528,5.806297279371627
RandomSearchMO,wfg7,28,0.4846684020792,0.7820415112548599,6.109114372357583
RandomSearchMO,wfg7,29,0.4858988804462153,2.53955095376576,5.511012691895965
RandomSearchMO,wfg7,30,0.4869131900934585,4.052331804672237,3.119761083798722
RandomSearchMO,wfg7,31,0.4935375065519569,3.052376861669176,4.746509028904937
RandomSearchMO,wfg7,32,0.5002500255113549,0.5692106941752673,6.020776848689296
RandomSearchMO,wfg7,33,0.5053667048388977,4.3310273694103,2.194493623929959
RandomSearchMO,wfg7,34,0.5073767765070079,3.992640790330989,3.295869583145936
RandomSearchMO,wfg7,35,0.5402184017178685,4.14894947253113,3.106478241706775
RandomSearchMO,wfg7,36,0.5410732841331829,3.817884247352391,3.627337500086926
RandomSearchMO,wfg7,37,0.5520156932425195,3.8331993435913576,3.4312759057796445
RandomSearchMO,wfg7,38,0.5527777936404815,3.471989031929162,4.258541461129669
RandomSearchMO,wfg7,39,0.55846883746369,2.801638912100314,5.075019430214641
RandomSearchMO,wfg7,40,0.5639573705721319,3.9850406179009457,2.5354367475787853
RandomSearchMO,wfg7,41,0.6026104709971916,3.53393772450211,4.027383986065901
RandomSearchMO,wfg7,42,0.6073344127115691,3.4500611231099154,4.206752598437845
RandomSearchMO,wfg7,43,0.6171547632528975,3.178781152875062,4.511248290564895
RandomSearchMO,wfg7,44,0.6306758055234765,2.869125929860304,4.894405683557443
RandomSearchMO,wfg7,45,0.6366764484196453,3.2360394797310392,4.052378883458883
RandomSearchMO,wfg7,46,0.6390642074892121,2.69706138400671,5.244915794620787
RandomSearchMO,wfg7,47,0.6563308829598747,3.158986081501748,4.5083247356110405
RandomSearchMO,wfg7,48,0.6570409951655376,3.812552590650359,2.960920541492032
RandomSearchMO,wfg7,49,0.658989250283122,3.687759930519809,3.511893598451436
RandomSearchMO,wfg7,50,0.6710837628316775,3.5763568955251386,3.846492020211639
RandomSearchMO,wfg7,51,0.6883466305979317,3.6281258140038233,3.6242645691282505
RandomSearchMO,wfg7,52,0.6958140019378127,1.2711823077858333,5.695773395398317
RandomSearchMO,wfg7,53,0.702167975644026,2.827739422619577,5.051239715763175
RandomSearchMO,wfg7,54,0.7106296110116839,2.494870902974351,5.501236905410481
RandomSearchMO,wfg7,55,0.7135825077265798,2.7379623326915983,4.998988549152869
RandomSearchMO,wfg7,56,0.720126460109165,4.206148542006517,1.2462323031435265
RandomSearchMO,wfg7,57,0.7353819385512625,4.053644680233912,2.431420668329764
RandomSearchMO,wfg7,58,0.742597519025328,2.012520465543584,5.487947693437766
RandomSearchMO,wfg7,59,0.7427122409051664,3.8528891727740393,2.599557001056388
RandomSearchMO,wfg7,60,0.7501116993028503,2.87375929754634,4.687659201293436
RandomSearchMO,wfg7,61,0.7577206824263564,2.749350312447953,4.730099910912918
RandomSearchMO,wfg7,62,0.7662709443197065,3.3491722902321537,4.046221159638376
RandomSearchMO,wfg7,63,0.7837477540815425,2.435467358730641,5.106459716327604
RandomSearchMO,wfg7,64,0.7871104620019249,2.562816137938212,4.905783690824224
RandomSearchMO,wfg7,65,0.8023133458377449,3.205549078277951,4.323061962865628
RandomSearchMO,wfg7,66,0.8042338819745697,3.485075912123317,3.8789546410081086
RandomSearchMO,wfg7,67,0.8256039652785959,1.839023793187621,5.330112996413983
RandomSearchMO,wfg7,68,0.8399499555002068,3.07491856776573,4.62432538500147
RandomSearchMO,wfg7,69,0.8465537242543246,1.5695499643998292,5.643530333026252
RandomSearchMO,wfg7,70,0.8467475090947287,3.8052959258075054,3.2200909938974847
RandomSearchMO,wfg7,71,0.8518385604892517,3.4343398863964536,3.9358309226886687
RandomSearchMO,wfg7,72,0.8530351066297289,1.4528740146647317,5.5998672331962975
RandomSearchMO,wfg7,73,0.8616541036238166,2.338269436726775,5.173941528753744
RandomSearchMO,wfg7,74,0.8715646592559141,3.154420157577289,4.560410055515347
RandomSearchMO,wfg7,75,0.8755812614739471,2.3341847787783268,5.233083577326255
RandomSearchMO,wfg7,76,0.8843833180009084,3.781529755214912,3.113799333194573
RandomSearchMO,wfg7,77,0.8963139542245802,1.0268538458937635,5.986506783243551
RandomSearchMO,wfg7,78,0.9012344238669208,2.634521108405237,4.832365705230873
RandomSearchMO,wfg7,79,0.9056842313752128,3.851517348954531,2.793720801579992
RandomSearchMO,wfg7,80,0.9089994365339727,3.997647652472377,1.861012256204246
RandomSearchMO,wfg7,81,0.9099260204975588,4.031798639626528,1.8606206966324217
RandomSearchMO,wfg7,82,0.9352584291775168,3.2893923484257925,4.013045600174827
RandomSearchMO,wfg7,83,0.9359965143791752,3.072030026715881,4.535025728769347
RandomSearchMO,wfg7,84,0.947932076668137,1.36041430104985,5.689782538621641
RandomSearchMO,wfg7,85,0.9532049918575968,3.0588351336142674,4.375937090505021
RandomSearchMO,wfg7,86,0.957609283677362,3.634430097045359,2.922796707570904
RandomSearchMO,wfg7,87,0.9591239196031364,2.543450179082476,4.815364948775893
RandomSearchMO,wfg7,88,0.9620179333357614,1.653774004918836,5.433223184456751
RandomSearchMO,wfg7,89,0.970098716681712,3.563920747000498,3.212439285393211
RandomSearchMO,wfg7,90,0.971827114608733,2.3361913321664605,4.971240727607765
RandomSearchMO,wfg7,91,0.9840842043344684,2.620393458635741,4.649036148929487
RandomSearchMO,wfg7,92,0.9853277710661992,2.164901734214767,5.132773559581675
RandomSearchMO,wfg7,93,0.9883409893288844,3.314597420425275,3.4450685620678865
RandomSearchMO,wfg7,94,0.993338654212581,0.7033244278574486,5.809145249331803
RandomSearchMO,wfg7,95,0.9960242353726372,1.990638164822497,5.162250168515411
RandomSearchMO,wfg7,96,1.0038650561763949,2.9668529130809373,4.090524646612583
RandomSearchMO,wfg7,97,1.0133557960730144,1.3971323398029585,5.507152703111849
RandomSearchMO,wfg7,98,1.0144809808043278,2.2620323093485144,5.088762496285286
RandomSearchMO,wfg7,99,1.0174447179102248,1.836306006279155,5.321574335248045
RandomSearchMO,wfg7,100,1.0208185681523383,1.5461613893651047,5.440258333666269
RandomSearchMO,wfg7,101,1.0230544490422335,2.176886913439815,5.11648456493834
RandomSearchMO,wfg7,102,1.032947225237971,2.3479315903732787,4.650928933772415
RandomSearchMO,wfg7,103,1.0443578029390408,2.6502792503918324,4.387184937243695
RandomSearchMO,wfg7,104,1.0529280539684114,3.547543118772677,3.38914360591841
RandomSearchMO,wfg7,105,1.065863884385588,3.5306401007419392,2.8367197905824653
RandomSearchMO,wfg7,106,1.072444988315567,2.8936956221042616,3.694436661768223
RandomSearchMO,wfg7,107,1.084438818100533,1.2395394918991445,5.3360206667122805
RandomSearchMO,wfg7,108,1.1062065467868831,0.8163430392667755,5.592875988556289
RandomSearchMO,wfg7,109,1.1449511024887755,2.566054327020014,4.381654019904309
RandomSearchMO,wfg7,110,1.1482482833472822,2.3536175679830924,4.598481233030794
RandomSearchMO,wfg7,111,1.1524786149644757,2.191753903798072,5.082895145110805
RandomSearchMO,wfg7,112,1.15681594779085,2.050508439137152,5.119144139760205
RandomSearchMO,wfg7,113,1.1621577735885391,3.370255084174725,2.47155178814633
RandomSearchMO,wfg7,114,1.1715705984479756,3.7893968391505393,2.1293263862039256
RandomSearchMO,wfg7,115,1.1908863267586058,2.266674767620164,4.987623298698618
RandomSearchMO,wfg7,116,1.1921212638068486,2.129779472872538,4.894737890577672
RandomSearchMO,wfg7,117,1.1982570113619244,1.2058802604777108,5.480273101198973
RandomSearchMO,wfg7,118,1.2013392248754524,1.244634986688917,5.329667442257786
RandomSearchMO,wfg7,119,1.210711881557829,0.6512000957138588,5.793360665384695
RandomSearchMO,wfg7,120,1.214386281359158,1.970090166991186,5.191840800167523
RandomSearchMO,wfg7,121,1.2221722524693452,1.0451036624481411,5.497615435131274
RandomSearchMO,wfg7,122,1.2286912005677373,4.084626869030147,1.5241354125789652
RandomSearchMO,wfg7,123,1.2290090432545833,2.25039310207844,4.774774816469277
RandomSearchMO,wfg7,124,1.2309375078023763,1.9075213171259164,4.912713834806514
RandomSearchMO,wfg7,125,1.2342837569240517,2.263259159216468,4.6718150600148896
RandomSearchMO,wfg7,126,1.2386957206358744,2.486796230466761,4.189601877846238
RandomSearchMO,wfg7,127,1.254806915330178,2.0071432662806448,4.724292712491431
RandomSearchMO,wfg7,128,1.256076772407937,3.2523741858183004,3.299717370884534
RandomSearchMO,wfg7,129,1.2563634150586918,3.069217586867266,3.106480407727513
RandomSearchMO,wfg7,130,1.2602723326169285,3.795115005004935,0.8993521616787972
RandomSearchMO,wfg7,131,1.2671171680826057,1.7913479454515675,4.806082043828775
RandomSearchMO,wfg7,132,1.2703257663930887,2.3433199857178177,4.574790226987531
RandomSearchMO,wfg7,133,1.279936769365694,1.7063554404386123,5.152789162687682
RandomSearchMO,wfg7,134,1.292030374253966,2.1954722335317207,4.584031746680422
RandomSearchMO,wfg7,135,1.308253472310237,2.695963359334976,3.666935872743462
RandomSearchMO,wfg7,136,1.3158631427607366,1.896435945602332,4.56131029201542
RandomSearchMO,wfg7,137,1.3247266298400553,2.5566033333033285,3.742928416867069
RandomSearchMO,wfg7,138,1.329023979606865,3.063759867998004,2.9926253435282866
RandomSearchMO,wfg7,139,1.336615513463011,1.0346442823435482,5.530551729853589
RandomSearchMO,wfg7,140,1.3449369538532137,2.393406654736232,4.5055867331975366
RandomSearchMO,wfg7,141,1.3496523175906825,1.7057170870434493,5.025103253251026
RandomSearchMO,wfg7,142,1.3517654079903023,3.650366877449014,1.302069040497214
RandomSearchMO,wfg7,143,1.3580539751127267,1.646891239395634,5.032609408460478
RandomSearchMO,wfg7,144,1.3590830769166946,1.6010900779030357,5.213485743087778
RandomSearchMO,wfg7,145,1.3618085124553767,1.45506756305775,5.035390623713578
RandomSearchMO,wfg7,146,1.3716581032403734,3.97737629283624,0.4969463234781294
RandomSearchMO,wfg7,147,1.3886419626702229,0.9772163440800116,5.555305450961747
RandomSearchMO,wfg7,148,1.3975879017331612,2.5396368538071625,3.88436006947197
RandomSearchMO,wfg7,149,1.3979433031096289,1.4238680599608509,5.285035284089438
RandomSearchMO,wfg7,150,1.3985283962379236,3.4354694100462675,1.8328660193512163
RandomSearchMO,wfg7,151,1.40982790770866,0.8194336051175712,5.387466295533115
RandomSearchMO,wfg7,152,1.4119436062119008,3.349865260307696,2.127267478874882
RandomSearchMO,wfg7,153,1.4241625592632532,0.9351854925468448,5.1659844171465
RandomSearchMO,wfg7,154,1.4536653343200738,3.5374894970850432,1.7410526254412284
RandomSearchMO,wfg7,155,1.4591511930682493,1.1691864162564978,5.001874009642142
RandomSearchMO,wfg7,156,1.4656123888779276,3.356788840491901,2.018959387385068
RandomSearchMO,wfg7,157,1.47306645538401,2.066579315691956,4.415365502515121
RandomSearchMO,wfg7,158,1.4962689504035327,1.1922079644298489,4.456026594671744
RandomSearchMO,wfg7,159,1.4970102929775926,2.388116314664923,4.286562489106306
RandomSearchMO,wfg7,160,1.5044390601549893,0.5672801711822163,4.945197985500892
RandomSearchMO,wfg7,161,1.549393500643186,3.2074314786553915,2.538049793882612
RandomSearchMO,wfg7,162,1.5646436776672232,2.4968959756373774,3.5497861633339185
RandomSearchMO,wfg7,163,1.5760365205958813,3.115541331421536,1.6057723680469211
RandomSearchMO,wfg7,164,1.57725358014165,3.347787342303131,1.6024767817149217
RandomSearchMO,wfg7,165,1.5786516408975415,2.4949032549611214,4.154275876108647
RandomSearchMO,wfg7,166,1.5935510548394531,2.4117796169299663,3.294626527191515
RandomSearchMO,wfg7,167,1.596389039725983,2.82129937317613,3.166624281123023
RandomSearchMO,wfg7,168,1.6026996511992873,1.029335307832722,4.486621450659905
RandomSearchMO,wfg7,169,1.6498104782523166,3.4610395312188675,0.6694419507924807
RandomSearchMO,wfg7,170,1.654338219562154,1.7474473237670989,4.4543381610778185
RandomSearchMO,wfg7,171,1.6556737335425764,2.474721387916593,3.281696719747916
RandomSearchMO,wfg7,172,1.655848843329477,1.5775038881492425,4.075728161769381
RandomSearchMO,wfg7,173,1.660593069375775,2.246252353914439,4.032269347719428
RandomSearchMO,wfg7,174,1.6939442033768095,3.0714083259813534,2.5274908107335707
RandomSearchMO,wfg7,175,1.6957634859841595,3.103733255879468,2.3577755018344413
RandomSearchMO,wfg7,176,1.701617170427339,1.418479809178414,4.385560778687394
RandomSearchMO,wfg7,177,1.7089319884578125,2.371631494265596,3.8920597519682247
RandomSearchMO,wfg7,178,1.717219607485941,2.290347284547821,3.598417552367972
RandomSearchMO,wfg7,179,1.7283383058351591,2.896875253577957,3.1533805199864062
RandomSearchMO,wfg7,180,1.7318447094524565,2.82625694089274,1.3346480832780208
RandomSearchMO,wfg7,181,1.7390102623771546,2.745036601255486,2.670235957632825
RandomSearchMO,wfg7,182,1.756626334438503,2.045152337780657,3.58575846880599
RandomSearchMO,wfg7,183,1.764914763437005,0.9237654660475276,4.141923216259903
RandomSearchMO,wfg7,184,1.780900910860575,2.131458184749642,3.4057886362312115
RandomSearchMO,wfg7,185,1.782338351845656,0.9010763132418816,4.861800258110571
RandomSearchMO,wfg7,186,1.7853796918450529,2.744149425562964,1.282410686977555
RandomSearchMO,wfg7,187,1.7954365304188102,0.6694873953111837,4.24157221870677
RandomSearchMO,wfg7,188,1.8050773606038613,2.441716214025581,2.574688644654568
RandomSearchMO,wfg7,189,1.822789770100809,0.6681061710350316,4.736620939189618
RandomSearchMO,wfg7,190,1.856150059779796,2.7413749183606564,1.4762294001903753
RandomSearchMO,wfg7,191,1.8680386163399945,2.410469743030625,1.923471929359012
RandomSearchMO,wfg7,192,1.870334602401316,3.2854671834882563,1.2577359916150972
RandomSearchMO,wfg7,193,1.8877863875018268,1.9139398442113889,3.2052413342992088
RandomSearchMO,wfg7,194,1.8982146816667087,1.4768534750608335,3.394876669215445
RandomSearchMO,wfg7,195,1.905857245420625,2.074113207610904,2.9888410410840205
RandomSearchMO,wfg7,196,1.9213773397323897,1.8833155355291944,3.3750321388672813
RandomSearchMO,wfg7,197,1.922320688989765,2.684883070875851,1.8425732902126484
RandomSearchMO,wfg7,198,1.9338026425877064,2.338790724881907,2.585171286325825
RandomSearchMO,wfg7,199,1.960463615006452,2.0866449620921386,2.362405040993946
RandomSearchMO,wfg7,200,1.9734823104654864,1.5377735415074372,3.2873702219192995
RandomSearchMO,wfg7,201,1.986077307210842,2.868465632707162,0.8260451552844439
RandomSearchMO,wfg7,202,1.9907565328708223,1.4069011959904751,3.651762310424584
RandomSearchMO,wfg7,203,1.9969264974383885,2.3734924302627034,1.7148223940338985
RandomSearchMO,wfg7,204,2.01071126761989,2.272693065755352,2.338124124091218
RandomSearchMO,wfg7,205,2.067979329590864,1.8892811744876656,1.8338158728473768
RandomSearchMO,wfg7,206,2.102162712669464,1.8121548552676887,1.7768114302719271
RandomSearchMO,wfg7,207,2.119394756296521,1.4297661543756133,3.4400998561574383
RandomSearchMO,wfg7,208,2.1336800508294536,2.6158986234251937,1.0023811177091695
RandomSearchMO,wfg7,209,2.1450083266182363,0.7540953261557404,3.034651238600178
RandomSearchMO,wfg7,210,2.2016985157096007,1.964543506469712,1.374625110969859
RandomSearchMO,wfg7,211,2.205420339310389,1.7066217015771707,1.5009067937380454
RandomSearchMO,wfg7,212,2.2089779835028627,1.5402878636361064,2.627997827092869
RandomSearchMO,wfg7,213,2.2585845473479416,1.6954674185931742,1.347322548281007
RandomSearchMO,wfg7,214,2.3152427129134576,1.2343963335206314,3.030868062703334
RandomSearchMO,wfg7,215,2.582845225036788,1.5932439273428791,2.516042770152967
RandomSearchMO,wfg9,0,0.2001733054133644,4.129633917921709,
RandomSearchMO,wfg9,1,0.3154143065054658,4.111489488502395,
RandomSearchMO,wfg9,2,0.3297860239578285,4.110537199577947,
RandomSearchMO,wfg9,3,0.3366554897600383,3.9716596192319975,
RandomSearchMO,wfg9,4,0.4915485802086909,3.91153167342934,
RandomSearchMO,wfg9,5,0.5741901132989626,3.89267567748143,
RandomSearchMO,wfg9,6,0.7255546489777898,3.795026793232009,
RandomSearchMO,wfg9,7,0.737345560652363,3.7440776410309904,
RandomSearchMO,wfg9,8,0.8311514730609035,3.683348025832528,
RandomSearchMO,wfg9,9,0.9656359533399628,3.656029994257964,
RandomSearchMO,wfg9,10,1.0004102096799938,3.515437521352606,
RandomSearchMO,wfg9,11,1.0899501354291532,3.391108571035541,
RandomSearchMO,wfg9,12,1.1186854520307463,3.388137578935651,
RandomSearchMO,wfg9,13,1.203864414845476,3.280314450663456,
RandomSearchMO,wfg9,14,1.212626918111224,3.2044841877388843,
RandomSearchMO,wfg9,15,1.2409989580783445,3.150222669728296,
RandomSearchMO,wfg9,16,1.2705455577950338,3.135616538837843,
RandomSearchMO,wfg9,17,1.2989992564612405,3.125225368305331,
RandomSearchMO,wfg9,18,1.307156233068566,3.0881740777959004,
RandomSearchMO,wfg9,19,1.3210776159372524,3.0669816800411747,
RandomSearchMO,wfg9,20,1.3569254661760903,3.0186857204576576,
RandomSearchMO,wfg9,21,1.3686997702944357,2.994455122300342,
RandomSearchMO,wfg9,22,1.3796755887591678,2.970163035461345,
RandomSearchMO,wfg9,23,1.407639191800648,2.8851320336674027,
RandomSearchMO,wfg9,24,1.420902196881058,2.864245217923434,
RandomSearchMO,wfg9,25,1.428931686489969,2.853322575700733,
RandomSearchMO,wfg9,26,1.4408152209624017,2.8074816961277103,
RandomSearchMO,wfg9,27,1.4489284251208645,2.7908570380324247,
RandomSearchMO,wfg9,28,1.4745195445592945,2.779738839805697,
RandomSearchMO,wfg9,29,1.481658883958961,2.748625201057709,
RandomSearchMO,wfg9,30,1.4913245861290187,2.725649108501253,
RandomSearchMO,wfg9,31,1.4982161558989926,2.7153277511910088,
RandomSearchMO,wfg9,32,1.5319462445152447,2.6798511703741505,
RandomSearchMO,wfg9,33,1.5420359650563251,2.644257841785324,
RandomSearchMO,wfg9,34,1.544192092336864,2.6305522451667143,
RandomSearchMO,wfg9,35,1.5471232539699504,2.629842434602285,
RandomSearchMO,wfg9,36,1.5646840840000564,2.555985531715731,
RandomSearchMO,wfg9,37,1.576471901122792,2.536600129352769,
RandomSearchMO,wfg9,38,1.597214368288396,2.4988311907235023,
RandomSearchMO,wfg9,39,1.6021231082670055,2.4606059483141145,
RandomSearchMO,wfg9,40,1.6129341594314657,2.4184405895665706,
RandomSearchMO,wfg9,41,1.64003642249817,2.369389064683239,
RandomSearchMO,wfg9,42,1.6495907912988967,2.3432460090960823,
RandomSearchMO,wfg9,43,1.6617260742761828,2.2908425052252226,
RandomSearchMO,wfg9,44,1.6793847888094076,2.25876658196344,
RandomSearchMO,wfg9,45,1.6962908531179195,2.2543557626308,
RandomSearchMO,wfg9,46,1.6984287759321988,2.166094441032093,
RandomSearchMO,wfg9,47,1.705248948571085,2.149963651489223,
RandomSearchMO,wfg9,48,1.7214378215639836,2.1052728849280813,
RandomSearchMO,wfg9,49,1.7399129352380085,2.052148273990168,
RandomSearchMO,wfg9,50,1.7545957796219496,2.0169567182474006,
RandomSearchMO,wfg9,51,1.7700512798821693,2.0018242034572404,
RandomSearchMO,wfg9,52,1.792126252435687,1.854285982249691,
RandomSearchMO,wfg9,53,1.819085996603495,1.8362942092044383,
RandomSearchMO,wfg9,54,1.834976799948924,1.7339219604311449,
RandomSearchMO,wfg9,55,1.841268047939414,1.7149773991183546,
RandomSearchMO,wfg9,56,1.8530873543001247,1.580528907500428,
RandomSearchMO,wfg9,57,1.8917514172358985,1.541166937952837,
RandomSearchMO,wfg9,58,1.903360252381696,1.378732501444526,
RandomSearchMO,wfg9,59,1.909810837046058,1.2988555860570887,
RandomSearchMO,wfg9,60,1.9542311528788363,1.2624202878769908,
RandomSearchMO,wfg9,61,1.967271486643314,1.057604926330246,
RandomSearchMO,wfg9,62,1.9776127586619563,0.7928097817066705,
RandomSearchMO,wfg9,63,1.9916771940092728,0.7430470396066285,
RandomSearchMO,wfg9,64,2.0693101356086943,0.722090346628939,
RandomSearchMO,wfg9,65,2.083123926672442,0.4108883139389495,
RandomSearchMO,zdt1,0,0.000107932527594,5.52473678226483,
RandomSearchMO,zdt1,1,0.0009762559168656,5.454299328234362,
RandomSearchMO,zdt1,2,0.0024293441229639,4.838234498916126,
RandomSearchMO,zdt1,3,0.0048603925854736,4.736539021435882,
RandomSearchMO,zdt1,4,0.0183232809535197,4.563631736863738,
RandomSearchMO,zdt1,5,0.0253320293764278,4.352142899149107,
RandomSearchMO,zdt1,6,0.0488105921682832,3.787263138503673,
RandomSearchMO,zdt1,7,0.1402922664842145,2.972711386672292,
RandomSearchMO,zdt1,8,0.2894840907027025,2.920833781703612,
RandomSearchMO,zdt1,9,0.5024048482888438,2.772307151388209,
RandomSearchMO,zdt1,10,0.55470025202036,2.7655482525575894,
RandomSearchMO,zdt1,11,0.5975197807712624,2.6735435480469283,
RandomSearchMO,zdt1,12,0.6461727931629567,2.5998977273229467,
RandomSearchMO,zdt1,13,0.6464023214659825,2.547114993647748,
RandomSearchMO,zdt1,14,0.6777455337428601,2.4025309158194927,
RandomSearchMO,zdt1,15,0.804623868466306,2.386972778220058,
RandomSearchMO,zdt1,16,0.8181635615578058,2.2613877674992326,
RandomSearchMO,zdt1,17,0.8646602751174819,2.248420216785412,
RandomSearchMO,zdt2,0,0.0001782623858233,6.069071117771481,
RandomSearchMO,zdt2,1,0.0001923436377667,5.330775573762901,
RandomSearchMO,zdt2,2,0.0003827595060982,5.29420061101962,
RandomSearchMO,zdt2,3,0.0017718990442128,5.113118810871187,
RandomSearchMO,zdt2,4,0.0024251571028331,4.989105255290381,
RandomSearchMO,zdt2,5,0.0030730731490623,4.613652084255179,
RandomSearchMO,zdt2,6,0.0198897029887751,4.207958393917285,
RandomSearchMO,zdt2,7,0.1331816324637231,4.010836471548219,
RandomSearchMO,zdt2,8,0.3315663805149145,3.944706715189335,
RandomSearchMO,zdt2,9,0.8120815257467136,3.914661883503131,
RandomSearchMO,zdt3,0,0.0006813214650567,5.952523262395011,
RandomSearchMO,zdt3,1,0.0015762490229171,5.916232869690265,
RandomSearchMO,zdt3,2,0.0017889559122077,5.776266462503982,
RandomSearchMO,zdt3,3,0.0018518998028386,4.823689595088924,
RandomSearchMO,zdt3,4,0.0028820089358085,4.537623440014855,
RandomSearchMO,zdt3,5,0.0141425554486672,4.219886268396438,
RandomSearchMO,zdt3,6,0.029215819504004,3.634713980861983,
RandomSearchMO,zdt3,7,0.0526585268817616,3.5881151160370583,
RandomSearchMO,zdt3,8,0.1485080541840824,3.551648535375098,
RandomSearchMO,zdt3,9,0.1598260103328653,3.361309323420944,
RandomSearchMO,zdt3,10,0.2371883220956115,2.9250407550947823,
RandomSearchMO,zdt3,11,0.2563986260587161,2.907945048754714,
RandomSearchMO,zdt3,12,0.4253532394397445,2.7739285901009385,
RandomSearchMO,zdt3,13,0.4395627794772279,2.7007468946663016,
RandomSearchMO,zdt3,14,0.4434602182077169,2.6829947260452096,
RandomSearchMO,zdt3,15,0.4770639068544288,2.357084596776803,
RandomSearchMO,zdt3,16,0.6361262514553989,2.2874167306619286,
RandomSearchMO,zdt3,17,0.6407427958766493,2.274153731861285,
RandomSearchMO,zdt3,18,0.65346564281838,2.269133576778864,
RandomSearchMO,zdt3,19,0.6678286266837355,2.1848756115834105,
RandomSearchMO,zdt3,20,0.8133684583098678,2.14209907147576,
RandomSearchMO,zdt3,21,0.8287525191534697,2.139940513815396,
RandomSearchMO,zdt3,22,0.8299441815257501,2.035362211298161,
RandomSearchMO,zdt3,23,0.8360967151288181,1.886928660233748,
RandomSearchMO,zdt3,24,0.8613245970303602,1.780580632871403,
RandomSearchMO,zdt3,25,0.8622671264579002,1.726062343726071,
RandomSearchMO,zdt4,0,0.0007923261896047,139.20935462198844,
RandomSearchMO,zdt4,1,0.0020111835961976,123.84667828258236,
RandomSearchMO,zdt4,2,0.0059449552482996,102.29749602049232,
RandomSearchMO,zdt4,3,0.006988292614274,94.59282271349818,
RandomSearchMO,zdt4,4,0.034967990347923,91.43047645208924,
RandomSearchMO,zdt4,5,0.0462739917133134,89.57167158057254,
RandomSearchMO,zdt4,6,0.0903480039255041,85.42878456425765,
RandomSearchMO,zdt4,7,0.1323712175009186,66.89846618609852,
RandomSearchMO,zdt4,8,0.2126366626329221,53.28007906614137,
RandomSearchMO,zdt6,0,0.2807810407860965,8.796305486575836,
RandomSearchMO,zdt6,1,0.281790043371964,8.46948113576257,
RandomSearchMO,zdt6,2,0.2818850189064114,8.347925478077542,
RandomSearchMO,zdt6,3,0.2990747012419168,8.11743330481587,
RandomSearchMO,zdt6,4,0.3066428067638148,7.980614422124279,
RandomSearchMO,zdt6,5,0.3118934422932818,7.724582362674146,
RandomSearchMO,zdt6,6,0.3441350509702832,7.454299893241889,
RandomSearchMO,zdt6,7,0.7650187352330393,7.416653777031419,
RandomSearchMO,zdt6,8,0.7678335787288936,7.362158076729098,
RandomSearchMO,zdt6,9,0.8915975025270706,7.322592179069223,
RandomSearchMO,zdt6,10,0.9408815624552176,7.2291924366670175,
RandomSearchMO,zdt6,11,0.9500517401943978,7.13389098265186,
RandomSearchMO,zdt6,12,0.999994072713108,6.963054164735998,
